1500
0: 1 2 3 4 5 6 7 8 9 10 11 12 13 16 17 18 19 21 22 25 28 29 30 31 32 33 34 37 38 40 41 42 43 45 46 47 48 52 53 54 55 56 57 58 59 60 61 63 64 65 68 69 70 71 73 74 75 76 78 80 81 82 83 84 85 88 89 90 91 92 93 94 96 97 98 99 101 103 104 106 107 108 109 110 111 112 114 115 116 117 118 119 120 121 122 124 125 126 128 129 130 131 133 134 135 136 138 139 140 141 142 143 144 146 147 149 150 151 152 153 154 156 158 162 163 164 166 167 169 170 172 173 174 175 176 177 178 179 180 183 184 185 187 189 190 191 192 193 195 196 197 198 199 200 201 202 204 205 206 207 208 210 213 214 215 216 219 220 222 223 224 225 227 228 229 230 231 232 233 235 237 238 239 240 241 242 246 247 248 249 252 253 254 255 256 257 258 259 260 262 264 266 267 269 270 271 272 274 276 279 280 281 283 285 286 287 288 289 290 291 292 293 294 295 296 297 298 299 800 1094 
1: 0 2 5 6 7 8 9 10 11 12 13 14 15 17 19 22 23 24 25 26 27 28 29 30 31 33 34 36 37 38 39 42 43 47 49 51 52 53 54 56 57 59 60 62 63 67 68 69 70 71 72 74 75 77 81 85 86 88 89 90 91 92 93 94 96 97 98 100 101 102 103 104 106 107 108 109 110 112 114 116 117 118 120 121 123 124 125 126 127 128 129 130 131 132 134 135 136 138 139 140 141 142 143 145 147 148 149 150 153 154 155 156 157 158 159 160 162 164 165 166 169 170 171 172 173 174 176 177 179 181 182 184 185 187 188 189 190 191 193 194 195 196 197 199 200 203 205 206 207 208 210 211 212 213 216 217 218 220 222 223 224 225 226 227 231 232 233 235 236 237 238 239 240 241 242 244 245 246 247 248 250 251 252 253 254 255 257 258 259 261 262 263 264 266 267 268 272 273 278 279 282 283 284 285 286 287 288 289 290 294 295 297 791 816 819 1107 1161 
2: 0 1 3 4 7 9 10 11 12 13 15 17 19 20 22 23 24 25 26 27 29 31 32 35 36 38 39 40 41 43 44 46 47 48 49 50 52 53 55 56 57 58 60 62 63 64 65 66 68 69 70 71 72 73 75 77 78 79 80 81 83 84 86 87 89 91 94 97 98 99 100 101 102 104 106 107 108 110 111 113 115 117 118 119 120 122 123 124 126 127 129 130 131 133 135 136 137 141 142 144 145 147 148 149 150 151 153 154 158 159 160 161 162 163 164 165 166 167 168 169 171 172 173 174 175 176 177 178 179 180 181 182 183 184 185 186 190 191 193 194 195 197 198 200 201 202 203 204 206 208 210 212 213 214 215 216 218 219 220 221 222 223 224 226 230 232 233 235 236 237 238 239 240 243 244 245 246 249 250 253 254 255 256 257 258 259 260 261 262 264 266 267 268 269 271 272 275 276 277 278 279 280 282 284 285 287 288 289 292 293 294 297 298 299 
3: 0 2 7 10 12 13 14 15 16 18 19 20 21 22 23 24 26 27 29 31 32 33 34 35 36 37 38 40 42 43 44 45 46 49 50 51 52 53 57 58 59 61 63 64 66 67 68 69 70 72 73 74 76 78 79 80 81 82 84 85 86 87 88 89 90 96 97 98 99 100 103 104 105 107 108 109 111 113 118 119 120 121 122 123 125 126 127 129 130 131 134 136 137 138 141 142 143 144 145 146 147 148 149 150 152 154 155 156 157 158 159 161 162 163 164 165 166 168 169 170 171 172 175 176 177 178 179 180 181 182 183 185 187 188 189 192 193 194 195 196 197 199 200 201 202 203 207 208 209 210 211 212 216 217 218 220 222 223 224 225 226 227 228 229 231 232 233 234 237 238 239 240 242 243 244 245 246 248 249 250 251 253 254 256 257 258 261 263 264 266 267 269 270 272 273 274 275 277 278 279 280 281 282 283 284 286 287 288 290 294 295 296 297 298 299 798 822 849 
4: 0 2 5 7 11 13 14 16 17 19 20 21 23 24 25 26 27 28 29 30 32 33 35 36 37 38 39 42 45 49 50 51 52 53 54 55 57 58 59 60 61 62 63 68 69 72 75 76 80 83 84 85 86 87 88 89 90 91 94 95 96 97 98 99 100 101 103 106 108 109 111 112 113 115 116 117 118 119 120 121 122 123 125 128 129 130 131 132 133 134 135 137 139 140 141 142 144 145 148 149 150 151 152 153 154 155 156 157 158 159 160 161 162 164 165 166 168 169 170 171 172 173 174 175 176 178 179 181 182 183 184 185 186 187 188 189 191 192 193 195 196 198 199 200 201 202 203 204 207 208 209 210 211 214 217 218 219 221 222 224 226 227 229 230 231 232 233 234 235 236 237 239 240 241 242 244 245 246 248 249 251 253 254 257 258 259 261 262 264 265 267 268 269 270 272 274 275 276 278 279 280 281 282 283 284 285 286 287 288 289 290 291 292 294 295 297 298 299 1095 1187 
5: 0 1 4 7 8 9 10 11 12 13 14 15 16 18 19 20 22 23 24 25 27 29 30 31 33 34 36 37 38 39 41 43 44 45 46 47 48 50 51 52 53 55 56 57 58 60 61 64 65 66 67 69 70 71 72 73 74 75 76 77 78 83 84 85 87 88 89 90 91 92 93 94 97 99 100 102 103 105 106 107 108 110 111 113 114 116 117 118 119 120 121 124 125 126 127 129 131 132 134 135 137 138 139 140 143 144 145 146 149 150 151 154 155 156 157 158 159 161 162 163 164 165 167 168 169 170 171 173 174 177 178 179 180 181 182 183 184 186 187 189 190 191 192 193 194 197 199 200 204 205 207 208 209 212 213 215 216 217 218 219 220 222 223 224 226 228 230 231 234 235 238 240 241 242 243 244 246 247 248 249 250 251 253 254 255 256 259 260 261 262 263 266 268 269 271 272 275 276 277 279 280 281 282 283 284 285 288 289 290 291 292 293 294 295 298 299 
6: 0 1 7 8 9 10 11 12 13 15 16 18 19 20 21 22 24 25 27 28 29 31 33 34 35 36 37 38 39 41 42 43 46 47 48 49 50 52 53 54 55 56 57 58 59 61 63 64 65 66 69 70 71 73 74 75 76 78 80 81 83 85 87 88 90 92 93 94 95 96 97 98 99 101 103 104 106 107 108 109 110 111 112 115 116 117 118 119 122 125 126 128 129 130 132 133 135 136 137 139 140 141 144 145 146 149 150 151 152 153 154 157 158 159 160 161 162 163 164 165 166 168 169 172 173 174 175 176 177 178 179 180 181 182 183 184 186 187 188 189 190 191 192 194 197 198 199 202 203 204 205 206 207 208 209 211 212 213 214 215 216 217 218 220 221 222 223 226 227 228 229 230 232 234 235 237 239 240 243 244 246 248 250 251 252 253 255 256 257 258 259 260 261 262 263 264 265 267 268 269 270 271 272 273 274 275 276 279 280 281 283 285 286 288 289 290 291 293 294 295 296 297 299 
7: 0 1 2 3 4 5 6 9 12 13 16 17 18 21 23 25 28 29 30 31 34 35 36 37 38 39 42 43 44 45 47 49 50 52 53 54 55 56 59 61 62 63 65 66 67 68 69 70 71 72 75 76 77 78 79 81 82 83 84 85 87 88 89 90 91 92 93 94 95 99 100 101 102 103 104 105 106 108 109 110 112 113 114 115 116 118 119 121 122 123 124 125 126 127 128 129 131 132 134 135 136 137 138 139 140 142 143 144 145 147 148 149 150 151 152 153 154 155 156 157 158 161 163 165 166 167 171 173 174 175 176 180 181 182 183 185 186 187 190 193 194 197 199 202 204 205 206 207 208 209 210 212 213 214 215 217 219 220 222 223 224 225 226 227 229 230 234 236 237 239 240 241 242 243 244 245 246 247 248 249 250 251 252 253 254 255 256 257 258 260 261 262 263 264 265 267 268 269 270 271 272 273 274 275 276 277 278 279 281 282 283 284 285 286 287 288 289 291 292 293 294 295 296 297 299 1160 
8: 0 1 5 6 9 10 11 12 14 15 17 18 20 21 25 27 28 29 30 31 33 35 38 40 41 43 44 46 47 48 49 50 52 53 54 55 56 57 58 59 60 61 62 63 64 65 66 67 68 69 70 71 72 73 74 75 76 77 78 79 80 81 82 83 85 86 87 88 89 90 94 95 97 98 99 102 104 105 107 109 110 111 113 114 115 116 117 118 120 121 122 124 125 126 127 128 129 130 131 132 135 136 139 140 141 142 143 144 145 146 149 155 156 157 158 159 160 161 164 165 166 167 168 169 170 171 175 176 177 180 183 184 185 186 189 191 192 193 194 195 196 197 198 199 201 202 204 206 207 208 209 210 211 213 214 215 216 219 220 221 222 224 225 226 228 230 233 236 238 240 241 242 243 246 250 251 252 253 254 255 256 257 259 261 262 263 265 266 267 268 271 272 273 274 275 276 277 278 279 280 282 284 285 286 287 288 289 290 291 292 293 294 296 297 298 299 848 1173 
9: 0 1 2 5 6 7 8 10 11 13 14 15 16 17 18 19 20 21 22 24 25 27 28 29 30 31 32 34 35 37 38 39 42 43 44 47 50 51 52 53 56 57 58 63 64 65 66 68 69 70 72 74 75 78 79 80 81 82 83 86 87 88 89 90 91 93 95 97 98 99 100 101 103 105 107 108 110 112 113 114 115 116 117 119 120 122 125 126 127 128 130 131 132 133 134 135 137 139 140 141 142 145 146 147 148 149 150 152 155 157 158 159 160 162 163 165 166 167 168 169 170 172 174 178 179 180 181 182 183 184 185 186 187 189 191 192 193 194 195 196 200 202 203 204 206 207 208 209 210 211 212 213 214 215 216 217 218 219 220 221 222 223 224 225 226 227 229 230 231 233 235 237 238 239 240 241 244 245 249 250 252 253 254 257 259 260 261 263 264 265 266 268 269 271 272 273 274 275 277 278 280 283 284 285 287 288 289 290 293 294 295 298 299 831 
10: 0 1 2 3 5 6 8 9 11 12 13 16 17 18 19 20 22 23 24 26 28 29 30 31 32 33 34 35 37 38 39 40 41 42 46 47 48 49 50 51 52 55 57 59 60 61 62 63 64 65 66 67 68 72 73 74 75 76 77 78 79 80 82 83 85 86 89 90 92 93 94 95 96 98 99 100 101 102 103 104 106 108 109 110 111 112 113 115 116 117 119 120 121 125 126 127 128 129 130 131 134 135 136 137 138 140 141 142 143 145 146 147 148 149 150 151 153 155 156 157 158 159 160 161 163 164 165 166 167 168 169 170 171 174 175 177 178 180 181 182 183 184 186 188 189 190 191 192 193 194 195 196 197 198 200 202 205 206 208 209 210 213 215 216 218 219 220 221 222 223 226 227 228 229 230 231 233 234 238 239 241 243 245 246 247 248 249 250 251 252 253 255 256 260 261 262 263 264 265 266 267 268 269 271 272 273 274 279 280 281 283 285 288 289 290 291 295 296 297 298 795 1077 
11: 0 1 2 4 5 6 8 9 10 12 13 14 15 17 18 19 20 21 23 24 25 26 27 28 29 30 32 33 34 36 38 39 40 41 42 43 45 46 47 48 49 50 51 53 54 55 57 58 61 62 66 67 68 69 70 71 72 73 74 75 76 77 79 80 81 82 83 85 87 88 89 90 91 92 95 96 97 99 100 101 103 104 105 106 107 108 109 110 111 112 113 114 115 117 120 121 122 124 125 128 129 130 131 133 134 136 137 140 141 142 143 145 146 147 149 151 155 157 159 160 161 162 163 165 166 167 168 169 171 173 174 175 176 177 178 179 181 184 187 189 190 192 193 194 198 200 201 202 203 205 206 207 210 212 214 215 216 217 219 220 221 222 223 224 225 226 227 230 233 234 235 236 237 238 240 241 243 244 245 246 251 252 253 255 256 259 260 261 262 264 266 269 270 272 275 276 277 279 281 282 283 284 286 287 288 289 291 293 294 295 296 297 298 299 1161 
12: 0 1 2 3 5 6 7 8 10 11 13 14 15 16 17 18 22 23 24 26 27 28 29 30 31 32 33 34 36 37 38 39 40 41 44 45 46 47 48 49 51 52 53 54 56 57 58 59 60 61 62 63 64 65 66 67 68 73 74 75 76 77 78 79 80 81 82 83 84 85 86 88 91 92 93 94 95 96 98 101 102 103 104 105 106 107 108 109 111 112 113 114 115 116 117 118 119 120 121 123 124 126 127 128 129 130 131 132 133 134 135 136 138 139 141 142 143 144 148 151 154 157 158 159 160 164 166 167 169 171 172 174 175 176 177 178 179 180 181 182 184 185 186 187 188 189 190 191 192 193 194 195 197 199 200 201 203 204 205 206 207 208 209 211 212 214 215 216 217 218 219 220 221 222 223 224 225 226 227 228 229 231 233 234 235 236 239 240 241 242 244 245 246 247 248 249 250 251 252 253 254 255 256 257 258 259 260 262 263 264 267 269 270 271 274 276 278 279 280 282 283 284 285 286 287 288 289 290 291 292 293 294 295 297 298 299 1172 
13: 0 1 2 3 4 5 6 7 9 10 11 12 15 17 20 21 22 23 24 25 26 27 29 31 32 33 34 36 37 38 39 41 42 43 45 47 48 49 50 51 54 56 57 58 59 60 61 62 64 66 67 68 69 70 71 72 73 74 75 76 78 79 80 81 82 86 87 88 89 90 91 93 94 95 97 98 100 101 102 104 105 106 107 109 110 112 113 114 115 117 118 120 121 123 124 127 128 131 133 134 135 136 138 140 141 142 143 145 146 147 150 151 152 153 154 155 156 158 160 161 162 165 167 168 169 170 173 174 175 176 177 178 179 181 182 183 185 186 187 188 189 190 191 192 193 195 196 197 198 200 201 202 203 204 206 208 210 211 212 213 214 215 216 217 219 220 221 222 223 224 225 226 227 228 229 231 232 234 235 237 238 239 240 241 242 243 244 245 246 247 249 250 251 252 253 254 256 261 262 263 265 266 267 271 272 275 278 279 280 281 283 284 286 287 288 289 290 291 293 294 295 296 297 298 299 795 1085 
14: 1 3 4 5 8 9 11 12 16 18 21 22 23 24 25 29 31 32 33 34 36 37 40 41 42 43 44 45 46 47 48 49 50 53 54 55 57 58 59 60 61 62 64 65 66 67 68 69 70 71 72 73 74 75 77 78 79 80 81 82 83 84 85 86 87 88 89 90 91 94 95 96 97 99 100 101 102 103 104 105 106 110 111 113 116 117 118 119 120 122 123 124 125 126 127 128 129 130 131 133 134 135 136 137 138 140 141 144 146 147 149 150 151 152 153 154 155 156 157 158 159 160 161 162 163 164 165 167 168 172 175 176 177 180 183 185 187 188 189 191 192 193 194 196 197 198 199 201 202 204 205 209 210 211 212 214 215 216 217 218 219 220 221 222 223 224 225 226 228 231 233 234 235 236 237 238 239 243 244 245 248 249 250 251 253 254 255 256 257 258 259 260 261 262 263 264 265 266 270 271 272 273 274 275 276 277 279 281 282 283 284 285 286 287 288 289 290 291 293 294 295 296 298 829 1179 
15: 1 2 3 5 6 8 9 11 12 13 16 17 20 21 24 25 26 27 28 29 30 31 32 33 35 37 38 39 40 41 42 43 45 46 47 48 49 50 52 53 54 55 56 57 58 59 60 61 62 63 64 66 67 68 69 70 71 72 73 75 76 78 79 81 82 83 85 86 89 90 91 92 94 95 96 97 98 99 104 106 107 109 110 111 112 113 114 115 116 118 122 125 126 127 128 129 130 131 132 134 135 137 138 143 145 146 147 148 149 150 153 155 157 158 160 161 162 163 166 167 168 170 171 172 173 174 176 177 179 180 181 182 183 184 185 187 188 189 191 192 193 194 196 197 198 199 200 202 203 204 206 207 209 211 212 213 214 215 216 217 219 220 221 222 223 224 225 227 228 229 230 231 232 233 235 236 237 239 240 241 242 243 244 245 248 249 250 251 252 253 255 256 257 259 260 261 262 263 264 265 266 267 268 269 270 273 274 275 277 280 282 283 285 286 287 288 289 291 292 293 294 296 297 298 299 794 1070 1172 1173 
16: 0 3 4 5 6 7 9 10 12 14 15 17 18 19 20 21 22 25 26 27 28 29 30 31 32 33 34 35 36 37 38 39 41 42 44 46 48 50 51 52 53 55 56 57 58 60 61 62 63 64 65 66 68 70 72 73 74 76 77 78 79 80 81 82 86 87 88 89 90 91 92 93 94 95 96 98 99 101 102 104 105 106 110 112 113 116 118 122 124 127 128 129 130 131 132 134 136 139 140 141 142 143 144 145 146 147 148 150 151 152 154 155 157 158 161 163 164 167 168 169 170 171 172 173 174 175 176 177 178 180 182 184 185 186 187 188 190 191 192 193 194 197 199 200 201 202 203 204 205 206 207 209 210 211 212 213 214 215 216 217 220 221 222 224 226 227 228 229 232 233 236 237 239 240 241 242 243 244 245 246 248 252 253 254 255 256 258 259 262 263 264 265 266 267 269 270 272 273 274 275 276 277 278 279 280 281 282 283 285 288 289 290 291 293 294 295 296 298 299 826 840 1181 
17: 0 1 2 4 7 8 9 10 11 12 13 15 16 18 19 20 21 22 24 25 27 28 29 30 31 33 35 36 37 38 39 40 41 42 43 44 45 46 47 49 50 51 52 54 57 60 61 62 64 65 67 68 69 70 72 75 76 78 80 81 82 83 84 86 87 88 89 90 91 92 93 94 95 96 97 98 99 100 101 102 103 104 105 106 107 108 109 110 112 113 114 116 118 119 120 121 123 124 129 130 131 133 134 135 136 137 138 139 140 142 143 144 145 146 147 149 150 151 152 153 154 155 156 157 158 159 160 161 162 163 164 165 166 167 168 169 170 171 172 173 174 175 176 179 180 182 183 184 185 186 187 188 189 190 191 192 193 196 197 198 200 201 202 203 204 205 206 207 209 211 212 213 214 216 217 219 220 222 224 226 228 232 233 234 235 236 237 238 240 241 242 244 245 249 252 253 254 257 258 260 261 263 264 265 266 267 268 269 270 271 272 273 274 275 276 277 278 279 282 283 284 285 287 288 290 291 293 294 295 296 297 1086 
18: 0 3 5 6 7 8 9 10 11 12 14 16 17 20 21 22 23 24 25 26 28 30 31 33 37 38 39 40 41 42 43 44 45 46 47 48 49 51 52 53 54 55 58 59 61 62 64 65 68 70 71 72 73 75 76 77 78 81 84 85 86 88 89 90 91 92 93 94 95 96 97 98 99 100 101 102 103 104 105 106 107 108 109 110 111 112 115 116 117 118 119 121 122 123 125 126 127 128 129 130 132 133 134 135 136 138 139 140 143 144 145 146 148 150 151 152 153 154 155 157 158 160 162 165 167 168 169 170 171 172 173 174 175 176 180 181 182 183 184 187 188 189 190 191 192 193 194 196 197 199 200 201 203 204 207 208 209 210 211 212 213 214 216 217 218 219 220 221 225 227 228 229 231 233 234 238 239 241 243 244 245 246 247 248 250 251 252 254 255 256 258 261 262 264 265 266 267 268 269 270 271 273 274 275 276 277 279 280 281 287 288 289 290 291 293 294 295 296 297 299 824 1151 
19: 0 1 2 3 4 5 6 9 10 11 16 17 20 23 24 25 26 29 30 31 32 34 35 36 37 38 39 42 43 44 45 46 47 48 50 51 52 53 54 55 56 57 58 59 60 61 62 63 64 65 66 68 70 71 72 73 74 75 77 78 79 81 85 86 87 89 90 91 92 93 94 96 97 100 102 104 106 108 110 111 112 113 114 115 116 117 120 121 123 124 125 126 127 128 129 130 131 136 137 138 139 141 142 143 144 145 148 151 152 153 154 156 157 158 159 161 162 163 164 165 168 170 172 173 174 175 176 177 178 179 180 181 182 183 184 185 186 188 189 190 191 192 193 194 195 196 197 198 199 200 201 202 203 204 206 207 208 209 212 214 215 216 218 219 220 221 222 223 224 225 226 227 228 229 230 231 232 234 235 237 239 240 241 242 243 244 245 246 247 248 249 250 251 252 253 254 256 259 260 261 262 263 264 265 266 268 269 270 271 272 273 274 276 277 278 279 280 281 283 284 285 286 287 288 289 290 291 292 294 295 296 297 298 
20: 2 3 4 5 6 8 9 10 11 13 15 16 17 18 19 22 23 24 25 26 28 29 30 32 33 34 36 38 39 40 42 43 46 47 48 50 55 56 58 60 62 63 65 66 67 68 69 71 72 73 74 75 76 78 79 80 81 82 83 84 85 86 87 90 92 95 96 97 99 101 102 104 105 107 109 111 113 114 118 119 120 122 123 124 125 126 127 130 131 133 134 135 136 139 141 142 143 144 145 146 147 148 152 153 154 158 159 160 161 162 163 166 167 168 169 171 173 174 175 176 177 178 179 180 182 183 186 187 189 190 191 192 193 195 196 197 198 200 201 202 204 205 206 208 209 210 211 213 214 215 216 217 218 220 221 222 223 224 225 226 230 231 232 233 236 237 238 239 240 241 244 245 246 247 248 249 251 252 253 254 255 256 257 259 261 262 263 265 266 267 268 269 270 271 273 274 275 276 278 279 280 282 284 285 286 287 289 290 291 292 294 295 296 297 298 299 836 1075 1090 1166 
21: 0 3 4 6 7 8 9 11 13 14 15 16 17 18 22 23 24 25 26 27 28 29 30 33 34 36 37 38 40 41 42 46 47 48 49 51 52 53 58 60 61 62 63 64 66 68 70 71 72 73 75 76 77 78 79 81 82 83 85 86 87 88 89 90 91 93 95 96 97 98 99 100 101 104 105 106 107 108 109 110 113 115 116 117 118 119 120 122 123 124 125 126 127 129 130 133 134 136 137 138 139 140 141 142 146 147 148 150 151 153 154 155 156 157 159 161 162 164 165 166 167 168 169 170 171 172 173 174 177 178 179 180 181 182 183 184 186 187 188 192 193 194 195 196 197 198 201 202 203 204 205 207 208 209 211 212 213 214 216 217 218 219 220 221 223 224 225 226 227 228 229 230 231 232 233 234 235 236 237 238 239 240 242 243 246 248 249 250 251 252 253 254 255 256 257 258 259 260 262 263 264 265 266 267 268 269 270 272 273 274 275 276 277 279 280 282 283 284 285 286 287 289 291 292 293 294 295 296 297 298 
22: 0 1 2 3 5 6 9 10 12 13 14 16 17 18 20 21 23 24 25 26 27 29 30 31 32 33 34 35 37 38 40 41 42 43 44 45 46 47 48 50 51 53 54 55 56 57 58 59 60 62 65 68 69 70 72 73 74 75 76 77 78 79 80 81 82 83 84 85 87 88 90 91 93 94 95 96 97 98 99 104 105 106 108 109 110 111 115 116 117 118 119 120 122 123 125 126 128 129 130 132 133 134 135 137 138 139 143 144 146 147 149 150 153 154 155 156 157 158 159 161 162 163 164 165 167 168 173 174 175 176 178 179 181 182 187 189 190 192 194 195 197 198 200 201 202 203 204 208 209 210 214 215 219 220 221 222 223 224 225 226 227 229 230 232 233 234 235 236 238 239 241 242 243 244 245 246 247 248 249 250 251 252 253 254 255 257 258 259 260 263 264 266 268 269 270 271 273 275 276 277 278 281 283 284 285 286 287 289 290 291 292 293 294 295 805 1107 
23: 1 2 3 4 5 7 10 11 12 13 14 18 19 20 21 22 25 26 27 29 30 31 32 33 36 37 39 40 41 43 44 45 46 47 48 50 51 52 54 55 56 58 59 60 61 62 63 64 65 66 68 69 71 72 73 74 75 77 78 79 81 82 83 85 86 87 88 90 92 94 95 96 97 100 101 103 104 105 106 107 109 110 111 112 114 115 118 119 120 121 122 123 124 125 126 127 129 130 131 132 133 134 135 136 137 138 140 141 143 145 147 148 150 151 152 154 156 157 158 159 160 161 162 163 164 165 166 167 168 169 171 172 173 175 176 177 178 179 180 182 183 184 185 187 188 190 191 193 195 196 197 198 200 201 202 203 204 205 206 207 208 209 210 211 212 213 215 216 217 218 219 222 223 224 225 227 229 231 233 234 236 238 239 241 243 244 246 248 249 250 251 252 253 254 256 257 259 262 264 265 267 268 269 271 272 273 275 276 278 280 281 282 284 285 286 287 288 289 291 292 293 294 295 296 297 298 814 1097 
24: 1 2 3 4 5 6 9 10 11 12 13 14 15 17 18 19 20 21 22 25 26 28 29 30 32 34 35 38 40 41 42 43 44 45 46 47 48 49 50 51 52 53 54 57 61 64 65 66 67 68 69 71 72 73 74 75 76 80 81 82 83 85 86 87 88 89 90 91 92 93 94 95 96 97 98 99 100 103 104 105 106 107 108 109 111 113 115 117 118 119 122 123 124 125 126 127 128 130 131 133 134 136 138 139 140 141 142 143 144 145 146 147 148 149 151 153 154 155 156 158 160 161 164 166 168 170 171 173 175 176 177 178 180 181 183 184 185 186 187 188 189 190 191 192 193 194 196 198 199 201 202 203 204 206 207 208 209 211 214 215 216 217 218 220 221 222 225 226 227 228 230 231 232 233 234 235 236 237 238 239 240 241 242 243 244 246 247 248 249 250 251 253 256 257 258 259 261 264 265 266 267 268 269 270 271 272 273 274 276 277 278 280 281 283 284 286 288 289 291 292 293 294 295 296 297 298 
25: 0 1 2 4 5 6 7 8 9 11 13 14 15 16 17 18 19 20 21 22 23 24 26 28 29 32 33 34 35 36 41 43 44 45 48 49 50 51 52 55 56 57 59 60 61 62 63 64 65 66 68 69 70 71 72 73 74 76 77 80 83 84 85 87 89 97 98 99 101 102 103 106 107 109 110 111 112 113 114 115 116 117 118 119 121 122 123 124 125 126 127 128 129 130 132 133 137 138 139 141 143 144 145 146 147 148 150 151 152 153 154 155 156 158 160 161 162 163 164 166 167 168 170 172 173 174 175 176 177 178 179 180 181 183 184 185 186 187 188 190 191 192 193 194 196 197 198 201 202 204 205 207 208 210 211 213 214 216 217 218 219 221 222 223 224 225 226 227 228 229 231 233 234 235 236 237 238 239 240 241 242 243 244 245 246 247 250 253 254 256 257 259 260 261 264 266 267 269 270 272 276 279 280 281 282 283 284 285 286 287 289 291 292 293 294 297 298 299 1104 
26: 1 2 3 4 10 11 12 13 15 16 18 19 20 21 22 23 24 25 27 28 29 30 31 32 33 34 35 36 37 38 41 42 43 46 47 49 50 51 52 55 56 57 58 60 61 62 64 66 67 68 69 70 71 72 73 74 75 77 78 79 80 82 83 86 87 88 89 90 92 93 94 95 96 97 98 100 101 102 103 104 106 107 108 109 110 111 114 115 116 117 118 119 120 121 123 124 125 126 127 128 129 130 131 132 133 134 135 137 138 140 141 142 143 144 148 150 152 153 154 156 157 158 159 160 161 163 164 168 174 175 179 180 181 182 183 185 186 187 188 190 192 194 195 196 197 198 199 200 201 202 203 205 207 208 209 210 212 214 215 217 218 219 220 221 222 224 225 226 227 228 229 231 232 233 234 235 237 238 241 242 243 248 249 250 251 252 254 255 256 257 259 261 262 263 264 265 266 268 269 270 271 272 273 275 277 278 279 280 281 282 284 285 288 289 291 292 293 294 295 296 297 299 
27: 1 2 3 4 5 6 8 9 11 12 13 15 16 17 21 22 23 26 28 30 31 32 35 36 38 40 42 43 45 46 47 48 49 50 51 53 55 58 59 60 61 62 63 64 66 67 69 71 73 74 76 77 79 80 81 82 83 84 86 87 88 91 93 94 96 97 99 101 102 103 104 105 107 108 109 110 111 112 113 114 116 117 121 124 125 126 127 128 129 130 131 134 135 137 138 140 141 142 143 144 145 146 150 152 154 156 160 161 163 166 167 169 170 171 173 174 175 178 179 180 181 182 183 184 185 186 187 188 190 191 192 193 194 195 196 197 198 200 201 202 203 204 205 209 211 212 213 214 215 219 220 221 222 223 227 229 234 235 236 238 240 241 242 243 247 248 249 250 251 252 254 256 257 258 260 262 263 265 266 267 268 270 271 272 273 274 276 279 280 281 282 283 284 286 288 290 291 292 293 294 295 296 297 299 848 
28: 0 1 4 6 7 8 9 10 11 12 15 16 17 18 20 21 24 25 26 27 29 30 31 32 33 34 36 38 39 40 41 42 43 44 45 46 47 48 51 52 56 57 60 61 62 63 65 67 68 69 70 75 76 79 80 81 82 83 84 85 87 88 89 90 91 92 93 94 95 98 99 100 101 103 104 106 107 108 109 110 113 115 118 120 121 122 124 125 127 128 129 130 131 132 133 134 136 137 138 139 140 141 142 144 145 148 149 150 151 152 153 154 155 156 160 165 166 167 170 172 173 174 175 177 178 179 182 184 185 186 188 189 191 193 195 199 200 201 202 203 204 205 206 208 210 211 212 213 214 215 216 218 219 220 223 224 225 226 227 228 230 231 232 233 235 236 237 238 239 240 241 244 245 246 247 248 250 251 254 255 256 257 258 260 261 263 264 265 267 268 269 270 271 272 274 275 276 277 278 279 280 281 282 283 285 286 287 288 290 291 292 293 294 295 296 297 298 299 1177 
29: 0 1 2 3 4 5 6 7 8 9 10 11 12 13 14 15 16 17 19 20 21 22 23 24 25 26 28 30 31 33 35 39 40 42 43 44 46 47 48 49 51 52 53 55 56 57 58 59 61 62 63 64 65 67 69 70 71 72 73 75 76 78 79 80 81 83 84 85 87 88 89 90 92 93 95 98 99 100 101 103 104 106 108 111 112 119 120 123 125 126 127 128 129 130 133 135 136 137 138 139 141 143 144 146 148 149 150 152 153 154 155 156 157 158 159 162 163 164 165 166 168 169 170 172 174 175 176 177 178 179 180 181 183 185 186 188 189 190 191 192 193 194 196 197 198 199 200 201 202 203 205 206 207 208 212 214 215 216 217 218 219 220 221 222 223 224 225 227 229 230 231 232 235 237 238 240 243 245 246 247 248 250 252 253 255 258 259 260 261 263 264 265 267 268 269 272 273 274 276 280 281 282 283 285 286 288 289 291 292 293 294 295 296 297 298 299 798 849 1070 1152 
30: 0 1 4 5 7 8 9 10 11 12 15 16 17 18 19 20 21 22 23 24 26 27 28 29 31 33 34 35 36 37 38 39 40 41 42 43 45 47 48 49 50 51 52 54 55 56 57 59 60 64 65 67 69 71 72 73 74 76 78 79 81 82 83 84 85 86 87 90 91 93 94 95 96 97 98 99 100 101 103 104 107 108 109 110 111 112 113 114 115 118 119 120 122 123 124 125 126 127 128 129 130 131 133 135 136 137 138 139 141 142 145 146 148 149 151 153 155 156 157 158 161 162 164 165 167 168 171 172 175 176 177 178 179 180 181 182 183 184 185 186 187 189 190 191 192 193 194 195 196 197 198 199 200 201 204 206 207 208 212 213 216 217 218 219 221 223 226 228 229 230 231 232 234 235 236 237 238 239 240 241 242 244 245 247 249 250 251 252 253 254 257 258 259 261 263 264 266 267 268 269 270 271 272 273 275 276 277 278 279 280 281 282 283 284 285 286 287 292 293 297 298 299 798 
31: 0 1 2 3 5 6 7 8 9 10 12 13 14 15 16 17 18 19 22 23 26 27 28 29 30 32 33 34 35 36 37 38 39 41 43 44 47 48 49 50 51 52 54 55 56 57 58 59 60 61 62 65 66 67 68 70 72 73 75 78 79 80 83 84 85 86 87 88 90 91 92 94 95 96 97 98 99 100 105 106 107 108 109 110 112 113 114 115 116 118 119 122 123 125 128 129 130 131 132 133 134 135 136 137 138 139 141 142 143 144 145 147 148 150 151 152 153 155 156 158 160 161 163 164 165 167 168 169 171 172 174 176 177 178 179 180 185 186 187 189 190 191 192 193 194 195 196 197 198 199 202 205 206 208 209 210 211 212 214 215 217 218 219 222 224 225 228 229 230 231 232 233 234 236 237 240 242 244 245 246 248 249 251 252 253 254 255 258 259 261 262 263 264 265 266 267 268 269 271 272 273 274 275 276 277 280 281 282 283 285 286 289 290 292 296 298 1179 
32: 0 2 3 4 9 10 11 12 13 14 15 16 19 20 22 23 24 25 26 27 28 31 35 36 38 39 40 44 45 46 47 49 50 51 52 54 55 56 57 58 59 60 61 62 63 64 65 66 67 68 71 72 73 74 76 77 78 79 80 81 84 85 86 87 88 91 92 93 94 95 96 98 100 101 103 104 105 106 107 110 111 112 115 117 118 119 120 121 122 124 125 126 128 129 132 134 136 139 140 141 142 143 144 145 146 147 149 150 152 155 156 158 160 164 165 166 167 168 169 170 173 176 177 178 179 180 183 184 185 186 187 188 189 190 194 195 196 197 199 200 203 204 207 208 210 211 212 216 217 219 220 221 224 225 226 227 228 229 230 231 232 233 234 235 236 237 238 239 240 244 246 247 248 249 250 251 252 253 254 256 257 258 259 262 263 264 265 266 268 270 272 273 274 276 277 278 281 282 283 284 285 286 288 289 290 291 293 294 296 297 298 299 1076 
33: 0 1 3 4 5 6 8 10 11 12 13 14 15 16 17 18 20 21 22 23 25 26 28 29 30 31 34 35 36 37 38 39 40 41 42 43 45 46 47 48 49 51 52 53 54 55 56 58 59 60 62 63 64 65 66 67 68 69 70 72 73 75 76 77 78 79 80 81 82 83 84 85 87 88 89 90 91 92 93 95 96 97 99 100 102 103 104 105 106 107 110 111 112 113 114 115 116 117 118 119 120 122 124 126 127 128 129 130 131 134 135 136 137 139 140 142 143 144 145 147 149 150 151 152 153 154 155 156 158 162 163 164 165 166 167 168 170 171 172 173 174 175 176 179 180 181 183 184 185 186 187 188 189 190 191 192 194 195 198 199 201 203 204 205 206 208 209 210 211 212 213 214 215 216 217 218 220 221 223 224 225 226 227 228 230 231 239 240 241 242 244 245 246 247 248 249 250 251 252 253 255 256 257 260 263 264 268 270 271 273 274 275 276 279 280 282 283 287 288 289 291 292 293 294 295 296 297 298 1083 1095 
34: 0 1 3 5 6 7 9 10 11 12 13 14 16 19 20 21 22 24 25 26 28 30 31 33 36 37 38 39 40 41 44 45 46 47 48 49 50 51 54 55 56 57 58 59 60 62 63 64 65 67 69 70 71 72 73 74 75 76 77 78 79 80 81 82 83 84 85 86 87 88 89 92 93 94 95 96 98 99 100 101 102 103 106 108 109 110 112 113 114 115 116 118 120 121 122 123 124 125 128 130 131 132 133 135 136 137 138 139 140 141 142 143 145 146 147 149 150 152 154 155 157 158 160 161 162 163 164 165 168 169 170 171 174 175 176 177 178 179 180 181 182 183 184 185 187 189 190 193 194 195 196 198 199 200 202 204 207 208 209 210 212 213 214 216 217 219 220 221 222 223 226 227 228 229 230 231 233 234 235 236 237 238 239 240 242 244 246 247 248 249 251 252 254 255 256 257 260 261 263 264 266 270 271 272 273 275 276 277 278 279 280 282 283 285 286 287 288 289 291 292 293 295 296 297 299 806 1076 1108 
35: 2 3 4 6 7 8 9 10 15 16 17 19 22 24 25 26 27 29 30 31 32 33 37 38 39 40 41 43 46 48 49 51 52 53 54 55 56 57 58 59 60 62 63 64 65 66 68 69 70 76 77 79 80 81 84 86 87 88 89 91 92 93 94 95 96 97 98 99 100 101 103 105 110 111 112 114 115 116 118 119 120 121 122 123 124 127 128 129 130 131 133 134 135 136 137 138 139 140 144 145 146 147 148 149 152 155 156 157 158 159 160 163 166 167 168 171 172 173 174 175 177 178 180 183 184 185 186 187 188 190 191 193 195 196 197 198 199 201 202 203 204 205 206 208 210 211 214 215 217 218 219 221 222 223 224 225 226 227 228 229 230 231 232 233 236 237 238 239 240 242 243 245 246 247 248 249 250 252 253 255 256 257 259 260 261 262 263 264 265 266 267 269 270 271 272 273 275 277 278 279 280 282 283 284 285 286 287 288 289 290 291 292 293 295 296 297 298 299 
36: 1 2 3 4 5 6 7 11 12 13 14 16 17 19 20 21 23 25 26 27 28 30 31 32 33 34 37 38 39 40 41 42 45 46 49 51 52 53 54 55 56 59 60 63 64 65 66 68 69 70 71 72 74 75 79 81 82 84 85 86 87 88 89 90 91 92 93 94 95 96 97 98 99 100 101 102 103 104 105 106 107 108 110 111 112 113 114 117 118 119 121 122 123 124 126 127 128 130 131 132 133 134 135 136 138 140 141 143 144 146 148 150 151 152 155 156 158 159 160 162 163 165 166 169 170 171 172 173 174 175 176 178 179 180 183 184 185 186 188 189 190 193 195 196 197 198 199 200 201 202 203 204 205 206 209 210 213 216 217 218 219 221 222 224 225 227 230 231 233 234 235 236 237 238 239 243 244 245 247 248 252 253 254 258 260 261 262 263 265 267 269 270 272 275 276 277 279 280 282 283 285 288 290 292 293 294 295 296 298 1062 1183 
37: 0 1 3 4 5 6 7 9 10 12 13 14 15 16 17 18 19 21 22 23 26 30 31 33 34 35 36 38 39 41 43 44 45 46 51 53 54 55 56 57 58 59 60 63 66 68 69 70 71 72 73 74 75 77 79 80 81 83 84 85 86 87 88 89 90 91 92 94 95 96 97 99 101 102 103 107 108 112 113 114 115 116 118 121 122 123 124 125 126 127 129 130 132 134 135 137 138 139 140 141 142 143 144 145 146 148 150 154 155 156 157 159 162 163 164 165 167 168 169 171 173 174 175 176 177 178 179 181 183 184 185 186 187 188 189 191 192 194 196 197 198 199 200 201 202 204 205 206 207 209 210 211 214 215 216 219 220 221 222 223 224 225 226 227 228 229 232 235 236 238 239 241 242 243 244 245 246 247 248 249 250 252 254 255 256 257 258 259 260 261 262 264 268 269 270 271 275 276 277 279 280 281 282 283 284 286 287 288 289 290 292 294 295 298 1084 
38: 0 1 2 3 4 5 6 7 8 9 10 11 12 13 15 16 17 18 19 20 21 22 24 26 27 28 30 31 32 33 34 35 36 37 40 41 43 44 45 46 48 49 50 51 52 54 55 56 59 61 62 63 64 67 68 73 74 78 80 81 82 83 84 85 86 89 90 91 92 93 95 97 100 101 102 103 105 106 108 110 111 113 114 115 116 117 118 119 120 121 123 124 125 127 128 129 132 133 137 138 139 140 141 143 144 145 148 149 150 153 154 155 156 157 158 159 161 163 164 165 166 167 168 169 171 172 178 179 180 181 182 183 185 186 188 189 190 191 193 194 195 196 197 198 199 202 203 204 205 206 208 209 211 212 213 214 215 216 217 218 219 220 221 223 224 225 226 227 228 229 231 233 235 237 238 240 241 242 243 244 245 246 247 249 250 251 252 254 255 256 257 258 259 260 261 263 265 266 269 270 271 272 273 274 275 276 278 279 280 281 283 284 286 287 288 289 290 291 292 293 294 295 296 297 298 299 793 
39: 1 2 4 5 6 7 9 10 11 12 13 15 16 17 18 19 20 23 28 29 30 31 32 33 34 35 36 37 40 43 44 46 47 49 50 51 52 53 54 55 56 57 58 59 60 61 62 64 66 67 68 69 71 72 73 77 79 81 82 83 84 85 86 87 88 90 91 92 95 96 97 98 100 101 102 103 105 106 107 108 109 111 112 113 114 115 117 118 119 120 121 122 123 124 125 126 128 129 130 131 132 133 134 135 136 137 138 139 140 141 143 145 146 147 148 149 150 151 152 153 157 158 160 161 162 163 164 165 168 170 171 172 173 174 175 176 178 181 182 183 184 187 188 189 191 192 193 195 197 198 199 200 201 202 204 205 207 209 210 211 212 213 214 215 216 217 218 219 220 221 222 223 224 225 228 230 231 233 234 235 236 237 238 239 241 243 244 246 248 250 251 253 258 259 260 261 262 263 264 266 267 268 269 270 271 273 274 275 277 278 279 280 282 283 284 285 286 287 288 289 290 291 292 293 294 295 296 297 797 834 
40: 0 2 3 8 10 11 12 14 15 17 18 20 21 22 23 24 27 28 29 30 32 33 34 35 36 38 39 42 43 45 46 47 48 52 54 55 56 59 60 61 62 63 64 65 66 67 68 69 70 71 72 73 75 76 77 79 82 83 84 86 87 88 89 90 92 93 94 95 98 99 100 101 104 105 106 107 108 109 110 112 114 116 117 119 120 122 123 124 125 127 130 131 133 135 136 137 139 140 141 142 143 144 145 147 148 150 151 152 153 154 155 156 159 160 162 166 167 169 170 171 173 174 175 176 177 178 180 182 183 184 186 187 188 189 190 191 192 193 194 196 198 201 202 203 204 205 207 208 209 210 211 212 213 214 215 217 220 224 226 228 230 231 232 234 236 237 240 241 242 243 244 245 246 247 248 249 250 251 252 254 255 256 257 258 259 261 263 264 267 268 270 273 274 275 276 279 280 282 287 289 290 292 293 294 297 298 299 
41: 0 2 5 6 8 10 11 12 13 14 15 16 17 18 21 22 23 24 25 26 28 30 31 33 34 35 36 37 38 42 43 44 46 48 49 50 51 53 54 55 57 58 62 63 65 67 69 70 72 74 75 76 77 78 80 84 85 86 87 88 89 90 91 92 93 95 96 97 99 100 101 103 104 105 106 107 108 109 110 111 112 113 114 115 117 118 119 120 121 122 125 126 127 131 132 133 134 136 137 138 139 140 142 143 144 145 148 149 150 151 152 153 154 155 157 160 161 162 166 167 168 172 173 175 176 178 182 183 184 185 186 188 189 191 192 194 196 197 198 199 202 204 205 206 207 208 210 211 212 213 214 215 216 217 218 219 220 222 223 226 227 228 229 231 233 234 235 237 238 240 241 242 245 246 247 250 251 254 255 256 258 259 260 262 264 267 269 270 272 273 276 278 279 280 281 283 284 285 286 287 288 289 291 292 293 294 296 298 1075 
42: 0 1 3 4 6 7 9 10 11 13 14 15 16 17 18 19 20 21 22 24 26 27 28 29 30 33 36 40 41 43 44 45 47 48 49 50 52 53 54 55 56 57 58 59 61 62 63 64 65 66 67 69 73 74 75 77 78 79 80 81 82 83 85 86 89 90 91 92 93 94 95 96 97 98 99 100 101 104 105 108 110 111 112 114 116 117 122 127 128 130 131 132 133 135 136 137 138 139 140 142 144 146 147 148 149 150 153 154 155 156 157 158 159 160 161 163 164 166 168 173 175 176 177 180 181 182 184 185 186 188 189 190 191 192 193 194 195 197 199 202 203 204 205 207 209 210 211 213 214 215 216 217 218 219 220 221 223 225 226 227 229 230 231 232 234 235 236 237 238 240 242 243 244 245 246 249 250 251 252 253 256 257 260 261 265 267 270 271 272 275 276 278 281 282 284 285 287 288 289 290 291 292 294 295 296 297 299 1094 
43: 0 1 2 3 5 6 7 8 9 11 13 14 15 17 18 19 20 22 23 24 25 26 27 28 29 30 31 33 35 37 38 39 40 41 42 44 45 46 47 48 50 51 53 54 55 56 57 59 61 64 65 66 68 70 71 72 73 74 75 77 78 79 80 81 82 83 84 85 86 87 88 89 90 91 93 94 95 96 98 100 101 102 103 105 108 109 113 115 116 117 118 120 122 123 124 125 128 130 131 132 133 134 135 136 137 140 141 142 145 146 148 149 150 151 152 154 155 156 157 160 162 163 164 165 166 167 169 171 172 173 176 177 178 180 181 182 183 185 186 187 188 190 191 193 194 195 196 198 200 201 202 203 205 206 208 210 211 214 215 216 217 219 220 223 224 225 226 227 228 229 231 233 234 235 237 238 239 240 242 244 245 247 248 249 250 251 254 255 256 257 258 259 260 261 262 263 264 265 266 267 268 269 270 271 272 274 276 281 282 284 285 286 287 288 289 290 291 292 293 294 295 298 299 805 848 
44: 2 3 5 7 8 9 12 14 16 17 18 19 22 23 24 25 28 29 31 32 34 37 38 39 41 42 43 45 46 48 49 51 52 53 55 56 59 60 61 62 63 64 65 68 69 70 71 73 75 77 79 80 82 84 85 86 88 90 92 94 95 96 97 98 99 100 104 105 106 109 110 111 112 113 114 115 116 117 118 120 123 124 127 128 129 130 131 132 133 134 135 136 137 138 139 140 141 142 145 146 147 149 150 151 152 157 158 159 160 161 162 163 164 166 167 168 169 171 173 174 176 177 178 180 181 182 183 184 185 187 188 189 191 192 193 195 196 197 201 202 208 209 212 213 214 215 216 218 219 221 222 223 224 225 226 227 231 232 233 235 236 237 238 240 243 245 246 248 249 251 252 253 255 258 259 260 261 262 263 265 266 267 268 269 270 272 273 274 275 278 280 281 282 283 286 287 288 289 291 292 294 295 296 297 298 299 1065 1082 1176 
45: 0 3 4 5 7 11 12 13 14 15 17 18 19 22 23 24 25 27 28 30 32 33 34 36 37 38 40 42 43 44 46 47 48 49 50 51 54 56 57 59 60 61 62 63 64 65 68 70 72 73 74 75 76 77 81 83 84 85 86 87 91 92 94 95 96 97 98 99 101 102 103 104 105 108 109 110 113 114 116 118 121 125 126 127 128 129 131 132 135 136 137 139 140 141 142 143 144 147 148 149 150 151 152 153 154 156 158 159 160 161 162 163 165 166 167 168 169 170 171 173 174 175 176 178 179 180 181 182 183 184 186 188 189 190 192 196 198 199 200 203 206 208 209 212 213 214 216 217 218 219 220 222 224 225 226 227 228 230 231 232 234 235 236 237 238 239 240 241 242 243 244 245 246 249 250 251 252 253 255 258 259 260 261 263 264 266 268 270 271 273 274 276 277 280 281 283 284 285 286 287 288 289 290 293 295 296 298 299 800 840 1088 1100 1103 
46: 0 2 3 5 6 8 10 11 12 14 15 16 17 18 19 20 21 22 23 24 26 27 28 29 32 33 34 35 36 37 38 39 40 41 43 44 45 47 48 49 50 51 52 53 55 56 57 58 59 60 61 64 65 66 67 68 69 71 72 73 75 76 77 78 79 80 81 82 83 85 86 87 88 89 90 91 92 93 94 95 96 97 98 99 100 101 102 104 105 106 107 109 110 112 113 116 117 119 121 122 124 125 126 127 128 129 131 132 136 137 139 140 142 143 144 145 147 148 151 153 155 158 159 160 161 163 164 165 166 167 171 172 173 174 175 176 178 180 181 182 183 185 186 188 189 191 193 194 196 199 200 201 203 204 206 208 209 210 212 213 214 215 216 217 218 219 222 223 224 225 226 227 228 229 230 231 232 235 236 237 238 239 240 241 242 243 244 246 247 249 250 251 252 253 254 255 256 257 258 261 262 263 265 267 268 271 272 274 275 276 277 278 280 281 283 285 287 288 290 291 293 295 296 297 299 793 845 1086 
47: 0 1 2 5 6 7 8 9 10 11 12 13 14 15 17 18 19 20 21 22 23 24 26 27 28 29 30 31 32 33 34 39 40 42 43 45 46 48 49 50 51 53 54 55 56 57 60 61 63 64 65 66 67 69 70 71 72 73 74 75 78 79 81 82 83 84 85 86 87 89 90 91 92 97 98 100 101 105 106 107 108 109 111 113 114 116 117 118 119 120 121 122 123 124 127 128 129 133 135 137 138 139 140 141 142 143 144 145 146 147 149 150 151 154 155 156 157 159 161 162 163 164 165 167 168 169 172 173 174 176 177 180 181 183 184 186 188 189 191 192 193 194 195 196 197 198 199 200 201 202 204 205 206 207 208 209 210 211 212 213 214 215 216 217 218 220 221 222 223 224 226 227 228 229 230 231 232 233 234 235 237 238 239 240 241 242 243 244 246 247 249 250 251 254 256 257 258 260 263 264 265 266 267 268 270 271 272 274 275 276 277 278 279 280 282 283 285 286 287 289 291 292 293 297 299 791 797 
48: 0 2 5 6 8 10 11 12 13 14 15 16 18 19 20 21 22 23 24 25 27 28 29 30 31 33 34 35 38 40 41 42 43 44 45 46 47 49 51 54 55 56 57 58 59 60 61 62 64 65 66 70 72 73 75 77 79 80 81 82 83 84 85 86 87 88 91 92 93 94 95 96 97 98 99 100 101 102 103 104 105 106 107 108 110 112 113 114 115 116 117 118 120 121 123 124 126 127 128 129 130 132 133 134 135 136 138 139 140 141 142 146 149 150 151 152 154 155 156 157 158 159 160 161 164 165 167 168 169 170 171 172 173 175 176 177 178 180 183 184 185 186 187 188 189 190 191 192 193 194 196 197 198 199 202 203 204 206 207 208 209 210 211 213 214 215 216 217 220 221 222 223 224 225 226 227 228 231 232 233 234 237 238 239 242 245 246 247 248 250 251 252 255 256 257 258 259 262 263 265 266 267 269 270 272 275 276 277 278 279 280 281 284 285 286 287 288 290 292 293 294 295 296 297 298 790 
49: 1 2 3 4 6 7 8 10 11 12 13 14 15 17 18 21 24 25 26 27 29 30 31 32 33 34 35 36 38 39 41 42 44 45 46 47 48 50 51 52 53 54 55 56 57 58 61 62 63 64 65 68 69 73 74 75 76 77 78 82 83 84 85 87 88 89 90 91 92 95 96 97 98 100 102 104 105 107 108 109 110 111 112 113 115 116 117 119 120 121 122 123 124 125 126 127 128 129 130 131 132 134 135 137 138 140 144 145 148 149 150 152 153 155 156 158 161 164 165 166 168 169 170 171 172 173 174 175 177 178 181 183 184 185 187 188 189 191 192 193 194 195 196 197 198 200 202 203 204 205 206 208 209 210 211 212 213 214 215 217 218 221 223 224 225 226 227 229 230 231 232 233 238 239 240 244 245 247 248 250 251 252 253 254 255 256 257 258 259 260 261 262 263 265 266 267 269 270 271 272 274 276 277 279 281 282 284 285 286 287 288 292 295 296 297 298 299 813 
50: 2 3 4 5 6 7 8 9 10 11 13 14 15 16 17 19 20 22 23 24 25 26 27 30 31 32 34 38 39 41 42 43 45 46 47 49 52 53 54 55 56 57 58 59 60 61 62 63 64 65 66 67 68 69 70 73 74 75 77 78 79 80 81 83 85 86 87 92 93 95 96 97 98 99 101 104 106 107 108 109 110 113 114 115 120 122 123 124 125 127 128 129 130 131 132 133 134 135 136 138 141 143 144 147 148 150 151 152 153 154 155 156 157 158 159 160 162 163 164 165 166 167 168 169 170 171 172 174 175 176 178 179 180 182 183 185 186 189 190 192 193 194 195 196 197 198 199 200 201 204 206 207 209 211 212 214 215 216 218 219 221 222 224 226 227 230 231 234 236 237 240 241 242 243 244 245 248 249 251 252 253 254 256 257 258 260 262 264 265 267 268 269 270 271 272 274 276 278 280 281 283 284 287 288 290 291 292 294 296 297 298 1172 1150 
51: 1 3 4 5 9 10 11 12 13 16 17 18 19 21 22 23 24 25 26 27 28 29 30 31 32 33 34 35 36 37 38 39 41 43 44 45 46 47 48 49 52 53 55 57 58 59 63 64 65 66 67 68 69 71 72 73 74 75 76 77 78 79 80 81 82 83 84 85 86 87 91 92 93 95 96 97 98 99 100 101 103 104 106 109 111 112 113 114 116 118 119 120 121 122 123 124 125 126 127 128 131 132 133 134 135 136 137 138 139 140 141 142 143 144 145 146 149 151 152 153 155 156 157 160 161 162 163 164 166 167 169 170 171 173 175 176 178 179 180 181 182 184 185 186 188 189 191 192 193 194 195 197 199 200 203 204 205 206 207 209 213 214 215 217 219 220 221 223 225 226 227 230 231 232 233 234 237 238 239 241 242 243 244 245 246 248 249 250 251 252 253 255 258 260 261 262 263 265 266 267 269 270 272 273 274 275 277 278 279 283 285 286 288 289 290 291 292 293 294 295 296 297 298 299 1081 1169 
52: 0 1 2 3 4 5 6 7 8 9 10 12 15 16 17 18 19 21 23 24 25 26 28 29 30 31 32 33 35 36 38 39 40 42 44 46 49 50 51 53 54 57 58 59 60 61 62 67 70 71 72 73 74 75 76 77 78 79 80 81 82 84 85 87 88 89 90 91 92 93 94 95 101 102 103 105 106 107 109 110 111 112 113 114 115 116 118 119 121 122 123 125 127 128 129 130 132 133 134 135 136 138 139 141 143 144 146 148 149 150 151 154 155 156 157 158 159 160 162 163 164 165 167 168 169 170 171 172 173 174 177 178 179 180 182 183 184 186 187 189 190 192 193 194 195 197 198 199 201 204 205 206 207 208 209 210 212 215 216 217 218 219 221 222 223 225 226 228 229 230 233 234 235 236 237 238 239 242 244 245 246 247 249 251 252 254 255 256 257 258 262 263 264 265 268 271 272 274 275 277 279 280 281 282 283 287 288 289 292 295 296 297 299 1166 
53: 0 1 2 3 4 5 6 7 8 9 11 12 14 15 16 18 19 21 22 24 27 29 33 35 36 37 39 41 42 43 44 46 47 49 50 51 52 54 55 56 57 58 59 60 61 62 63 64 65 67 68 70 71 72 73 74 75 76 77 79 80 81 82 83 85 86 88 89 90 91 92 93 95 96 97 98 99 103 104 105 106 109 110 111 113 115 120 121 122 123 124 126 127 128 129 130 132 133 135 136 137 138 139 140 141 142 144 145 147 148 149 151 152 153 154 156 157 158 159 161 162 163 164 166 169 170 172 173 174 177 178 180 181 182 183 184 186 187 189 190 191 192 193 194 195 199 200 201 205 206 207 208 209 210 211 213 214 215 216 219 221 223 225 226 228 229 231 234 235 236 237 238 239 240 241 242 243 244 246 247 249 250 251 252 253 254 255 257 258 259 260 261 263 264 266 268 269 270 271 272 273 274 275 276 277 278 279 280 281 283 284 285 286 289 290 291 292 294 296 834 
54: 0 1 4 6 7 8 11 12 13 14 15 17 18 19 22 23 24 30 31 32 33 34 35 36 37 38 39 40 41 42 43 45 47 48 49 50 52 53 55 57 58 60 61 63 68 69 70 72 74 75 76 77 78 79 83 84 85 86 87 88 89 90 92 93 94 95 98 99 101 102 103 105 106 110 111 113 114 115 116 117 119 120 122 124 125 127 128 130 131 132 133 134 135 136 137 138 139 141 145 146 147 148 149 150 151 152 153 154 155 159 160 161 162 164 165 166 167 169 171 172 173 175 176 179 181 182 183 184 186 187 189 190 191 192 194 195 196 198 200 203 204 205 206 207 209 210 212 213 214 215 217 218 219 220 221 222 225 226 227 229 231 233 234 235 236 239 240 241 242 243 244 245 247 249 250 251 252 253 254 256 257 258 260 261 262 263 265 266 267 269 270 271 272 273 274 275 276 277 278 279 280 281 282 284 286 287 288 290 291 293 294 295 296 298 299 
55: 0 2 4 5 6 7 8 10 11 14 15 16 18 19 20 22 23 25 26 27 29 30 31 32 33 34 35 36 37 38 39 40 41 42 43 44 46 47 48 49 50 51 53 54 57 60 62 64 65 66 67 68 69 71 74 77 78 79 80 81 82 83 84 85 87 88 89 90 92 93 95 97 98 99 100 101 103 105 106 108 109 110 114 115 116 120 121 122 125 128 130 131 134 135 137 138 139 140 141 142 143 146 147 149 151 153 154 157 160 162 165 166 167 168 169 172 173 174 175 177 178 182 183 184 185 186 188 189 190 191 192 194 195 196 197 198 200 202 203 204 206 207 208 209 210 211 212 213 216 218 219 221 222 223 224 225 226 227 228 229 230 231 232 233 235 238 239 240 241 244 245 246 247 248 249 250 251 253 254 255 256 257 258 261 262 263 264 266 267 270 272 273 274 275 276 277 278 279 280 281 282 283 284 285 286 287 291 292 293 294 295 296 297 298 299 828 832 1165 
56: 0 1 2 5 6 7 8 9 12 13 15 16 19 20 22 23 25 26 28 29 30 31 32 33 34 35 36 37 38 39 40 42 43 44 45 46 47 48 49 50 53 58 59 60 62 64 65 67 68 69 72 74 77 78 79 80 81 83 84 85 86 87 88 92 93 95 96 97 98 99 101 102 103 104 105 106 107 109 110 111 115 116 119 121 123 125 127 128 131 134 135 136 137 138 139 140 141 142 143 145 146 147 148 149 150 152 155 156 157 158 160 163 164 166 167 168 169 171 172 174 175 176 177 179 180 181 188 189 190 191 192 193 194 195 196 197 198 199 200 201 202 203 204 205 206 208 209 210 212 214 215 216 217 219 220 221 222 225 226 227 228 230 231 232 233 235 236 237 238 239 240 241 242 245 246 247 248 249 250 252 253 254 255 257 258 259 260 261 263 265 266 267 268 273 274 275 276 277 278 279 280 282 285 288 289 291 292 294 295 296 298 299 811 1092 1168 1174 
57: 0 1 2 3 4 5 6 8 9 10 11 12 13 14 15 16 17 19 22 24 25 26 28 29 30 31 32 34 35 37 39 41 42 43 45 46 47 48 49 50 51 52 53 54 55 61 63 64 65 66 67 68 69 71 72 74 75 76 77 78 79 80 81 82 83 85 88 89 90 91 92 93 96 98 99 101 102 103 104 105 107 109 110 111 112 113 115 116 117 119 121 122 124 125 127 128 131 134 135 137 138 139 140 141 142 144 146 150 151 153 154 155 156 157 158 159 161 162 163 164 166 167 168 169 170 171 172 173 174 175 176 177 178 179 180 183 184 185 186 187 188 189 191 192 193 195 196 198 199 200 202 203 205 206 207 208 209 211 212 213 214 216 217 218 219 220 222 223 224 225 227 228 230 231 232 233 234 235 237 238 242 243 244 245 246 247 249 252 253 254 255 256 257 258 260 261 262 263 264 267 269 270 271 272 273 274 276 278 280 281 282 283 284 285 286 287 288 289 290 291 292 293 295 296 298 299 1065 
58: 0 2 3 4 5 6 8 9 11 12 13 14 15 16 18 19 20 21 22 23 26 27 29 31 32 33 34 35 37 39 41 42 46 48 49 50 51 52 53 54 56 59 60 61 62 63 64 69 70 72 73 75 76 77 78 79 80 81 82 83 84 86 87 88 89 90 91 93 94 96 97 98 99 101 102 103 106 108 111 112 114 116 117 118 120 121 122 123 124 127 128 129 130 131 132 133 134 137 138 139 140 141 142 143 145 146 147 149 150 151 152 153 154 155 156 158 159 162 164 165 167 168 170 171 172 173 174 175 176 177 178 180 182 185 186 187 188 190 191 193 194 195 196 197 198 199 201 203 204 205 206 207 208 209 210 212 213 217 219 220 221 222 223 224 226 227 228 229 231 232 235 239 240 242 243 244 245 246 247 248 250 251 252 253 256 257 258 259 260 261 262 263 264 265 267 268 270 272 273 275 276 278 279 280 281 282 283 284 285 286 287 290 291 292 293 294 295 296 299 1066 
59: 0 1 3 4 6 7 8 10 12 13 14 15 18 19 22 23 25 27 29 30 31 32 33 34 35 36 37 38 39 40 42 43 44 45 46 48 50 51 52 53 56 58 60 61 64 67 68 70 72 73 74 76 77 79 80 81 82 83 84 85 86 89 91 92 93 94 95 100 101 104 105 106 107 108 110 111 112 114 115 116 119 121 122 123 126 128 130 131 133 136 137 140 141 142 143 144 145 147 148 150 152 153 155 156 158 160 161 162 164 165 167 168 169 172 173 174 176 177 178 179 180 182 184 186 187 188 189 190 191 192 193 195 196 197 198 199 200 204 205 208 210 211 212 213 215 216 217 218 219 222 223 224 226 227 228 230 231 234 235 239 240 241 243 244 246 247 248 249 254 255 256 257 260 262 263 264 265 266 268 270 271 272 273 277 278 281 282 283 284 285 289 292 293 294 295 296 297 298 299 1078 1152 
60: 0 1 2 4 5 8 10 12 13 14 15 16 17 19 20 21 22 23 25 26 27 28 30 31 32 33 34 35 36 37 39 40 44 45 46 47 48 50 52 53 54 55 56 58 59 61 62 63 64 65 66 68 70 71 72 73 74 75 77 78 79 80 82 83 85 86 87 88 89 93 94 95 96 98 99 102 107 109 110 113 115 116 117 118 119 120 121 122 124 126 127 128 129 130 132 133 134 135 137 138 140 141 142 143 144 145 146 147 148 149 150 151 152 153 154 156 157 158 159 161 162 163 164 165 168 169 170 171 172 173 174 175 176 177 178 179 180 184 185 186 187 188 189 190 192 194 197 198 199 200 201 203 204 206 208 211 212 214 215 216 217 220 222 223 224 225 228 230 231 232 233 235 237 238 240 244 246 247 248 249 250 251 252 253 254 258 259 260 261 262 263 264 265 266 268 270 271 272 273 274 275 278 282 284 285 286 287 288 289 290 291 293 294 295 296 297 298 299 826 1086 
61: 0 3 4 5 6 7 8 10 11 12 13 14 15 16 17 18 19 21 23 24 25 26 27 28 29 31 32 38 39 40 42 43 44 45 46 47 48 49 50 52 53 54 57 58 59 60 62 63 64 65 67 68 69 71 73 74 75 76 77 79 80 81 83 84 86 87 89 94 95 97 98 99 101 102 103 104 105 106 108 109 110 112 113 114 115 116 117 118 119 120 122 123 124 126 127 128 129 130 131 132 134 135 136 137 139 140 142 143 145 146 147 148 149 150 151 152 154 155 159 160 162 165 166 167 169 170 171 172 173 174 175 176 177 179 180 181 183 185 187 188 189 190 192 195 197 199 200 201 203 204 206 207 209 211 212 213 214 215 216 220 223 224 225 226 227 228 229 230 231 232 233 234 235 236 237 238 240 241 243 246 247 248 249 251 252 255 259 260 261 263 265 269 270 272 273 274 275 277 278 279 280 281 282 283 284 285 286 288 289 292 293 294 295 296 297 298 299 817 1165 
62: 1 2 4 7 8 10 11 12 13 14 15 16 17 18 19 20 21 22 23 25 26 27 28 29 31 32 33 34 35 38 39 40 41 42 44 45 48 49 50 52 53 55 56 58 60 61 63 64 66 67 68 69 71 73 74 75 79 81 83 85 86 87 88 89 91 92 93 94 95 96 97 98 99 100 101 102 104 105 106 107 111 113 114 115 116 118 120 122 123 124 125 126 127 128 129 130 131 133 136 138 139 140 141 142 144 145 146 147 148 149 151 152 156 158 159 162 163 164 166 168 169 170 171 172 173 175 176 179 181 183 184 185 186 187 189 190 191 193 194 195 197 203 204 205 206 209 213 214 215 216 218 219 220 221 223 225 226 228 229 231 232 233 235 236 238 240 242 245 246 247 248 249 250 251 252 253 254 256 257 258 259 260 261 263 264 265 266 267 268 269 270 271 273 274 275 277 278 279 281 282 285 287 290 291 292 293 294 295 296 298 299 845 849 
63: 0 1 2 3 4 6 7 8 9 10 12 15 16 19 20 21 23 25 27 28 29 32 33 34 35 36 37 38 40 41 42 44 45 47 49 50 51 53 54 57 58 60 61 62 64 65 66 67 68 69 70 72 73 74 78 79 80 81 82 83 84 85 86 87 88 89 91 92 93 94 98 99 101 102 103 104 105 106 107 108 110 111 112 113 114 115 116 118 119 120 121 123 125 127 130 131 132 133 134 136 137 139 142 143 144 145 146 147 148 149 150 151 152 153 154 155 156 157 158 159 160 161 162 163 164 165 166 167 170 171 172 173 174 175 176 177 178 179 180 181 182 184 187 188 189 190 193 194 195 196 198 200 201 203 205 206 208 210 211 212 213 214 215 216 217 220 222 223 225 229 230 231 232 233 234 235 236 237 240 242 244 246 247 248 249 250 251 253 254 255 256 257 258 259 260 261 266 267 269 270 271 272 275 276 277 278 279 280 281 283 284 285 286 287 288 291 292 293 294 297 
64: 0 2 3 5 6 8 9 10 12 13 14 15 16 17 18 19 21 23 24 25 26 27 29 30 32 33 34 35 36 38 39 40 42 43 44 45 46 47 48 49 50 51 53 55 56 57 58 59 60 61 62 63 65 66 67 68 69 70 72 73 76 79 80 83 84 85 86 87 88 89 90 91 92 95 98 99 100 101 102 103 105 106 107 108 111 112 113 114 115 116 117 118 120 121 122 123 124 125 126 129 130 131 132 133 134 137 138 139 142 143 144 146 148 149 151 152 153 154 155 157 158 159 160 162 163 164 166 168 169 170 171 172 173 174 175 176 177 178 179 181 185 186 187 188 189 190 192 193 194 195 200 201 202 203 206 207 208 210 213 214 215 216 217 218 219 220 222 223 224 226 228 229 230 231 232 235 236 237 239 241 242 243 246 247 248 249 252 255 256 257 258 260 261 262 263 264 265 266 268 269 272 273 274 276 277 278 279 280 281 284 286 287 288 289 292 294 295 296 297 298 299 
65: 0 2 5 6 7 8 9 10 12 14 16 17 18 19 20 22 23 24 25 28 29 30 31 32 33 34 35 36 40 41 42 43 44 45 46 47 48 49 50 51 53 55 56 57 60 61 63 64 66 67 68 71 72 73 74 75 76 77 78 79 80 81 83 84 85 86 87 88 89 90 91 92 93 94 96 97 98 101 102 104 105 106 108 109 110 111 112 114 115 116 117 118 121 122 123 125 126 128 130 131 133 134 136 137 141 142 143 144 145 146 147 148 150 151 152 154 156 157 158 159 161 162 163 165 167 168 170 171 172 173 174 175 176 178 181 182 183 184 185 187 188 189 190 193 194 195 197 198 199 200 203 205 208 209 210 211 213 214 215 217 218 219 221 222 223 224 226 232 235 236 237 239 240 241 242 243 245 247 249 254 255 256 257 259 260 263 264 265 266 267 268 270 272 273 274 275 276 277 278 279 280 281 282 284 285 287 289 290 291 292 293 294 295 296 297 299 792 1174 
66: 2 3 5 6 7 8 9 10 11 12 13 14 15 16 19 20 21 23 24 25 26 27 31 32 33 35 36 37 39 40 42 43 46 47 48 50 51 55 57 60 62 63 64 65 70 71 73 74 75 76 77 78 79 80 82 83 84 85 86 87 88 90 91 92 93 94 95 96 97 98 100 102 103 104 105 106 107 109 110 111 112 113 117 118 119 121 122 125 126 127 128 129 131 132 133 134 135 136 137 138 139 140 142 143 144 145 146 148 152 154 155 156 157 158 159 160 162 163 164 165 166 167 169 170 171 172 173 174 175 176 177 180 181 183 185 188 189 190 191 194 195 197 202 203 204 206 207 208 210 211 212 213 214 216 217 219 221 222 223 224 226 227 228 231 232 233 235 236 237 239 241 242 244 245 251 252 253 254 255 256 257 258 259 262 263 264 265 267 268 269 270 271 273 274 278 279 280 281 282 283 284 286 287 289 290 291 292 293 294 295 296 297 1070 
67: 1 3 5 7 8 10 11 12 13 14 15 17 20 24 26 27 28 29 30 31 32 33 34 38 39 40 41 42 46 47 50 51 52 53 55 56 57 59 61 62 63 64 65 69 71 72 74 76 77 78 79 80 81 84 85 86 88 89 90 92 93 94 95 96 97 98 100 101 103 104 106 108 109 110 111 112 113 114 115 116 119 121 123 124 126 127 128 129 131 132 133 134 135 136 137 139 141 143 144 146 147 148 149 150 151 152 154 155 156 157 158 159 160 161 162 163 164 165 166 167 169 170 171 173 174 175 176 177 178 179 180 181 182 183 184 185 186 187 188 189 191 192 193 196 198 199 200 202 203 204 205 206 207 208 211 212 213 214 215 216 219 221 222 223 224 225 226 227 228 229 230 233 234 235 236 238 240 241 242 246 247 249 250 251 252 253 254 255 256 260 261 262 263 264 265 267 268 269 270 271 272 274 275 276 277 278 279 280 281 283 284 285 287 288 290 292 294 295 296 297 298 1060 1073 1078 
68: 0 1 2 3 4 7 8 9 10 11 12 13 14 15 16 17 18 19 20 21 22 23 24 25 26 28 31 32 33 35 36 37 38 39 40 43 44 45 46 49 50 51 53 54 55 56 57 59 60 61 62 63 64 65 69 70 71 72 73 74 75 76 77 79 80 82 84 85 86 87 88 89 90 91 93 95 96 98 99 102 104 105 106 107 108 110 112 113 114 117 118 119 120 121 122 123 124 125 126 128 133 137 139 140 141 142 143 144 145 148 150 153 154 155 156 157 159 160 162 164 166 167 168 169 171 172 174 175 178 179 180 182 184 187 188 189 190 191 192 193 194 196 198 199 201 202 203 204 205 207 208 210 212 213 214 215 216 217 218 219 222 223 226 227 228 230 231 232 234 235 236 237 238 239 240 242 243 244 247 248 249 250 251 252 253 254 255 256 258 259 260 263 264 266 267 268 269 270 271 273 274 278 279 280 283 284 285 288 289 290 293 294 295 296 297 298 299 832 1093 
69: 0 1 2 3 4 5 6 7 8 9 11 13 14 15 17 20 22 23 24 25 26 27 28 29 30 33 34 35 36 37 39 40 41 42 44 46 47 49 50 51 54 55 56 57 58 61 62 63 64 67 68 70 71 72 74 75 76 77 79 80 81 84 85 89 90 91 92 93 95 96 100 101 103 105 107 108 109 111 112 114 116 118 119 120 121 122 123 124 125 126 127 128 129 133 134 135 139 140 141 142 143 145 146 147 149 150 151 152 153 154 155 157 158 160 161 163 164 166 168 170 171 173 174 175 176 177 178 179 181 182 183 185 187 188 189 191 192 193 195 196 197 199 200 201 204 206 207 208 209 211 212 214 215 216 218 219 220 221 222 223 224 225 228 234 235 236 238 239 240 243 246 247 248 249 250 251 253 255 256 258 259 260 261 262 264 265 266 267 268 269 276 277 278 281 282 283 284 286 289 290 291 293 294 295 296 297 1153 
70: 0 1 2 3 5 6 7 8 9 11 13 14 15 16 17 18 19 21 22 25 26 28 29 31 33 34 35 36 37 40 41 43 44 45 47 48 50 52 53 54 58 59 60 63 64 66 68 69 72 73 75 76 77 78 79 80 82 83 85 86 87 90 92 93 94 96 97 98 99 100 102 103 105 106 108 109 110 112 114 115 116 117 118 119 120 121 122 123 124 125 126 128 130 131 132 134 135 136 137 138 139 140 142 144 145 146 147 148 149 150 151 152 153 154 155 156 157 158 159 160 161 162 165 167 168 170 171 172 173 175 177 179 181 182 184 185 186 188 189 190 192 194 195 196 197 198 200 204 207 209 211 213 214 215 216 217 219 220 222 224 225 226 231 234 235 237 238 239 240 241 242 243 244 246 247 250 251 252 253 254 255 256 257 258 259 263 265 268 269 270 272 273 278 280 281 282 283 284 285 286 289 292 293 294 295 815 
71: 0 1 2 5 6 7 8 11 13 14 15 18 19 20 21 23 24 25 26 27 29 30 32 34 36 37 39 40 43 44 46 47 51 52 53 55 57 60 61 62 65 66 67 68 69 72 73 74 75 77 78 79 81 83 84 85 86 87 88 89 90 91 93 94 96 97 99 100 101 102 103 104 105 106 107 108 110 111 112 115 116 117 118 119 124 125 126 127 131 132 133 134 136 137 138 139 140 142 143 144 146 147 148 150 151 152 154 155 156 157 158 159 160 161 162 163 164 165 167 168 169 170 171 172 174 175 176 177 178 179 180 181 183 184 187 188 189 190 192 193 195 196 199 201 202 205 206 209 213 214 215 216 218 220 221 222 224 225 226 227 228 230 231 232 233 234 235 236 238 239 241 243 244 247 248 249 250 252 253 255 259 260 261 262 263 264 265 266 267 268 270 271 272 273 274 276 277 278 279 280 281 282 283 285 286 288 290 291 292 294 295 296 297 299 
72: 1 2 3 4 5 7 8 9 10 11 13 14 15 16 17 18 19 20 21 22 23 24 25 26 29 30 31 32 33 34 36 37 39 40 41 43 45 46 47 48 51 52 53 54 56 57 58 59 60 63 64 65 67 68 69 70 71 73 74 76 78 79 80 81 82 83 84 85 87 88 89 90 91 92 93 94 95 97 99 100 104 105 106 107 108 109 110 111 112 113 114 115 116 117 118 119 120 122 124 127 128 129 130 131 132 133 134 135 136 137 139 140 141 142 143 144 145 146 147 148 149 150 151 152 153 154 158 159 162 163 164 165 167 168 169 170 171 172 173 175 176 177 179 180 181 184 187 188 189 190 192 193 195 197 199 200 203 204 206 207 208 210 211 212 214 215 216 220 221 223 224 226 227 228 230 231 232 233 235 236 237 239 240 241 242 243 244 245 246 249 251 252 253 254 255 256 257 258 259 260 261 262 263 264 265 266 267 268 269 270 271 274 275 276 277 279 280 281 282 284 285 286 287 288 290 291 292 294 295 296 298 299 1160 
73: 0 2 3 5 6 8 10 11 12 13 14 15 16 18 19 20 21 22 23 24 25 26 27 29 30 31 32 33 34 37 38 39 40 42 43 44 45 46 47 48 49 50 51 52 53 58 59 60 61 62 63 64 65 66 68 70 71 72 75 78 80 81 82 83 85 87 88 89 90 92 96 97 98 99 100 103 105 107 108 109 110 111 112 113 114 115 116 117 118 119 121 122 124 125 126 127 128 129 130 132 134 135 136 137 141 144 145 146 147 148 149 151 152 153 154 156 157 158 159 160 161 162 163 164 165 168 169 170 171 172 173 175 177 178 180 181 184 185 186 187 188 189 190 191 193 194 195 196 197 198 199 200 201 204 205 210 211 212 213 218 219 220 222 223 224 225 226 227 228 229 230 231 233 236 237 238 239 240 244 245 247 248 249 251 252 253 256 257 258 260 261 262 263 264 265 266 267 269 270 271 272 275 276 277 280 282 285 286 287 288 290 291 292 293 294 295 296 299 838 1060 1157 
74: 0 1 3 5 6 8 9 10 11 12 13 14 16 19 20 22 23 24 25 26 27 30 32 34 36 37 38 41 42 43 45 47 49 50 51 52 53 54 55 56 57 59 60 61 62 63 65 66 67 68 69 71 72 75 77 78 79 80 81 83 84 86 87 89 90 91 93 94 95 96 97 99 100 104 108 109 110 112 113 114 117 119 120 122 124 125 126 127 128 129 130 131 132 134 135 136 138 139 141 144 145 147 148 149 151 152 153 154 155 157 158 159 160 162 163 165 166 167 168 170 171 173 174 175 176 177 178 179 181 183 185 187 189 190 192 193 194 195 196 197 198 199 201 202 203 204 205 206 209 210 211 212 214 216 217 218 219 220 221 222 224 225 226 227 228 229 230 231 234 235 236 237 238 239 240 242 246 249 250 251 252 253 254 256 257 259 260 261 262 264 265 266 267 268 270 272 273 274 275 276 277 278 280 281 282 283 284 285 286 287 288 289 290 291 292 293 294 295 296 297 298 299 827 1106 
75: 0 1 2 4 5 6 7 8 9 10 11 12 13 14 15 17 18 19 20 21 22 23 24 26 28 29 31 33 34 36 37 40 41 42 43 44 45 46 47 48 49 50 51 52 53 54 57 58 60 61 62 65 66 68 69 70 71 73 74 76 78 79 80 81 83 84 85 88 89 91 92 93 94 95 96 97 99 101 103 105 106 107 111 112 113 114 115 116 117 118 120 121 122 124 125 126 129 130 132 133 134 135 136 138 139 141 142 143 144 145 146 149 150 152 153 155 156 157 159 160 164 166 168 169 171 172 174 175 177 178 179 180 181 183 184 185 186 187 189 190 192 193 195 196 197 198 200 201 203 204 205 207 210 212 213 214 216 217 219 220 223 224 225 226 227 231 232 234 235 237 238 240 241 245 246 247 248 250 251 252 253 254 256 257 258 259 260 262 263 264 266 267 269 270 271 272 273 277 279 280 281 283 284 285 286 287 288 289 290 292 293 294 295 296 299 843 1062 
76: 0 3 4 5 6 7 8 10 11 12 13 15 16 17 18 20 21 22 24 25 27 28 29 30 32 33 34 35 40 41 45 46 49 51 52 53 54 57 58 59 61 64 65 66 67 68 69 70 72 75 77 78 79 82 84 86 87 88 89 92 93 94 95 96 98 99 100 101 103 104 105 106 107 108 109 111 114 115 116 117 119 120 122 123 124 125 126 127 129 130 132 133 135 136 138 141 142 144 145 146 147 148 149 153 156 157 158 159 160 161 162 163 164 165 167 168 169 171 176 177 178 179 180 181 182 184 186 187 190 191 192 193 195 196 197 198 199 200 202 203 204 205 206 208 209 211 212 213 215 216 217 218 219 220 221 222 223 224 226 229 230 231 232 233 235 236 237 240 242 243 245 246 247 248 249 250 251 252 254 256 257 258 259 260 261 263 264 265 266 269 270 271 273 274 277 282 283 284 285 286 290 293 294 295 296 298 810 1181 
77: 1 2 5 7 8 10 11 12 14 16 18 19 21 22 23 25 26 27 32 33 34 35 37 39 40 41 42 43 44 45 46 48 49 50 51 52 53 54 55 56 57 58 59 60 61 65 66 67 68 69 70 71 74 76 78 79 80 81 82 83 85 88 91 93 94 95 96 98 99 100 101 103 104 105 106 107 108 109 110 111 112 113 114 115 116 118 119 120 121 122 123 124 125 126 127 128 129 130 132 133 134 136 137 138 139 140 142 143 144 146 147 148 149 150 151 152 153 154 155 156 157 159 162 163 165 166 167 168 169 170 171 173 174 175 176 177 178 179 180 181 182 184 185 186 187 188 189 190 191 192 193 194 197 198 199 200 203 204 205 206 207 208 209 210 211 213 215 216 217 218 220 222 224 225 226 228 229 230 231 232 234 238 239 240 243 244 245 246 247 248 249 250 251 254 255 256 257 258 259 261 262 263 264 265 267 268 269 270 272 273 274 275 276 277 278 279 280 281 282 283 284 285 286 288 290 291 293 294 296 298 299 799 830 
78: 0 2 3 5 6 7 8 9 10 12 13 14 15 16 17 18 19 20 21 22 23 26 29 30 31 32 33 34 38 41 42 43 46 47 49 50 51 52 54 55 56 57 58 60 63 65 66 67 70 71 72 73 74 75 76 77 80 81 82 83 85 88 90 91 93 95 96 97 98 99 100 101 102 103 105 107 108 109 111 113 114 115 117 118 122 125 127 129 130 132 133 134 137 138 139 144 146 147 148 149 150 151 152 153 154 155 156 157 161 163 166 169 170 171 172 173 174 176 177 178 179 180 181 183 184 186 187 190 192 193 196 198 200 201 202 203 205 206 207 209 210 211 213 215 219 222 224 225 226 227 228 230 231 232 233 234 235 236 237 239 241 242 243 244 245 246 247 248 250 252 255 256 258 259 261 262 263 264 265 266 269 271 273 275 276 278 279 281 282 283 288 290 291 292 293 297 298 299 1188 
79: 2 3 7 8 9 10 11 12 13 14 15 16 19 20 21 22 23 26 27 28 29 30 31 32 33 34 35 36 37 39 40 42 43 44 46 47 48 50 51 52 53 54 55 56 57 58 59 60 61 62 63 64 65 66 67 68 69 70 71 72 74 75 76 77 80 81 82 83 84 85 86 88 90 91 93 95 96 97 98 99 100 102 107 109 110 111 115 116 117 119 121 122 123 124 126 129 130 131 136 139 141 142 143 145 148 149 151 152 154 155 157 158 159 162 163 164 165 166 167 168 169 170 171 172 173 175 176 177 179 181 183 184 186 187 188 189 192 194 198 201 202 203 204 207 208 209 210 212 216 217 218 220 221 222 223 224 225 226 228 229 230 231 232 233 234 235 238 242 243 244 245 246 247 248 249 250 251 252 253 254 255 256 257 259 260 261 262 263 265 266 268 269 270 271 272 273 274 276 277 278 279 280 281 282 284 285 286 287 288 289 290 291 293 294 296 297 298 815 826 
80: 0 2 3 4 6 8 9 10 11 12 13 14 16 17 20 22 24 25 26 27 28 29 31 32 33 34 35 37 38 41 42 43 44 46 48 50 51 52 53 55 56 57 58 59 60 61 63 64 65 66 67 68 69 70 72 73 74 75 77 78 79 81 82 83 84 86 88 89 90 91 92 94 97 98 99 100 103 104 105 106 107 109 110 111 113 114 115 116 117 118 119 120 121 123 124 125 126 128 129 130 131 133 134 135 137 138 139 140 141 142 143 144 146 147 148 149 150 151 155 156 157 158 163 164 165 166 167 168 169 170 172 173 174 175 176 177 178 179 180 181 182 183 184 185 186 189 190 191 192 193 194 195 198 200 201 203 204 205 207 208 209 210 211 213 214 218 220 221 222 224 227 228 229 230 231 232 233 234 236 238 240 241 242 244 245 246 247 248 249 251 253 254 255 256 257 258 259 260 261 262 263 264 267 269 270 271 272 273 274 276 277 278 279 280 281 283 284 285 287 288 289 291 292 294 295 296 297 298 848 1087 
81: 0 1 2 3 6 7 8 9 11 12 13 14 15 16 17 18 19 20 21 22 23 24 27 28 29 30 32 33 34 35 36 37 38 39 42 43 45 46 47 48 50 51 52 53 55 56 57 58 59 61 62 63 65 67 69 71 72 73 74 75 77 78 79 80 82 83 85 86 87 88 89 90 91 94 96 97 98 99 100 101 102 103 105 107 108 110 111 112 113 116 117 118 119 121 123 126 127 128 131 138 139 140 141 142 143 144 145 146 147 150 152 153 156 157 159 160 161 162 163 164 167 168 171 173 174 176 177 179 182 183 184 185 186 187 189 190 193 194 195 197 199 201 202 204 205 206 207 208 210 211 212 213 214 216 217 218 219 220 221 222 223 224 226 227 228 229 230 231 234 235 236 237 238 239 240 241 242 243 244 245 246 247 248 249 250 252 254 255 256 257 258 260 261 262 263 265 267 268 272 276 277 278 280 281 283 284 286 287 288 291 292 295 296 297 299 799 841 
82: 0 3 7 8 9 10 11 12 13 14 15 16 17 20 21 22 23 24 26 27 28 30 33 34 36 38 39 40 42 43 44 46 47 48 49 51 52 53 55 57 58 59 60 63 66 68 70 72 73 76 77 78 79 80 81 83 86 88 90 91 92 93 94 95 96 97 98 99 100 101 102 103 106 107 108 109 110 111 113 114 115 116 117 119 120 121 122 123 124 126 127 128 129 130 131 132 133 134 135 136 137 138 140 141 142 143 144 145 146 147 148 149 150 151 152 153 155 157 160 161 162 163 164 165 166 167 170 171 172 173 175 176 177 178 179 180 181 182 184 186 187 188 189 190 191 192 193 195 196 199 200 201 202 203 204 205 206 207 209 210 213 214 215 216 218 219 220 221 223 224 225 227 230 232 233 234 235 236 237 239 242 243 244 246 247 250 252 254 256 257 258 259 260 261 262 263 265 266 267 268 271 272 273 274 277 279 281 282 283 284 286 288 289 292 293 295 296 297 298 813 1108 1189 
83: 0 2 4 5 6 7 8 9 10 11 12 14 15 17 20 21 22 23 24 25 26 27 28 29 30 31 33 34 37 38 39 40 42 43 45 46 47 48 49 50 51 53 54 55 56 57 58 59 60 61 62 63 64 65 66 70 71 72 73 74 75 77 78 79 80 81 82 87 89 90 91 94 95 97 102 103 105 106 107 109 110 111 112 114 116 117 118 119 120 121 122 123 124 125 126 127 128 129 130 131 134 135 136 137 138 139 140 141 142 143 145 146 148 149 151 152 153 154 155 156 157 158 159 161 162 163 165 166 168 171 173 174 175 176 177 178 179 180 182 185 186 187 189 192 193 194 195 196 198 199 200 201 202 204 206 208 209 211 212 213 214 215 216 217 220 224 225 226 227 229 230 233 234 235 236 237 241 242 243 245 247 251 253 255 256 258 259 262 263 264 265 269 270 272 273 274 276 277 278 279 281 282 283 284 285 286 288 290 292 293 295 296 297 299 1160 1166 
84: 0 2 3 4 5 7 12 14 17 18 20 22 25 27 28 29 30 31 32 33 34 35 36 37 38 39 40 41 43 44 45 47 48 49 51 52 54 55 56 58 59 61 63 64 65 66 67 68 69 71 72 74 75 76 79 80 85 86 87 88 89 90 92 93 94 96 98 104 105 106 107 108 109 112 113 115 116 118 119 120 121 123 124 126 127 130 132 133 135 136 139 140 141 142 143 144 145 146 148 149 150 152 153 154 155 156 157 158 160 162 163 164 165 168 169 170 173 174 175 176 177 179 180 181 182 184 185 186 187 189 191 192 193 195 196 197 199 200 201 202 203 206 207 208 209 210 212 213 214 216 217 218 220 221 222 224 227 228 229 230 231 232 234 236 238 239 241 243 245 246 249 250 253 254 256 257 258 260 261 262 263 265 267 268 270 271 272 273 274 277 281 282 283 285 286 287 288 289 290 292 293 294 296 299 790 1103 
85: 0 1 3 4 5 6 7 8 10 11 12 14 15 18 19 20 21 22 23 24 25 28 29 30 31 32 33 34 36 37 38 39 41 42 43 44 45 46 47 48 49 50 51 52 53 54 55 56 57 59 60 62 63 64 65 66 67 68 69 70 71 72 73 75 77 78 79 81 84 86 88 89 90 91 92 93 95 98 99 100 102 103 104 105 106 107 108 109 110 111 112 114 115 116 117 118 120 122 125 126 127 130 131 134 135 136 137 140 141 142 143 144 146 148 149 150 151 152 153 158 160 161 162 164 166 167 169 170 173 175 176 177 178 180 181 182 186 188 190 193 195 196 197 198 199 200 203 204 206 207 208 210 213 214 215 216 217 218 219 220 221 222 223 225 226 227 229 230 232 233 236 237 238 240 242 244 245 246 247 250 251 252 255 256 257 258 259 260 261 262 264 265 269 270 271 274 276 277 278 279 280 281 282 283 284 285 286 287 290 291 292 294 295 296 299 817 
86: 1 2 3 4 8 9 10 12 13 14 15 16 17 18 19 20 21 23 24 26 27 30 31 32 34 35 36 37 38 39 40 41 42 43 44 45 46 47 48 50 51 53 54 56 58 59 60 61 62 63 64 65 66 67 68 70 71 74 76 79 80 81 82 84 85 88 90 92 93 94 95 97 98 100 101 102 104 105 108 109 110 111 112 113 114 115 116 117 118 119 120 121 122 123 124 126 127 128 129 130 131 132 133 135 136 137 140 141 142 144 147 148 149 150 153 155 156 157 158 160 162 164 165 166 169 170 171 172 173 174 175 176 177 178 179 180 181 184 186 187 188 189 190 191 192 193 194 195 198 199 200 202 203 206 207 209 211 212 213 215 216 217 218 220 221 222 223 226 227 229 232 233 234 235 236 238 239 240 242 243 244 245 246 247 248 249 250 251 252 253 256 258 259 262 264 265 267 268 269 270 272 273 274 276 277 278 279 280 283 285 286 287 289 291 292 293 294 296 297 298 1173 1151 
87: 2 3 4 5 6 7 8 9 11 13 14 16 17 19 20 21 22 23 24 25 26 27 28 29 30 31 32 33 34 35 36 37 39 40 41 43 45 46 47 48 49 50 51 52 54 55 56 58 60 61 62 63 64 65 66 68 70 71 72 73 74 76 81 83 84 88 89 92 93 94 95 96 98 99 100 101 102 104 105 106 107 108 109 110 111 116 117 118 121 122 123 124 125 126 127 128 133 134 135 136 137 138 140 141 142 144 145 146 147 148 149 150 151 152 155 156 159 160 161 162 163 164 166 167 169 170 172 174 175 176 177 178 179 180 181 182 183 184 185 186 187 188 191 194 195 196 197 199 200 203 205 206 208 209 210 212 213 214 217 220 221 223 224 225 226 228 229 231 233 234 235 237 238 239 242 244 246 247 248 249 251 252 253 254 255 257 258 259 260 262 263 264 265 266 267 269 271 273 274 276 278 279 280 284 285 286 288 289 291 292 294 295 297 298 299 845 1060 
88: 0 1 3 4 5 6 7 8 9 11 12 13 14 16 17 18 21 22 23 24 26 27 28 29 31 32 33 34 35 36 37 39 40 41 43 44 46 48 49 52 53 54 55 56 57 58 60 62 63 64 65 66 67 68 71 72 73 75 76 77 78 79 80 81 82 84 85 86 87 89 90 91 92 93 97 99 100 101 103 104 106 107 108 109 110 111 112 113 114 116 118 119 120 121 122 125 126 128 129 130 132 133 134 135 138 139 140 141 142 143 145 147 148 149 151 154 158 160 161 162 163 164 165 166 167 168 170 171 172 174 176 177 178 179 180 182 184 185 186 187 190 194 196 198 199 201 202 205 206 207 209 210 212 214 215 216 217 219 220 221 222 223 226 227 228 230 231 232 235 238 239 240 241 242 243 244 245 247 249 250 251 252 254 256 258 260 261 262 263 264 265 266 267 268 269 271 273 274 275 276 278 281 283 284 285 286 287 288 290 292 294 295 296 298 299 
89: 0 1 2 3 4 5 7 8 9 10 11 13 14 15 16 17 18 19 21 24 25 26 28 29 33 34 35 36 37 38 40 41 42 43 46 47 49 52 53 54 55 57 58 59 60 61 62 63 64 65 67 68 69 71 72 73 74 75 76 80 81 83 84 85 87 88 90 92 93 94 95 96 98 99 101 102 103 104 105 106 107 108 109 110 113 114 115 116 117 118 119 120 123 126 128 129 130 132 133 134 135 136 137 138 140 141 142 143 144 145 146 147 148 149 151 154 156 157 159 160 162 164 165 167 168 171 173 177 180 181 182 183 184 185 188 190 191 192 193 194 196 197 198 199 200 201 203 205 206 207 208 212 213 214 215 216 217 218 219 220 221 222 224 225 227 228 230 231 233 234 235 237 239 240 241 242 243 244 245 246 247 248 251 252 253 254 255 256 257 258 259 260 261 262 263 264 265 266 267 268 269 270 271 272 274 275 277 279 280 281 282 283 284 286 287 288 289 290 291 292 293 294 295 296 298 299 829 1072 
90: 0 1 3 4 5 6 7 8 9 10 11 13 14 15 16 17 18 19 20 21 22 23 24 26 28 29 30 31 33 36 37 38 39 40 41 42 43 44 46 47 49 52 53 54 55 57 58 64 65 66 67 68 69 70 71 72 73 74 78 79 80 81 82 83 84 85 86 88 89 91 92 94 95 96 97 99 100 101 102 103 105 107 108 109 111 112 114 115 116 118 119 120 121 122 124 128 129 130 131 132 133 134 135 136 137 139 140 141 142 143 144 145 146 147 148 150 151 152 153 155 157 158 159 162 163 165 166 168 169 170 171 172 173 174 175 176 177 179 180 181 182 184 185 187 189 191 192 193 194 195 196 197 198 199 200 202 203 206 210 211 212 213 214 215 216 217 219 221 223 226 228 229 230 231 232 233 234 235 236 239 240 241 242 243 244 245 246 248 249 250 252 253 254 255 257 258 260 261 262 264 266 268 269 270 272 275 276 278 280 281 282 283 284 286 287 288 289 290 291 292 293 294 295 296 297 298 1073 
91: 0 1 2 4 5 7 9 11 12 13 14 15 16 17 18 19 21 22 24 27 28 30 31 32 33 35 36 37 38 39 41 42 43 45 46 47 48 49 51 52 53 57 58 59 62 63 64 65 66 68 69 71 72 74 75 77 78 79 80 81 82 83 85 88 90 92 93 96 99 100 102 103 104 105 106 107 108 110 111 112 114 115 116 117 119 121 122 124 125 127 128 129 130 131 132 133 134 135 136 137 139 140 141 143 144 145 146 147 148 149 151 153 154 155 156 158 159 160 162 163 164 165 166 167 168 170 171 173 174 175 176 180 181 182 183 185 186 189 191 192 193 195 196 197 200 201 202 203 205 206 207 208 210 211 212 213 214 215 216 217 218 219 223 225 226 227 229 230 231 232 233 234 235 236 237 238 241 244 245 246 248 249 250 251 252 254 255 256 257 259 260 261 262 263 264 265 266 268 269 270 271 272 274 277 279 280 282 283 284 285 286 287 288 289 291 292 293 294 295 296 297 299 1071 1158 
92: 0 1 5 6 7 10 11 12 15 16 17 18 19 20 23 24 26 28 29 31 32 33 34 35 36 37 38 39 40 41 42 44 45 46 47 48 49 50 51 52 53 54 55 56 57 59 62 63 64 65 66 67 69 70 72 73 75 76 80 82 84 85 86 87 88 89 90 91 93 94 97 98 99 100 101 103 104 105 108 109 110 111 112 113 116 117 118 119 120 121 122 123 124 125 126 127 128 130 132 133 134 135 136 137 138 139 141 142 143 144 145 148 149 152 153 155 156 157 159 160 161 165 166 167 169 170 171 172 173 174 175 177 180 181 182 183 184 185 186 187 188 189 190 191 193 194 195 196 197 198 199 200 201 202 203 204 205 206 207 210 211 212 216 217 219 220 221 222 223 224 225 226 228 229 231 232 234 236 237 238 242 243 245 246 247 248 249 250 252 255 256 258 260 261 262 266 267 269 270 271 273 275 276 277 279 280 283 284 285 287 290 291 292 293 294 296 297 298 299 
93: 0 1 5 6 7 9 10 12 13 16 17 18 19 21 22 24 26 27 28 29 30 32 33 34 35 36 38 40 41 42 43 46 48 50 51 52 53 54 55 56 57 58 59 60 62 63 65 66 67 68 69 70 71 72 74 75 76 77 78 79 82 84 85 86 87 88 89 91 92 94 95 96 97 98 99 100 101 102 103 104 105 106 108 110 111 113 114 117 118 120 121 122 123 124 126 127 128 129 134 135 136 137 138 139 141 142 143 144 146 147 149 150 151 155 156 157 160 161 163 165 166 168 169 170 171 172 173 174 175 176 177 179 180 182 183 184 185 187 189 190 191 192 193 194 195 196 198 199 200 202 204 206 207 208 210 212 213 214 218 221 222 223 224 225 226 228 229 231 232 233 234 235 236 237 238 239 240 241 242 243 244 245 247 248 249 251 252 253 254 255 256 257 258 259 260 261 263 265 266 267 268 269 270 271 272 274 277 279 283 285 286 287 288 290 291 293 294 295 299 1167 1188 
94: 0 1 2 4 5 6 7 8 10 12 13 14 15 16 17 18 19 22 23 24 26 27 28 30 31 32 34 35 36 37 40 42 43 44 45 46 48 52 54 58 59 60 61 62 63 65 66 67 70 71 72 74 75 76 77 80 81 82 83 84 86 87 89 90 92 93 95 96 97 98 99 100 101 102 106 107 108 109 110 111 112 115 116 117 120 121 122 123 125 126 127 128 129 130 131 132 133 134 135 136 138 139 140 141 143 146 147 151 152 153 155 156 157 158 159 160 161 162 163 164 165 166 167 168 169 171 172 173 174 175 176 177 178 179 181 183 184 185 188 189 191 192 194 195 196 197 200 201 202 203 204 205 206 209 210 211 214 215 216 217 218 220 221 222 223 224 225 227 228 229 230 231 232 235 236 237 238 240 241 242 243 247 248 249 250 251 252 253 254 255 258 259 260 261 262 263 264 266 267 268 269 272 273 276 277 278 279 280 281 283 284 286 288 290 291 292 293 295 297 298 804 809 1065 1071 
95: 4 6 7 8 9 10 11 12 13 14 15 16 17 18 20 21 22 23 24 26 28 29 30 31 32 33 34 35 36 37 38 39 40 41 42 43 44 45 46 48 49 50 51 52 53 54 55 56 59 60 61 62 64 66 67 68 69 72 74 75 76 77 78 79 82 83 85 86 87 89 90 93 94 98 99 100 101 102 103 104 105 106 107 108 109 111 112 114 115 116 117 118 126 127 128 129 130 131 133 136 138 139 142 145 146 147 148 151 153 155 157 159 161 162 163 164 165 167 168 169 170 171 172 173 174 177 178 179 180 182 184 185 186 188 189 190 192 193 194 196 197 198 201 202 203 204 205 206 207 208 209 210 211 212 213 214 215 217 218 219 220 221 224 226 228 229 230 231 232 233 235 236 239 241 243 245 246 247 248 249 250 252 253 257 258 260 262 263 264 265 267 269 270 271 272 273 275 276 277 278 279 280 281 283 285 287 289 290 292 293 295 296 297 298 299 1160 
96: 0 1 3 4 6 10 11 12 14 15 16 17 18 19 20 21 22 23 24 26 27 30 31 32 33 34 35 36 37 39 41 42 43 44 45 46 48 49 50 51 53 56 57 58 60 62 65 66 67 68 69 70 71 73 74 75 76 77 78 79 81 82 84 87 89 90 91 93 94 97 98 100 101 102 103 104 105 106 107 109 111 112 113 114 115 116 117 118 120 122 123 124 125 126 127 129 130 131 132 134 136 137 138 139 141 142 144 145 146 147 148 149 151 152 155 157 158 159 160 161 162 163 164 166 167 168 169 170 171 174 175 176 177 178 179 180 182 183 184 185 187 188 189 190 192 193 194 195 196 197 198 199 200 201 202 203 205 206 207 209 211 212 213 214 216 218 219 220 222 223 224 226 227 229 231 232 233 234 235 237 238 241 242 244 245 247 248 250 251 252 254 256 257 258 260 261 263 265 266 267 268 269 270 271 272 275 277 278 279 281 282 283 285 286 287 288 289 290 291 292 294 297 298 299 1063 1065 1068 1079 1081 1095 1156 
97: 0 1 2 3 4 5 6 8 9 11 13 14 15 17 18 19 20 21 22 23 24 25 26 27 30 31 33 35 36 37 38 39 41 42 44 45 46 47 48 49 50 51 53 55 56 58 61 62 65 66 67 70 71 72 73 74 75 78 79 80 81 82 83 86 88 90 92 93 94 96 98 99 100 101 103 104 106 107 108 109 110 111 113 114 116 117 118 120 121 122 123 124 125 129 130 131 132 133 134 135 137 138 139 140 145 146 147 148 151 152 154 155 156 157 158 159 160 161 162 166 168 170 171 172 173 175 176 177 178 180 182 183 186 187 188 189 190 193 194 195 196 197 198 199 200 202 203 204 205 206 207 209 210 212 213 215 217 223 225 226 227 228 229 231 232 233 234 235 236 237 238 239 240 243 244 245 246 247 248 249 250 252 254 255 256 257 258 259 261 262 264 266 267 269 271 272 273 277 278 279 280 282 283 284 286 287 288 289 290 291 292 293 294 295 296 297 1181 
98: 0 1 2 3 4 6 8 9 10 12 13 15 16 17 18 21 22 24 25 26 28 29 30 31 32 34 35 36 39 40 42 43 44 45 46 47 48 49 50 51 53 54 55 56 57 58 60 61 62 63 64 65 66 67 68 70 73 76 77 78 79 80 81 82 84 85 86 87 89 92 93 94 95 96 97 99 100 101 102 103 104 108 109 111 112 113 114 115 116 117 120 121 123 124 125 127 128 129 130 133 134 135 136 137 138 139 141 142 143 144 145 146 147 148 149 150 152 153 155 156 157 158 159 161 162 163 166 170 172 173 175 176 179 180 184 185 186 189 190 191 192 194 195 196 199 203 204 206 207 208 210 212 213 216 217 218 219 220 221 222 223 224 225 226 228 229 230 231 232 235 237 238 239 242 243 245 246 248 249 250 251 253 254 255 256 257 258 259 262 263 264 265 267 271 272 273 275 276 277 279 280 281 282 284 285 286 287 289 290 291 293 294 295 296 297 298 299 1165 
99: 0 2 3 4 5 6 7 8 9 10 11 14 15 16 17 18 20 21 22 24 25 27 28 29 30 31 33 34 35 36 37 40 41 42 44 45 46 48 50 51 53 54 55 56 57 58 60 61 62 63 64 68 70 71 72 73 74 75 76 77 78 79 80 81 82 85 87 88 89 90 91 92 93 94 95 97 98 100 101 102 104 105 106 107 108 109 110 111 113 115 116 117 118 119 120 121 122 123 125 126 129 131 133 134 135 136 137 141 142 143 144 145 146 147 148 149 150 151 152 153 154 155 156 157 158 159 161 162 164 165 166 167 168 170 172 173 174 177 178 179 181 182 184 185 186 188 189 190 191 192 194 195 196 197 198 200 202 204 205 208 210 211 213 216 217 220 221 222 223 226 227 228 229 230 232 233 234 235 236 238 239 240 241 242 244 246 247 248 249 251 252 253 254 255 256 257 258 259 260 261 263 264 265 266 267 269 270 271 274 275 276 278 279 280 285 286 288 289 292 294 295 298 299 794 
100: 1 2 3 4 5 7 9 10 11 13 14 17 18 19 21 23 24 26 28 29 30 31 32 33 34 35 36 38 39 40 41 42 43 44 46 47 48 49 51 55 59 62 64 66 67 69 70 71 72 73 74 76 77 78 79 80 81 82 85 86 87 88 90 91 92 93 94 95 96 97 98 99 103 104 105 106 107 108 109 110 111 112 114 115 116 117 118 120 121 122 123 124 126 127 129 131 132 135 136 137 138 139 140 141 143 144 146 147 148 153 155 156 158 159 161 162 163 166 167 168 170 171 172 173 174 176 177 178 179 180 181 182 183 185 186 187 188 189 191 193 195 196 197 198 199 200 201 202 204 205 207 208 209 210 211 212 213 214 215 216 218 220 221 222 223 226 228 229 230 231 232 233 234 235 236 237 238 239 240 241 243 244 245 246 249 250 251 252 253 254 255 256 258 260 261 264 265 267 268 270 272 273 274 275 276 277 279 281 282 283 285 286 287 288 291 292 293 294 295 296 297 298 299 
101: 0 1 2 4 6 7 9 10 11 12 13 14 16 17 18 20 21 23 25 26 27 28 29 30 32 34 35 36 37 38 39 40 41 42 43 45 46 47 48 50 51 52 54 55 56 57 58 59 61 62 63 64 65 67 69 71 75 76 77 78 81 82 86 87 88 89 90 92 93 94 95 96 97 98 99 102 103 104 105 106 107 108 110 111 112 113 114 117 118 120 121 122 123 125 128 129 130 131 134 135 136 137 139 141 144 145 147 148 149 150 151 154 156 158 160 161 163 164 166 167 168 170 171 172 174 175 177 179 182 183 184 185 187 188 189 190 191 192 193 194 195 196 198 199 200 201 202 203 204 205 206 209 210 212 213 215 216 219 221 223 225 226 227 228 229 231 232 233 234 237 240 241 242 243 246 247 248 250 251 252 253 254 256 258 259 260 261 262 263 264 265 266 272 275 276 278 279 281 283 284 285 287 288 289 291 292 293 295 297 298 299 1068 
102: 1 2 5 7 8 10 12 13 14 16 17 18 19 20 25 26 27 33 34 36 37 38 39 43 45 46 48 49 52 54 56 57 58 60 61 62 63 64 65 66 68 70 71 78 79 81 82 83 85 86 87 89 90 91 93 94 95 96 98 99 101 103 104 105 106 108 109 112 114 115 116 118 120 121 122 123 126 127 128 130 131 132 134 137 138 139 141 142 143 144 145 146 147 149 151 154 156 157 159 160 161 162 164 165 166 167 168 169 170 171 173 176 179 180 181 182 184 185 186 187 189 190 191 192 193 194 195 196 197 199 201 202 203 205 206 208 209 210 212 214 215 218 219 220 223 224 225 226 228 230 231 232 233 234 235 236 237 238 239 240 241 242 243 244 246 247 248 250 251 252 253 255 256 257 258 261 262 264 265 266 269 270 271 272 273 274 276 278 279 281 283 285 286 287 288 289 290 291 292 294 295 296 297 299 810 1155 1179 
103: 0 1 3 4 5 6 7 9 10 11 12 14 17 18 23 24 25 26 27 28 29 30 32 33 34 35 36 37 38 39 41 43 45 48 51 52 53 54 55 56 57 58 61 63 64 66 67 69 70 71 73 75 76 77 78 80 81 82 83 85 88 89 90 91 92 93 95 96 97 98 100 101 102 104 105 106 108 109 111 112 114 115 116 117 119 120 121 122 123 124 127 128 129 131 132 133 136 137 138 139 140 141 142 143 144 147 148 151 152 153 154 155 156 157 159 161 162 165 170 171 172 173 176 177 178 180 181 182 183 184 185 186 188 189 190 191 192 193 194 196 197 198 199 200 201 202 204 205 206 207 208 209 210 211 213 214 215 216 218 221 223 224 225 226 227 228 230 231 235 236 238 239 240 242 243 244 245 246 248 250 253 254 256 258 259 260 261 264 268 269 272 273 274 275 276 277 278 280 281 282 283 284 285 287 288 289 291 294 295 297 298 299 1091 1186 
104: 0 1 2 3 6 7 8 10 11 12 13 14 15 16 17 18 19 20 21 22 23 24 26 27 28 29 30 32 33 36 40 41 42 44 45 46 48 49 50 51 53 56 57 59 61 62 63 65 66 67 68 71 72 74 76 77 80 84 85 86 87 88 89 91 92 93 95 96 97 98 99 100 101 102 103 105 106 108 109 110 111 112 114 116 117 119 123 125 126 127 128 129 130 132 134 135 136 137 139 141 143 144 145 146 148 149 150 151 153 154 155 158 159 162 163 164 165 166 167 168 169 170 171 172 173 174 175 177 178 179 180 181 182 183 184 185 186 187 189 191 192 193 194 196 197 198 200 201 202 204 205 206 207 208 209 210 211 213 215 216 217 218 219 220 221 224 226 227 230 233 234 235 236 238 240 241 242 244 245 246 248 249 252 254 255 256 257 258 259 261 263 264 265 266 267 269 270 272 273 275 276 277 278 279 281 282 283 286 287 289 293 297 298 824 825 1085 
105: 3 5 7 8 9 11 12 13 14 16 17 18 20 21 22 23 24 27 31 32 33 35 36 38 39 40 41 42 43 44 45 46 47 48 49 52 53 54 55 56 57 59 61 62 63 64 65 66 68 69 70 71 72 73 75 76 77 78 80 81 83 84 85 86 87 89 90 91 92 93 95 96 99 100 101 102 103 104 106 107 108 110 111 112 114 116 117 118 121 123 124 125 128 131 132 133 135 138 139 140 141 142 143 145 146 147 149 150 151 153 154 155 157 158 159 160 162 163 165 167 168 169 170 172 174 175 176 177 178 179 180 181 182 183 184 185 186 187 189 190 191 192 194 196 197 198 199 201 202 203 204 205 206 207 208 209 210 211 212 214 215 216 217 218 219 221 222 223 224 225 226 227 229 230 231 232 233 234 236 237 238 239 240 241 242 243 244 245 246 247 248 250 251 253 254 255 256 257 258 260 265 266 267 268 269 270 271 273 274 275 276 278 279 280 282 283 285 286 287 289 290 291 292 294 295 296 297 298 
106: 0 1 2 4 5 6 7 10 11 12 13 14 15 16 17 18 19 21 22 23 24 25 26 28 29 31 32 33 34 36 38 39 40 41 44 46 47 48 50 51 52 53 54 55 56 58 59 61 62 63 64 65 66 67 68 70 71 72 75 76 77 80 82 83 84 85 87 88 89 91 93 94 95 96 97 99 100 101 102 103 104 105 107 110 111 112 113 114 115 116 117 118 123 125 126 127 128 130 131 132 134 135 137 138 139 140 141 142 143 144 145 146 149 150 151 152 153 154 156 157 158 159 160 162 163 164 166 168 172 173 174 175 176 180 181 182 183 184 185 186 187 188 189 190 191 192 193 194 197 198 200 201 202 205 206 207 208 209 210 212 214 215 216 217 219 220 221 222 223 224 225 226 227 228 229 231 233 234 237 238 239 240 241 242 243 245 246 248 252 253 255 257 258 259 260 261 262 263 265 266 267 268 269 270 271 273 274 275 276 278 281 282 284 285 286 288 290 291 292 293 294 295 296 299 806 1161 
107: 0 1 2 3 5 6 8 9 11 12 13 15 17 18 20 21 23 24 25 26 27 28 30 31 32 33 36 37 39 40 41 46 47 48 49 50 52 56 57 59 60 62 63 64 66 68 69 71 72 73 75 76 77 78 79 80 81 82 83 84 85 87 88 89 90 91 94 95 96 97 99 100 101 105 106 108 109 111 115 116 117 118 119 120 121 122 123 126 127 129 130 131 132 133 134 135 136 138 141 142 144 145 148 149 150 152 153 155 156 157 159 160 161 162 163 165 168 169 170 173 174 176 177 178 179 180 181 182 184 185 186 189 190 191 192 193 194 195 196 197 198 199 200 201 202 203 204 205 207 208 210 212 213 214 215 216 218 221 222 223 225 227 228 232 233 234 235 236 237 238 239 240 241 242 244 245 246 248 251 252 253 254 255 256 258 259 261 263 264 266 267 268 269 270 271 272 275 277 278 279 281 283 284 285 287 288 289 290 291 293 294 295 296 297 299 
108: 0 1 2 3 4 5 6 7 9 10 11 12 17 18 19 21 22 24 26 27 28 29 30 31 34 36 37 38 39 40 41 42 43 45 47 48 49 50 55 58 59 61 63 64 65 67 68 69 70 71 72 73 74 76 77 78 81 82 84 85 86 87 88 89 90 91 92 93 94 95 97 98 99 100 101 102 103 104 105 107 110 111 112 113 114 117 118 119 120 121 122 124 126 129 130 133 134 136 137 139 140 141 142 143 145 147 148 149 150 151 152 153 156 157 158 159 162 163 164 166 167 169 170 173 176 177 178 179 181 183 184 185 186 187 188 189 190 191 192 193 194 197 198 199 200 201 202 205 206 208 209 210 211 212 213 214 215 217 218 219 221 222 223 225 226 228 231 232 233 235 236 237 240 241 242 244 245 246 247 248 249 250 252 253 255 256 257 258 259 261 262 264 265 266 267 268 269 270 273 274 276 277 278 279 283 286 287 288 290 292 294 295 297 298 299 1094 1103 
109: 0 1 3 4 6 7 8 10 11 12 13 15 17 18 20 21 22 23 24 25 26 27 28 30 31 34 39 40 41 43 44 45 46 47 49 50 51 52 53 55 56 57 60 61 65 66 67 69 70 72 73 74 76 77 78 79 80 82 83 84 85 86 87 88 89 90 92 94 95 96 97 98 99 100 102 103 104 107 111 112 113 115 118 119 121 122 125 126 127 128 130 131 132 133 134 135 136 138 139 141 142 143 144 145 146 147 148 150 151 152 153 155 158 159 163 164 165 166 167 170 172 174 175 177 178 180 181 182 184 185 186 188 189 191 192 194 197 200 201 203 204 205 206 207 208 209 211 213 214 216 217 219 220 221 224 226 227 228 229 232 234 235 236 237 238 239 240 241 243 244 246 247 248 250 251 252 253 254 256 258 259 260 261 263 264 265 266 267 268 269 270 272 273 275 276 277 278 279 280 281 282 283 284 285 286 287 288 289 291 292 293 294 295 298 299 825 
110: 0 1 2 5 6 7 8 9 10 11 13 14 15 16 17 18 19 21 22 23 25 26 27 28 30 31 32 33 34 35 36 38 40 41 42 44 45 46 48 49 50 52 53 54 55 56 57 59 60 61 63 65 66 67 68 70 71 72 73 74 77 79 80 81 82 83 85 86 87 88 89 91 92 93 94 97 99 100 101 104 105 106 108 111 112 113 114 117 118 119 121 123 124 127 128 129 130 132 134 135 136 138 139 140 141 142 143 144 146 147 148 152 153 155 156 157 158 159 160 163 166 167 168 169 170 172 173 174 175 177 178 179 180 181 182 183 184 185 186 187 188 190 191 192 193 194 195 197 198 199 200 201 202 204 206 209 211 212 213 215 218 219 220 221 222 223 224 225 226 228 230 231 232 233 235 237 238 240 241 243 245 247 248 249 250 251 253 255 256 258 259 260 261 263 264 265 266 267 269 270 271 272 273 274 275 278 280 282 283 284 285 286 287 289 291 292 293 294 295 297 299 849 1102 1108 1163 
111: 0 2 3 4 5 6 8 10 11 12 14 15 18 19 20 22 23 24 25 26 27 29 30 32 33 35 36 38 39 41 42 44 47 49 51 52 53 54 56 57 58 59 62 63 64 65 66 67 69 71 72 73 75 76 77 78 79 80 81 82 83 85 86 87 88 90 91 92 93 94 95 96 97 98 99 100 101 103 104 105 106 107 108 109 110 112 115 116 117 118 119 122 123 124 125 126 129 131 132 133 134 135 136 137 138 141 143 145 146 147 149 150 152 153 154 157 158 161 162 163 164 165 166 167 169 170 171 172 174 175 176 177 178 179 181 184 188 189 190 195 196 201 202 203 204 206 207 208 209 210 212 213 214 215 216 218 219 220 221 223 224 225 226 228 229 230 231 234 235 236 238 239 240 242 244 245 246 247 251 252 253 254 255 256 257 258 259 260 261 262 263 264 265 267 268 269 272 273 277 278 279 280 282 283 284 285 287 290 291 292 293 294 297 298 299 
112: 0 1 4 6 7 9 10 11 12 13 15 16 17 18 19 23 25 27 29 30 31 32 33 34 35 36 37 39 40 41 42 44 46 48 49 51 52 57 58 59 61 63 64 65 66 67 68 69 70 71 72 73 74 75 77 81 83 84 85 86 88 90 91 92 94 95 96 98 100 101 102 103 104 105 106 108 109 110 111 114 116 117 119 120 121 122 124 125 127 128 129 130 131 132 133 135 136 138 139 141 142 143 144 145 148 149 151 152 155 157 159 161 164 165 166 167 168 169 170 173 176 177 179 180 181 182 183 184 185 186 187 188 189 190 191 192 193 194 195 196 200 201 202 203 204 205 206 208 210 211 212 214 215 217 219 220 221 223 225 226 227 228 231 233 235 240 244 247 249 250 251 252 253 254 256 257 263 266 267 268 269 271 274 275 277 278 283 286 287 289 292 293 294 295 296 297 298 
113: 2 3 4 5 7 8 9 10 11 12 13 14 15 16 17 19 20 21 24 25 27 28 30 31 33 34 36 37 38 39 41 43 44 45 46 47 48 49 50 51 52 53 54 57 60 61 62 63 64 66 67 68 72 73 74 75 77 78 80 81 82 84 86 88 89 92 93 96 97 98 99 101 106 108 109 110 114 115 116 117 118 119 121 122 123 124 126 127 128 131 132 134 135 136 137 138 139 140 142 143 144 145 147 149 150 151 152 155 156 157 158 159 160 161 162 164 165 167 168 169 170 171 172 173 174 175 176 177 179 181 182 183 184 186 187 188 189 190 192 194 195 196 198 200 201 202 203 204 205 206 207 209 210 211 213 214 215 216 218 219 220 221 224 226 227 228 229 230 231 232 233 236 237 240 241 242 243 244 245 246 247 248 251 253 254 255 256 257 258 259 260 261 263 264 265 267 269 270 271 272 273 274 275 276 277 278 279 280 281 282 284 286 287 288 289 290 291 292 294 295 297 298 299 801 1065 1175 1183 
114: 0 1 5 7 8 9 11 12 13 15 17 19 20 23 25 26 27 30 31 33 34 35 36 37 38 39 40 41 42 44 45 47 48 50 51 52 54 55 58 59 61 62 63 64 65 67 68 69 70 72 73 74 75 76 77 78 80 82 83 85 86 88 89 90 91 93 95 96 97 98 100 101 102 103 104 105 106 108 110 112 113 115 118 119 120 121 122 123 126 129 131 132 133 134 135 138 140 144 145 146 147 148 149 150 151 152 157 158 160 161 162 164 165 166 169 172 173 177 179 181 182 184 185 186 187 188 189 190 196 197 198 199 200 201 202 203 204 205 207 208 209 210 212 213 214 216 218 219 220 221 222 223 224 225 226 227 228 229 230 232 233 235 236 237 238 239 241 242 243 244 245 246 247 248 249 250 251 252 254 256 257 259 260 262 265 268 269 270 273 276 277 278 281 283 285 286 287 288 289 294 295 296 299 806 1090 
115: 0 2 4 6 7 8 9 10 11 12 13 15 18 19 21 22 23 24 25 26 28 30 31 32 33 34 35 37 38 39 41 43 44 48 49 50 52 53 54 55 56 57 59 60 61 62 63 64 65 67 70 71 72 73 75 76 77 78 79 80 82 84 85 86 89 90 91 94 95 96 98 99 100 102 103 106 107 109 111 113 114 117 118 119 120 121 122 123 125 127 128 130 132 133 135 136 137 138 139 140 143 144 145 146 147 149 150 151 152 154 156 157 158 160 161 163 164 165 166 167 169 171 172 173 174 175 176 177 178 180 182 183 184 186 187 188 189 192 195 197 199 200 202 203 204 206 208 209 210 212 213 214 215 218 220 221 223 228 229 230 231 233 234 236 237 238 240 241 242 244 247 248 249 250 251 252 253 255 256 257 258 259 260 261 263 264 265 266 267 269 270 271 272 273 276 277 279 280 281 282 283 284 285 287 288 289 290 291 292 293 294 295 297 298 299 
116: 0 1 4 5 6 7 8 9 10 12 14 15 16 17 18 19 21 22 25 26 27 31 33 34 35 37 38 40 42 43 44 45 46 47 48 49 51 52 54 55 56 57 58 59 60 61 62 63 64 65 67 69 70 71 72 73 75 76 77 79 80 81 82 83 84 85 86 87 88 89 90 91 92 94 95 96 97 98 99 100 102 103 104 105 106 107 111 112 113 118 119 120 121 122 123 124 125 126 127 129 131 133 134 136 137 138 139 140 142 144 145 146 147 148 150 151 152 157 158 159 160 161 163 167 169 170 171 173 174 176 177 178 180 181 183 184 185 187 188 190 192 193 194 196 198 199 200 201 202 204 206 207 208 209 210 212 213 214 216 218 219 222 224 226 227 228 229 230 232 233 235 236 237 239 241 243 244 245 248 249 250 251 252 253 255 258 259 260 261 262 266 268 269 270 271 272 274 276 277 278 279 280 281 282 283 284 286 287 290 293 295 296 298 299 1070 1154 
117: 0 1 2 4 5 6 8 9 10 11 12 13 14 18 19 21 22 24 25 26 27 32 33 36 38 39 40 41 42 43 44 46 47 48 49 54 57 58 60 61 64 65 66 68 70 71 72 73 74 75 76 78 79 80 81 82 83 85 86 87 89 91 92 93 94 95 96 97 98 99 100 101 103 104 105 106 107 108 110 111 112 113 115 120 122 125 126 127 128 129 130 132 134 135 137 139 140 142 143 144 145 147 148 149 150 151 154 156 157 158 160 161 162 164 165 166 167 168 169 170 171 173 174 175 176 177 178 180 181 183 186 189 190 191 192 193 195 196 197 198 200 201 204 205 206 207 208 210 211 212 213 214 215 216 217 218 219 220 221 222 223 224 227 228 229 230 231 232 233 234 235 237 240 241 244 245 246 248 250 252 253 254 255 256 257 259 260 261 262 263 264 265 266 267 268 269 270 271 272 273 274 275 276 277 279 280 282 283 285 286 289 290 291 293 294 296 297 299 802 
118: 0 1 2 3 4 5 6 7 8 12 13 14 15 16 17 18 20 21 22 23 24 25 26 28 30 31 32 33 34 35 36 37 38 39 41 43 44 45 47 48 51 52 58 60 61 62 63 64 65 66 68 69 70 71 72 73 75 77 78 80 81 83 84 85 86 87 88 89 90 92 93 95 96 97 99 100 101 102 105 106 107 108 109 110 111 113 114 115 116 119 120 121 122 123 125 126 127 128 129 131 132 135 138 139 140 141 143 145 148 149 150 152 154 158 160 161 162 164 165 166 167 168 170 171 172 173 176 177 180 181 182 185 186 187 189 190 191 192 193 194 197 199 201 203 204 205 207 209 210 212 213 216 217 218 219 221 225 226 227 228 229 230 231 232 233 234 235 236 237 238 240 241 242 245 246 249 253 254 256 257 258 259 260 261 262 265 266 269 270 271 272 273 274 275 276 277 278 279 280 281 282 284 286 288 291 292 293 294 295 296 297 298 1102 1158 1164 
119: 0 2 3 4 5 6 7 9 10 12 14 17 18 20 21 22 23 24 25 26 29 30 31 32 33 35 36 38 39 40 41 46 47 49 51 52 54 56 57 59 60 61 63 66 67 68 69 70 71 72 73 74 76 77 79 80 81 82 83 84 86 88 89 90 91 92 99 103 104 107 108 109 110 111 112 113 114 115 116 118 120 121 122 125 128 129 133 136 137 138 139 140 141 142 143 146 147 148 149 150 151 152 153 155 156 157 158 160 161 162 163 165 166 167 168 169 170 171 172 173 174 175 176 177 179 180 181 183 184 185 186 187 188 190 192 193 194 195 196 199 200 201 202 203 204 205 206 207 208 210 211 212 213 214 215 216 217 218 219 220 221 222 223 224 225 226 227 228 229 230 232 233 234 235 236 238 239 240 242 245 246 248 249 251 252 253 254 255 256 258 259 260 261 262 266 268 269 271 272 273 275 276 277 278 282 283 284 285 286 287 288 290 291 293 295 296 297 298 299 826 
120: 0 1 2 3 4 5 8 9 10 11 12 13 14 17 19 20 21 22 23 26 28 29 30 32 33 34 35 38 39 40 41 43 44 47 48 49 50 51 53 54 55 58 60 61 62 63 64 68 69 70 72 74 75 76 77 80 82 83 84 85 86 88 89 90 92 93 94 96 97 98 99 100 101 102 103 107 108 112 114 115 116 117 118 119 121 123 124 127 128 130 131 133 134 135 137 138 140 141 142 143 144 145 146 147 148 149 150 151 152 153 155 156 157 158 159 160 161 162 163 164 165 166 168 170 171 173 174 175 176 177 178 179 181 182 183 184 185 190 192 193 194 195 198 201 202 203 204 205 207 208 210 211 212 213 214 216 218 219 220 222 223 225 226 227 228 229 230 231 233 235 236 237 238 239 240 241 242 243 244 246 248 249 251 252 253 255 257 258 259 260 261 262 263 264 265 266 267 268 269 270 272 273 274 275 276 277 279 282 284 285 286 287 289 290 291 292 293 294 295 296 297 299 799 1073 
121: 0 1 3 4 5 7 8 10 11 12 13 17 18 19 23 25 26 27 28 32 34 35 36 37 38 39 41 45 46 47 48 49 51 52 53 55 56 57 58 59 60 63 64 65 66 67 68 69 70 73 75 77 79 80 81 82 83 84 86 87 88 90 91 92 93 94 97 98 99 100 101 102 103 105 107 108 109 110 112 113 114 115 116 118 119 120 122 127 128 130 131 132 133 134 135 136 137 138 139 140 141 143 144 145 146 147 148 149 151 153 154 155 157 158 159 160 161 163 165 167 169 170 171 172 173 174 175 178 180 181 183 184 186 187 188 189 191 193 194 195 198 200 201 202 203 204 205 206 207 208 209 210 211 212 213 214 215 216 217 219 220 221 222 223 224 225 226 227 229 231 232 233 235 236 237 238 239 240 241 244 246 247 248 250 251 252 253 254 255 256 257 258 260 261 262 263 264 267 268 269 270 272 274 276 277 278 279 280 281 282 283 285 287 288 289 290 292 293 294 295 296 297 298 299 822 
122: 0 2 3 4 6 7 8 9 11 14 15 16 18 20 21 22 23 24 25 28 30 31 32 33 34 35 36 37 39 40 41 42 43 46 47 49 50 51 52 53 54 55 57 58 59 60 61 62 64 65 66 68 69 70 72 73 74 75 76 77 78 79 82 83 85 86 87 88 90 91 92 93 94 96 97 99 100 101 102 103 107 108 109 111 112 113 114 115 116 117 118 119 121 123 124 130 131 132 133 134 135 138 139 140 141 142 143 144 145 148 149 150 151 153 154 155 156 157 159 160 161 162 163 165 166 167 168 169 170 171 172 174 175 176 177 178 179 181 182 183 184 185 186 187 189 190 191 192 197 198 199 200 201 202 204 205 206 207 208 209 210 211 212 213 214 216 218 219 221 222 224 225 226 229 230 231 232 233 234 236 237 238 239 240 241 242 243 245 246 247 248 249 250 251 253 256 257 259 262 263 264 267 268 269 272 274 275 276 278 280 281 282 283 284 285 286 287 289 291 293 294 297 299 816 
123: 1 2 3 4 7 12 13 14 17 18 19 20 21 22 23 24 25 26 29 30 31 34 35 36 37 38 39 40 43 44 47 48 49 50 51 52 53 56 58 59 61 62 63 64 65 67 68 69 70 76 77 79 80 81 82 83 84 86 87 89 92 93 94 96 97 98 99 100 101 102 103 104 105 106 107 110 111 113 114 115 116 118 120 122 124 125 126 131 132 133 135 137 138 139 140 141 142 143 144 145 146 147 148 149 150 151 152 154 155 157 158 159 160 161 162 163 164 165 166 167 168 170 171 172 173 174 175 176 178 180 181 182 185 189 190 191 192 193 194 196 197 198 199 200 201 202 203 204 205 206 207 208 209 211 213 214 215 216 217 218 219 220 221 222 224 225 226 227 228 229 230 231 232 235 236 238 239 240 242 243 244 245 248 252 253 254 255 256 257 258 259 261 262 263 265 266 267 268 269 270 272 273 275 276 277 279 280 282 283 284 285 286 290 292 293 295 297 298 832 
124: 0 1 2 5 7 8 11 12 13 14 16 17 19 20 21 23 24 25 26 27 28 30 32 33 34 35 36 37 38 39 40 43 44 46 47 48 49 50 51 53 54 57 58 60 61 62 64 67 68 69 70 71 72 73 74 75 76 77 79 80 82 83 84 86 87 90 91 92 93 96 97 98 100 103 105 108 110 111 112 113 116 120 122 123 125 126 127 129 131 132 135 136 137 138 139 140 143 144 145 147 150 151 152 153 155 156 157 158 159 160 161 162 163 164 167 168 169 170 171 172 174 177 178 180 181 183 184 186 187 188 189 190 191 192 193 194 196 197 198 199 202 203 204 205 206 207 208 209 210 211 212 214 215 216 218 219 220 221 223 226 227 228 230 231 232 233 234 235 237 239 241 243 245 247 248 249 250 251 252 253 254 255 257 258 259 261 262 263 264 265 266 267 271 273 275 276 277 279 280 282 283 284 286 287 289 290 291 292 293 295 296 297 298 
125: 0 1 3 4 5 6 7 8 9 10 11 14 15 18 19 20 21 22 23 24 25 26 27 28 29 30 31 32 34 37 38 39 40 41 43 45 46 49 50 51 52 54 55 56 57 62 63 64 65 66 68 69 70 71 73 74 75 76 77 78 80 83 85 87 88 91 92 94 96 97 98 99 101 104 105 106 109 111 112 115 116 117 118 119 123 124 126 128 130 132 135 136 137 138 139 140 141 142 143 144 145 146 147 148 149 150 152 154 156 157 159 160 161 162 164 165 166 168 170 171 172 173 174 176 177 178 179 180 181 182 183 184 185 187 188 189 190 191 192 193 195 196 197 199 201 202 203 204 207 209 210 211 213 215 217 219 220 221 223 227 228 230 232 233 236 237 239 240 242 243 245 247 249 251 252 253 254 256 259 260 261 263 264 265 266 267 268 269 270 272 273 274 275 276 277 278 280 281 282 284 285 286 287 288 291 292 294 295 296 298 299 1152 1174 1151 
126: 0 1 2 3 5 6 7 8 9 10 12 14 15 18 19 20 21 22 23 24 25 26 27 29 30 32 33 36 37 39 41 45 46 48 49 51 53 59 60 61 62 64 65 66 67 68 69 70 71 73 74 75 76 77 79 80 81 82 83 84 85 86 87 88 89 92 93 94 95 96 99 100 102 104 106 107 108 109 111 113 114 116 117 118 123 124 125 128 129 133 136 138 140 141 142 144 145 148 149 151 153 154 155 156 157 158 159 160 161 162 165 166 167 168 169 171 172 173 174 175 179 182 183 184 186 189 191 192 194 195 197 198 201 204 205 207 209 210 211 212 215 216 217 218 219 220 221 222 223 224 225 226 227 228 230 231 233 234 235 237 238 240 241 242 243 244 246 248 249 250 252 253 254 257 259 260 261 262 263 265 266 267 269 270 271 272 273 274 275 276 277 278 280 281 284 285 288 289 290 291 292 293 294 296 297 298 299 824 1188 
127: 1 2 3 5 7 8 9 10 12 13 14 15 16 18 19 20 21 23 24 25 26 27 28 29 30 33 35 36 37 38 40 41 42 44 45 46 47 48 49 50 51 52 53 54 56 57 58 60 61 62 63 66 67 69 71 72 73 74 76 77 78 81 82 83 84 85 86 87 91 92 93 94 95 96 98 100 102 103 104 106 107 109 110 112 113 115 116 117 118 120 121 124 128 129 130 131 132 133 134 135 136 138 140 141 142 143 144 148 152 153 154 157 160 162 163 164 165 166 167 168 170 171 174 175 176 177 178 179 180 183 185 186 187 189 190 191 192 195 196 197 198 199 201 203 205 206 207 210 213 214 216 217 218 219 222 224 225 226 229 230 231 233 234 235 236 238 240 241 242 243 246 247 248 249 250 251 252 253 254 255 256 257 259 260 261 262 263 264 267 269 270 271 272 273 274 275 276 277 278 280 281 283 284 285 286 287 288 289 290 291 292 294 295 296 298 299 792 
128: 0 1 4 6 7 8 9 10 11 12 13 14 15 16 18 19 22 24 25 26 27 28 29 30 31 32 33 34 35 36 38 39 42 43 44 45 46 47 48 49 50 51 52 53 54 55 56 57 58 59 60 61 62 65 66 67 68 69 70 72 73 74 77 80 81 82 83 86 87 88 89 90 91 92 93 94 95 98 101 102 103 104 105 106 109 110 112 113 115 117 118 119 120 121 125 126 127 129 130 132 133 134 135 136 137 139 140 141 143 144 145 146 148 149 150 151 152 154 155 156 157 158 159 161 163 164 165 167 168 169 170 172 173 174 176 177 178 179 180 181 182 183 184 186 187 188 189 190 191 192 193 194 196 197 198 199 200 201 202 204 205 206 207 209 210 211 212 213 215 216 217 219 220 221 223 224 225 226 227 228 229 230 232 233 235 236 237 238 240 241 242 243 244 245 246 247 251 253 254 255 256 257 258 259 261 262 263 264 265 266 268 269 270 273 274 275 276 277 278 279 281 282 283 284 285 287 289 290 292 293 294 296 297 298 299 
129: 0 1 2 3 4 5 6 7 8 10 11 12 14 15 16 17 18 19 21 22 23 25 26 27 28 29 30 31 32 33 35 37 38 39 44 45 46 47 48 49 50 52 53 58 60 61 62 64 66 67 69 72 73 74 75 76 77 78 79 80 82 83 86 88 89 90 91 93 94 95 96 97 98 99 100 101 103 104 107 108 110 111 112 114 116 117 118 119 124 126 127 128 131 133 134 135 138 139 140 141 142 143 144 145 146 147 148 149 152 153 154 155 156 157 161 162 163 164 165 166 167 168 171 172 173 174 175 176 178 179 180 181 183 184 185 186 187 189 192 194 197 199 200 201 202 205 206 207 209 210 212 214 215 216 217 218 219 220 221 222 225 226 230 231 233 234 236 237 238 239 240 241 242 243 244 245 247 248 249 250 251 253 254 256 257 259 260 261 262 264 266 269 271 273 274 276 277 278 281 282 283 284 285 286 287 288 289 290 291 292 293 294 295 296 297 1098 
130: 0 1 2 3 4 6 8 9 10 11 12 14 15 16 17 18 19 20 21 22 23 24 25 26 27 28 29 30 31 33 34 35 36 37 39 40 42 43 44 48 49 50 52 53 54 55 58 59 60 61 62 63 64 65 70 72 73 74 75 76 77 78 79 80 82 83 84 85 86 88 89 90 91 92 94 95 96 97 98 101 102 104 106 107 108 109 110 112 115 117 120 121 122 125 127 128 131 132 133 135 139 140 141 142 143 145 146 147 148 149 150 152 153 154 155 159 160 162 163 164 167 168 170 172 173 176 177 178 179 181 182 183 185 186 190 191 193 195 199 200 202 203 204 205 206 207 208 211 213 214 216 217 218 219 221 224 225 228 229 230 231 232 234 235 236 237 239 240 241 242 243 244 245 246 247 248 249 250 252 253 254 255 256 257 258 260 266 267 270 271 273 274 275 276 277 280 282 283 284 285 286 287 288 290 291 292 293 294 295 296 297 298 299 1072 
131: 0 1 2 3 4 5 7 8 9 10 11 12 13 14 15 16 17 19 20 23 24 26 27 28 30 31 33 34 35 36 39 40 41 42 43 44 45 46 49 50 51 54 55 56 57 58 59 61 62 63 64 65 66 67 70 71 72 74 79 80 81 82 83 85 86 90 91 94 95 96 97 99 100 101 102 103 105 106 107 109 111 112 113 114 116 118 120 121 122 123 124 127 129 130 133 134 135 136 137 139 142 143 144 146 147 148 149 150 152 153 155 157 158 159 160 161 162 163 164 166 169 170 171 173 174 175 176 177 178 179 180 181 182 183 184 185 186 187 188 189 190 191 192 193 194 196 197 200 201 202 207 208 209 210 212 213 214 217 218 219 220 221 226 227 228 229 230 232 234 235 236 238 239 241 242 243 244 245 246 248 249 250 253 254 255 256 257 258 260 261 262 263 264 266 267 268 269 272 275 278 279 280 281 282 283 284 285 286 287 288 289 290 291 292 293 294 295 296 297 298 
132: 1 4 5 6 7 8 9 12 15 16 18 22 23 25 26 28 31 32 34 36 37 38 39 41 42 43 44 45 46 48 49 50 51 52 53 54 58 60 61 63 64 66 67 70 71 72 73 74 75 76 77 78 82 84 86 88 89 90 91 92 94 96 97 100 102 103 104 105 106 107 109 110 111 112 113 114 115 117 118 121 122 123 124 125 127 128 130 133 134 136 137 139 140 141 142 143 145 146 147 148 149 150 151 152 153 156 157 159 160 161 162 163 164 165 166 167 169 171 173 175 176 177 179 180 181 182 184 185 186 187 192 195 196 197 198 199 200 201 202 203 204 205 206 207 208 209 210 211 212 213 214 215 218 220 221 222 224 225 227 228 229 230 233 234 235 236 237 238 239 240 242 243 244 245 250 251 252 253 255 256 258 259 260 261 263 264 266 267 269 270 271 272 274 276 278 279 280 283 285 286 288 290 292 294 296 298 299 1105 
133: 0 2 4 6 9 11 12 13 14 17 18 20 21 22 23 24 25 26 28 29 30 31 34 35 36 38 39 40 41 42 43 44 47 48 50 51 52 53 54 58 59 60 62 63 64 65 66 67 68 69 71 72 75 76 77 78 80 82 84 86 87 88 89 90 91 92 94 95 97 98 99 103 105 107 108 109 111 112 114 115 116 119 120 121 122 123 126 127 128 129 130 131 132 134 135 136 137 138 140 141 143 144 145 147 148 149 150 151 154 155 156 157 158 159 160 161 162 163 164 165 166 167 168 170 171 173 174 175 177 178 179 181 182 183 184 186 187 188 189 191 193 194 196 197 198 203 204 205 206 207 208 209 210 211 212 213 214 216 217 218 220 222 223 224 225 226 229 230 231 232 233 235 236 238 240 242 243 248 250 252 253 254 255 257 258 259 260 261 262 263 264 265 267 268 270 271 272 273 274 275 276 277 278 280 282 284 286 287 288 289 290 291 292 294 297 298 826 1180 
134: 0 1 3 4 5 7 9 10 11 12 13 14 15 16 17 18 20 21 22 23 24 26 27 28 31 32 33 35 36 37 39 41 43 44 48 49 50 51 52 54 55 56 57 58 60 61 63 64 65 66 67 69 70 71 72 73 74 75 77 78 80 82 83 85 87 88 89 90 91 92 93 94 96 97 98 99 101 102 104 106 107 108 109 110 111 113 114 116 117 120 121 122 127 128 129 131 132 133 135 139 140 141 142 143 145 147 148 149 150 151 152 153 154 155 158 159 160 161 162 163 164 165 167 168 169 170 171 172 174 175 176 177 178 179 181 182 184 185 186 187 188 189 190 191 192 193 194 196 197 200 202 204 207 208 209 211 212 213 214 215 216 217 218 219 221 222 224 225 226 227 228 229 230 231 232 233 234 235 236 237 238 239 240 241 242 243 244 245 247 248 249 250 251 252 253 254 255 256 258 259 260 261 262 263 265 266 267 269 270 271 272 273 274 275 276 277 279 280 281 283 284 285 286 287 288 289 292 293 294 295 297 844 1151 
135: 0 1 2 4 5 6 7 8 9 10 12 13 14 15 17 18 20 22 23 26 27 29 30 31 33 34 35 36 37 39 40 42 43 44 45 47 48 49 50 51 52 53 54 55 56 57 60 61 66 67 69 70 72 73 74 75 76 80 82 83 84 85 86 87 88 89 90 91 92 93 94 97 98 99 100 101 104 105 106 107 109 110 111 112 113 114 115 117 118 120 121 122 123 124 125 127 128 129 130 131 133 134 136 137 140 143 144 145 146 148 151 152 153 155 156 160 161 162 164 166 167 168 170 172 173 174 176 177 178 179 180 181 182 183 184 185 186 187 188 189 190 191 193 195 197 198 200 202 203 204 206 207 208 210 211 212 213 214 215 216 217 219 220 221 222 223 225 226 227 228 229 230 231 232 233 234 238 239 240 241 242 243 244 248 249 250 251 252 253 256 258 259 261 265 266 267 268 271 272 273 274 275 276 277 278 279 280 281 284 285 287 288 289 291 292 293 294 297 298 1096 1102 
136: 0 1 2 3 6 7 8 10 11 12 13 14 16 17 18 19 20 21 23 24 28 29 30 31 32 33 34 35 36 39 40 41 42 43 44 45 46 48 50 51 52 53 54 56 59 61 62 63 65 66 67 70 71 72 73 74 75 76 77 79 82 83 84 85 86 87 89 90 91 92 93 94 95 96 98 99 100 101 103 104 107 108 109 110 111 112 113 115 116 119 121 124 125 126 127 128 131 132 133 135 137 138 141 142 143 144 145 146 147 148 152 153 154 155 156 157 158 159 164 165 168 170 171 172 173 174 175 176 178 182 184 186 187 188 189 190 191 192 194 197 198 199 200 202 204 205 206 207 208 209 210 211 212 213 214 215 216 218 220 222 223 224 225 226 228 230 231 232 233 234 235 241 242 243 246 247 249 250 252 254 255 256 257 259 260 261 262 264 266 267 268 269 271 272 273 274 275 276 277 278 279 280 281 283 284 285 286 287 288 289 290 292 293 294 295 297 298 832 
137: 2 3 4 5 6 7 9 10 11 14 15 17 19 21 22 23 25 26 27 28 29 30 31 33 34 35 37 38 39 40 41 42 43 44 45 46 47 49 51 53 54 55 56 57 58 59 60 61 63 64 65 66 67 68 70 71 72 73 77 78 80 82 83 85 86 87 89 90 91 92 93 96 97 98 99 100 101 102 103 104 106 108 111 113 115 116 117 119 120 121 123 124 125 128 131 132 133 135 136 139 140 141 142 145 148 149 150 151 153 154 155 156 157 158 159 160 162 165 166 167 168 169 170 171 172 173 174 178 179 180 182 183 184 185 186 187 188 189 191 192 193 194 195 197 199 200 204 205 206 208 210 211 212 213 214 216 219 220 224 225 227 229 232 234 235 236 237 238 239 240 241 242 243 244 245 249 250 251 252 254 255 256 258 259 260 261 262 263 264 266 267 268 269 271 272 273 274 275 276 277 278 279 280 282 285 286 287 288 290 293 294 296 297 298 299 1169 
138: 0 1 3 5 7 10 12 13 14 15 17 18 19 21 22 23 24 25 26 27 28 29 30 31 34 35 36 37 38 39 41 42 44 47 48 49 50 51 52 53 54 55 56 57 58 60 62 64 66 70 71 74 75 76 77 78 80 81 82 83 87 88 89 92 93 94 95 96 97 98 100 102 103 105 106 107 109 110 111 112 113 114 115 116 118 119 120 121 122 123 124 125 126 127 129 133 136 139 142 143 144 147 148 149 150 151 152 154 155 156 157 158 159 160 161 162 163 165 168 169 170 173 174 176 177 178 179 180 181 182 184 185 186 188 190 192 193 194 195 196 197 200 201 203 204 205 207 208 209 210 212 214 215 217 218 219 220 221 222 223 225 226 227 228 229 230 231 232 235 237 239 240 241 243 244 245 246 247 248 250 251 252 253 254 256 257 259 260 261 262 264 265 266 267 268 269 271 272 273 274 276 278 279 280 282 283 284 285 286 287 288 289 290 291 292 293 296 297 298 299 1171 
139: 0 1 4 5 6 7 8 9 12 16 17 18 19 20 21 22 24 25 28 29 30 31 32 33 34 35 37 38 39 40 41 42 44 45 46 47 48 51 52 53 54 55 56 57 58 61 62 63 64 66 67 68 69 70 71 72 74 75 77 78 79 80 81 83 84 88 90 91 92 93 94 95 96 97 98 100 101 102 103 104 105 106 108 109 110 112 113 115 116 117 118 119 121 122 123 124 125 128 129 130 131 132 134 137 138 140 141 142 143 144 145 147 148 150 151 152 153 156 157 158 160 161 163 164 166 167 168 169 171 172 174 175 176 177 179 180 182 183 184 185 186 189 190 191 192 193 195 197 198 199 200 201 202 203 204 205 206 207 208 209 210 211 215 216 217 218 219 221 222 223 224 226 227 228 230 231 232 233 235 239 240 242 245 246 247 248 252 253 254 255 258 259 260 261 263 264 265 266 268 269 271 272 276 278 279 280 281 283 284 285 286 288 289 290 291 292 293 296 297 298 1060 1107 
140: 0 1 4 5 6 7 8 9 10 11 13 14 16 17 18 21 23 24 26 27 28 32 33 34 35 36 37 38 39 40 41 42 43 44 45 46 47 48 49 51 53 55 56 57 58 59 60 61 62 66 68 69 70 71 72 77 80 81 82 83 84 85 86 87 88 89 90 91 94 97 100 103 105 106 108 110 113 114 115 116 117 118 119 120 121 122 123 124 125 126 127 128 129 130 132 133 134 135 137 139 142 143 144 145 146 149 151 152 155 156 157 158 159 160 162 163 165 166 167 169 170 171 172 173 174 176 179 181 182 183 185 188 189 191 192 193 195 196 198 199 200 201 203 208 209 211 212 215 217 218 219 220 222 224 226 228 230 233 235 237 239 240 241 242 243 246 248 249 251 252 253 255 256 257 258 259 261 262 263 265 267 268 269 270 272 273 277 279 280 281 283 285 287 288 289 291 292 294 295 296 297 298 816 817 836 
141: 0 1 2 3 4 6 8 9 10 11 12 13 14 16 19 20 21 23 24 25 26 27 28 29 30 31 32 34 36 37 38 39 40 43 44 45 47 48 50 51 52 53 54 55 56 57 58 59 60 62 65 67 68 69 72 73 74 75 76 79 80 81 82 83 84 85 86 87 88 89 90 91 92 93 94 96 98 99 100 101 102 103 104 105 106 107 108 109 110 111 112 118 119 120 121 122 123 125 126 127 128 129 130 132 133 134 136 137 139 142 143 145 146 149 150 151 154 155 156 157 158 159 160 163 164 165 166 168 169 171 172 173 174 175 176 177 180 181 182 183 185 188 189 190 191 192 193 194 195 196 197 199 200 202 203 204 205 207 208 209 210 211 212 214 216 217 218 220 221 222 228 229 230 231 233 235 236 239 240 241 242 244 245 246 247 248 249 250 252 255 256 257 258 261 263 264 265 266 267 270 271 272 273 274 275 279 281 282 283 286 287 288 289 292 293 295 296 297 299 798 
142: 0 1 2 3 4 7 8 9 10 11 12 13 16 17 19 20 21 24 26 27 28 30 31 32 33 34 37 40 41 42 43 44 45 46 47 48 51 53 55 56 57 58 59 60 61 62 63 64 65 66 68 69 70 71 72 75 76 77 79 80 81 82 83 84 85 86 87 88 89 90 92 93 95 96 98 99 102 103 105 106 107 108 109 110 112 113 116 117 119 120 122 123 125 126 127 129 130 131 132 134 136 137 138 139 140 141 144 145 147 148 149 150 151 153 154 158 159 160 161 162 164 166 167 168 169 170 171 172 173 175 176 177 178 182 183 184 186 187 188 189 190 191 193 194 196 197 198 199 201 202 204 207 208 209 210 212 213 215 216 218 219 221 222 224 225 226 228 230 233 235 236 237 239 241 242 243 245 247 248 250 251 252 253 254 255 256 257 258 259 260 261 262 263 265 267 268 269 270 271 272 274 275 278 279 280 281 282 283 284 285 288 289 290 292 293 294 295 296 299 1070 
143: 0 1 3 5 7 8 10 11 12 13 15 16 17 18 19 20 22 23 24 25 26 27 29 31 32 33 34 36 37 38 39 40 41 45 46 47 50 51 52 55 56 58 59 60 61 63 64 65 66 67 68 69 71 72 75 77 79 80 81 82 83 84 85 88 89 90 91 92 93 94 98 99 100 102 103 104 105 106 108 109 110 111 112 113 115 117 118 119 120 121 122 123 124 125 127 128 129 130 131 132 133 134 135 136 138 139 140 141 144 145 146 147 148 151 153 155 156 157 159 160 163 164 165 166 167 168 169 170 172 173 174 175 176 177 179 180 182 183 184 185 186 187 188 189 190 191 192 193 194 195 196 197 198 200 201 202 203 204 205 206 207 211 213 214 216 217 218 219 220 221 227 229 230 231 233 234 235 238 239 240 241 242 243 244 246 249 250 251 252 253 254 255 257 258 260 261 262 263 264 265 266 267 268 269 270 271 273 275 276 277 278 279 280 281 282 283 284 285 286 288 290 291 292 295 297 298 
144: 0 2 3 4 5 6 7 8 12 14 16 17 18 19 20 22 24 25 26 27 28 29 31 32 33 35 36 37 38 40 41 42 45 46 47 49 50 51 52 53 57 59 60 62 63 64 65 66 67 68 70 71 72 73 74 75 76 77 78 80 81 82 84 85 86 87 89 90 91 92 93 96 98 99 100 101 102 103 104 106 107 109 110 112 113 114 115 116 117 120 121 122 123 124 125 126 127 128 129 131 133 135 136 138 139 140 142 143 145 146 149 151 153 154 155 157 158 159 160 161 162 163 164 165 166 167 168 169 170 171 172 174 175 176 179 180 181 182 183 184 185 186 188 190 192 193 194 195 196 197 198 199 200 201 202 203 204 206 207 208 209 210 215 216 217 218 219 220 221 222 223 224 225 226 227 228 229 230 231 233 234 235 236 239 241 242 243 244 246 247 249 250 251 252 253 254 255 256 257 258 259 260 261 264 265 267 268 271 273 274 275 276 278 279 280 281 282 283 284 285 286 287 288 290 291 292 293 295 296 297 298 299 
145: 1 2 3 4 5 6 7 8 9 10 11 13 15 16 17 18 19 20 23 24 25 27 28 30 31 32 33 34 35 37 38 39 40 41 43 44 46 47 49 51 53 54 56 58 59 60 61 62 63 65 66 68 69 70 72 73 74 75 76 79 81 82 83 84 87 88 89 90 91 92 95 96 97 98 99 101 102 104 105 106 107 108 109 111 112 113 114 115 116 117 118 120 121 122 123 124 125 126 128 129 130 132 133 134 135 136 137 139 140 141 142 143 144 148 149 150 152 154 156 157 158 159 160 161 162 163 164 165 166 167 168 169 171 172 173 174 175 177 178 180 181 182 183 184 185 186 187 189 190 191 192 193 194 195 196 197 198 199 200 203 206 209 210 213 214 215 216 217 218 219 220 221 222 223 225 226 227 228 229 230 231 232 233 235 236 237 238 239 240 241 242 244 248 249 252 253 255 256 257 258 259 261 262 263 264 265 268 269 270 271 272 273 274 275 276 277 278 279 281 282 283 284 285 286 287 288 289 290 291 292 293 294 296 297 298 791 1074 1185 1186 
146: 0 3 5 6 8 9 10 11 13 14 15 16 17 18 20 21 22 24 25 27 29 30 32 34 35 36 37 39 42 43 44 47 48 51 52 54 55 56 57 58 60 61 62 63 64 65 66 67 69 70 71 72 73 75 76 77 78 80 81 82 83 84 85 87 89 90 91 93 94 95 96 97 98 99 100 102 104 105 106 109 110 111 114 115 116 119 120 121 123 125 128 129 130 131 132 135 136 140 141 143 144 147 148 149 150 151 152 153 155 156 157 158 160 161 162 164 165 166 168 170 171 173 175 176 177 179 180 181 184 187 188 189 192 193 194 195 197 199 201 202 204 205 206 207 208 209 210 211 212 213 214 215 216 217 219 220 222 225 226 227 228 230 231 232 233 235 236 237 238 239 240 241 242 243 244 245 246 247 248 249 250 253 254 255 256 257 261 263 264 265 266 269 270 271 273 274 276 277 279 280 282 283 284 286 290 293 294 295 296 297 298 299 814 
147: 0 1 2 3 7 9 10 11 13 14 15 16 17 20 21 22 23 24 25 31 32 33 34 35 39 40 42 44 45 46 47 50 53 54 55 56 58 59 60 61 62 63 65 67 69 70 71 72 73 74 76 77 78 80 81 82 86 87 88 89 90 91 93 94 95 96 97 98 99 100 101 102 103 105 108 109 110 111 113 114 115 116 117 119 120 121 123 124 125 129 130 131 132 133 134 136 138 139 142 143 146 149 151 153 154 155 157 158 160 161 164 165 166 167 168 169 170 174 175 176 178 179 180 181 182 186 187 189 190 193 194 195 196 198 199 200 201 202 203 204 205 206 207 208 209 210 214 215 217 218 219 220 221 223 225 226 227 229 230 233 234 235 238 239 240 241 242 244 247 248 250 251 252 255 256 257 258 259 261 262 263 264 265 266 267 270 271 272 273 274 275 276 277 278 279 280 281 282 283 284 286 287 288 289 291 292 293 294 295 296 297 298 299 1183 
148: 1 2 3 4 7 9 10 12 15 16 18 19 20 21 23 24 25 26 28 29 30 31 35 36 37 38 39 40 41 42 43 45 46 49 50 52 53 54 56 59 60 61 62 63 64 65 66 67 68 70 71 72 73 74 76 77 78 79 80 82 83 84 85 86 87 88 89 90 91 92 95 96 97 98 99 100 101 103 104 107 108 109 110 112 114 116 117 118 119 120 121 122 123 125 126 127 128 129 130 131 132 133 134 135 136 137 138 139 142 143 145 146 149 150 152 154 156 158 161 162 163 164 165 167 168 169 170 171 172 174 175 176 177 178 180 181 182 183 184 185 186 187 188 189 190 191 192 193 194 195 196 199 200 201 203 204 205 206 207 208 209 213 214 215 216 217 218 219 220 221 222 223 226 227 229 231 232 233 234 235 236 237 238 239 240 241 243 244 245 246 247 248 249 251 252 253 254 255 256 257 259 260 262 263 264 265 266 267 268 269 270 271 272 274 277 278 279 280 281 282 283 284 286 287 288 289 290 291 293 294 295 296 299 
149: 0 1 2 3 4 5 6 7 8 9 10 11 14 15 17 22 24 28 29 30 32 33 34 35 38 39 41 42 43 44 45 47 48 49 51 52 53 54 55 56 58 60 61 62 63 64 67 69 70 72 73 74 75 76 77 78 79 80 82 83 84 85 86 87 88 89 91 92 93 96 98 99 101 102 104 105 106 107 108 111 112 113 114 115 117 118 119 120 121 122 123 125 126 128 129 130 131 132 133 134 137 138 140 141 142 144 145 146 147 148 150 154 155 156 158 159 160 162 163 164 166 169 170 171 172 174 175 176 177 179 180 181 183 184 185 189 192 194 195 197 198 199 200 201 202 203 204 210 212 213 214 215 216 218 219 220 221 223 224 225 230 231 232 233 234 235 236 237 238 239 241 242 244 246 248 250 251 253 255 256 259 260 261 263 265 266 267 268 269 271 272 273 274 275 276 279 280 281 283 284 285 286 287 288 289 290 291 292 293 294 295 297 298 299 829 841 
150: 0 1 2 3 4 5 6 7 9 10 13 14 15 16 17 18 21 22 23 25 26 27 28 29 31 32 33 34 36 37 38 39 40 41 42 43 44 45 47 48 49 50 52 54 56 57 58 59 60 61 63 65 67 68 69 70 71 72 75 77 78 80 81 82 84 85 86 87 90 93 98 99 101 104 105 106 107 108 109 111 113 114 115 116 117 118 119 120 122 123 124 125 128 130 131 132 133 134 137 138 139 141 142 145 146 148 149 151 152 153 155 156 157 158 159 160 161 162 164 166 167 168 169 172 173 174 175 177 178 180 182 183 186 187 189 191 193 194 195 197 198 199 200 201 203 207 209 210 211 212 213 214 215 216 218 219 220 221 223 224 227 228 229 230 232 233 234 235 236 237 238 239 242 245 246 247 248 251 252 253 254 255 256 257 258 259 261 264 265 266 267 268 270 271 272 273 274 275 277 280 281 282 284 285 287 288 289 290 291 292 293 295 296 297 298 1096 1103 1107 
151: 0 2 4 5 6 7 10 11 12 13 14 16 17 18 19 21 23 24 25 28 30 31 33 36 39 40 41 43 44 45 46 47 48 50 51 52 53 54 55 57 58 60 61 62 63 64 65 67 69 70 71 72 73 74 77 78 79 80 82 83 85 87 88 89 90 91 93 94 95 96 97 99 101 102 103 104 105 106 108 109 112 113 114 115 116 117 119 120 121 122 123 124 126 128 132 133 134 135 137 138 139 140 141 142 143 144 146 147 150 152 154 156 157 158 159 160 161 162 163 164 165 166 167 168 169 170 171 172 174 175 176 177 178 180 182 183 184 185 186 187 188 189 190 192 193 194 195 197 199 200 201 203 204 207 208 209 211 212 213 214 215 219 220 221 222 223 224 225 226 227 228 229 230 232 235 236 237 238 240 241 242 243 244 245 247 248 251 252 253 254 255 256 257 258 259 261 264 265 268 269 270 271 272 273 274 275 276 277 278 280 281 282 283 284 286 287 288 289 291 292 293 294 295 296 297 298 798 849 
152: 0 3 4 6 7 9 13 14 16 17 18 19 20 23 25 26 27 28 29 31 32 33 34 35 36 39 40 41 43 44 45 48 49 50 51 53 54 56 58 59 60 61 62 63 64 65 66 67 69 70 71 72 73 74 75 77 78 79 81 82 83 84 85 87 90 92 94 96 97 98 99 103 106 107 108 109 110 111 112 113 114 115 116 118 119 120 123 124 125 127 128 129 130 131 132 134 135 136 138 139 140 145 146 148 150 151 153 154 155 156 157 158 160 161 163 164 165 167 168 170 173 176 179 181 182 184 185 186 187 191 193 194 196 199 201 204 206 207 208 210 211 212 213 215 216 217 218 219 220 221 222 223 224 225 226 227 228 229 230 231 232 233 234 236 237 238 240 241 242 244 245 246 247 248 249 250 251 252 253 255 256 257 259 260 261 263 265 266 267 269 270 271 272 273 274 276 277 279 280 281 282 284 286 287 290 291 292 293 295 296 297 298 299 
153: 0 1 2 4 6 7 10 13 14 15 17 18 19 20 21 22 24 25 26 28 29 30 31 33 38 39 40 41 42 45 46 49 50 51 53 54 55 57 58 59 60 63 64 68 69 70 72 73 74 75 76 77 78 81 82 83 84 85 86 90 91 92 94 95 98 99 100 103 104 105 106 107 108 109 110 111 119 120 121 122 124 126 127 129 130 131 132 134 135 136 137 139 142 143 144 146 147 150 152 154 155 156 157 159 161 163 164 165 166 167 168 169 170 171 172 174 176 177 178 179 180 181 182 183 184 186 187 188 189 190 191 192 193 196 199 201 202 203 204 205 206 207 208 210 213 214 215 216 217 219 221 222 225 227 229 230 231 234 235 238 240 241 242 243 245 246 247 249 250 251 252 254 255 256 257 258 259 261 263 264 266 267 269 273 274 275 277 278 279 281 282 283 284 285 287 289 290 291 292 293 294 295 297 298 299 819 1063 1181 
154: 0 1 2 3 4 5 6 7 12 13 14 16 17 18 19 20 21 22 23 24 25 26 27 28 29 33 34 37 38 40 41 42 43 45 47 48 50 52 53 54 55 57 58 60 61 63 64 65 66 67 68 69 70 71 72 73 74 77 78 79 83 84 88 89 91 97 99 101 102 103 104 105 106 111 115 117 118 121 122 123 125 126 127 128 129 130 133 134 136 137 138 141 142 144 145 147 148 149 151 152 153 155 156 158 159 160 162 163 165 166 167 168 169 170 171 172 173 174 176 178 179 180 181 182 183 184 185 186 188 189 190 191 192 193 194 196 204 205 206 208 210 211 213 214 215 216 217 219 220 221 223 224 225 226 227 230 232 234 236 238 239 240 241 245 246 247 248 249 250 251 255 256 258 259 260 261 263 264 265 266 267 268 269 272 273 274 275 276 277 278 280 282 283 284 286 287 288 290 291 292 293 294 296 297 299 792 
155: 1 3 4 5 7 8 9 10 11 13 14 15 16 17 18 21 22 24 25 28 29 30 31 32 33 34 35 36 37 38 40 41 42 43 46 47 48 49 50 51 52 54 56 57 58 59 61 63 64 66 67 68 69 70 71 74 75 77 78 79 80 82 83 84 86 87 90 91 92 93 94 95 96 97 98 99 100 103 104 105 107 109 110 112 113 119 120 121 122 123 124 126 128 129 130 131 133 134 135 136 137 138 140 141 143 144 146 147 149 150 152 153 154 156 157 159 160 161 162 163 165 166 168 169 171 172 173 174 175 176 177 179 181 184 185 186 188 191 192 193 194 195 196 197 200 201 202 203 204 205 206 207 208 209 210 211 212 213 214 215 216 217 218 219 220 221 222 223 224 226 227 228 229 230 231 232 233 235 236 237 239 240 241 242 243 244 245 247 250 251 252 253 254 255 258 259 260 261 263 264 265 266 268 269 270 271 273 274 275 276 277 279 281 283 284 285 286 287 288 289 290 291 292 293 294 295 297 298 299 793 1098 
156: 0 1 3 4 5 7 8 10 13 14 17 19 21 22 23 24 25 26 27 28 29 30 31 32 33 35 36 37 38 40 42 43 45 47 48 49 50 51 52 53 56 57 58 59 60 62 63 65 66 67 68 70 71 73 75 76 77 78 80 81 83 84 86 87 89 91 92 93 94 97 98 99 100 101 102 103 106 107 108 110 113 115 117 119 120 122 124 125 126 128 129 132 133 135 136 137 138 139 140 141 143 145 146 148 149 150 151 152 153 154 155 157 160 162 163 164 167 168 169 170 171 172 173 174 176 178 179 181 182 185 186 188 189 190 192 193 194 196 198 199 201 202 204 205 206 208 209 210 211 212 213 214 215 217 218 219 222 224 225 226 227 229 231 232 233 236 237 238 239 240 241 242 243 244 245 246 247 248 249 250 253 254 256 257 258 259 262 264 265 266 267 269 270 272 273 274 275 277 278 279 280 281 288 290 294 295 296 297 298 840 845 
157: 1 3 4 5 6 7 8 9 10 11 12 14 15 16 17 18 19 21 22 23 26 29 30 34 35 37 38 39 41 42 43 44 47 48 50 51 52 53 55 56 57 60 63 64 65 66 67 68 69 70 71 73 74 75 76 77 78 79 80 81 82 83 84 86 89 90 92 93 94 95 96 97 98 99 102 103 105 106 107 108 110 111 112 113 114 115 116 117 119 120 121 122 123 124 125 126 127 128 129 131 132 133 136 137 138 139 140 141 143 144 145 146 147 150 151 152 153 155 156 158 159 163 164 165 166 169 171 172 173 174 175 179 180 182 184 187 189 190 191 192 193 194 195 196 197 199 200 201 202 203 206 207 208 209 210 211 213 214 215 217 218 219 220 222 225 227 229 230 232 233 234 235 237 238 239 241 244 246 247 248 249 250 252 253 254 256 257 259 260 261 262 263 264 266 268 271 272 273 276 278 279 280 281 283 284 285 287 288 289 290 291 292 293 294 298 299 1176 
158: 0 1 2 3 4 5 6 7 8 9 10 12 13 14 15 16 17 18 19 20 22 23 24 25 26 29 30 31 32 33 34 35 36 38 39 42 44 45 46 48 49 50 52 53 56 57 58 59 60 62 63 64 65 66 67 69 70 71 72 73 74 76 79 80 83 84 85 86 88 90 91 94 96 97 98 99 100 101 104 105 106 108 109 110 111 113 114 115 116 117 118 119 120 121 123 124 126 128 131 133 134 136 137 138 139 140 141 142 144 145 146 147 148 149 150 151 152 154 157 159 161 163 165 166 168 169 171 172 173 174 175 176 177 179 180 181 182 183 184 185 187 188 189 190 191 192 194 195 196 197 198 199 200 201 204 205 206 207 208 209 210 212 214 215 216 217 218 219 220 221 222 223 225 226 227 229 230 232 234 235 236 237 238 240 241 244 246 247 248 249 250 251 252 253 254 255 256 257 259 260 262 263 264 265 266 267 271 273 274 275 276 277 280 283 284 285 287 288 289 291 292 293 294 296 297 298 299 1151 
159: 1 2 3 4 5 6 8 9 10 11 12 14 17 19 20 21 22 23 26 29 35 36 37 38 40 42 44 45 46 47 48 50 52 53 54 57 58 60 61 62 63 64 65 66 67 68 70 71 72 73 74 75 76 77 79 81 83 87 89 90 91 92 94 95 96 97 98 99 100 102 103 104 105 106 107 108 109 110 112 113 116 120 121 122 123 124 125 126 128 130 131 132 133 134 136 137 138 140 141 142 143 144 145 149 150 151 153 154 155 157 158 160 161 163 164 166 167 169 170 171 174 175 176 177 178 179 182 183 184 185 186 187 188 189 190 191 192 193 194 195 197 199 200 202 203 204 205 207 208 209 212 213 214 216 218 219 221 222 223 224 225 226 227 230 231 236 237 238 240 241 242 244 247 249 250 251 252 256 258 261 262 263 264 265 266 267 268 270 271 272 273 274 278 280 281 282 283 286 287 288 289 290 292 293 295 296 297 298 299 828 
160: 1 2 4 6 8 9 10 11 12 13 14 15 17 18 20 23 24 25 26 27 28 31 32 34 35 36 39 40 41 42 43 44 45 46 48 50 51 52 54 55 56 59 61 63 64 66 67 68 69 70 71 73 74 75 76 81 82 84 85 86 87 88 89 91 92 93 94 96 97 101 102 105 106 107 110 113 114 115 116 117 118 119 120 121 122 123 124 125 126 127 130 131 132 133 134 135 137 138 139 140 141 142 143 144 145 146 147 149 150 151 152 154 155 156 159 161 162 164 166 167 168 171 172 173 174 175 176 177 178 179 180 181 183 184 185 187 189 190 191 193 194 195 196 197 198 199 200 205 206 209 210 213 215 216 217 218 219 220 221 222 223 224 225 226 227 228 230 231 232 233 234 235 236 237 238 239 241 243 244 245 247 248 249 250 251 252 253 255 257 258 259 260 262 263 264 266 267 268 269 270 271 273 274 275 276 277 278 279 280 282 283 284 286 287 288 289 290 291 293 294 295 296 298 299 792 1080 
161: 2 3 4 5 6 7 8 10 11 13 14 15 16 17 19 20 21 22 23 24 25 26 27 30 31 34 38 39 41 42 44 45 46 47 48 49 51 53 54 57 59 60 63 65 67 69 70 71 73 76 78 81 82 83 85 87 88 92 93 94 95 96 97 98 99 100 101 102 103 107 111 112 113 114 115 116 117 118 119 120 121 122 123 124 125 126 128 129 131 132 133 134 135 138 139 142 144 145 146 147 148 150 151 152 153 155 158 159 160 162 163 164 165 166 167 168 169 170 171 172 174 175 176 177 178 180 181 182 183 184 185 186 188 189 191 192 193 194 196 197 198 199 200 202 203 204 205 206 207 209 210 212 213 214 215 216 217 218 219 220 221 222 223 226 227 229 232 236 237 238 239 240 241 242 243 244 245 246 247 250 252 253 254 255 256 257 259 260 261 262 263 264 266 267 268 270 271 272 273 274 275 276 277 278 279 280 281 283 284 286 287 289 292 293 294 295 296 297 298 299 803 
162: 0 1 2 3 4 5 6 9 11 13 14 15 17 18 19 20 21 22 23 25 29 30 33 34 36 37 39 40 41 43 44 45 47 50 51 52 53 54 55 57 58 59 60 61 62 63 64 65 66 67 68 70 71 72 73 74 76 77 79 81 82 83 84 85 86 87 88 89 90 91 94 95 96 97 98 99 100 102 103 104 105 106 107 108 111 113 114 117 118 119 120 122 123 124 125 126 127 129 130 131 132 133 134 135 137 138 140 142 144 145 146 148 149 150 151 154 155 156 160 161 163 165 168 169 171 172 173 175 176 177 178 181 182 184 185 186 187 188 189 190 191 192 193 194 195 196 198 199 200 201 204 206 207 208 209 210 211 212 214 215 216 217 219 220 223 224 225 226 228 229 231 232 233 234 235 236 238 240 242 244 246 249 250 251 252 253 254 255 256 257 258 259 260 264 265 268 270 271 272 273 276 277 278 279 280 281 282 283 284 285 286 288 290 293 297 298 299 819 1071 1178 
163: 0 2 3 5 6 7 9 10 11 14 15 16 17 19 20 22 23 25 26 27 29 31 33 34 35 36 37 38 39 42 43 44 45 46 47 50 51 52 53 56 57 60 62 63 64 65 66 67 69 71 72 73 74 76 77 78 79 80 81 82 83 84 87 88 90 91 93 94 95 96 98 100 101 104 105 106 107 108 109 110 111 115 116 119 120 121 122 123 124 127 128 129 130 131 132 133 134 138 139 140 141 143 144 145 148 149 151 152 153 154 155 156 157 158 159 161 162 166 167 168 170 172 173 175 179 181 183 184 185 186 187 188 189 192 193 194 196 197 198 202 204 205 206 207 209 210 211 212 213 215 216 217 218 219 220 221 222 224 225 227 228 230 232 234 235 236 239 240 241 243 245 248 249 250 251 252 253 254 255 256 257 258 259 261 262 263 265 266 267 268 270 271 273 274 275 277 278 279 283 285 286 287 288 289 290 291 293 294 295 296 298 299 817 1077 1093 
164: 0 1 2 3 4 5 6 8 10 12 14 16 17 19 21 22 23 24 25 26 29 30 31 32 33 34 37 38 39 42 43 44 46 47 48 49 50 51 52 53 54 56 57 58 59 60 62 63 64 66 67 68 69 71 72 73 75 76 79 80 81 82 84 85 86 87 88 89 91 94 95 96 99 101 102 104 106 108 109 111 112 113 114 115 117 118 120 123 124 125 127 128 129 130 131 132 133 134 135 136 139 141 142 143 144 145 146 147 148 149 150 151 152 153 156 157 159 160 161 165 166 167 169 173 176 177 178 179 182 183 184 185 186 187 188 189 191 192 193 194 195 197 198 199 200 202 205 207 208 209 210 211 213 214 215 216 217 218 219 220 221 222 223 224 227 229 230 231 233 234 235 236 237 238 239 241 244 245 247 249 250 251 252 253 255 256 257 258 259 260 264 268 269 270 271 272 273 274 276 277 278 279 281 282 283 286 287 290 291 293 294 296 297 298 
165: 1 2 3 4 5 6 7 8 9 10 11 13 14 17 18 19 21 22 23 28 29 30 31 32 33 34 36 37 38 39 43 45 46 47 48 49 50 52 54 55 58 59 60 61 63 65 66 67 70 71 72 73 74 76 77 79 80 82 83 84 86 88 89 90 91 92 93 94 95 99 102 103 104 105 107 109 111 112 113 114 115 117 118 119 120 121 122 123 125 126 127 128 129 132 133 134 136 137 138 140 141 143 144 145 146 147 148 151 152 153 154 155 157 158 161 162 164 166 167 168 169 172 173 175 176 177 179 183 186 187 188 189 190 191 194 195 197 198 201 202 203 205 206 208 212 213 215 216 217 219 220 221 222 223 224 225 226 227 230 232 233 234 238 239 242 244 248 249 250 251 252 254 257 258 260 262 268 269 271 272 273 274 275 276 277 278 280 282 283 284 285 286 288 289 290 292 293 294 295 296 297 298 299 812 847 1072 
166: 0 1 2 3 4 6 7 8 9 10 11 12 15 17 20 21 23 24 25 27 28 29 32 33 35 36 38 40 41 42 43 44 45 46 49 50 51 53 54 55 56 57 61 62 63 64 66 67 68 69 74 75 77 78 79 80 82 83 85 86 87 88 90 91 92 93 94 96 97 98 99 100 101 102 104 106 108 109 110 111 112 114 115 117 118 119 120 122 123 125 126 127 129 131 132 133 135 137 139 140 141 142 143 144 145 146 147 149 150 151 153 154 155 157 158 159 160 161 163 164 165 167 168 169 170 172 174 175 176 177 178 180 181 182 183 186 187 189 192 194 195 196 197 198 199 201 202 204 205 206 207 209 210 211 215 216 217 218 219 220 221 222 224 225 226 228 229 233 235 236 238 239 240 241 242 244 245 246 247 248 249 250 252 253 255 256 257 259 260 261 262 264 265 266 268 269 272 275 276 277 279 281 283 284 286 290 291 292 296 297 840 
167: 0 2 5 7 8 9 10 11 12 13 14 15 16 17 18 20 21 22 23 25 27 28 30 31 32 33 35 37 38 40 41 43 44 45 46 47 48 50 51 52 54 55 56 57 58 59 61 63 65 66 67 68 70 71 72 74 76 77 79 80 81 82 85 87 88 89 91 92 94 95 96 99 100 101 102 104 105 108 109 110 111 112 113 115 116 117 118 119 121 122 123 124 126 127 128 129 130 132 133 134 135 137 139 140 142 143 144 145 147 148 150 151 152 153 154 156 159 160 161 163 164 165 166 169 170 171 172 173 174 176 177 178 179 180 184 186 187 190 191 193 194 195 196 199 200 201 202 203 204 206 207 208 210 211 213 214 215 216 222 223 225 226 227 228 229 230 232 233 234 236 237 238 240 241 243 244 246 248 249 250 251 252 253 254 256 257 258 260 261 262 263 265 266 267 268 269 270 271 272 274 275 277 280 282 284 285 286 287 288 289 291 292 293 294 295 296 
168: 2 3 4 5 6 8 9 10 11 13 14 15 16 17 18 19 20 21 22 23 24 25 26 29 30 31 32 33 34 35 37 38 39 41 42 44 45 47 48 49 50 52 55 56 57 58 59 60 62 64 65 68 69 70 71 72 73 74 75 76 77 79 80 81 83 84 88 89 90 91 93 94 95 96 97 99 100 101 102 104 105 106 107 110 112 113 117 118 119 120 122 123 124 125 126 127 128 129 130 133 134 135 136 137 138 139 141 142 143 144 145 146 147 148 150 151 152 153 154 155 156 158 160 161 162 163 165 166 169 170 175 178 179 180 182 183 184 185 186 187 188 189 195 197 199 201 205 206 207 208 210 211 213 214 215 216 218 220 221 222 223 224 225 226 227 229 230 233 235 236 237 239 241 242 243 244 247 248 251 252 255 256 257 258 260 261 263 265 266 269 271 275 276 277 278 279 280 281 283 284 285 286 287 288 289 290 291 292 294 295 296 297 298 299 797 829 1101 1151 
169: 0 1 2 3 4 5 6 8 9 10 11 12 13 16 17 18 20 21 23 27 29 31 32 34 36 37 38 40 43 44 45 47 48 49 50 51 52 53 54 55 56 57 59 60 61 62 64 66 67 68 71 72 73 75 76 77 78 79 80 84 85 86 87 90 92 93 94 95 96 102 104 105 107 108 110 111 112 113 114 115 116 117 119 121 122 124 126 128 131 132 134 137 138 139 140 141 142 143 144 145 147 148 149 150 151 153 154 155 156 157 158 159 161 162 164 165 166 167 168 170 171 172 173 174 175 176 177 178 180 181 185 186 188 189 191 192 193 196 197 198 199 200 201 202 203 204 206 207 208 209 211 212 214 215 216 217 218 219 221 222 223 224 226 227 228 229 230 231 232 233 234 236 237 240 241 242 243 244 245 246 247 248 249 250 251 252 253 254 256 258 259 260 261 262 264 267 268 273 274 275 276 277 278 279 281 282 283 284 286 290 292 293 295 297 298 299 802 
170: 0 1 3 4 5 8 9 10 13 15 16 17 18 19 21 24 25 27 28 29 32 33 34 36 39 40 45 48 49 50 51 52 53 57 58 60 61 62 63 64 65 66 67 69 70 71 72 73 74 77 78 79 80 82 84 85 86 87 88 90 91 92 93 95 96 97 98 99 100 101 102 103 104 105 107 108 109 110 111 112 113 116 117 118 119 120 121 122 123 124 125 127 128 130 131 133 134 135 136 137 138 140 142 143 144 146 147 148 149 151 152 153 154 156 159 161 163 166 167 168 169 171 173 174 175 176 177 178 179 180 182 183 185 186 189 191 195 196 201 202 203 204 206 207 209 210 211 212 213 214 216 219 220 222 225 226 229 230 231 232 233 235 237 238 240 241 242 243 244 245 246 247 252 253 254 256 257 258 259 261 262 263 265 268 269 270 271 272 273 274 275 277 278 279 280 281 283 284 285 286 288 289 290 292 293 294 296 297 298 299 
171: 1 2 3 4 5 7 8 10 11 12 15 16 17 18 20 21 23 24 27 30 31 33 34 35 36 37 38 39 40 43 44 45 46 48 49 50 51 52 54 56 57 58 60 61 62 63 64 65 66 67 68 69 70 71 72 73 74 75 76 77 78 79 81 82 83 86 88 89 90 91 92 93 94 95 96 97 100 101 102 103 104 111 113 115 116 117 118 119 120 121 122 123 124 125 126 127 129 131 132 133 134 136 137 139 140 141 142 144 145 146 148 149 151 153 154 155 156 157 158 159 160 161 162 167 169 170 172 173 174 177 178 180 182 186 187 191 192 193 194 195 196 197 198 200 202 203 205 206 207 208 209 210 211 212 215 216 217 218 219 220 221 223 224 227 228 230 232 233 235 236 239 240 241 242 243 245 246 249 250 251 252 253 254 255 257 261 262 265 266 267 268 270 271 273 274 276 278 279 280 281 282 284 285 290 292 293 295 296 297 298 299 824 1178 
172: 0 1 2 3 4 6 9 12 14 15 16 17 18 19 21 23 25 28 29 30 31 33 35 36 38 39 41 43 46 47 48 49 50 52 53 54 55 56 57 58 59 60 61 62 63 64 65 66 68 70 71 72 73 75 78 79 80 82 86 87 88 90 92 93 94 95 97 98 99 100 101 103 104 105 106 109 110 111 113 114 115 118 119 121 122 123 124 125 126 128 129 130 134 135 136 137 139 140 141 142 143 144 145 148 149 150 151 153 154 155 156 157 158 160 161 162 163 165 166 167 169 171 173 175 176 177 178 180 181 182 184 185 186 189 190 191 192 193 194 195 196 198 199 203 204 205 207 208 209 210 211 212 214 215 216 217 218 220 221 223 224 225 228 229 230 231 232 233 234 235 237 238 240 241 242 243 246 247 249 250 252 254 255 256 259 260 261 263 264 265 266 267 269 271 272 274 275 276 278 279 280 281 282 283 284 285 288 289 290 291 292 293 294 295 299 
173: 0 1 2 4 5 6 7 11 13 15 16 17 18 19 20 21 22 23 24 25 27 28 32 33 35 36 37 39 40 41 42 43 44 45 46 47 48 49 51 52 53 54 55 57 58 59 60 61 62 63 64 65 66 67 69 70 72 73 74 77 78 79 80 81 82 83 84 85 86 89 90 91 92 93 94 95 97 98 99 100 102 103 104 106 107 108 110 112 113 114 115 116 117 118 119 120 121 123 125 126 128 129 130 131 132 133 135 136 137 138 140 141 142 143 145 146 150 152 154 155 156 157 158 160 162 163 164 165 167 169 170 171 172 174 176 177 179 180 181 182 183 185 186 187 188 189 190 191 192 193 194 195 196 197 198 199 201 203 204 206 207 208 209 211 212 214 216 217 219 221 222 223 224 225 226 228 230 231 232 235 236 239 241 242 245 246 247 248 249 250 252 254 255 256 257 258 259 260 261 262 263 264 268 269 270 271 272 273 274 275 276 277 278 279 280 281 282 284 286 288 289 290 291 292 293 298 802 1186 
174: 0 1 2 4 5 6 7 9 10 11 12 13 15 16 17 18 19 20 21 22 25 26 27 28 29 31 33 34 35 36 37 39 40 44 45 46 47 49 50 52 53 55 56 57 58 59 60 61 63 64 65 66 67 68 69 71 74 75 77 78 80 81 83 84 86 87 88 90 91 92 93 94 95 96 99 100 101 104 105 106 107 109 110 111 113 115 116 117 119 120 121 122 123 124 125 126 127 128 129 131 133 134 135 136 137 138 139 140 141 143 144 145 147 148 149 150 151 153 154 155 156 157 158 159 160 161 166 167 169 170 171 173 175 177 178 179 180 181 184 185 186 187 188 190 191 193 194 195 196 197 198 199 200 201 202 203 204 205 206 207 208 209 211 212 213 214 216 217 218 219 220 221 223 224 225 226 227 228 230 231 232 233 234 236 238 239 241 243 244 245 246 247 248 250 251 252 253 254 255 256 257 258 259 261 263 267 268 269 271 273 274 275 276 278 279 281 282 284 285 286 287 288 289 290 291 296 298 299 824 1100 1171 
175: 0 2 3 4 6 7 8 10 11 12 13 14 16 17 18 19 20 22 23 24 25 26 27 28 29 30 33 34 35 36 37 39 40 41 42 45 46 48 49 50 51 54 55 56 57 58 60 61 62 63 64 65 66 67 68 69 70 71 72 73 74 75 77 79 80 82 83 84 85 86 87 90 91 92 93 94 96 97 98 101 104 105 106 109 110 111 113 115 117 119 120 121 122 123 126 127 129 131 132 133 134 136 139 141 142 143 144 145 146 147 148 149 150 151 155 157 158 159 160 161 162 163 165 166 168 169 170 172 174 176 177 179 181 182 183 185 190 191 194 196 197 198 199 200 201 204 205 206 207 210 211 213 214 215 216 217 220 222 223 225 226 227 228 229 230 231 234 235 236 237 238 239 240 242 243 247 248 252 254 255 256 257 260 261 262 263 264 265 268 269 270 271 272 273 276 277 278 280 283 284 287 288 290 291 292 294 295 297 298 299 841 1089 1175 
176: 0 1 2 3 4 6 7 8 11 12 13 14 15 16 17 18 19 20 22 23 24 25 29 30 31 32 33 34 36 37 39 40 41 42 43 44 45 46 47 48 50 51 54 56 57 58 59 60 61 62 63 64 65 66 67 69 71 72 74 76 77 78 79 80 81 82 83 84 85 86 87 88 90 91 93 94 96 97 98 100 102 103 105 106 107 108 111 112 113 115 116 117 118 119 120 122 123 125 127 128 129 130 131 132 134 135 136 138 139 140 141 142 143 144 146 147 148 149 151 152 153 154 155 156 158 159 160 161 162 164 165 166 167 169 170 172 173 175 177 179 181 183 184 185 186 188 189 190 191 192 195 196 197 198 199 200 201 202 203 206 207 208 209 210 211 212 213 214 215 216 217 218 221 222 225 226 227 228 229 230 232 233 234 237 238 239 240 242 243 245 247 248 250 251 252 253 255 256 258 260 261 262 263 267 268 270 271 272 273 274 276 277 279 281 282 284 286 287 288 289 290 291 293 294 295 296 297 298 299 831 1076 
177: 0 1 2 3 5 6 8 10 11 12 13 14 15 16 19 20 21 23 24 25 28 29 30 31 32 34 35 37 40 42 43 44 47 48 49 52 53 55 56 57 58 59 60 61 63 64 66 67 69 70 71 72 73 74 75 76 77 78 79 80 81 82 83 84 85 86 87 88 89 90 92 93 94 95 96 97 99 100 101 103 104 105 107 108 109 110 111 112 113 114 115 116 117 118 119 120 122 124 125 127 128 130 131 132 133 134 135 138 139 141 142 143 145 146 148 149 150 151 153 155 158 159 160 161 162 164 165 166 167 169 170 171 172 173 174 175 176 178 179 180 182 183 184 185 186 187 191 193 194 195 198 201 202 203 204 205 207 209 210 211 212 213 214 216 218 219 221 222 224 226 227 228 229 230 231 232 234 236 237 238 239 240 243 246 248 250 251 252 253 254 256 257 260 261 262 263 264 265 267 268 269 270 271 272 273 275 276 277 278 279 280 281 282 283 285 287 289 290 291 293 294 295 296 297 298 299 1179 
178: 0 2 3 4 5 6 9 10 11 12 13 16 19 20 21 22 23 24 25 27 28 29 30 31 32 34 35 36 37 38 39 40 41 43 44 45 46 48 49 50 51 52 53 55 57 58 59 60 63 64 65 67 68 69 71 73 74 75 76 77 78 80 82 83 85 86 87 88 94 95 96 97 99 100 103 104 105 107 108 109 110 111 115 116 117 120 121 122 123 124 125 127 128 129 130 131 133 134 135 136 137 138 142 145 147 148 150 151 153 154 156 159 160 161 162 164 166 167 168 169 170 171 172 174 177 179 180 181 182 183 184 185 186 188 191 192 194 195 198 199 200 201 203 204 205 206 207 208 209 210 211 212 214 215 217 218 220 222 223 224 225 227 228 230 231 232 233 234 235 237 238 239 240 242 243 244 245 246 250 252 254 256 257 258 260 261 264 265 266 267 269 270 271 273 274 275 276 278 280 281 282 283 285 286 287 288 289 292 293 294 295 296 298 299 
179: 0 1 2 3 4 5 6 9 11 12 13 15 17 19 20 21 22 23 25 26 27 28 29 30 31 32 33 34 36 37 38 45 50 51 52 54 56 57 59 60 61 62 63 64 67 68 69 70 71 72 74 75 76 77 78 79 80 81 82 83 84 86 87 88 90 93 94 95 96 98 99 100 101 102 104 105 107 108 110 111 112 113 114 119 120 122 125 126 127 128 129 130 131 132 133 134 135 137 138 139 140 143 144 146 147 149 152 153 154 155 156 157 158 159 160 163 164 165 167 168 170 173 174 175 176 177 178 180 181 182 183 184 187 188 190 191 192 193 194 197 198 199 200 201 202 204 206 207 208 209 210 211 212 213 217 218 219 220 221 222 223 226 228 229 231 233 234 236 237 240 241 242 243 244 247 249 250 251 252 253 255 256 257 258 259 260 261 262 263 264 268 269 270 272 274 275 277 278 279 281 282 283 285 286 287 288 289 290 291 292 294 295 296 297 299 1065 1166 
180: 0 2 3 5 6 7 8 9 10 12 14 15 16 17 18 19 20 21 23 24 25 26 27 29 30 31 32 33 34 35 36 38 40 42 43 44 45 46 47 48 50 51 52 53 56 57 58 59 60 61 63 66 67 68 71 72 73 75 76 77 78 80 82 83 84 85 86 87 88 89 90 91 92 93 95 96 97 98 100 102 103 104 105 106 107 109 110 112 115 116 117 118 119 121 123 124 125 127 128 129 131 132 135 137 138 139 141 143 144 145 146 147 148 149 150 151 153 154 157 158 160 161 166 167 168 169 170 171 172 173 174 177 178 179 184 185 186 188 189 190 191 192 195 198 199 200 201 202 203 205 206 207 208 210 211 212 213 214 215 216 217 218 219 220 222 224 226 227 228 229 230 232 234 235 236 238 239 241 242 243 244 245 246 249 250 251 252 253 255 256 257 258 259 261 263 264 265 266 267 268 269 270 271 272 273 276 278 279 280 284 285 286 288 289 292 293 294 295 296 1092 
181: 1 2 3 4 5 6 7 9 10 11 12 13 15 18 19 21 22 24 25 26 27 29 30 33 34 37 38 39 42 43 44 45 46 47 49 51 53 54 56 61 62 63 64 65 66 67 69 70 71 72 73 74 75 76 77 78 79 80 82 84 85 86 87 89 90 91 92 94 99 100 102 103 104 105 106 107 108 109 110 111 112 113 114 116 117 118 119 120 121 122 123 124 125 128 129 130 131 132 133 134 135 138 140 141 144 145 146 147 148 149 152 153 154 155 156 158 160 161 162 163 166 169 172 173 174 175 176 178 179 182 185 186 187 188 189 192 193 195 198 199 201 206 207 208 209 210 211 212 213 216 217 218 219 220 221 222 224 225 226 227 228 229 230 231 232 234 235 237 240 242 243 244 245 246 247 248 251 252 255 256 257 259 260 261 262 263 264 265 266 268 271 272 274 275 276 277 278 279 280 281 283 285 286 287 288 289 292 293 295 296 298 299 1172 
182: 1 2 3 4 5 6 7 9 10 12 13 15 16 17 18 19 20 21 22 23 26 27 28 30 34 38 39 40 41 42 43 44 45 46 50 51 52 53 54 55 58 59 63 65 67 68 69 70 76 77 80 81 82 83 84 85 87 88 89 90 91 92 93 95 96 97 99 100 101 102 103 104 105 106 107 109 110 112 113 114 115 118 120 122 123 125 126 128 130 131 132 133 134 135 136 137 138 139 140 141 142 143 144 145 147 148 150 151 152 153 154 156 157 158 159 161 162 164 166 168 170 171 172 173 175 177 178 179 181 183 184 185 186 187 188 189 190 191 192 193 194 195 196 197 198 200 201 204 205 206 208 209 210 211 212 215 216 217 219 220 221 222 223 224 225 226 227 228 229 231 232 235 236 237 240 242 243 244 245 246 247 248 249 250 252 253 255 256 260 261 262 263 264 265 267 268 269 270 272 273 275 277 278 279 280 281 283 284 286 287 288 289 290 291 292 293 294 295 296 297 298 299 
183: 0 2 3 4 5 6 7 8 9 10 13 14 15 17 18 19 20 21 23 24 25 26 27 29 30 32 33 34 35 36 37 38 39 40 41 43 44 45 46 47 48 49 50 52 53 54 55 57 61 62 65 66 67 69 71 74 75 78 79 80 81 87 89 91 92 93 94 96 97 100 101 103 104 105 106 108 110 112 113 115 116 117 119 120 121 122 124 125 126 127 128 129 130 131 133 135 137 139 140 141 142 143 144 145 148 149 150 151 153 154 158 159 160 161 163 164 165 166 168 170 173 175 176 177 178 179 182 184 185 186 189 190 191 193 194 195 196 197 201 202 203 204 205 207 208 209 210 214 215 216 217 219 220 222 223 224 225 226 227 229 230 231 233 234 235 236 237 238 239 240 241 243 245 249 250 252 253 254 255 256 257 259 260 261 262 263 264 265 266 268 269 273 275 276 277 278 279 280 281 285 286 287 288 289 290 291 295 297 298 299 1073 1173 
184: 0 1 2 4 5 6 8 9 10 11 12 15 16 17 18 19 21 23 24 25 27 28 30 32 33 34 35 36 37 39 40 41 42 44 45 47 48 49 51 52 53 54 55 57 59 60 62 63 65 67 68 70 71 72 73 75 76 77 78 79 80 81 82 84 86 87 88 89 90 92 93 94 95 96 98 99 101 102 103 104 105 106 107 108 109 110 111 112 113 114 115 116 119 120 121 122 124 125 126 128 129 131 132 133 134 135 136 137 138 139 142 143 144 145 146 148 149 151 152 153 154 155 157 158 159 160 161 162 163 164 167 168 172 174 176 177 178 179 180 182 183 186 187 188 189 190 191 193 194 196 197 198 200 201 203 204 208 209 210 211 213 215 216 218 219 221 222 226 227 228 230 231 233 235 236 237 238 239 240 241 242 243 244 245 247 248 249 251 252 253 254 255 258 260 261 263 264 266 267 269 271 273 274 276 279 280 281 282 283 286 287 288 289 290 291 292 293 294 295 296 297 298 299 
185: 0 1 2 3 4 7 8 9 12 13 14 15 16 17 19 23 24 25 26 27 28 29 30 31 32 33 34 35 36 37 38 41 42 43 44 46 48 49 50 51 55 57 58 60 61 62 64 65 66 67 69 70 73 74 75 77 80 81 83 84 87 88 89 90 91 92 93 94 95 96 98 99 100 101 102 103 104 105 106 107 108 109 110 112 114 116 118 119 120 122 123 125 127 129 130 131 132 134 135 137 138 139 140 141 143 144 145 148 149 151 152 154 155 156 158 159 160 161 162 163 164 168 169 170 172 173 174 175 176 177 178 180 181 182 183 186 187 188 189 190 191 193 194 195 196 198 199 203 204 205 206 207 208 210 211 212 214 216 217 218 219 221 223 224 225 226 227 228 229 230 231 232 233 234 236 237 238 239 241 242 246 247 249 250 251 252 253 255 256 257 258 259 261 262 264 265 268 269 270 271 273 274 275 277 278 280 281 283 286 288 289 290 291 292 293 295 296 297 299 810 
186: 2 4 5 6 7 8 9 10 12 13 16 17 19 20 21 24 25 26 27 28 29 30 31 32 33 35 36 37 38 40 41 42 43 45 46 47 48 50 51 52 53 54 55 57 58 59 60 62 64 67 70 73 75 76 77 78 79 80 81 82 83 84 85 86 87 88 91 92 95 97 98 99 100 102 103 104 105 106 107 108 109 110 112 113 114 115 117 118 119 121 122 124 126 127 128 129 130 131 132 133 134 135 136 137 138 139 142 143 144 145 147 148 150 151 152 153 154 155 156 159 161 162 163 164 165 166 167 168 169 170 171 172 173 174 176 177 178 180 181 182 183 184 185 187 188 189 190 191 193 194 195 197 199 200 202 203 204 207 208 209 210 212 213 214 215 219 220 221 224 225 227 229 230 231 232 233 235 236 237 238 239 240 241 243 245 247 248 249 250 251 252 254 258 259 260 261 262 263 264 266 267 269 271 272 273 274 275 276 277 278 279 282 283 284 285 286 287 288 289 290 291 292 293 297 299 790 820 
187: 0 1 3 4 5 6 7 9 11 12 13 14 15 16 17 18 20 21 22 23 24 25 26 27 30 31 32 33 34 35 37 39 40 43 44 48 49 52 53 54 57 58 59 60 61 62 63 64 65 67 68 69 71 72 73 74 75 76 77 78 79 81 82 83 84 86 87 88 90 92 93 96 97 100 101 102 104 105 106 108 110 112 113 114 115 116 118 119 121 122 124 125 127 128 129 131 132 133 134 135 136 137 142 143 145 146 147 148 150 151 152 153 157 158 159 160 162 163 164 165 166 167 168 171 173 174 177 179 181 182 184 185 186 188 189 190 195 198 199 201 203 207 208 209 210 212 213 214 215 216 217 218 219 220 221 227 228 229 230 231 232 233 236 238 239 240 241 242 244 246 247 248 250 251 252 253 254 256 257 258 259 260 261 262 263 264 265 266 267 268 269 270 271 272 274 275 277 279 281 282 283 284 285 286 287 288 290 291 292 293 295 297 298 833 1168 1176 
188: 1 3 4 6 10 12 13 14 15 16 17 18 19 21 23 24 25 26 27 28 29 32 33 35 36 37 38 39 40 41 42 43 44 45 46 47 48 49 51 55 56 57 58 59 60 61 63 64 65 66 67 68 69 70 71 72 73 77 79 82 85 86 87 89 92 94 95 96 97 99 100 101 103 106 108 109 110 111 112 113 114 115 116 119 121 124 125 128 131 133 134 135 136 137 138 140 141 142 143 144 146 148 151 153 154 155 156 158 159 161 162 163 164 165 168 169 173 174 176 178 179 180 181 182 184 185 186 187 189 190 192 193 195 196 197 198 199 200 201 204 206 209 210 211 212 214 215 216 217 218 219 221 226 228 229 230 231 233 234 235 236 238 240 241 242 243 244 246 248 249 250 251 252 253 255 256 257 259 260 261 262 263 265 266 268 269 270 272 274 275 276 277 278 279 280 281 283 285 287 289 290 291 292 293 294 295 296 297 298 299 
189: 0 1 3 4 5 6 8 9 10 11 12 13 14 15 17 18 19 20 22 24 28 29 30 31 32 33 34 36 37 38 39 40 41 42 44 45 46 47 48 49 50 51 52 53 54 55 56 57 59 60 61 62 63 64 65 66 67 68 69 70 71 72 73 74 75 77 79 80 81 82 83 84 86 90 91 92 93 94 95 96 97 98 99 100 101 102 103 104 105 106 107 108 109 111 112 113 114 115 117 118 121 122 123 124 125 126 127 128 129 131 133 134 135 136 137 139 140 141 142 143 145 146 147 148 149 150 151 153 154 156 157 158 159 160 161 162 163 164 165 166 168 169 170 172 173 176 180 181 182 183 184 185 186 187 188 193 194 195 196 197 198 200 202 204 205 206 208 209 210 211 212 214 216 217 218 220 224 225 226 227 228 229 232 233 234 235 236 237 238 239 240 241 242 243 244 245 249 250 252 253 254 255 256 257 258 260 262 264 265 266 267 268 270 272 273 274 276 277 279 282 285 286 287 288 289 290 291 292 293 294 295 297 797 830 1074 
190: 0 1 2 5 6 7 10 11 12 13 16 17 18 19 20 22 23 24 25 26 27 29 30 31 32 33 34 35 36 38 40 42 43 45 48 50 52 53 54 55 56 58 59 60 61 62 63 64 65 66 68 70 71 72 73 74 75 76 77 78 80 81 82 85 86 88 89 92 93 95 96 97 98 99 101 102 103 105 106 107 108 110 111 112 113 114 116 117 118 119 120 122 123 124 125 127 128 130 131 134 135 136 138 139 141 142 143 144 145 147 148 151 153 154 156 157 158 159 160 162 165 167 172 173 174 175 176 179 180 182 183 184 185 186 187 188 193 194 195 197 198 200 202 204 205 207 212 213 214 215 219 221 223 224 226 227 229 230 232 233 234 235 236 237 238 239 240 241 242 244 245 246 247 248 249 250 251 253 255 256 257 258 259 260 261 262 264 265 266 268 269 271 272 273 274 276 278 279 280 281 282 283 288 289 290 291 292 293 295 296 299 1178 
191: 0 1 2 4 5 6 8 9 10 12 13 14 15 16 17 18 19 20 23 24 25 27 28 29 30 31 33 35 37 38 39 40 41 42 43 44 46 47 48 49 51 53 54 55 56 57 58 59 62 66 67 68 69 73 76 77 80 82 84 86 87 89 90 91 92 93 94 98 99 100 101 102 103 104 105 106 107 108 109 110 112 117 118 121 122 123 124 125 126 127 128 130 131 133 134 135 136 137 139 140 141 142 143 145 148 150 152 153 154 155 157 158 159 160 161 162 164 165 167 169 170 171 172 173 174 175 176 177 178 179 180 182 183 184 185 186 192 193 195 196 198 200 201 203 204 205 206 207 209 210 212 214 215 216 218 219 220 221 223 225 226 227 229 230 231 232 234 236 237 238 239 240 241 242 243 244 247 248 249 250 251 254 255 258 259 260 261 263 264 265 267 271 274 275 276 279 280 282 283 284 286 287 288 289 290 291 292 293 294 295 297 298 299 1085 
192: 0 3 4 5 6 8 9 10 11 12 13 14 15 16 17 18 19 20 21 22 24 25 26 27 29 30 31 33 37 39 40 41 42 44 45 47 48 49 50 51 52 53 54 55 56 57 59 60 61 64 67 68 69 70 71 72 74 75 76 77 78 79 80 82 83 84 86 89 90 91 93 94 95 96 98 99 101 102 103 104 105 106 107 108 109 110 112 113 115 116 117 118 119 120 122 123 124 125 126 127 128 129 131 132 134 136 137 138 139 140 141 143 144 145 146 148 149 151 153 154 155 156 157 158 159 161 162 163 164 166 169 171 172 173 176 178 179 180 181 182 188 191 194 195 196 197 198 200 201 202 204 205 206 207 208 209 210 213 214 215 217 218 222 223 224 227 228 229 230 231 232 233 234 238 239 240 241 242 243 245 248 251 252 253 255 259 260 264 265 266 267 268 269 270 271 272 273 275 276 277 278 279 280 281 283 284 285 288 290 291 293 294 295 296 298 831 
193: 0 1 2 3 4 5 7 8 9 10 11 12 13 14 15 16 17 18 19 20 21 23 24 25 27 28 29 30 31 34 35 36 38 39 40 42 43 44 46 47 48 49 50 51 52 53 56 57 58 59 62 63 64 65 67 68 69 71 72 73 74 75 76 77 78 80 81 82 83 84 85 86 89 90 91 92 93 95 96 97 100 101 102 103 104 106 107 108 110 112 116 117 118 119 120 121 123 124 125 128 130 131 133 134 135 137 138 139 140 141 142 143 144 145 146 147 148 150 151 152 153 154 155 156 157 159 160 161 162 163 164 167 169 171 172 173 174 177 179 181 182 183 184 185 186 188 189 190 191 195 197 198 199 200 201 202 203 205 206 207 208 209 210 211 212 213 214 216 217 218 220 221 222 223 224 227 228 230 231 232 233 234 235 237 238 240 241 242 243 244 247 248 249 250 253 254 255 258 259 260 261 262 263 264 267 268 269 271 272 273 275 279 280 281 282 283 284 285 286 287 288 289 290 291 292 293 294 295 296 297 298 299 
194: 1 2 3 5 6 7 8 9 10 11 12 14 15 16 18 19 21 22 24 25 26 27 29 30 31 32 33 34 37 38 40 41 42 43 46 47 48 49 50 51 52 53 54 55 56 58 60 62 63 64 65 66 68 70 73 74 77 79 80 81 83 86 87 88 89 90 92 93 94 95 96 97 98 99 101 102 103 104 105 106 107 108 109 110 112 113 116 118 119 120 121 123 124 126 128 129 131 133 134 136 137 138 141 142 143 144 145 146 147 148 149 150 151 152 154 155 156 157 158 159 160 161 162 163 164 165 166 167 171 172 173 174 175 177 178 179 182 183 184 185 186 189 190 192 196 199 200 201 202 204 209 210 211 212 214 215 216 218 219 220 221 222 223 224 225 227 228 229 230 232 233 234 237 238 239 240 242 243 244 245 246 247 248 249 250 251 252 253 254 255 256 258 260 261 263 264 265 270 271 272 273 275 276 278 280 282 284 285 286 289 290 291 292 293 294 295 296 298 299 843 1087 1179 
195: 0 1 2 3 4 8 9 10 12 13 19 20 21 22 23 26 27 28 30 31 32 33 34 35 36 38 39 42 43 44 47 49 50 51 52 53 54 55 56 57 58 59 61 62 63 64 65 66 69 70 71 72 73 74 75 76 80 81 82 83 84 85 86 87 90 91 92 93 94 96 97 98 99 100 101 102 107 110 111 112 113 115 117 119 120 121 125 126 127 130 132 135 137 138 139 140 141 143 144 145 146 147 148 149 150 151 155 157 158 159 160 162 164 165 166 167 168 170 171 172 173 174 176 177 178 180 181 182 183 185 186 187 188 189 190 191 192 193 196 197 198 199 201 202 204 205 210 212 213 215 216 217 218 220 222 223 225 226 227 228 229 230 231 232 234 235 236 237 238 239 240 241 242 243 244 247 248 250 251 252 255 256 259 260 261 262 263 264 265 266 267 268 270 273 276 277 278 279 280 281 282 283 284 286 287 288 289 290 292 295 296 297 298 299 1109 
196: 0 1 3 4 8 9 10 13 14 15 17 18 19 20 21 23 24 25 26 27 29 30 31 32 34 35 36 37 38 40 41 43 44 45 46 47 48 49 50 54 55 56 57 58 59 63 67 68 69 70 71 73 74 75 76 78 82 83 84 85 87 88 89 90 91 92 93 94 95 96 97 98 99 100 101 102 103 104 105 107 111 112 113 114 116 117 119 123 124 125 127 128 131 132 133 134 138 140 141 142 143 144 145 147 148 152 153 154 155 156 157 158 160 161 162 163 166 167 169 170 171 172 173 174 175 176 182 183 184 185 188 189 191 192 194 195 197 198 199 201 203 204 205 208 210 211 213 214 215 216 217 219 220 221 222 223 224 225 226 227 228 229 230 231 232 233 234 235 236 237 238 240 242 243 244 245 247 248 249 250 251 252 254 255 256 258 259 262 263 267 270 271 273 274 275 276 277 279 280 282 283 284 286 287 288 289 291 294 296 298 299 815 826 1172 
197: 0 1 2 3 5 6 7 8 10 12 13 14 15 16 17 18 19 20 21 22 23 25 26 27 29 30 31 32 35 36 37 38 39 41 42 44 47 48 49 50 51 52 55 56 58 59 60 61 62 65 66 69 70 72 73 74 75 76 77 81 84 85 87 89 90 91 92 94 95 96 97 99 100 102 103 104 105 106 107 108 109 110 114 115 117 118 122 123 124 125 126 127 128 129 131 132 133 134 135 136 137 138 139 141 142 143 144 145 146 149 150 151 155 157 158 159 160 161 163 164 165 166 168 169 171 173 174 175 176 179 182 183 184 186 188 189 190 192 193 195 196 199 200 201 203 204 206 208 209 210 211 214 215 216 217 218 219 220 221 222 223 224 226 228 229 230 231 233 234 235 236 237 239 240 241 242 244 245 246 247 248 250 251 252 253 254 255 256 257 258 259 260 261 262 263 264 266 267 268 269 270 272 273 274 276 277 278 279 280 281 282 286 287 288 290 295 297 299 
198: 0 2 4 6 8 10 11 13 14 15 17 19 20 21 22 23 24 25 26 27 29 30 31 33 34 35 36 37 38 39 40 41 43 45 47 48 49 50 52 54 55 56 57 58 59 60 63 65 67 68 70 73 74 75 76 77 78 79 80 83 85 86 88 89 90 92 93 95 96 97 99 100 101 103 104 105 106 107 108 110 113 114 116 117 120 121 122 123 124 126 127 128 132 133 135 136 139 140 142 143 144 145 147 149 150 156 158 160 161 162 163 164 165 166 169 171 172 173 174 175 176 177 178 179 180 181 182 184 185 187 188 189 190 191 192 193 195 196 199 200 201 205 207 208 210 211 213 214 215 216 220 221 222 223 224 225 226 227 228 229 230 231 232 233 234 235 237 239 240 241 242 243 244 245 246 250 251 252 253 256 258 261 263 264 265 266 267 269 270 271 273 274 276 277 278 280 283 284 285 286 287 288 289 290 291 293 294 296 298 299 845 1164 
199: 0 1 3 4 5 6 7 8 12 14 15 16 18 19 24 26 28 29 30 31 32 33 34 35 36 37 38 39 41 42 45 46 47 48 50 51 52 53 56 57 58 59 60 61 65 67 68 69 71 72 73 74 76 77 81 82 83 84 85 86 87 88 89 90 92 93 96 97 98 100 101 102 103 105 107 108 110 114 115 116 118 119 122 123 124 125 127 128 129 130 132 136 137 139 140 141 142 144 145 146 147 148 149 150 151 152 153 156 157 158 159 160 161 162 164 166 167 168 169 172 173 174 175 176 178 179 180 181 185 186 187 188 193 194 195 196 197 198 200 202 203 204 205 206 207 208 210 211 212 213 215 216 217 218 219 222 224 227 228 229 230 231 232 233 234 235 236 239 240 241 242 243 245 246 247 248 249 250 252 254 255 257 258 259 260 261 262 263 266 267 268 269 271 274 275 276 279 280 282 283 286 287 289 290 291 292 293 294 295 296 298 299 838 848 
200: 0 1 2 3 4 5 9 10 11 12 13 15 16 17 18 19 20 22 23 26 27 28 29 30 32 34 36 37 39 43 45 46 47 49 50 51 53 54 55 56 57 59 60 61 63 64 65 67 69 70 72 73 75 76 77 78 80 82 83 84 85 86 87 89 90 91 92 93 94 96 97 99 100 101 103 104 106 107 108 109 110 112 113 114 115 116 117 119 121 122 123 128 129 130 131 132 134 135 136 137 138 139 140 141 143 144 145 147 148 149 150 151 155 157 158 159 160 161 162 164 167 169 171 174 175 176 178 179 180 182 184 186 188 189 190 191 192 193 194 197 198 199 202 203 205 207 208 209 210 212 213 214 215 216 217 218 220 222 224 226 227 228 229 230 232 233 234 235 237 238 239 242 245 247 248 249 250 251 253 255 256 257 258 259 260 261 262 263 265 266 267 268 270 271 273 275 276 277 279 280 281 282 286 288 289 290 291 292 293 296 298 809 1109 
201: 0 2 3 4 8 11 12 13 14 16 17 18 19 20 21 22 23 24 25 26 27 28 29 30 33 35 36 37 39 40 43 44 46 47 50 52 53 56 58 60 61 63 64 68 69 71 73 74 75 78 79 80 81 82 83 84 88 89 91 92 94 95 96 100 101 102 103 104 105 106 107 108 109 110 111 112 113 114 116 117 118 119 120 121 122 123 125 126 127 128 129 131 132 138 139 140 142 143 144 146 147 148 149 150 151 152 153 155 156 157 158 162 165 166 167 168 169 170 173 174 175 176 177 178 179 180 181 182 183 184 187 188 191 192 193 194 195 196 197 198 202 203 204 206 207 209 210 211 212 213 214 215 216 217 218 220 224 226 227 228 229 230 231 234 235 236 237 238 240 241 242 243 244 245 246 247 248 249 250 251 252 255 256 257 258 261 262 264 265 266 267 268 269 270 271 273 274 276 277 279 280 281 282 284 286 288 289 290 294 295 298 299 1152 
202: 0 2 3 4 6 7 8 9 10 11 13 14 15 16 17 19 20 21 22 23 24 25 26 27 28 29 31 34 35 36 37 38 39 40 41 42 43 44 47 48 49 55 56 57 64 66 67 68 71 74 76 78 79 81 82 83 84 86 88 90 91 92 93 94 95 96 97 99 100 101 102 103 104 105 106 107 108 110 111 112 113 114 115 116 119 120 121 122 123 124 125 128 129 130 131 132 134 135 136 139 141 142 143 144 146 147 149 153 155 156 157 159 161 163 164 165 166 167 169 170 171 174 176 177 179 180 183 186 189 190 192 193 194 195 199 200 201 203 204 206 207 209 210 211 212 213 214 215 216 217 219 220 221 222 223 225 227 228 229 231 233 234 235 236 237 238 239 241 242 243 244 245 246 248 249 250 252 256 257 259 260 261 262 263 264 265 266 267 268 269 271 272 273 275 276 278 280 281 282 283 285 286 287 288 289 290 291 292 293 294 297 298 805 1078 1163 
203: 1 2 3 4 6 9 11 12 13 15 16 17 18 19 21 22 23 24 26 27 28 29 32 33 35 36 38 40 42 43 45 46 48 49 51 54 55 56 57 58 60 61 62 63 64 65 66 67 68 72 74 75 76 77 78 79 80 82 84 85 86 87 89 90 91 92 94 95 96 97 98 101 102 105 107 109 111 112 113 114 115 118 119 120 121 123 124 125 127 130 132 133 135 138 139 140 141 143 144 145 147 148 149 150 151 153 155 157 159 161 165 167 169 170 171 172 173 174 176 177 178 180 183 184 185 186 187 191 193 196 197 199 200 201 202 205 206 208 209 210 211 212 213 214 215 216 217 219 220 222 223 224 225 226 229 231 232 234 235 236 237 241 243 244 247 248 249 250 251 252 253 254 255 256 258 260 263 265 266 267 268 269 270 271 272 273 274 275 276 277 278 280 284 285 286 291 292 294 295 297 298 
204: 0 2 4 5 6 7 8 9 12 13 14 15 16 17 18 19 20 21 22 23 24 25 27 28 30 32 33 34 35 36 37 38 39 40 41 42 46 47 48 49 50 51 52 54 55 56 58 59 60 61 62 66 67 68 69 70 72 73 74 75 76 77 79 80 81 82 83 85 92 93 94 95 97 98 99 100 101 103 104 105 107 109 110 111 112 113 114 115 116 117 118 119 120 121 122 123 124 125 126 128 130 132 133 134 135 136 137 138 139 141 142 143 144 146 147 148 149 151 152 153 154 155 156 158 159 161 162 163 166 167 169 170 172 173 174 175 177 178 179 182 183 184 185 186 188 189 190 191 192 194 195 196 197 199 201 202 207 208 209 210 211 212 213 214 215 218 219 220 221 222 225 228 230 231 232 234 235 236 237 238 240 243 245 246 247 248 249 252 253 254 255 257 258 259 260 261 262 263 265 266 267 269 270 271 272 273 276 277 278 279 280 281 282 284 286 287 288 289 290 291 292 293 294 296 298 299 804 826 1177 
205: 0 1 5 6 7 10 11 12 14 16 17 20 21 23 25 26 27 28 29 31 33 35 36 37 38 39 40 41 42 43 47 49 51 52 53 54 56 57 58 59 62 63 65 67 68 71 73 74 75 76 77 78 80 81 82 87 88 89 91 92 94 95 96 97 99 100 101 102 103 104 105 106 107 108 109 112 113 114 117 118 119 120 121 122 123 124 126 127 128 129 130 132 133 136 137 138 139 141 143 146 147 148 153 154 155 156 158 159 160 161 163 164 165 166 168 171 172 174 175 177 178 180 182 183 185 189 190 191 192 193 195 196 198 199 200 203 206 207 208 210 211 213 215 216 217 218 219 221 222 223 224 225 229 230 232 233 234 235 238 239 240 241 242 243 245 246 247 249 250 251 252 253 254 256 257 259 262 263 264 266 267 268 272 273 274 275 278 279 280 281 282 283 284 285 286 288 289 290 292 293 294 295 296 297 298 845 1172 
206: 0 1 2 6 7 8 9 10 11 12 13 15 16 17 19 20 23 24 28 29 30 31 33 35 36 37 38 41 43 45 46 47 48 49 50 51 52 53 54 55 56 57 58 60 61 62 63 64 66 67 69 71 72 74 76 77 78 81 82 83 84 85 86 87 88 89 90 91 92 93 94 95 96 97 98 101 102 103 104 105 106 108 109 110 111 112 113 115 116 117 119 121 122 123 124 127 128 129 130 132 133 135 136 137 139 143 144 145 146 147 148 152 153 154 155 156 157 158 160 161 162 163 165 166 167 168 169 170 171 173 174 175 176 178 179 180 181 182 185 188 189 191 192 193 197 199 201 202 203 205 207 208 209 211 213 214 215 216 220 221 222 223 224 225 226 227 228 229 230 231 233 236 237 239 241 242 243 244 246 247 248 250 251 252 253 254 255 256 257 258 259 260 261 262 263 264 266 267 268 269 270 271 273 274 275 276 277 278 279 281 282 283 284 286 287 289 291 292 293 296 297 298 826 827 
207: 0 1 3 4 5 6 7 8 9 11 12 15 16 17 18 19 21 23 24 25 26 29 30 32 34 37 39 40 41 42 47 48 50 51 52 53 54 55 57 58 61 64 66 67 68 69 70 72 75 77 78 79 80 81 82 84 85 86 88 89 91 92 93 95 96 97 98 100 103 104 105 106 107 109 111 113 114 116 117 118 119 120 121 122 123 124 125 126 127 128 129 130 131 132 133 134 135 136 138 139 141 142 143 144 146 147 148 150 151 152 153 155 157 158 159 161 162 163 164 166 167 168 169 170 171 172 173 174 175 176 177 178 179 180 181 183 185 186 187 190 191 192 193 198 199 200 201 202 204 205 206 208 210 211 212 213 214 215 216 217 219 221 222 223 224 226 227 228 229 230 232 233 234 236 237 238 239 240 241 242 244 245 246 247 248 249 250 252 254 255 256 257 259 260 266 267 268 269 271 272 273 274 276 278 279 281 282 283 284 286 287 288 289 290 291 292 293 294 295 296 297 298 299 
208: 0 1 2 3 4 5 6 7 8 9 10 12 13 18 19 20 21 22 23 24 25 26 28 29 30 31 32 33 34 35 38 40 41 43 44 45 46 47 48 49 52 53 55 56 57 58 59 60 63 64 65 66 67 68 69 72 76 77 79 80 81 83 84 85 87 89 91 93 95 98 99 100 102 103 104 105 106 107 108 109 111 112 114 115 116 117 119 120 121 122 123 124 130 131 132 133 134 135 136 137 138 139 140 141 142 144 146 147 148 151 152 153 154 155 156 157 158 159 162 164 165 167 168 169 171 172 173 174 176 178 179 180 181 182 183 184 185 186 187 189 192 193 196 197 198 199 200 203 204 205 206 207 209 210 211 213 214 216 217 219 220 221 222 225 227 228 230 231 232 233 235 236 237 238 239 241 242 243 244 245 246 248 249 251 252 253 254 255 256 258 259 260 261 263 264 265 266 268 269 270 272 273 274 275 276 277 279 280 281 283 286 288 289 291 292 293 294 295 296 298 299 
209: 3 4 5 6 7 8 9 10 12 14 15 16 17 18 19 20 21 22 23 24 26 27 31 33 34 36 37 38 39 40 42 44 45 46 47 48 49 50 51 52 53 54 55 56 57 58 61 62 65 69 70 71 74 76 77 78 79 80 82 83 84 86 87 88 94 95 96 97 100 101 102 103 104 105 106 108 109 110 111 113 114 115 116 118 121 122 123 124 125 126 128 129 131 132 133 134 136 138 139 140 141 142 144 145 146 147 148 150 151 155 156 157 158 159 160 161 162 163 164 166 169 170 171 172 173 174 176 177 178 179 181 182 183 184 186 187 188 189 191 192 193 194 197 200 201 202 203 204 206 208 210 212 213 214 216 217 218 220 221 222 223 224 225 226 227 228 229 230 231 232 233 234 235 238 240 241 243 246 247 248 249 250 251 255 256 257 259 260 261 263 264 265 266 269 270 271 272 273 281 283 284 285 286 287 288 290 291 292 294 295 296 297 298 1069 1108 
210: 0 1 2 3 4 7 8 9 10 11 13 14 16 18 20 22 23 25 26 28 31 32 33 34 35 36 37 39 40 41 42 43 46 47 48 49 52 53 54 55 56 58 59 63 64 65 66 68 72 73 74 75 77 78 79 80 81 82 84 85 87 88 90 91 92 93 94 95 97 98 99 100 101 102 103 104 105 106 107 108 111 112 113 114 115 116 117 118 119 120 121 122 124 125 126 127 128 129 131 132 133 135 136 137 138 139 141 142 144 145 146 147 149 150 152 153 154 155 156 157 158 160 161 162 163 164 166 167 168 170 171 172 175 176 177 178 179 180 181 182 183 184 185 186 187 188 189 191 192 193 194 195 196 197 198 199 200 201 202 203 204 205 207 208 209 211 212 214 215 216 217 218 219 220 221 222 223 225 226 227 228 229 230 232 233 234 235 236 237 238 240 241 244 246 247 248 249 250 251 253 255 256 257 258 261 263 264 266 267 268 269 270 271 272 273 274 276 277 279 280 281 282 283 284 285 286 288 290 291 292 294 296 297 298 
211: 1 3 4 6 8 9 12 13 14 15 16 17 18 20 21 23 24 25 27 28 31 32 33 35 37 38 39 40 41 42 43 47 48 49 50 53 55 57 59 60 61 63 65 66 67 69 70 72 73 74 76 77 78 80 81 83 86 90 91 92 94 95 96 99 100 103 104 105 108 109 110 112 113 117 119 120 121 122 123 124 125 126 128 130 132 133 134 135 136 137 139 140 141 143 146 150 151 152 154 155 156 157 162 163 164 166 167 168 169 170 171 172 173 174 175 176 177 178 179 180 181 182 184 185 188 189 193 194 196 197 198 199 201 202 203 204 205 206 207 208 210 212 214 215 216 218 219 220 221 224 225 226 227 228 229 230 232 235 236 237 239 240 241 242 243 244 246 248 249 250 252 253 254 256 257 258 261 262 263 265 266 267 269 271 272 273 275 276 277 279 280 281 282 284 285 286 287 288 289 292 293 295 296 297 299 791 811 
212: 1 2 3 5 6 7 9 11 12 13 14 15 16 17 18 19 21 23 26 27 28 29 30 31 32 33 34 38 39 40 41 44 45 46 47 49 50 52 54 55 56 57 58 59 60 61 63 66 67 68 69 72 73 74 75 76 79 81 83 84 86 87 88 89 90 91 92 93 95 96 97 98 100 101 102 105 106 107 108 110 111 112 114 115 116 117 118 119 120 121 122 124 126 128 129 131 132 133 134 135 136 137 138 140 141 142 146 149 150 151 152 155 156 158 159 161 162 163 165 169 170 171 172 173 174 176 177 178 179 180 181 182 185 186 187 188 189 190 191 193 194 195 199 200 201 202 203 204 207 209 210 211 213 214 215 216 218 219 223 226 228 229 231 232 236 238 240 241 242 243 244 245 246 247 248 251 253 255 256 257 258 259 260 264 265 266 268 269 270 271 272 273 277 279 280 281 282 284 285 286 287 288 289 290 292 293 294 297 298 
213: 0 1 2 5 6 7 8 9 10 13 15 16 17 18 20 21 23 25 27 28 30 33 34 36 38 39 40 41 42 44 45 46 47 48 49 51 53 54 55 57 58 59 61 62 63 64 65 66 67 68 70 71 73 75 76 77 78 80 81 82 83 84 85 86 87 89 90 91 93 95 96 97 98 99 100 101 103 104 107 108 109 110 111 113 114 115 116 117 118 119 120 121 122 123 125 127 128 130 131 132 133 134 135 136 137 142 143 145 146 148 149 150 151 152 153 154 155 156 157 159 160 161 163 164 165 167 168 170 174 175 176 177 179 180 181 184 186 187 190 192 193 195 196 198 199 200 201 202 203 204 205 206 207 208 209 212 214 215 216 218 221 222 224 225 226 228 229 231 232 233 234 235 236 237 238 239 240 241 243 245 247 248 249 252 253 254 255 257 258 259 261 262 263 264 267 268 269 270 275 276 278 279 280 281 282 283 284 286 287 288 289 290 291 295 296 298 299 
214: 0 2 4 6 7 8 9 11 12 13 14 15 16 17 18 19 20 21 22 24 25 26 27 28 29 31 33 34 35 37 38 39 40 41 42 43 44 45 46 47 48 49 50 51 53 54 56 57 60 61 62 63 64 65 66 67 68 69 70 71 72 74 75 80 81 82 83 84 85 87 88 89 90 91 93 94 95 96 100 102 103 105 106 107 108 109 111 112 113 114 115 116 117 119 120 121 122 123 124 127 129 130 131 132 133 134 135 136 137 138 141 143 145 146 147 148 149 150 151 153 154 155 156 157 158 159 161 162 164 167 168 169 170 172 173 174 175 176 177 178 180 183 185 186 187 188 189 190 191 192 193 194 196 197 198 200 201 202 203 204 206 207 208 209 210 211 212 213 215 216 217 218 220 221 222 223 224 225 226 227 228 229 232 233 234 235 236 237 238 239 240 241 242 243 244 245 247 248 249 250 251 253 254 255 256 257 259 260 262 263 264 266 268 269 270 271 272 273 274 276 277 278 279 280 281 282 284 286 287 291 292 293 295 297 298 796 1069 1073 
215: 0 2 5 6 7 8 9 10 11 12 13 14 15 16 19 20 22 23 24 26 27 28 29 31 33 35 37 38 39 40 41 42 43 44 46 47 48 49 50 51 52 53 54 56 59 60 61 62 63 64 65 67 68 69 70 71 72 76 77 78 82 83 85 86 88 89 90 91 94 95 97 100 101 102 103 104 105 106 107 108 110 111 112 113 115 117 119 121 123 124 125 126 128 129 132 134 135 136 138 139 140 142 144 145 146 147 148 149 150 151 152 153 154 155 156 157 158 160 161 162 163 164 165 166 167 168 169 171 172 175 176 178 180 182 183 184 186 187 188 190 191 192 194 195 196 197 198 199 200 201 202 203 204 205 206 207 210 211 212 213 214 217 218 219 220 223 224 225 226 227 228 229 230 231 232 233 234 235 236 237 238 239 240 241 242 245 246 248 249 251 252 253 254 255 256 257 258 261 262 263 264 265 267 269 272 273 274 275 276 278 279 280 281 282 283 284 285 286 288 289 291 293 294 295 296 299 1186 
216: 0 1 2 3 5 6 8 9 10 11 12 13 14 15 16 17 18 19 20 21 23 24 25 28 29 30 32 33 34 36 37 38 39 41 42 43 44 45 46 47 48 50 52 53 55 56 57 59 60 61 62 63 64 66 67 68 69 70 71 72 74 75 76 77 79 81 82 83 84 85 86 88 89 90 91 92 94 96 98 99 100 101 103 104 105 106 107 109 111 113 114 116 117 118 119 120 121 122 123 124 126 127 128 129 130 133 134 135 136 137 139 141 142 143 144 145 146 148 149 150 152 153 154 155 158 159 160 161 162 163 164 165 166 167 168 169 170 171 172 173 174 175 176 177 180 181 182 183 184 185 187 188 189 191 193 194 195 196 197 198 199 200 201 202 203 205 206 207 208 209 210 211 212 213 214 218 219 220 222 224 225 227 228 229 230 231 232 233 237 238 239 240 241 245 246 247 248 250 252 253 254 255 256 258 259 261 262 263 264 265 266 267 269 270 271 272 273 274 276 277 278 282 284 285 286 288 291 294 296 297 299 1069 
217: 1 3 4 5 6 7 9 11 12 13 14 15 16 17 18 20 21 23 24 25 26 29 30 31 32 33 34 35 36 38 39 40 41 42 43 45 46 47 48 49 51 52 54 56 57 58 59 60 63 64 65 66 68 70 74 75 76 77 79 81 83 84 85 86 87 88 89 90 91 92 94 95 97 98 99 104 105 106 108 109 112 117 118 119 121 123 125 126 127 128 129 130 131 133 134 135 138 139 140 141 143 144 145 146 147 148 152 153 154 155 156 157 158 160 161 162 163 164 165 166 169 171 172 173 174 175 176 178 179 180 181 182 183 185 187 188 189 192 193 195 196 197 199 200 201 202 203 205 207 208 209 210 214 215 218 220 221 222 223 224 225 226 228 229 230 231 232 233 234 235 237 240 241 242 243 244 245 246 247 248 249 250 251 252 253 255 258 259 260 261 262 263 264 265 268 272 273 274 276 278 279 280 281 283 285 287 288 289 290 292 293 294 295 296 299 813 1062 1090 
218: 1 2 3 4 5 6 9 10 12 14 18 19 20 21 23 24 25 26 28 29 30 31 33 35 36 38 39 41 42 44 45 46 47 49 50 52 54 55 57 59 62 64 65 68 69 71 73 74 76 77 79 80 81 82 84 85 86 89 91 93 94 95 96 98 100 102 103 104 105 107 108 110 111 113 114 115 116 117 118 119 120 122 123 124 126 127 129 130 131 132 133 134 136 138 139 140 141 142 143 144 145 147 148 149 150 152 155 156 157 158 159 160 161 163 164 166 168 169 171 172 174 176 177 178 179 180 181 184 185 187 188 189 191 192 193 194 195 197 199 200 201 204 205 209 210 211 212 213 214 215 216 217 220 221 222 223 224 225 227 228 230 231 233 234 235 236 237 238 239 240 242 244 245 246 248 249 250 251 252 254 255 256 259 261 262 264 266 269 270 271 272 273 274 275 276 277 279 280 281 282 284 287 288 289 290 293 294 296 297 299 1182 
219: 0 2 4 5 7 8 9 10 11 12 13 14 15 17 18 19 21 22 23 25 26 27 28 29 30 31 32 34 35 36 37 38 39 41 42 43 44 45 46 50 51 52 53 54 55 56 57 58 59 62 64 65 66 67 68 69 70 73 74 75 76 78 81 82 85 88 89 90 91 92 95 96 98 101 102 104 105 106 108 109 110 111 112 113 114 116 117 118 119 120 121 122 123 124 125 126 127 128 129 130 131 134 135 137 138 139 140 142 143 144 145 146 147 148 149 150 151 152 153 154 155 156 157 158 159 160 161 162 163 164 165 166 169 170 171 173 174 177 179 180 181 182 183 184 185 186 187 188 190 191 194 196 197 199 202 203 204 205 207 208 210 211 212 215 216 221 222 223 224 225 226 227 228 229 230 231 234 235 236 240 243 244 246 247 248 249 250 252 253 257 259 261 262 264 265 267 268 271 272 273 274 275 277 279 280 282 283 284 285 286 287 288 290 291 292 293 294 295 297 298 299 1080 1097 
220: 0 1 2 3 5 6 7 8 9 10 11 12 13 14 15 16 17 18 19 20 21 22 24 26 27 28 29 32 33 34 37 38 39 40 41 42 43 45 47 48 51 54 56 57 58 60 61 62 63 64 69 70 71 72 73 74 75 76 77 79 80 81 82 83 84 85 86 87 88 89 92 94 95 96 98 99 100 102 104 106 109 110 111 112 113 114 115 117 119 120 121 123 124 125 126 128 129 131 132 133 135 136 137 138 140 141 143 144 145 146 147 148 149 150 151 152 154 155 157 158 160 161 162 163 164 165 166 168 170 171 172 174 175 178 179 180 181 182 183 186 187 189 191 193 194 195 196 197 198 200 201 202 203 204 206 208 209 210 211 214 215 216 217 218 221 222 223 225 226 227 228 229 231 232 234 236 237 238 239 240 241 243 244 245 246 248 251 252 254 256 257 258 259 261 264 265 266 267 268 269 270 271 272 273 275 277 278 281 282 283 285 286 287 288 289 291 292 294 295 297 298 812 1097 
221: 2 4 6 8 9 10 11 12 13 14 15 16 18 19 20 21 22 24 25 26 27 29 30 32 33 34 35 36 37 38 39 42 44 47 48 49 50 51 52 53 54 55 56 58 62 65 66 67 69 71 72 74 76 79 80 81 82 84 85 86 87 88 89 90 92 93 94 95 98 99 100 101 103 104 105 106 107 108 109 110 111 112 113 114 115 117 118 119 121 122 123 124 125 126 128 129 130 131 132 134 135 138 139 141 142 143 144 145 147 148 149 150 151 152 153 154 155 158 159 160 161 163 164 165 166 168 169 171 172 173 174 176 177 179 181 182 184 185 186 187 188 190 191 193 194 196 197 198 202 204 205 206 207 208 209 210 211 213 214 217 218 219 220 222 223 224 227 228 230 231 232 233 234 235 236 237 239 241 242 243 244 245 247 248 249 250 251 252 253 255 256 257 259 261 263 264 265 266 267 268 269 270 272 274 275 277 279 280 281 282 283 285 286 287 288 289 290 291 292 294 299 1087 1166 
222: 0 1 2 3 4 5 6 7 8 9 10 11 12 13 14 15 16 17 19 20 22 23 24 25 26 27 29 31 34 35 36 37 39 41 44 45 46 47 48 50 52 54 55 56 57 58 59 60 63 64 65 66 67 68 69 70 71 73 74 76 77 78 79 80 81 84 85 86 88 89 92 93 94 96 98 99 100 105 106 107 108 110 114 116 117 119 120 121 122 123 126 127 129 132 133 134 135 136 138 139 140 141 142 144 145 146 148 151 152 153 155 156 157 158 159 160 161 163 164 165 166 167 168 169 170 173 175 176 177 178 179 180 181 182 183 184 192 193 194 195 196 197 198 199 200 202 203 204 205 206 207 208 209 210 213 214 216 217 218 219 220 221 223 224 225 226 227 229 230 232 233 234 235 236 237 240 241 242 244 246 247 248 249 251 253 255 256 257 258 259 260 261 262 263 265 266 267 269 270 271 272 274 275 276 277 284 285 286 287 288 289 291 292 294 295 296 297 1171 1150 
223: 0 1 2 3 5 6 7 9 10 11 12 13 14 15 19 20 21 22 23 25 27 28 29 30 33 34 35 37 38 39 41 42 43 44 46 47 48 49 51 52 53 55 57 58 59 60 61 62 63 64 65 66 67 68 69 72 73 75 76 79 81 82 85 86 87 88 90 91 92 93 94 96 97 98 99 100 101 102 103 105 106 107 108 110 111 112 114 115 117 119 120 121 124 125 126 128 133 135 136 138 139 144 145 147 148 149 150 151 152 154 155 158 159 160 161 162 164 165 167 168 169 171 172 173 174 175 178 179 182 183 185 190 191 192 193 194 195 196 197 198 202 203 205 206 207 209 210 212 214 215 217 218 219 220 221 222 226 227 228 229 231 232 233 234 235 236 237 238 239 241 242 243 245 246 247 249 250 251 252 253 255 256 257 260 261 262 263 264 266 268 271 272 274 275 277 281 282 284 286 287 291 292 293 294 295 296 297 299 
224: 0 1 2 3 4 5 7 8 9 11 12 13 14 15 16 17 19 20 21 22 23 25 26 28 29 31 32 33 35 36 37 38 39 40 43 44 45 46 47 48 49 50 55 57 58 59 60 61 64 65 66 67 69 70 71 72 73 74 75 76 77 78 79 80 81 82 83 84 87 89 92 93 94 95 96 98 102 103 104 105 106 109 110 111 113 114 116 117 119 121 122 123 126 127 128 130 132 133 134 136 137 139 140 142 144 149 150 151 152 154 155 156 159 160 162 163 164 165 166 168 169 171 172 173 174 177 178 180 181 182 183 185 186 189 190 192 193 194 196 197 198 199 200 201 203 205 206 207 209 211 213 214 215 216 217 218 219 221 222 226 227 229 230 231 232 233 234 235 236 237 238 239 240 241 242 243 244 246 247 248 249 250 251 252 253 254 255 256 258 259 261 263 264 265 266 267 268 270 271 274 276 279 280 282 283 285 286 287 288 289 290 291 292 293 294 295 296 298 299 803 1084 
225: 0 1 3 7 8 9 11 12 13 14 15 18 19 20 21 22 23 24 25 26 28 29 31 32 33 35 36 37 38 39 42 43 44 45 46 48 49 51 52 53 54 55 56 57 60 61 62 63 67 69 70 71 73 74 75 77 78 79 82 83 85 87 89 91 92 93 94 97 98 101 102 103 105 106 107 108 110 111 112 114 118 119 120 121 122 123 126 127 128 129 130 132 133 134 135 136 137 138 142 144 145 146 147 149 151 152 153 154 156 157 158 159 160 162 163 165 166 167 168 170 172 173 174 175 176 178 181 182 183 185 186 189 191 194 195 196 198 202 203 204 205 206 208 209 210 211 213 214 215 216 217 218 219 220 222 226 227 228 229 231 234 237 238 240 242 243 246 247 248 250 251 252 253 254 255 256 257 258 259 260 261 262 263 264 265 266 267 268 269 270 273 274 275 277 278 279 280 281 282 284 286 287 289 290 291 295 296 299 799 1063 1181 
226: 1 2 3 4 5 6 7 8 9 10 11 12 13 14 16 17 19 20 21 22 24 25 26 28 30 32 33 34 35 37 38 40 41 42 43 44 45 46 47 48 49 50 51 52 53 54 55 56 58 59 61 62 64 65 66 67 68 70 71 72 73 74 75 76 77 78 79 81 83 85 86 87 88 90 91 92 93 95 96 97 98 99 100 101 102 103 104 105 106 108 109 110 111 112 113 114 116 118 119 120 121 122 123 124 126 127 128 129 131 133 134 135 136 138 139 140 142 144 145 146 147 148 151 152 154 155 156 158 159 160 161 162 165 166 167 168 169 170 173 174 175 176 177 179 180 181 182 183 184 185 188 189 190 191 195 196 197 198 200 201 203 206 207 209 210 211 212 213 214 215 217 219 220 222 223 224 225 227 229 230 231 232 236 237 239 240 241 244 245 248 249 250 251 252 253 254 255 256 258 261 262 263 265 266 267 271 273 275 278 280 282 283 284 285 286 287 288 289 291 292 293 294 295 296 297 793 
227: 0 1 3 4 6 7 9 10 11 12 13 15 16 18 19 21 22 23 24 25 26 27 28 29 32 33 34 35 36 37 38 41 42 43 44 45 46 47 48 49 50 51 54 55 56 57 58 59 61 66 67 68 71 72 73 74 75 78 80 81 82 83 84 85 86 88 89 91 94 96 97 99 101 103 104 105 106 107 109 112 113 114 116 117 118 119 120 121 123 124 125 126 128 131 132 134 135 137 138 139 143 144 145 146 147 148 150 151 152 153 154 155 156 157 158 159 160 161 163 164 165 167 168 169 171 174 175 176 177 178 180 181 182 183 184 185 186 187 189 190 191 192 193 194 195 196 198 199 200 201 202 206 207 208 209 210 211 214 215 216 218 219 220 221 222 223 224 225 226 228 229 230 231 232 235 236 238 239 240 241 242 243 245 246 247 248 249 250 251 252 254 255 256 257 258 259 260 261 262 264 265 266 267 268 269 270 271 272 274 275 277 278 279 280 281 282 283 286 287 288 289 291 292 293 295 296 297 298 
228: 0 3 5 6 8 10 12 13 14 15 16 17 18 19 21 24 25 26 28 30 31 32 33 34 35 37 38 39 40 41 43 45 46 47 48 52 53 55 56 57 58 59 60 61 62 64 66 67 68 69 71 72 73 74 77 78 79 80 81 84 87 88 89 90 92 93 94 95 97 98 99 100 101 102 103 106 107 108 109 110 111 112 113 114 115 116 117 118 119 120 123 124 125 126 128 130 131 132 134 135 136 138 139 140 141 142 144 145 146 150 151 152 155 160 162 163 166 167 169 171 172 173 174 175 176 177 178 179 180 181 182 184 185 187 188 189 192 193 194 195 196 197 198 199 200 201 202 204 206 207 208 209 210 211 212 213 214 215 216 217 218 219 220 221 223 225 227 229 230 231 233 234 235 236 237 238 239 241 242 243 245 246 248 249 250 252 253 254 255 259 261 262 263 265 266 267 270 271 272 273 274 275 276 277 279 280 281 283 285 286 287 288 289 290 292 293 295 296 297 299 1189 
229: 0 3 4 6 7 9 10 12 13 15 16 18 19 21 22 23 25 26 27 29 30 31 32 34 35 37 38 41 42 43 46 47 49 52 53 54 55 58 61 62 63 64 67 73 74 76 77 79 80 81 83 84 85 86 87 90 91 92 93 94 95 96 97 98 99 100 101 105 106 109 111 113 114 115 116 117 118 119 120 121 122 123 127 128 130 131 132 133 134 135 137 138 141 143 144 145 147 148 150 151 152 153 155 156 157 158 161 162 164 166 167 168 169 170 172 175 176 177 179 180 181 182 183 185 186 187 188 189 190 191 192 194 195 196 197 198 199 200 201 202 203 205 206 207 209 210 211 212 213 214 215 216 217 219 220 222 223 224 225 226 227 228 230 231 232 234 235 236 238 239 240 241 243 244 245 248 249 250 251 252 253 255 256 259 260 261 262 263 265 266 268 269 270 271 274 275 276 277 278 279 280 282 283 285 286 287 288 290 291 292 294 295 296 297 298 299 798 
230: 0 2 4 5 6 7 8 9 10 11 15 19 20 21 22 24 28 29 30 31 32 33 34 35 36 39 40 42 45 46 47 49 50 51 52 55 56 57 59 60 61 63 64 67 68 71 72 73 74 76 77 78 79 80 81 82 83 84 85 88 89 90 91 94 95 98 99 100 102 103 104 105 110 111 113 114 115 116 117 118 119 120 122 123 124 125 126 127 128 129 130 131 132 133 134 135 136 138 139 140 141 142 143 144 145 146 147 149 150 151 152 153 154 155 157 158 159 160 163 164 165 167 168 169 170 171 172 173 174 175 176 177 178 180 181 183 184 185 186 187 188 190 191 192 193 194 195 196 197 198 199 200 201 204 205 206 207 208 209 210 211 215 216 217 218 219 221 222 224 226 227 228 229 231 232 233 234 236 238 240 241 243 244 247 248 249 251 252 253 257 258 259 260 264 265 267 269 270 271 272 273 274 275 277 281 282 283 285 286 288 290 291 292 293 294 295 296 297 298 299 1186 
231: 0 1 3 4 5 9 10 12 13 14 15 18 19 20 21 23 24 25 26 28 29 30 31 32 33 34 35 36 38 39 40 41 42 43 44 45 46 47 48 49 50 51 53 54 55 56 57 58 59 60 61 62 63 64 66 68 70 71 72 73 74 75 76 77 78 79 80 81 84 87 88 89 90 91 92 93 94 95 96 97 98 100 101 102 103 105 106 108 110 111 112 113 115 117 118 120 121 122 123 124 126 127 129 130 133 134 135 136 138 139 141 143 144 145 146 148 149 152 153 155 156 159 160 162 164 169 170 172 173 174 175 177 178 179 181 182 183 184 185 186 187 188 191 192 193 195 196 197 198 199 201 202 203 204 206 208 209 212 213 215 216 217 218 219 220 221 223 224 225 226 227 228 229 230 233 234 237 238 243 244 245 246 247 248 249 250 251 252 253 254 255 256 258 260 261 262 263 266 267 268 270 271 272 273 274 275 276 277 279 280 284 286 287 288 289 290 291 293 295 296 1181 1186 
232: 0 1 2 3 4 6 13 15 16 17 19 20 21 22 24 26 28 29 30 31 32 35 37 40 42 44 45 46 47 48 49 51 55 56 57 58 60 61 62 63 64 65 66 68 71 72 75 76 77 78 79 80 82 84 85 86 88 90 91 92 93 94 95 96 97 98 99 100 101 102 105 107 108 109 110 113 114 116 117 118 119 121 122 123 124 125 128 130 131 133 134 135 136 137 138 139 145 146 148 149 150 151 152 154 155 156 157 158 160 161 162 163 165 167 169 170 171 172 173 174 176 177 178 180 181 182 185 186 187 189 190 191 192 193 194 195 196 198 199 200 203 204 205 207 208 209 210 211 212 213 214 215 216 217 220 221 222 223 224 226 227 229 230 233 234 235 236 237 238 239 241 243 244 245 246 247 248 249 250 251 252 253 254 255 256 258 260 261 263 264 266 267 268 270 271 274 275 276 277 278 279 281 282 283 284 286 287 288 289 290 292 295 296 297 298 299 1177 1184 
233: 0 1 2 3 4 8 9 10 11 12 14 15 16 17 18 20 21 22 23 24 25 26 28 31 32 34 35 36 38 39 41 43 44 47 48 49 51 52 54 55 56 57 60 61 62 63 66 67 71 72 73 76 78 79 80 82 83 85 86 87 89 90 91 93 95 96 97 99 100 101 102 104 105 106 107 108 110 112 113 114 115 116 117 118 119 120 121 122 124 125 126 127 128 129 132 133 134 135 136 139 140 141 142 143 144 145 146 147 148 149 150 152 155 156 157 160 162 164 165 166 167 168 169 170 171 172 174 176 178 179 183 184 185 186 187 188 189 190 192 193 194 196 197 198 199 200 202 205 206 207 208 209 210 213 214 215 216 217 218 221 222 223 224 228 230 231 232 234 235 237 239 240 242 243 244 246 247 249 250 251 252 255 256 258 259 260 263 264 266 267 268 269 270 273 274 275 276 277 278 279 280 282 284 287 288 291 293 294 296 297 299 828 1168 
234: 3 4 5 6 7 10 11 12 13 14 17 18 19 21 22 23 24 25 26 27 30 31 32 34 36 39 40 41 42 43 45 47 48 50 51 52 53 54 57 59 61 63 67 68 69 70 71 74 75 77 78 79 80 81 82 83 84 86 87 89 90 91 92 93 96 97 99 100 101 102 104 105 106 107 109 111 115 117 118 119 122 124 126 127 129 130 131 132 134 135 136 137 143 144 147 148 149 150 152 153 154 157 158 160 162 163 164 165 167 169 172 174 175 176 177 178 179 180 181 183 185 188 189 190 191 192 193 194 195 196 197 198 199 200 201 202 203 204 205 207 209 210 213 214 215 217 218 219 220 221 222 223 224 225 228 229 230 231 232 233 236 237 239 240 241 242 243 244 245 246 247 248 249 250 251 252 253 254 255 256 257 258 259 260 262 263 264 265 266 269 270 271 272 273 274 275 279 281 283 288 289 291 292 293 294 295 296 297 298 299 833 1087 1104 1164 1171 
235: 0 1 2 4 5 6 9 11 12 13 14 15 17 19 21 22 24 25 26 27 28 29 30 32 34 36 37 38 39 41 42 43 44 45 46 47 52 53 54 55 56 57 58 59 60 61 62 63 64 65 66 67 68 69 70 71 72 74 75 76 78 79 81 82 83 86 87 88 89 90 91 93 94 95 96 97 98 99 100 102 103 104 107 108 109 110 111 112 114 116 117 118 119 120 121 123 124 126 127 128 130 131 132 133 134 136 137 138 139 140 141 142 143 144 145 146 147 148 149 150 151 153 155 157 158 160 162 163 164 166 168 170 171 172 173 175 178 180 181 182 183 184 186 188 189 190 193 195 196 197 198 199 200 201 202 203 204 205 208 209 210 211 213 214 215 217 218 219 221 222 223 224 227 228 229 232 233 237 238 239 241 242 243 244 245 246 247 248 251 253 254 255 256 257 259 260 262 264 266 267 268 269 270 271 272 273 274 276 277 279 281 282 283 284 285 286 287 288 289 290 291 292 293 294 296 298 299 1176 
236: 1 2 4 7 8 11 12 14 15 16 17 20 21 22 23 24 25 27 28 30 31 32 34 35 36 37 39 40 42 44 45 46 50 52 53 54 56 61 62 63 64 65 66 67 68 69 71 72 73 74 76 78 80 81 82 83 84 85 86 90 91 92 93 94 95 97 99 100 102 103 104 105 107 108 109 111 113 114 115 116 118 119 120 121 122 123 125 127 128 129 130 131 132 133 134 137 141 142 144 145 146 148 149 150 151 152 154 155 156 158 159 160 161 162 163 164 166 167 168 169 171 173 174 175 177 179 180 182 183 184 185 186 187 188 189 190 191 195 196 197 199 201 202 203 204 206 207 208 210 211 212 213 214 215 218 219 220 221 222 223 224 226 227 228 229 230 232 234 237 240 241 244 245 246 247 250 251 252 253 254 255 256 257 258 259 260 261 262 263 264 267 269 271 273 274 276 277 278 279 280 282 285 286 287 289 290 291 293 294 295 296 297 298 822 1062 
237: 0 1 2 3 4 6 7 9 11 13 14 15 16 17 19 20 21 24 25 26 28 29 30 31 32 34 35 36 38 39 40 41 42 43 44 45 46 47 48 50 51 52 53 56 57 60 61 63 64 65 66 68 70 72 73 74 75 76 78 81 82 83 85 87 89 91 92 93 94 96 97 98 100 101 102 105 106 107 108 109 110 113 114 115 116 117 118 120 121 122 124 125 126 128 129 130 132 134 137 138 140 142 145 146 148 149 150 151 152 155 156 157 158 159 160 161 164 167 168 169 170 172 175 176 177 178 179 181 182 183 184 185 186 189 190 191 193 194 195 196 197 198 200 201 202 203 204 206 207 208 210 211 213 214 215 216 217 218 220 221 222 223 224 225 226 228 231 232 233 234 235 236 241 242 244 246 247 248 249 251 254 255 256 257 258 259 261 262 263 264 265 266 268 269 270 271 272 273 274 275 276 277 279 280 282 283 284 285 286 287 288 289 290 291 293 294 295 296 297 299 819 1080 
238: 0 1 2 3 5 8 9 10 11 13 14 17 18 20 21 22 23 24 25 26 27 28 29 30 32 34 35 36 37 38 39 41 42 43 44 45 46 47 48 49 51 52 53 55 56 57 60 61 62 67 68 69 70 71 73 74 75 77 79 80 81 84 85 86 87 88 91 92 93 94 96 97 98 99 100 102 103 104 105 106 107 109 110 111 114 115 118 119 120 121 122 123 126 127 128 129 131 132 133 134 135 137 143 145 146 147 148 149 150 151 152 153 154 156 157 158 159 160 161 162 164 165 166 167 170 172 174 175 176 177 178 180 183 184 185 186 187 188 189 190 191 192 193 194 195 196 200 201 202 204 205 207 208 209 210 212 213 214 215 216 218 220 223 224 225 227 228 229 230 231 232 235 239 240 241 242 243 245 246 247 248 250 251 252 255 256 257 258 260 261 262 263 264 265 267 269 272 273 275 276 278 279 282 285 286 289 291 295 297 299 800 819 847 1072 1092 
239: 0 1 2 3 4 6 7 9 10 12 13 14 15 16 18 19 20 21 22 23 24 25 28 30 32 33 34 35 36 37 39 43 45 46 47 48 49 51 52 53 54 55 56 58 59 64 65 66 68 69 70 71 72 73 74 77 78 81 82 84 86 87 88 89 90 93 95 97 98 99 100 102 103 105 106 107 109 111 114 116 119 120 121 122 123 124 125 129 130 131 132 134 135 137 138 139 140 141 142 143 144 145 146 147 148 149 150 154 155 156 157 160 161 163 164 165 166 168 171 173 174 175 176 177 178 180 183 184 185 186 187 189 190 191 192 194 195 197 198 199 200 202 205 206 207 208 211 213 214 215 216 218 220 221 223 224 226 227 228 229 232 233 234 235 238 240 242 243 244 245 246 247 249 251 252 255 256 257 259 260 261 262 263 264 266 267 269 270 271 272 274 276 277 278 279 280 281 282 283 284 285 287 288 289 290 293 295 296 297 298 299 821 1096 
240: 0 1 2 3 4 5 6 7 8 9 11 12 13 15 16 17 19 20 21 24 25 27 28 29 30 31 32 33 34 35 38 40 41 42 43 44 45 46 47 49 50 53 54 55 56 58 59 60 61 62 63 65 67 68 69 70 72 73 74 75 76 77 80 81 85 86 88 89 90 93 94 97 99 100 101 102 103 104 105 106 107 108 109 110 111 112 113 115 117 118 119 120 121 122 123 125 126 127 128 129 130 132 133 134 135 137 138 139 140 141 143 145 146 147 148 151 152 153 154 155 156 158 159 161 162 163 166 167 169 170 171 172 175 176 177 178 179 181 182 183 184 186 187 188 189 190 191 192 193 194 195 196 197 198 199 201 204 205 207 209 210 211 212 213 214 215 216 217 218 219 220 222 224 225 226 227 229 230 233 234 236 238 239 241 242 243 244 247 249 251 252 255 256 257 261 263 266 267 268 269 270 271 272 274 275 276 278 279 280 282 283 284 286 289 290 291 292 293 295 296 297 298 299 
241: 0 1 4 5 7 8 9 10 11 12 13 15 16 17 18 19 20 22 23 24 25 26 27 28 30 33 37 38 39 40 41 45 46 47 50 51 53 54 55 56 59 61 64 65 66 67 70 71 72 75 78 80 81 83 84 88 89 90 91 93 94 95 96 99 100 101 102 104 105 106 107 108 109 110 113 114 115 116 117 118 120 121 122 124 126 127 128 129 130 131 134 135 136 137 138 140 141 142 143 144 145 146 147 148 149 151 152 153 154 155 156 157 158 159 160 161 163 164 166 167 168 169 170 171 172 173 174 179 180 183 184 185 186 187 188 189 190 191 192 193 195 197 198 199 201 202 203 205 206 207 208 209 210 211 212 213 214 215 216 217 220 221 222 223 224 226 227 228 229 230 232 234 235 236 237 238 240 242 243 244 245 246 247 249 250 251 252 253 254 255 256 257 259 260 261 262 263 266 267 268 269 270 274 275 276 277 278 279 280 281 282 284 285 286 289 291 292 293 294 296 297 298 820 
242: 0 1 3 4 5 7 8 12 13 15 16 17 19 21 22 24 25 26 27 30 31 33 34 35 37 38 40 41 42 43 45 46 47 48 50 51 52 53 54 56 57 58 62 63 64 65 66 67 68 70 72 74 76 78 79 80 81 82 83 85 86 87 88 89 90 92 93 94 96 98 99 101 102 103 104 105 106 107 108 111 113 114 115 118 119 120 122 123 125 126 127 128 129 130 131 132 133 134 135 136 137 139 140 141 142 143 144 145 146 147 149 150 151 152 153 155 156 159 161 162 165 166 168 169 170 171 172 173 175 176 178 179 180 181 182 184 185 187 188 189 190 191 192 193 194 195 196 197 198 199 200 201 202 205 206 207 208 211 212 214 215 217 218 221 222 223 224 225 227 228 233 234 235 237 238 239 240 241 243 244 245 246 247 250 251 252 253 254 256 257 259 260 261 262 263 264 265 266 269 274 275 276 277 278 279 281 282 283 285 287 288 289 290 292 293 294 295 296 297 298 848 
243: 2 3 5 6 7 8 10 11 13 14 15 16 18 19 21 22 23 24 25 26 27 29 35 36 37 38 39 40 42 44 45 46 47 50 51 53 54 57 58 59 61 64 65 68 69 70 71 72 76 77 78 79 81 82 83 84 86 88 89 90 92 93 94 95 97 98 100 101 102 103 105 106 109 110 113 114 116 120 122 123 124 125 126 127 128 129 130 131 132 133 134 135 136 137 138 140 142 143 144 146 148 151 153 155 156 160 161 163 167 168 169 170 171 172 174 175 176 177 178 179 180 181 182 183 184 186 188 189 191 192 193 194 195 196 198 199 201 202 203 204 205 206 208 209 211 212 213 214 217 219 220 221 223 224 225 227 228 229 230 231 232 233 234 235 238 239 240 241 242 244 248 249 250 251 252 253 254 255 256 258 259 262 263 264 265 266 267 270 272 273 274 276 278 279 280 281 282 283 284 285 286 288 290 291 294 295 296 297 838 
244: 1 2 3 4 5 6 7 9 11 12 13 14 15 16 17 18 19 20 22 23 24 25 28 30 31 32 33 34 36 37 38 39 40 42 43 45 46 47 49 50 51 52 53 54 55 57 58 59 60 63 66 68 70 71 72 73 77 78 79 80 81 82 85 86 87 88 89 90 91 93 96 97 99 100 102 103 104 105 107 108 109 111 112 113 114 115 116 117 120 121 123 126 128 129 130 131 132 134 135 137 138 141 143 144 145 146 147 148 149 151 152 155 156 157 158 159 160 161 162 164 165 166 167 168 169 170 174 178 179 180 181 182 184 187 188 189 190 191 193 194 195 196 197 198 201 202 203 206 207 208 210 211 212 214 217 218 219 220 221 222 224 226 229 230 231 232 233 234 235 236 237 239 240 241 242 243 245 246 248 249 250 251 252 253 254 255 256 258 259 260 262 263 264 266 267 268 269 272 273 274 275 276 281 283 284 285 286 287 289 290 291 292 293 294 296 297 298 299 1109 
245: 1 2 3 4 7 9 10 11 12 13 14 15 16 17 18 19 20 22 25 28 29 30 31 33 35 36 37 38 40 41 42 43 44 45 48 49 50 51 52 54 55 56 57 58 62 65 66 72 73 75 76 77 78 79 80 81 83 84 85 86 88 89 90 91 92 93 95 96 97 98 100 103 104 105 106 107 108 110 111 113 114 116 117 118 119 122 123 124 125 128 129 130 131 132 134 137 138 139 141 142 146 148 150 151 152 153 154 155 156 160 161 163 164 166 169 170 171 173 174 176 178 180 181 182 183 184 186 189 190 192 194 196 197 198 199 200 201 202 204 205 207 208 212 213 214 215 216 217 218 220 221 223 226 227 228 229 231 232 234 235 236 238 239 241 242 244 246 247 248 250 253 254 256 257 258 259 260 261 262 263 266 268 269 270 272 274 275 276 277 278 279 280 281 282 283 284 285 286 288 289 291 292 293 294 295 296 298 849 1098 
246: 0 1 2 3 4 5 6 7 8 10 11 12 13 16 18 19 20 21 22 23 24 25 28 29 31 32 33 34 35 37 38 39 40 41 42 44 45 46 47 48 51 52 53 55 56 57 58 59 60 61 62 63 64 67 69 70 72 74 75 76 77 78 79 80 81 82 84 85 86 87 89 90 91 92 95 97 98 99 100 101 102 103 104 105 106 107 108 109 111 113 114 117 118 119 120 121 122 126 127 128 130 131 136 138 139 140 141 143 144 146 148 149 150 152 153 154 156 157 158 161 162 166 167 169 170 171 172 173 174 177 178 180 181 182 185 187 188 190 194 197 198 199 201 202 204 205 206 207 208 209 210 211 212 215 216 217 218 219 220 222 223 224 225 227 228 231 232 233 234 235 236 237 238 239 241 242 244 245 247 248 249 250 251 253 254 257 258 259 260 261 262 263 264 267 268 269 270 272 273 274 275 278 279 280 281 282 285 287 290 291 294 296 297 298 299 1064 1105 
247: 0 1 5 7 10 12 13 18 19 20 22 24 25 27 28 29 30 32 33 34 35 36 37 38 40 41 43 46 47 48 49 52 53 54 55 56 57 58 59 60 61 62 63 64 65 67 68 69 70 71 73 75 76 77 78 79 80 81 82 83 85 86 87 88 89 92 93 94 95 96 97 99 101 102 105 108 109 110 111 112 113 114 115 121 122 124 125 127 128 129 130 134 136 138 139 141 142 144 146 147 148 150 151 152 153 154 155 156 157 158 159 160 161 164 166 168 169 170 172 173 174 175 176 179 181 182 184 185 186 187 190 191 193 194 195 196 197 199 200 201 203 204 205 206 207 209 210 212 213 214 216 217 219 221 222 223 224 225 227 230 231 232 233 234 235 236 237 238 239 240 241 242 245 246 248 250 251 254 255 256 257 258 260 261 263 264 265 266 268 269 270 271 272 273 275 277 278 280 281 282 284 285 286 288 289 290 291 293 294 296 297 299 1073 1180 
248: 0 1 3 4 5 6 7 10 12 14 15 16 18 19 20 21 22 23 24 26 27 28 29 31 32 33 34 35 36 37 39 40 43 44 48 49 50 51 55 56 58 59 60 61 62 63 64 68 69 71 73 75 76 77 78 79 80 81 86 87 89 90 91 92 93 94 95 96 97 98 99 101 102 103 104 105 106 107 108 109 110 113 114 115 116 117 119 120 121 122 123 124 126 127 129 130 131 133 134 135 138 139 140 141 142 145 146 147 148 149 150 151 152 154 156 157 158 160 163 165 166 167 168 169 173 174 175 176 177 181 182 184 186 187 188 190 191 192 193 194 195 196 197 199 200 201 202 203 204 206 207 208 209 210 211 212 213 214 215 216 217 218 219 220 221 222 224 225 226 227 228 229 230 231 232 234 235 237 238 243 244 245 246 247 250 251 253 254 255 256 257 259 260 261 263 265 266 267 268 269 271 274 275 276 277 278 279 282 283 285 286 288 289 290 291 292 293 295 296 297 299 
249: 0 2 3 4 5 7 9 10 12 13 14 15 17 19 20 21 22 23 24 26 27 30 31 32 33 34 35 37 38 40 42 43 44 45 46 47 50 51 52 53 54 55 56 57 59 60 61 62 63 64 65 67 68 69 71 72 73 74 76 77 79 80 81 84 86 87 88 90 91 92 93 94 95 97 98 99 100 104 108 110 112 114 115 116 118 119 120 122 124 125 126 127 129 130 131 134 135 136 137 140 141 143 144 145 146 148 152 153 154 156 157 158 159 160 162 163 164 165 166 167 169 171 172 173 179 180 182 183 184 185 186 188 189 190 191 193 194 196 199 200 201 202 203 204 205 207 208 209 210 211 213 214 215 217 218 219 221 222 223 224 226 227 228 229 230 231 232 233 234 237 239 240 241 243 244 246 250 251 253 254 256 257 258 259 260 261 263 264 265 266 267 268 269 270 271 273 274 275 276 277 278 279 280 281 285 286 287 289 291 292 294 295 296 297 299 840 1068 1098 
250: 1 2 3 5 6 7 8 9 10 12 13 14 15 18 19 21 22 23 24 25 26 27 28 29 30 32 33 35 37 38 39 40 41 42 43 45 46 47 48 49 51 53 54 55 56 58 60 62 63 67 68 69 70 71 74 75 76 77 78 79 81 82 84 85 86 88 90 91 92 94 95 96 97 98 100 101 102 103 105 108 109 110 112 114 115 116 117 121 122 124 126 127 129 130 131 132 133 134 135 136 137 138 141 142 143 144 146 147 149 152 153 154 155 156 157 158 159 160 161 162 163 164 165 166 167 169 171 172 173 174 176 177 178 179 180 182 183 185 186 187 188 189 190 191 193 194 195 196 197 198 199 200 201 202 203 205 206 207 209 210 211 214 216 217 218 219 221 223 224 225 226 227 228 229 231 232 233 234 236 238 241 242 243 244 245 246 247 248 249 252 253 255 256 257 258 259 260 261 262 263 265 266 267 268 269 270 271 272 273 274 275 276 277 278 279 280 281 282 284 285 287 289 290 293 294 295 296 299 1096 
251: 1 3 4 5 6 7 8 10 11 12 13 14 15 18 19 20 21 22 23 24 26 27 28 30 31 32 33 34 38 39 40 41 42 43 44 45 46 47 48 49 50 51 52 53 54 55 58 60 61 62 63 66 67 68 69 70 72 73 74 75 76 77 79 80 83 85 86 87 88 89 91 93 94 96 98 99 100 101 102 105 107 109 110 111 112 113 114 115 116 119 120 121 122 124 125 127 128 129 132 134 135 137 138 140 142 143 144 147 148 149 150 151 152 153 154 155 158 159 160 162 163 164 165 167 168 169 171 174 176 177 179 180 181 184 185 186 187 188 190 191 192 194 195 196 197 198 200 201 203 205 206 208 209 210 212 214 215 217 218 220 221 222 223 224 225 226 227 229 230 231 232 233 234 235 236 237 238 239 240 241 242 243 244 246 247 248 249 252 253 254 255 256 258 260 261 262 263 265 266 268 269 270 271 272 273 275 277 278 279 280 283 284 285 286 288 289 290 291 293 294 296 297 298 299 846 1167 
252: 0 1 6 7 8 9 10 11 12 13 15 16 17 18 19 20 21 22 23 26 27 29 30 31 32 33 34 35 36 37 38 40 42 44 45 46 48 49 50 51 52 53 54 56 57 58 60 61 62 64 66 67 68 70 71 72 73 74 75 76 78 79 81 82 85 86 87 88 89 90 91 92 93 94 95 96 97 99 100 101 102 104 106 107 108 109 111 112 114 115 116 117 119 120 121 123 124 125 126 127 130 132 133 134 135 136 137 138 139 140 141 142 143 144 145 147 148 150 151 152 153 155 157 158 159 160 161 162 163 164 165 166 167 168 169 170 171 172 173 174 175 176 177 178 179 180 181 182 183 184 185 186 187 188 189 192 194 195 196 197 198 199 201 202 203 204 205 206 207 208 211 213 215 216 217 218 219 220 221 223 224 225 226 227 228 229 230 231 232 233 234 236 238 239 240 241 242 243 244 250 251 255 257 261 262 263 266 267 268 270 271 272 273 275 276 277 278 279 280 281 282 283 284 286 288 289 290 291 292 293 294 295 297 298 299 
253: 0 1 2 3 4 5 6 7 8 9 10 11 12 13 14 15 16 17 19 20 21 22 23 24 25 29 30 31 32 33 35 36 39 42 44 45 46 49 50 51 53 54 55 56 57 58 60 62 63 66 67 68 69 70 71 72 73 74 75 79 80 83 84 86 87 89 90 93 94 95 98 99 100 101 102 103 105 106 107 108 109 110 111 112 113 115 116 117 118 119 120 121 122 123 124 125 126 127 128 129 130 131 132 133 134 135 138 139 140 142 143 144 145 146 148 149 150 151 152 155 156 157 158 160 161 162 163 164 166 167 169 170 171 174 176 177 179 180 182 183 184 185 187 188 189 190 192 193 194 197 198 200 203 204 205 206 208 210 211 212 213 214 215 216 217 219 221 222 223 224 225 226 228 229 230 231 232 234 235 236 241 242 243 244 245 246 248 249 250 251 254 255 258 259 261 262 263 264 265 267 268 269 271 272 273 274 275 276 277 278 281 283 284 287 288 289 290 291 292 293 296 298 299 1102 
254: 0 1 2 3 4 5 7 8 9 12 13 14 16 17 18 19 20 21 22 23 25 26 27 28 30 31 32 34 36 37 38 40 41 43 46 47 49 50 52 53 54 55 56 57 59 60 62 63 65 66 67 68 70 72 74 75 76 77 79 80 81 82 84 87 88 89 90 91 93 94 96 97 98 99 100 101 103 104 105 107 109 111 112 113 114 117 118 119 121 123 124 125 126 127 128 129 130 131 133 134 136 137 138 139 142 143 144 146 148 150 151 153 155 156 157 158 161 162 163 165 167 169 170 171 172 173 174 175 177 178 183 184 186 187 189 191 193 194 196 197 199 203 204 205 206 207 208 211 213 214 215 216 218 220 224 225 226 227 228 231 232 234 235 236 237 241 242 243 244 245 246 247 248 249 251 253 255 258 259 260 261 262 264 265 267 268 269 270 271 272 274 276 277 278 279 280 281 282 283 284 286 289 291 292 293 294 295 296 297 299 1073 
255: 0 1 2 5 6 7 8 10 11 12 14 15 16 18 20 21 22 26 28 29 31 33 34 35 37 38 40 41 43 44 45 46 48 49 51 52 53 55 56 57 59 61 63 64 65 66 67 68 69 70 71 72 77 78 79 80 81 83 85 87 89 90 91 92 93 94 97 98 99 100 102 104 105 106 107 108 110 111 113 115 116 117 119 120 121 123 124 127 128 130 131 132 133 134 136 137 139 140 141 142 143 144 145 146 147 148 149 150 151 152 153 154 155 158 160 161 162 163 164 166 168 171 172 173 174 175 176 179 180 181 182 183 184 185 188 189 190 191 192 193 194 195 196 197 199 200 201 203 204 206 207 208 209 210 212 213 214 215 216 217 218 221 222 223 224 225 226 227 228 229 231 232 233 234 235 236 237 238 239 240 241 243 244 247 248 250 251 252 253 254 256 257 259 261 262 263 264 265 266 267 268 270 271 272 273 274 275 276 277 278 279 281 283 285 287 288 289 292 294 295 296 297 299 
256: 0 2 3 5 6 7 8 10 11 12 13 14 15 16 18 19 20 21 23 24 25 26 27 28 32 33 34 35 37 38 40 41 42 43 46 47 48 49 50 52 54 55 57 58 59 62 63 64 65 66 67 68 69 70 72 73 74 75 76 77 78 79 80 81 82 83 84 85 86 88 89 91 92 93 96 97 98 99 100 101 102 103 104 105 107 108 109 110 111 112 113 114 115 117 118 119 121 122 123 125 127 128 129 130 131 132 134 135 136 137 138 140 141 142 144 145 146 147 148 149 150 151 152 153 154 156 157 158 159 161 162 163 164 166 167 168 169 170 172 173 174 175 176 177 178 179 180 181 182 183 185 187 188 189 190 194 195 196 197 198 200 201 202 203 205 206 207 208 209 210 211 212 214 215 216 218 220 221 222 223 224 225 226 227 229 231 232 233 234 235 236 237 238 239 240 241 242 243 244 245 247 248 249 250 251 255 257 259 262 263 266 267 268 270 271 272 273 274 275 276 278 279 280 281 282 283 285 286 287 288 289 290 291 292 294 295 296 298 299 
257: 0 1 2 3 4 6 7 8 9 12 14 15 17 20 21 22 23 24 25 26 27 28 30 32 33 34 35 37 38 40 42 43 46 47 48 49 50 52 53 54 55 56 57 58 59 62 63 64 65 66 70 72 73 74 75 76 77 79 80 81 82 84 85 87 89 90 91 93 95 96 97 98 99 102 104 105 106 108 111 112 113 114 115 117 118 120 121 122 123 124 126 127 128 129 130 131 133 136 138 140 141 142 143 144 145 146 147 148 150 151 152 153 156 157 158 160 161 162 163 164 165 166 167 168 170 171 173 174 175 177 178 179 180 181 183 185 187 188 189 190 197 199 200 201 202 204 205 206 207 209 210 211 212 213 214 215 219 220 221 222 223 225 227 230 234 235 236 237 238 239 240 241 242 245 246 247 248 249 250 252 255 256 259 260 261 262 263 264 267 268 272 273 276 277 278 282 283 284 286 287 289 290 291 292 293 295 296 297 298 299 
258: 0 1 2 3 4 6 7 12 14 16 17 18 21 22 24 27 28 29 30 31 32 36 37 38 39 40 41 43 44 45 46 47 48 49 50 51 52 53 54 55 56 57 58 60 62 63 64 66 68 69 70 72 73 75 76 77 78 80 81 82 83 84 85 86 87 88 89 90 92 93 94 95 96 97 98 99 100 101 102 103 104 105 106 107 108 109 110 111 113 115 116 118 119 120 121 123 124 128 130 131 132 133 134 135 137 139 140 141 142 143 144 145 147 150 151 153 154 155 156 159 160 162 163 164 165 167 168 169 170 173 174 176 178 179 180 184 185 186 187 189 190 191 193 194 196 197 198 199 200 201 203 204 206 208 210 211 212 213 215 216 217 220 222 224 225 226 227 230 231 232 233 234 236 237 238 243 244 245 246 247 249 250 251 253 254 259 260 261 262 263 264 265 266 267 269 271 272 273 274 275 276 278 279 282 283 284 286 288 289 290 291 292 293 294 299 1087 
259: 0 1 2 4 5 6 8 9 11 12 14 15 16 19 20 21 22 23 24 25 26 29 30 31 32 35 37 38 39 40 41 43 44 45 48 49 53 56 58 60 61 62 63 65 66 68 69 70 71 72 74 75 76 77 78 79 80 82 83 85 86 87 89 91 93 94 97 98 99 101 103 104 106 107 108 109 110 111 113 114 115 116 117 118 119 120 122 123 124 125 126 127 128 129 132 133 134 135 136 137 138 139 140 142 144 145 147 148 149 150 151 152 153 154 155 156 157 158 160 161 162 163 164 166 169 170 172 173 174 179 180 181 183 185 186 187 188 190 191 192 193 195 196 197 199 200 202 204 205 206 207 208 209 212 213 214 216 217 218 219 220 221 222 224 225 227 228 229 230 233 234 235 236 237 239 241 242 243 244 245 246 248 249 250 253 254 255 256 257 258 260 261 266 267 270 272 274 275 277 278 280 281 283 284 285 286 287 289 291 292 293 294 296 298 1066 1109 1159 1150 
260: 0 2 5 6 7 9 10 11 12 14 15 17 19 21 22 25 27 28 29 33 34 35 36 37 38 39 41 42 43 44 45 47 49 50 51 53 54 56 57 58 59 60 61 62 63 64 65 67 68 69 71 72 73 74 75 76 79 80 81 82 84 85 87 88 89 90 91 92 93 94 95 96 99 100 101 103 105 106 109 110 111 113 114 115 116 117 118 119 120 121 125 126 127 129 130 131 132 133 134 136 137 138 139 142 143 144 148 149 152 154 155 157 158 160 161 162 164 165 166 167 168 169 172 173 175 176 177 178 179 181 182 183 184 186 187 188 189 190 191 192 193 194 195 197 199 200 202 203 204 206 207 208 209 212 214 217 222 223 225 227 229 230 231 232 233 234 235 236 238 239 241 242 244 245 246 247 248 249 250 251 254 257 258 259 261 262 264 265 266 269 270 271 272 273 275 276 277 278 279 280 281 282 284 286 287 288 290 291 293 294 298 299 
261: 1 2 3 4 5 6 7 8 9 10 11 13 14 15 17 18 19 20 24 25 26 28 29 30 31 34 35 36 37 38 39 40 42 43 44 45 46 49 51 53 54 55 56 57 58 60 61 62 63 64 67 69 71 72 73 74 76 77 78 79 80 81 82 84 85 88 89 90 91 92 93 94 96 97 99 100 101 102 103 104 106 107 108 109 110 111 113 115 116 117 118 119 120 121 123 124 125 126 127 128 129 131 132 133 134 135 136 137 138 139 140 141 142 143 144 145 146 147 149 150 151 152 153 154 155 157 159 161 163 166 167 168 169 170 171 172 173 174 175 176 177 178 179 180 181 182 183 184 185 186 187 188 190 191 193 194 195 197 198 199 200 201 202 204 206 208 209 210 211 213 215 216 217 218 219 220 221 222 223 224 225 226 227 228 229 231 232 236 237 238 239 240 241 242 245 246 247 248 249 250 251 252 253 254 255 257 258 259 260 262 263 264 266 267 268 269 271 272 273 275 276 278 279 280 282 283 284 286 287 288 289 290 291 292 293 294 295 297 298 299 1168 1172 1174 
262: 0 1 2 4 5 6 7 8 10 11 12 13 14 15 16 18 19 20 21 23 26 27 31 32 35 36 37 39 41 43 44 46 48 49 50 51 52 54 55 57 58 59 60 64 66 67 69 71 72 73 74 75 77 78 79 80 81 82 83 84 85 86 87 88 89 90 91 92 94 95 97 98 101 102 106 108 111 114 116 117 118 119 120 121 122 123 124 126 127 128 129 131 133 134 136 137 138 140 142 143 145 147 148 156 157 158 159 160 161 163 165 166 167 169 170 171 173 175 176 177 179 181 182 183 185 186 187 188 189 190 193 195 196 197 199 200 201 202 204 205 206 211 213 214 215 216 217 218 219 222 223 225 226 227 228 229 231 234 235 236 237 238 239 241 242 243 244 245 246 250 251 252 253 254 255 256 257 258 260 261 263 264 266 267 268 270 271 272 273 274 276 278 279 280 281 282 285 286 287 288 289 290 291 292 293 294 295 296 299 827 
263: 1 3 5 6 7 8 9 10 12 13 14 15 16 17 19 20 21 22 26 27 28 29 30 31 32 33 34 35 36 38 39 40 43 44 45 46 47 48 49 51 52 53 54 55 56 57 58 59 60 61 62 64 65 66 67 68 70 71 72 73 75 76 77 78 79 80 81 82 83 84 87 88 89 91 93 94 95 96 98 99 101 104 106 107 109 110 111 112 113 115 117 120 121 122 123 124 125 126 127 128 131 132 133 134 137 139 140 141 142 143 145 146 147 148 149 152 153 154 155 157 158 159 160 161 163 167 168 170 172 173 174 175 176 177 179 180 181 182 183 184 186 187 188 191 193 194 195 196 197 198 199 200 202 203 204 205 206 208 209 210 211 213 214 215 216 217 221 222 223 224 225 226 228 229 231 232 233 234 236 237 238 239 240 241 242 243 244 245 246 247 248 249 250 251 252 253 255 256 257 258 261 262 264 267 269 272 273 275 276 277 278 280 282 284 285 287 288 291 292 293 295 296 299 1097 1185 
264: 0 1 2 3 4 6 7 9 10 11 12 14 15 16 17 18 19 21 22 23 24 25 26 28 29 30 31 32 33 34 35 37 39 40 41 43 45 47 50 52 53 55 57 58 59 60 62 64 65 66 67 68 69 71 72 73 74 75 76 77 78 80 83 85 86 87 88 89 90 91 94 95 97 98 99 100 101 102 103 104 107 108 109 110 111 113 115 117 120 121 122 124 125 127 128 129 131 132 133 136 137 138 139 141 143 144 145 146 147 148 150 151 153 154 155 156 157 158 159 160 161 162 164 166 169 172 173 175 177 178 179 180 181 182 183 184 185 186 187 189 190 191 192 193 194 195 197 198 201 202 205 206 208 209 210 212 213 214 215 216 217 218 219 220 221 223 224 225 227 230 232 233 234 235 236 237 238 239 242 243 244 246 247 249 253 254 255 257 258 260 261 262 263 265 266 267 268 269 270 272 273 276 278 279 280 282 283 284 286 287 288 290 294 295 296 298 
265: 4 6 7 8 9 10 13 14 15 16 17 18 19 20 21 23 24 26 27 28 29 31 32 35 36 38 42 43 44 46 47 48 49 50 51 52 54 56 58 59 60 61 62 64 65 66 67 69 70 71 72 73 74 76 77 78 79 81 82 83 84 85 86 87 88 89 91 93 95 96 98 99 100 101 102 104 105 106 108 109 110 111 113 114 115 117 118 120 123 124 125 126 128 133 134 135 138 139 140 141 142 143 144 145 146 147 148 149 150 151 152 154 155 156 158 159 162 163 166 167 168 170 171 172 175 177 178 180 181 182 183 185 187 188 189 190 191 192 194 195 198 200 201 202 203 204 208 209 211 212 215 216 217 219 220 221 222 224 225 226 227 228 229 230 234 237 238 242 243 247 248 249 250 251 253 254 255 258 260 264 266 268 269 270 272 273 274 276 277 279 280 281 282 283 285 286 287 288 289 290 291 292 293 295 296 298 299 822 1170 1186 
266: 0 1 2 3 5 8 9 10 11 13 14 15 16 17 18 19 20 21 22 24 25 26 27 30 31 32 34 35 38 39 43 44 45 47 48 49 51 53 54 55 56 59 60 62 63 64 65 68 69 71 72 73 74 75 76 78 79 82 87 88 89 90 91 92 93 94 96 97 99 101 102 104 105 106 107 108 109 110 112 115 116 117 118 119 120 123 124 125 126 128 129 130 131 132 134 135 136 137 138 139 141 143 146 147 148 149 150 152 153 154 155 156 157 158 159 160 161 163 166 167 168 171 172 178 180 181 183 184 186 187 188 189 190 192 195 197 198 199 200 201 202 203 204 205 206 207 208 209 210 211 212 214 216 218 220 221 222 223 224 225 226 227 228 229 231 232 233 234 235 237 239 240 241 242 243 244 245 247 248 249 250 251 252 255 256 258 259 260 261 262 264 265 267 268 269 270 272 273 274 275 276 279 280 282 283 285 286 287 288 289 290 293 294 295 298 1076 1101 
267: 0 1 2 3 4 6 7 8 10 12 13 15 16 17 18 20 21 23 24 25 27 28 29 30 31 35 36 39 40 41 42 43 44 46 47 48 49 50 51 54 55 56 57 58 62 63 65 66 67 68 69 71 72 73 74 75 77 80 81 82 84 86 87 88 89 92 93 94 95 96 97 98 99 100 104 105 106 107 108 109 110 111 112 113 115 117 120 121 122 123 124 125 126 127 130 131 132 133 134 135 136 137 138 140 141 142 143 144 147 148 149 150 152 153 154 156 158 159 160 161 163 167 169 171 172 174 176 177 178 180 182 184 186 187 189 191 192 193 195 196 197 198 199 200 201 202 203 204 205 206 207 210 211 213 215 216 219 220 221 222 224 225 226 227 228 230 231 232 233 235 236 238 239 240 241 243 244 246 248 249 250 252 253 254 255 256 257 258 259 261 262 263 264 266 268 270 271 272 273 274 278 280 281 282 283 284 285 286 287 288 289 290 295 296 298 299 
268: 1 2 4 5 6 7 8 9 10 15 17 18 19 20 21 22 23 24 26 27 28 29 30 31 32 33 37 39 40 43 44 45 46 47 50 52 53 56 58 59 60 62 64 65 66 67 68 69 70 71 72 74 77 79 81 82 84 86 88 89 90 91 93 94 96 100 103 105 106 107 108 109 111 112 114 116 117 119 120 121 122 123 125 128 131 133 135 136 137 138 139 140 142 143 144 145 148 149 150 151 154 155 157 159 160 161 162 163 164 165 166 167 169 170 171 173 174 175 176 177 179 180 181 182 183 185 187 188 189 190 192 193 195 197 199 200 201 202 203 205 206 207 208 210 212 213 214 217 219 220 221 223 224 225 227 229 231 232 233 235 237 240 241 244 245 246 247 248 249 250 251 252 253 254 255 256 257 261 262 264 265 266 267 269 270 271 273 274 276 280 281 282 283 284 285 287 288 290 291 292 294 295 296 297 299 
269: 0 2 3 4 5 6 7 9 10 11 12 15 16 17 18 19 20 21 22 23 24 25 26 28 29 30 31 35 36 37 38 39 41 43 44 48 49 50 51 53 54 57 61 62 63 64 66 67 68 69 70 72 73 75 76 77 78 79 80 83 85 86 87 88 89 90 91 92 93 94 95 96 97 99 102 103 104 105 106 107 108 109 110 111 112 113 114 115 116 117 118 119 120 121 122 123 125 126 127 128 129 131 132 134 136 137 138 139 140 142 143 145 146 148 149 151 152 153 154 155 156 160 164 165 166 167 168 170 172 173 174 175 177 178 179 180 182 183 184 185 186 187 188 190 192 193 197 198 199 201 202 203 204 206 207 208 209 210 211 212 213 214 215 216 218 220 221 222 225 227 229 230 233 234 235 236 237 238 239 240 241 242 244 245 246 247 248 249 250 251 253 254 258 260 261 263 264 265 266 268 270 271 272 273 274 275 276 277 278 280 281 283 284 285 286 288 289 290 291 292 293 294 296 297 298 813 842 1178 
270: 0 3 4 6 7 11 12 14 15 16 17 18 19 20 21 22 24 25 26 27 28 30 32 33 34 35 36 37 38 39 40 41 42 43 44 45 47 48 49 50 51 53 54 55 57 58 59 60 61 62 63 65 66 67 68 70 71 72 73 74 75 76 77 79 80 83 84 85 86 89 90 91 92 93 95 96 99 100 102 104 105 106 107 108 109 110 113 114 115 116 117 118 120 121 123 125 126 127 128 130 132 133 134 140 141 142 143 145 146 147 148 150 151 152 155 156 159 160 161 162 163 164 167 170 171 173 175 176 177 178 179 180 182 185 187 188 189 192 194 195 196 197 198 200 201 203 204 206 208 209 210 212 213 214 216 218 220 221 222 224 225 227 228 229 230 231 232 233 234 235 237 239 240 241 243 245 246 247 249 250 251 252 254 255 256 259 260 262 264 265 266 267 268 269 271 272 273 274 276 277 278 279 280 282 283 284 286 287 288 290 291 292 293 294 295 297 299 838 1070 
271: 0 2 5 6 7 8 9 10 12 13 14 17 18 19 20 22 23 24 26 27 28 30 31 33 34 35 37 38 39 42 43 45 46 47 49 50 52 53 54 57 59 60 62 63 66 67 68 71 72 73 75 76 78 79 80 82 84 85 87 88 89 91 92 93 95 96 97 98 99 102 105 106 107 110 112 113 115 116 117 118 119 124 126 127 129 130 132 133 134 135 136 137 138 139 141 142 143 144 145 146 147 148 149 150 151 152 155 157 158 159 160 161 162 163 164 165 167 168 170 171 172 173 174 175 176 177 178 180 181 184 185 186 187 190 191 192 193 194 196 198 199 200 201 202 203 204 206 207 209 210 211 212 214 216 218 219 220 222 223 224 226 227 228 229 230 231 232 234 235 236 237 239 240 247 248 249 250 251 252 253 254 255 256 258 260 261 262 267 268 269 270 272 273 276 277 278 279 281 282 286 287 288 290 291 294 296 298 299 1100 
272: 0 1 2 3 4 5 6 7 8 9 10 11 13 14 16 17 19 21 23 24 25 26 27 28 29 30 31 32 34 35 36 38 41 42 43 44 46 47 48 49 50 51 52 53 54 55 57 58 59 60 61 63 64 65 67 70 71 73 74 75 77 79 80 81 82 83 84 86 89 90 91 93 94 95 96 97 98 100 101 102 103 104 107 109 110 111 113 115 116 117 118 119 120 121 122 123 125 126 127 131 132 133 134 135 136 137 138 139 140 141 142 145 147 148 149 150 151 152 154 156 157 159 161 162 164 165 166 167 170 172 173 175 176 177 179 180 181 182 186 187 188 189 190 192 193 194 197 202 203 204 205 207 208 209 210 211 212 214 215 216 217 218 219 220 221 222 223 227 228 230 231 234 235 237 238 239 240 243 244 245 246 247 250 251 252 253 254 255 256 257 258 259 260 261 262 263 264 265 266 267 269 270 271 273 274 275 278 281 282 284 285 286 287 288 289 290 292 293 294 295 296 297 1154 
273: 1 3 6 7 8 9 10 14 15 16 17 18 19 20 21 22 23 24 26 27 29 30 31 32 33 34 35 38 39 40 41 44 45 51 53 54 55 56 57 58 59 60 61 62 64 65 66 68 70 71 74 75 76 77 78 79 80 82 83 84 86 87 88 92 94 95 97 98 100 102 103 104 105 106 108 109 110 111 113 114 115 117 118 119 120 123 124 125 126 127 128 129 130 133 134 135 136 137 138 140 141 143 144 145 146 147 149 150 151 152 153 154 155 156 157 158 159 160 161 162 163 164 165 169 170 171 173 174 175 176 177 178 180 182 183 184 185 186 189 190 192 193 194 195 196 197 198 200 201 202 203 204 205 206 207 208 209 210 211 212 214 215 216 217 218 219 220 225 226 228 230 231 233 234 235 236 237 238 243 244 246 247 249 250 251 252 253 255 256 257 258 260 261 262 263 264 265 266 267 268 269 270 271 272 274 275 276 277 279 280 282 283 284 286 288 290 293 298 299 1092 
274: 0 3 4 6 7 8 9 10 12 14 15 16 17 18 19 20 21 24 27 28 29 31 32 33 38 39 40 43 44 45 46 47 49 50 51 52 53 54 55 56 57 60 61 62 64 65 66 67 68 71 72 74 76 77 79 80 82 83 84 85 86 87 88 89 91 93 99 100 102 103 105 106 108 110 112 113 116 117 118 120 121 122 125 126 127 128 129 130 132 133 134 135 136 137 138 141 142 144 145 146 147 148 149 150 151 152 153 154 155 156 158 159 160 161 163 164 165 167 169 170 171 172 173 174 176 178 179 181 184 185 186 187 188 189 190 191 196 197 198 199 201 203 205 206 207 208 210 214 215 216 217 218 219 221 222 223 224 225 227 228 229 230 231 232 233 234 235 236 237 239 240 241 242 243 244 245 246 248 249 250 253 254 255 256 258 259 262 265 266 267 268 269 270 272 273 275 276 278 279 280 281 282 285 286 287 289 290 291 292 293 294 295 298 299 1090 1099 
275: 2 3 4 5 6 7 8 9 11 13 14 15 16 17 18 20 21 22 23 26 28 30 31 33 34 35 36 37 38 39 40 42 44 46 47 48 51 52 53 54 55 56 58 60 61 62 63 65 67 72 73 74 77 78 88 89 90 92 95 96 98 99 100 101 103 104 105 106 107 109 110 112 113 117 118 119 120 122 123 124 125 126 127 128 130 131 133 134 135 136 137 141 142 143 144 145 147 149 150 151 153 154 155 156 158 160 161 163 165 166 167 168 169 170 172 173 174 177 178 179 181 182 183 185 186 187 188 191 192 193 194 196 199 200 202 203 205 206 208 211 213 215 218 219 220 221 222 223 225 226 227 228 229 230 231 232 233 234 237 238 240 241 242 244 245 246 247 248 249 250 251 252 253 255 256 258 259 260 261 263 266 269 272 273 274 276 277 281 282 283 284 287 288 289 290 291 292 293 294 295 296 297 298 299 806 
276: 0 2 4 5 6 7 8 11 12 14 16 17 18 19 20 21 22 23 24 25 27 28 29 30 31 32 33 34 36 37 38 40 41 42 43 45 46 47 48 49 50 53 54 55 56 57 58 63 64 65 67 69 71 72 73 74 77 78 79 80 81 83 85 86 87 88 90 92 94 95 98 99 100 101 102 103 104 105 106 108 109 113 114 115 116 117 118 119 120 121 122 123 124 125 126 127 128 129 130 132 133 134 135 136 137 138 139 143 144 145 146 147 149 151 152 154 155 157 158 160 161 162 164 165 166 168 169 171 172 173 174 175 176 177 178 180 181 183 184 186 188 189 190 191 192 194 195 196 197 198 199 200 201 202 203 204 206 207 208 210 211 213 214 215 216 217 218 222 224 228 229 231 232 233 235 236 237 238 239 240 241 242 243 244 245 248 249 250 252 253 254 255 256 257 258 260 261 262 263 264 265 266 268 269 270 271 273 274 275 277 280 282 285 287 288 289 290 291 292 293 294 298 299 1089 1107 
277: 2 3 5 7 8 9 11 14 15 16 17 18 19 21 22 24 26 28 30 31 32 34 35 36 37 39 45 46 47 48 49 51 52 53 54 55 56 59 61 62 63 64 65 67 69 71 72 73 74 75 76 77 79 80 81 82 83 84 85 86 89 91 92 93 94 95 96 97 98 100 103 104 107 108 109 111 112 113 114 115 116 117 118 119 120 121 123 124 125 126 127 128 129 130 133 134 135 136 137 140 143 145 146 147 148 150 151 152 153 154 155 156 158 160 161 162 163 164 165 166 167 168 169 170 173 175 176 177 179 181 182 183 185 186 187 188 189 192 195 196 197 198 200 201 203 204 206 208 210 211 212 214 216 218 219 220 221 222 223 225 227 228 229 230 231 232 233 235 236 237 239 241 242 245 247 248 249 250 251 252 253 254 255 257 259 260 263 265 269 270 271 273 275 276 278 279 280 281 282 283 284 285 289 290 291 292 293 294 296 298 299 1082 1172 
278: 1 2 3 4 7 8 9 12 13 16 17 19 20 22 23 24 26 28 30 32 34 35 38 39 41 42 44 46 47 48 50 51 53 54 55 56 57 58 59 60 61 62 63 64 65 66 67 68 69 70 71 74 77 78 79 80 81 83 85 86 87 88 90 94 95 96 97 99 101 102 103 104 105 106 107 108 109 110 111 112 113 114 116 118 119 121 122 125 126 127 128 129 131 132 133 135 136 137 138 139 142 143 144 145 147 148 151 153 154 156 157 159 160 161 162 163 164 165 168 169 170 171 172 173 174 175 177 178 179 180 181 182 183 185 186 188 190 192 194 195 197 198 202 203 204 205 206 207 213 214 215 216 217 220 225 226 227 229 232 233 236 238 239 240 241 242 243 245 246 247 248 249 250 251 252 253 254 255 256 257 258 259 260 261 262 263 264 267 269 270 271 272 274 277 279 280 281 282 283 284 285 286 287 288 289 290 291 292 293 294 295 298 299 843 1091 
279: 0 1 2 3 4 5 6 7 8 10 11 12 13 14 16 17 18 19 20 21 25 26 27 28 30 33 34 35 36 37 38 39 40 41 47 48 49 51 52 53 54 55 56 58 61 62 63 64 65 66 67 68 71 72 75 77 78 79 80 82 83 85 86 87 89 91 92 93 94 95 96 97 98 99 100 101 102 104 105 107 108 109 111 113 115 116 117 118 120 121 123 124 128 131 132 134 135 136 137 138 139 140 141 142 143 144 145 146 147 148 149 152 153 155 156 157 160 161 162 163 164 166 168 169 170 171 172 173 174 176 177 179 180 181 182 183 184 186 187 188 189 190 191 192 193 195 196 197 199 200 201 204 205 206 207 208 210 211 212 213 214 215 217 218 219 221 224 225 227 228 229 231 232 233 234 235 236 237 238 239 240 241 242 243 245 246 248 249 250 251 252 254 255 256 258 260 261 262 264 265 266 270 271 273 274 277 278 281 282 283 284 285 286 287 289 290 291 292 293 294 295 296 297 299 1150 
280: 0 2 3 4 5 6 8 9 10 12 13 15 16 18 19 20 21 23 24 25 26 27 28 29 30 31 33 34 35 36 37 38 39 40 41 44 45 46 47 48 50 52 53 54 55 56 57 58 61 63 64 65 66 67 68 70 71 72 73 74 75 77 79 80 81 85 86 87 89 90 91 92 94 95 97 98 99 103 105 109 110 111 113 115 116 117 118 121 122 123 124 125 126 127 130 131 132 133 134 135 136 137 138 139 140 142 143 144 146 147 148 149 150 151 152 154 156 157 158 159 160 161 162 165 167 168 170 171 172 173 175 177 178 180 181 182 183 184 185 188 190 191 192 193 194 195 196 197 198 199 200 201 202 203 204 205 208 210 211 212 213 214 215 217 218 219 221 224 225 226 227 228 229 231 233 236 237 239 240 241 243 245 246 247 249 250 251 252 254 256 259 260 261 262 263 264 265 266 267 268 269 270 273 274 276 277 278 281 282 283 284 285 286 287 288 290 291 293 295 296 297 298 1092 
281: 0 3 4 5 6 7 10 11 13 14 16 18 19 22 23 24 25 26 27 28 29 30 31 32 37 38 41 42 43 44 45 46 48 49 50 52 53 54 55 57 58 59 61 62 63 64 65 66 67 69 70 71 72 74 75 77 78 79 80 81 82 83 84 85 88 89 90 94 95 96 98 100 101 102 103 104 106 107 109 113 114 115 116 118 121 122 125 126 127 128 129 131 134 135 136 139 140 141 142 143 144 145 147 148 149 150 151 152 153 155 156 157 159 161 162 164 166 168 169 170 171 172 173 174 176 177 178 179 181 182 183 184 185 187 188 190 192 193 195 197 200 201 202 204 205 206 207 208 209 210 211 212 213 214 215 217 218 220 221 223 225 227 228 230 232 234 235 239 241 242 243 244 245 246 247 249 250 252 253 254 255 256 259 260 262 265 267 268 269 271 272 274 275 277 278 279 280 284 285 286 287 288 289 290 291 292 293 294 295 296 297 299 812 
282: 1 2 3 4 5 7 8 11 12 14 15 16 17 20 21 23 25 26 27 28 29 30 31 32 33 34 35 36 37 39 40 42 43 44 47 49 52 54 55 56 57 58 59 60 61 62 65 66 69 70 71 72 73 74 76 77 78 79 82 83 84 85 89 90 91 96 97 98 100 103 104 105 106 109 110 111 113 115 116 117 118 119 120 121 122 123 124 125 128 129 130 131 133 137 138 141 142 143 144 145 146 147 148 150 151 152 153 154 159 160 162 164 165 167 169 171 172 173 174 176 177 178 179 184 186 187 189 190 191 193 194 195 196 197 199 200 201 202 204 205 206 207 210 211 212 213 214 215 216 218 219 220 221 223 224 225 226 227 229 230 232 233 235 236 237 238 239 240 241 242 243 245 246 247 248 250 252 254 256 257 258 260 261 262 263 264 265 266 267 268 270 271 272 273 274 275 276 277 278 279 280 284 285 286 287 289 291 292 294 296 299 807 1156 
283: 0 1 3 4 5 6 7 9 10 11 12 13 14 15 16 17 19 21 22 24 25 27 28 29 30 31 32 33 34 35 36 37 38 39 41 44 45 46 47 50 51 52 53 55 57 58 59 61 63 66 67 68 69 70 71 74 75 76 77 78 80 81 82 83 84 85 86 88 89 90 91 92 93 94 95 96 97 100 101 102 103 104 105 107 108 109 110 111 112 114 115 116 117 119 121 122 123 124 127 128 129 130 131 132 134 136 138 139 140 141 142 143 144 145 146 147 148 149 151 153 154 155 157 158 159 160 161 162 163 164 165 166 168 169 170 172 175 177 178 179 181 182 184 185 186 187 188 190 191 192 193 195 196 198 199 202 205 206 207 208 209 210 213 215 217 219 220 221 224 226 227 228 229 230 232 234 235 237 239 240 242 243 244 245 248 251 252 253 254 255 256 257 258 259 261 264 265 266 267 268 269 270 273 275 277 278 279 280 284 285 287 288 289 290 291 292 294 295 296 297 298 299 847 1073 1154 1156 
284: 1 2 3 4 5 7 8 9 11 12 13 14 17 19 20 21 22 23 24 25 26 27 30 32 35 37 38 39 41 42 43 45 48 49 50 53 54 55 57 58 59 60 61 63 64 65 66 67 68 69 70 72 74 75 76 77 79 80 81 82 83 85 87 88 89 90 91 92 94 97 98 101 103 106 107 109 110 111 113 115 116 118 119 120 122 123 124 125 126 127 128 129 130 131 133 134 135 136 138 139 142 143 144 145 146 147 148 149 150 151 152 153 154 155 157 158 160 161 162 165 166 167 168 169 170 171 172 173 174 175 176 180 182 186 187 191 192 193 194 195 196 198 201 203 204 205 206 207 209 210 211 212 213 214 215 216 218 219 222 223 225 226 231 232 233 235 237 239 240 241 243 244 245 247 250 251 252 253 254 257 258 259 260 261 263 264 267 268 269 270 272 273 275 277 278 279 280 281 282 283 286 288 289 290 291 292 293 294 295 297 299 840 841 
285: 0 1 2 4 5 6 7 8 9 10 12 14 15 16 17 19 20 21 22 23 25 26 28 29 30 31 32 34 35 36 39 41 42 43 45 46 47 48 49 51 53 55 56 57 58 59 60 61 62 63 65 67 68 70 71 72 73 74 75 76 77 79 80 83 84 85 86 87 88 91 92 93 95 96 98 99 100 101 102 103 105 106 107 109 110 111 114 115 117 119 120 121 122 123 125 126 127 128 129 130 131 132 134 135 136 137 138 139 140 142 143 144 145 149 150 153 155 157 158 162 163 165 167 168 170 171 172 174 177 178 179 180 181 183 186 187 188 189 192 193 194 198 202 203 205 209 210 211 212 215 216 217 219 220 221 222 224 226 228 229 230 235 236 237 238 239 241 242 243 244 245 246 247 248 249 250 251 255 256 259 262 263 265 266 267 268 269 272 274 276 277 278 279 280 281 282 283 286 287 288 289 291 292 293 297 298 299 831 1071 
286: 0 1 3 4 6 7 8 11 12 13 14 15 19 20 21 22 23 24 25 27 28 29 30 31 32 34 35 37 38 39 41 43 44 45 47 48 49 51 53 54 55 57 58 60 61 63 64 66 69 70 71 72 73 74 75 76 77 79 81 82 83 84 85 86 87 88 89 90 91 93 94 96 97 98 99 100 102 104 105 106 108 109 110 112 113 114 116 117 118 119 120 122 123 124 125 127 129 130 131 132 133 134 136 137 138 139 141 143 144 145 146 147 148 149 151 152 154 155 159 160 161 162 163 164 165 166 167 168 169 170 173 174 176 178 179 180 181 182 183 184 185 186 187 189 191 193 194 195 196 197 198 199 200 201 202 203 204 205 206 207 208 209 210 211 212 213 214 215 216 219 220 221 222 223 224 225 226 227 228 229 230 231 232 235 236 237 238 240 241 243 244 245 247 248 249 251 252 254 256 257 258 259 260 261 262 264 265 266 267 269 270 271 272 273 274 278 279 280 281 282 284 285 288 289 290 291 293 294 295 296 297 298 299 1081 
287: 0 1 2 3 4 7 8 9 11 12 13 14 15 17 18 19 20 21 22 23 25 28 30 33 34 35 37 38 39 40 41 42 43 44 45 46 47 48 49 50 52 54 55 57 58 60 62 63 64 65 66 67 72 73 74 75 79 80 81 84 85 86 88 89 90 91 92 93 95 96 97 98 100 101 102 103 104 105 107 108 109 110 111 112 113 114 115 116 119 120 121 122 124 125 127 128 129 130 131 133 134 135 136 137 138 140 141 144 145 147 148 149 150 151 152 153 154 155 157 158 159 160 161 163 164 167 168 174 175 176 177 178 179 181 182 183 184 186 187 188 189 191 193 195 196 197 198 199 202 204 206 207 209 211 212 213 214 217 218 219 220 221 222 223 224 225 226 227 228 229 231 232 233 235 236 237 239 242 244 246 249 250 253 255 256 257 259 260 261 262 263 264 265 266 267 268 270 271 272 274 275 276 278 279 280 281 282 283 285 288 289 290 292 294 296 298 299 1080 
288: 0 1 2 3 4 5 6 7 8 9 10 11 12 13 14 15 16 17 18 19 23 24 26 27 28 29 32 33 34 35 36 37 38 39 41 42 43 44 45 46 48 49 50 51 52 54 56 57 60 61 63 64 67 68 71 72 73 74 75 77 78 79 80 81 82 83 84 87 88 89 90 91 93 94 96 97 99 100 101 102 103 106 107 108 109 113 114 115 118 119 121 125 126 127 129 130 131 132 133 134 135 136 137 138 139 140 141 142 143 144 145 147 148 149 150 151 154 155 156 157 158 159 160 162 163 165 167 168 170 172 173 174 175 176 178 179 180 181 182 183 184 185 186 187 189 190 191 192 193 195 196 197 198 200 201 202 204 205 207 208 209 210 211 212 213 215 216 217 218 219 220 221 222 224 226 227 228 229 230 231 232 233 234 235 237 239 242 243 245 247 248 251 252 253 255 256 258 260 261 262 263 264 265 266 267 268 269 270 271 272 273 275 276 278 280 281 283 284 285 286 287 289 290 291 293 294 299 822 
289: 0 1 2 4 5 6 7 8 9 10 11 12 13 14 15 16 18 19 20 21 22 23 24 25 26 29 31 32 33 34 35 37 38 39 40 41 42 43 44 45 47 51 52 53 56 57 59 60 61 64 65 66 68 69 70 74 75 79 80 82 84 86 87 89 90 91 95 96 97 98 99 101 102 103 104 105 107 109 110 112 113 114 115 117 120 121 122 124 126 127 128 129 131 133 134 135 136 138 139 140 141 142 145 147 148 149 150 151 153 155 157 158 159 160 161 163 165 167 168 170 172 173 174 176 177 178 179 180 181 182 183 184 185 186 188 189 190 191 193 194 195 196 198 199 200 201 202 204 205 206 207 208 211 212 213 215 217 218 220 221 222 224 225 226 227 228 231 232 234 235 236 237 238 239 240 241 242 244 245 247 248 249 250 251 252 253 254 255 256 257 258 259 261 262 265 266 267 269 272 274 275 276 277 278 279 281 282 283 284 285 286 287 288 290 292 293 294 295 296 297 298 827 1068 1081 
290: 0 1 3 4 5 6 8 9 10 12 13 14 16 17 18 19 20 22 27 28 31 32 35 36 37 38 39 40 42 43 45 46 48 50 51 53 54 57 58 60 62 65 66 67 68 69 71 72 73 74 75 76 77 78 79 83 84 85 88 89 90 92 93 94 95 96 97 98 102 105 106 107 108 111 113 115 116 117 119 120 121 123 124 126 127 128 129 130 131 132 133 136 137 138 139 142 143 144 145 146 148 149 150 152 153 154 155 156 157 159 160 162 163 164 165 166 168 169 170 171 172 173 174 175 176 177 179 182 183 184 185 186 187 188 189 190 191 192 193 194 195 197 198 199 200 201 202 204 205 207 209 210 212 213 217 218 219 221 224 225 228 229 230 231 232 235 236 237 239 240 242 243 244 246 247 248 250 251 252 253 256 257 258 260 261 262 264 265 266 267 268 269 270 271 272 273 274 275 276 277 278 279 280 281 283 284 286 287 288 289 292 293 295 296 297 298 299 1093 1163 
291: 0 4 5 6 7 8 10 11 12 13 14 15 16 17 18 19 20 21 22 23 24 25 26 27 28 29 32 33 34 35 38 39 41 42 43 44 46 47 50 51 53 54 55 56 57 58 60 62 63 65 66 69 71 72 73 74 77 78 79 80 81 85 86 87 89 90 91 92 93 94 96 97 98 100 101 102 103 105 106 107 109 110 111 113 115 117 118 119 120 122 124 125 126 127 129 130 131 133 135 138 139 140 143 144 145 147 148 149 150 151 152 153 154 155 157 158 160 163 164 166 167 168 172 173 174 175 176 177 179 182 183 184 185 186 187 188 189 190 191 192 193 194 196 198 199 200 202 203 204 206 207 208 209 210 213 214 215 216 219 220 221 222 223 224 225 226 227 229 230 231 233 234 235 236 237 238 240 241 243 244 245 246 247 248 249 251 252 253 254 256 257 258 259 260 261 262 263 265 268 269 270 271 274 275 276 277 278 279 280 281 282 283 284 285 286 288 292 293 294 295 296 297 298 299 791 822 
292: 0 2 4 5 7 8 12 15 19 20 21 22 23 24 25 26 27 28 29 30 31 33 34 35 36 37 38 39 40 41 42 43 44 47 48 49 50 51 52 53 55 56 57 58 59 61 62 63 64 65 66 67 70 71 72 73 74 75 78 80 81 82 83 84 85 86 87 88 89 90 91 92 94 95 96 97 99 100 101 102 105 106 108 109 110 111 112 113 115 118 120 121 123 124 125 126 127 128 129 130 131 132 133 134 135 136 138 139 140 141 142 143 144 145 147 149 150 151 152 153 154 155 157 158 159 161 165 166 167 168 169 170 171 172 173 175 178 179 180 181 182 184 185 186 187 188 189 190 191 193 194 195 199 200 202 203 204 205 206 207 208 209 210 211 212 214 217 219 220 221 222 223 224 226 227 228 229 230 232 234 235 240 241 242 244 245 248 249 252 253 254 255 256 257 258 259 261 262 263 265 268 269 270 272 274 275 276 277 278 279 281 282 283 284 285 287 289 290 291 293 294 297 298 299 1076 
293: 0 2 5 6 7 8 9 11 12 13 14 15 16 17 18 21 22 23 24 25 26 27 28 29 30 32 33 34 35 36 38 39 40 41 43 45 46 47 48 51 54 55 57 58 59 60 61 62 63 65 66 68 69 70 73 74 75 76 77 78 79 82 83 84 86 89 90 91 92 93 94 95 97 98 100 101 104 106 107 109 110 111 112 115 116 117 118 119 120 121 122 123 124 126 128 129 130 131 134 135 136 137 138 139 141 142 144 145 146 147 148 149 150 151 152 153 154 155 157 158 159 160 161 162 163 164 165 167 169 170 171 172 173 176 177 178 180 181 182 184 185 186 187 188 189 190 191 192 193 194 198 199 200 202 204 205 206 207 208 211 212 214 215 217 218 219 223 224 226 227 228 230 231 233 234 235 236 237 239 240 241 242 244 245 247 248 250 251 252 253 254 257 258 259 260 261 262 263 265 266 269 270 272 273 274 275 276 277 278 279 280 281 284 285 286 288 289 290 291 292 294 296 298 824 
294: 0 1 2 3 4 5 6 7 8 9 11 12 13 14 15 16 17 18 19 20 21 22 23 24 25 26 27 28 29 32 33 36 37 38 39 40 41 42 43 44 48 50 51 53 54 55 56 58 59 60 61 62 63 64 65 66 67 68 69 70 71 72 73 74 75 76 77 79 80 84 85 86 87 88 89 90 91 92 93 96 97 98 99 100 102 103 105 106 107 108 109 110 111 112 113 114 115 117 118 120 121 122 125 126 127 128 129 130 131 132 133 134 135 136 137 140 142 145 146 147 148 149 151 153 154 155 156 157 158 160 161 163 164 165 167 168 170 172 175 176 177 178 179 180 182 184 188 189 191 192 193 194 196 198 199 201 202 203 204 205 207 208 209 210 212 215 216 217 218 219 220 221 222 223 224 226 229 230 233 234 235 236 237 241 242 243 244 245 246 247 249 250 251 252 254 255 256 258 259 260 261 262 264 266 268 269 270 271 272 274 275 276 277 278 279 281 282 283 284 286 287 288 289 291 292 293 295 297 299 1085 1102 
295: 0 1 3 4 5 6 7 9 10 11 12 13 14 16 17 18 19 20 21 22 23 24 26 27 28 29 33 34 35 36 37 38 39 42 43 44 45 46 48 49 51 52 54 55 56 57 58 59 60 61 62 64 65 66 67 68 69 70 71 72 73 74 75 76 80 81 82 83 85 87 88 89 90 91 93 94 95 97 98 99 100 101 102 103 105 106 107 108 109 110 112 113 114 115 116 118 119 120 121 123 124 125 127 129 130 131 134 136 140 141 142 143 144 146 147 148 149 150 151 152 153 155 156 159 160 161 163 165 167 168 169 171 172 175 176 177 178 179 180 181 182 183 184 185 187 188 189 190 191 192 193 194 195 197 199 201 203 205 207 208 209 211 213 214 215 217 219 220 222 223 224 225 226 227 228 229 230 231 232 234 236 237 238 239 240 242 243 245 248 249 250 252 254 255 256 257 261 262 263 264 265 266 267 268 270 272 274 275 278 279 280 281 283 284 286 289 290 291 294 297 298 299 828 843 
296: 0 3 6 7 8 10 11 13 14 15 16 17 18 19 20 21 23 24 26 27 28 29 31 32 33 34 35 36 38 39 41 42 44 45 46 48 49 50 51 52 53 54 55 56 57 58 59 60 61 62 64 65 66 67 68 69 71 72 73 74 75 76 77 79 80 81 82 83 84 85 86 88 89 90 91 92 95 97 98 100 102 105 106 107 112 114 116 117 118 119 120 121 124 125 126 127 128 129 130 131 132 137 138 139 140 141 142 144 145 146 147 148 150 151 152 154 156 158 159 160 161 163 164 165 166 167 168 170 171 174 176 177 178 179 180 181 182 184 185 188 190 192 193 194 195 196 198 199 200 204 205 206 207 208 209 210 211 213 215 216 217 218 222 223 224 225 226 227 228 229 230 231 232 233 234 235 236 237 239 240 241 242 243 244 245 246 247 248 249 250 251 253 254 255 256 257 259 262 263 264 265 267 268 269 271 272 275 277 279 280 281 282 283 286 287 289 290 291 293 297 298 299 
297: 0 1 2 3 4 6 7 8 10 11 12 13 15 17 18 19 20 21 23 24 25 26 27 28 29 30 32 33 34 35 38 39 40 42 44 46 47 48 49 50 51 52 55 59 60 61 63 64 65 66 67 68 69 71 74 78 79 80 81 82 83 86 87 90 91 92 94 95 96 97 98 100 101 102 103 104 105 107 108 110 111 112 113 115 117 118 119 120 121 122 123 124 126 128 129 130 131 133 134 135 136 137 138 139 140 141 143 144 145 146 147 149 150 151 152 153 154 155 156 158 159 161 162 164 165 166 168 169 170 171 175 176 177 179 182 183 184 185 186 187 188 189 191 193 195 197 202 203 205 206 207 209 210 211 212 214 216 218 219 220 222 223 226 227 228 229 230 232 233 234 236 237 238 239 240 241 242 243 244 246 247 248 249 251 252 254 255 257 261 268 269 270 272 275 279 280 281 283 284 285 286 289 290 291 292 294 295 296 299 1183 
298: 0 2 3 4 5 8 9 10 11 12 13 14 15 16 19 20 21 23 24 25 28 29 30 31 32 33 35 36 37 38 40 41 43 44 45 48 49 50 51 54 55 56 57 59 60 61 62 64 67 68 72 74 76 77 78 79 80 82 86 87 88 89 90 92 94 95 96 98 99 100 101 103 104 105 108 109 111 112 113 115 116 118 119 121 123 124 125 126 127 128 130 131 132 133 135 136 137 138 139 140 143 144 145 146 147 149 150 151 152 153 155 156 157 158 159 160 161 162 163 164 165 168 169 170 171 173 174 175 176 177 178 181 182 183 184 187 188 191 192 193 194 195 196 198 199 200 201 202 203 204 205 206 207 208 209 210 212 213 214 219 220 224 227 229 230 232 234 235 236 239 240 241 242 244 245 246 251 252 253 256 257 259 260 261 264 265 266 267 269 271 273 274 275 276 277 278 280 283 285 286 287 289 290 291 292 293 295 296 299 801 1096 
299: 0 2 3 4 5 6 7 8 9 11 12 13 15 16 18 20 25 26 27 28 29 30 32 34 35 38 40 42 43 44 45 46 47 49 51 52 54 55 56 57 58 59 60 61 62 64 65 68 71 72 73 74 75 77 78 81 83 84 85 87 88 89 91 92 93 95 96 98 99 100 101 102 103 106 107 108 109 110 111 113 114 115 116 117 119 120 121 122 125 126 127 128 130 132 137 138 141 142 144 146 147 148 149 152 153 154 155 157 158 159 160 161 162 163 165 168 169 170 171 172 174 175 176 177 178 179 181 182 183 184 185 186 188 190 191 193 194 195 196 197 198 199 201 204 207 208 211 213 215 216 217 218 219 221 223 224 225 228 229 230 232 233 234 235 237 238 239 240 244 246 247 248 249 250 251 252 253 254 255 256 257 258 260 261 262 263 265 267 268 270 271 273 274 275 276 277 278 279 281 282 283 284 285 286 287 288 290 291 292 294 295 296 297 298 816 825 1065 1158 
300: 301 302 303 304 305 306 307 308 309 310 311 313 315 316 317 318 319 321 322 323 324 325 326 328 331 332 333 335 336 337 340 341 344 345 347 348 350 351 352 353 356 357 358 359 360 361 362 364 365 366 367 369 370 371 377 378 379 380 381 382 386 387 388 389 390 391 392 393 394 395 396 397 398 399 400 401 402 403 404 405 407 408 409 410 411 412 413 414 416 417 418 419 420 422 423 424 425 426 427 428 429 430 431 432 433 434 435 436 439 440 442 443 444 446 447 448 450 451 452 453 454 455 456 457 458 459 460 461 463 464 466 470 471 473 475 476 477 478 479 480 482 483 484 485 486 487 488 489 490 491 493 495 497 498 499 556 508 
301: 300 302 304 305 306 307 308 309 310 311 312 315 317 318 319 320 323 325 326 327 328 329 331 334 335 336 337 338 339 340 341 342 343 344 345 346 347 348 349 350 351 352 353 354 355 357 358 360 364 365 366 367 371 372 374 375 376 377 378 379 380 381 382 383 384 385 386 388 390 391 392 393 397 398 399 400 402 403 404 406 407 408 409 410 412 413 414 415 416 418 419 420 421 423 425 426 427 428 429 430 431 433 434 436 437 439 440 441 442 443 444 447 448 449 450 451 452 453 454 455 457 458 459 460 461 463 464 465 467 468 469 470 471 472 473 474 476 477 479 481 482 484 486 487 488 489 490 491 494 495 496 498 551 592 622 623 638 1373 1476 
302: 300 301 303 304 305 308 309 310 311 313 314 317 319 321 322 323 324 325 326 328 329 331 332 333 334 335 336 337 339 340 341 342 344 348 351 353 354 355 358 360 361 363 364 365 366 367 368 370 372 373 374 376 377 378 379 380 381 384 385 386 389 391 392 394 395 396 397 400 402 404 406 407 408 409 411 412 413 415 416 417 418 419 421 422 423 424 425 428 429 430 432 433 434 435 436 438 439 440 444 447 448 450 451 454 455 456 457 459 460 461 462 464 465 466 467 468 471 473 474 476 479 480 481 482 483 484 486 488 489 490 491 492 493 495 496 497 498 499 511 658 
303: 300 302 305 306 307 308 311 313 314 316 321 323 325 326 327 328 329 330 331 333 336 337 338 339 341 343 344 345 346 350 351 352 353 354 355 356 357 358 359 360 361 362 363 364 365 366 367 368 369 370 371 372 373 374 375 376 377 378 379 383 384 385 386 387 388 389 390 391 392 393 394 395 396 399 400 401 402 403 404 405 406 407 410 411 412 413 415 417 418 419 420 421 422 424 425 426 427 428 429 430 432 433 434 436 437 438 439 440 441 443 444 445 446 447 449 451 452 453 454 455 456 457 458 459 460 461 464 465 468 469 471 473 474 477 478 479 482 486 487 488 489 490 491 492 493 496 497 498 499 562 671 
304: 300 301 302 305 306 307 308 310 312 313 314 315 316 318 319 320 321 322 325 326 327 330 331 332 333 334 336 338 339 340 342 343 344 346 347 348 349 351 352 353 354 356 357 358 359 360 361 362 364 365 366 367 368 369 370 371 372 373 374 377 378 379 380 382 384 385 386 387 388 389 390 392 394 395 397 399 400 401 402 403 404 407 408 409 411 413 414 415 416 418 419 421 422 423 424 426 429 430 434 435 436 438 439 440 442 443 444 446 447 448 450 451 452 453 454 456 458 462 463 464 466 467 469 470 472 473 474 475 476 477 478 480 482 483 484 485 487 488 490 492 493 497 498 499 531 684 1461 
305: 300 301 302 303 304 306 307 308 309 311 312 313 315 316 317 318 320 322 323 324 326 329 331 332 333 335 336 338 339 340 342 346 347 348 349 351 352 353 355 356 357 358 360 361 362 364 365 367 369 372 373 375 377 380 383 385 387 389 391 395 400 401 402 406 407 408 409 410 411 412 413 414 417 418 419 420 423 424 426 427 428 429 430 431 432 434 435 436 440 442 443 444 445 447 448 449 451 452 453 454 455 457 458 459 460 461 464 465 466 467 468 470 472 474 475 476 477 478 479 480 483 484 486 487 488 489 491 492 493 494 495 497 498 499 536 624 1340 1470 
306: 300 301 303 304 305 308 309 310 311 313 314 315 316 320 322 323 324 325 326 331 334 335 336 339 341 343 344 348 349 350 351 353 354 356 357 359 361 362 363 365 367 369 371 372 373 376 377 379 381 383 384 385 386 388 389 390 391 392 393 395 396 398 399 400 401 403 404 405 406 408 410 412 417 418 419 420 421 422 425 429 430 431 432 435 436 437 438 439 440 442 443 444 445 447 448 449 450 451 452 454 458 460 463 464 465 466 467 469 471 472 474 475 476 477 479 480 481 482 484 485 486 488 490 491 492 493 494 495 496 497 498 529 538 508 698 
307: 300 301 303 304 305 308 311 313 314 315 316 317 318 319 320 321 322 324 326 327 328 330 331 332 333 334 335 336 338 339 340 341 342 343 345 346 347 348 349 350 351 352 354 356 357 358 359 363 364 367 372 373 374 375 377 378 379 380 381 382 384 385 386 387 388 389 393 394 395 396 399 400 401 402 403 404 405 406 409 410 411 412 415 418 419 420 421 422 424 425 426 428 429 430 431 432 434 436 438 439 442 445 447 448 450 451 452 453 454 455 456 457 458 459 460 461 462 463 464 465 466 467 468 469 470 471 472 473 474 475 476 477 478 479 480 481 484 488 490 491 493 495 496 497 499 503 
308: 300 301 302 303 304 305 306 307 310 311 312 315 317 318 319 320 322 323 324 325 326 328 329 330 331 332 333 334 338 339 340 342 343 345 346 347 349 350 351 352 354 355 357 359 360 362 364 365 366 367 368 369 370 371 372 373 374 375 376 377 379 381 382 383 384 385 386 388 389 392 394 395 398 399 401 402 403 405 407 408 409 410 411 414 416 417 418 421 424 425 426 427 428 430 431 432 433 434 435 436 437 439 440 441 442 443 444 445 446 448 450 451 452 453 454 455 457 458 459 460 464 465 466 467 468 470 471 473 474 476 477 479 480 482 483 484 487 488 489 492 493 495 496 497 498 499 545 587 643 667 683 
309: 300 301 302 305 306 310 311 312 315 318 319 320 322 324 325 326 327 328 329 331 332 333 335 337 338 339 341 342 343 345 346 347 348 349 350 351 354 355 356 359 360 361 362 363 367 368 369 372 373 374 375 376 377 378 379 380 381 383 384 385 386 388 390 391 393 394 395 396 397 398 399 400 401 402 406 407 408 409 410 411 412 413 415 416 417 419 420 421 422 424 425 426 427 428 429 430 431 432 433 434 436 438 440 441 444 446 447 449 451 453 454 455 456 457 458 459 460 461 462 465 466 467 468 469 471 472 473 474 475 476 477 478 480 481 482 483 485 487 489 490 491 492 493 494 495 496 497 498 499 646 623 688 
310: 300 301 302 304 306 308 309 314 315 316 317 318 319 320 321 322 323 324 325 326 327 329 330 331 332 334 335 336 338 339 340 341 342 343 345 346 348 349 350 351 352 353 354 355 357 359 360 361 362 364 367 369 370 371 373 375 376 377 380 381 382 383 384 385 386 387 388 389 390 391 392 393 395 396 398 400 401 404 407 410 411 412 413 414 415 417 418 419 422 424 425 427 428 429 430 432 433 434 435 437 438 439 440 443 444 445 446 447 448 450 453 455 456 457 459 461 462 463 464 465 467 468 469 470 471 472 474 475 477 479 481 482 483 484 489 490 491 492 493 494 495 496 497 575 589 630 
311: 300 301 302 303 305 306 307 308 309 314 315 317 318 320 321 322 323 324 325 327 328 329 330 331 332 334 336 337 339 340 343 345 347 350 351 352 353 354 355 356 357 358 359 361 363 364 365 369 370 373 374 375 376 377 378 383 384 385 386 387 388 390 392 393 394 397 399 400 402 403 404 406 408 409 410 411 413 414 418 419 420 421 422 423 425 426 427 428 429 431 433 434 436 437 438 439 440 442 443 444 445 446 448 449 450 451 452 453 455 456 457 459 460 461 462 463 465 467 468 469 470 472 473 474 476 477 478 479 480 483 484 486 487 489 490 491 493 494 495 496 497 498 499 576 635 
312: 301 304 305 308 309 314 315 317 318 319 324 325 326 329 330 332 333 334 336 337 338 339 343 345 346 347 348 350 352 353 355 358 359 360 362 363 364 366 367 368 369 372 373 375 376 377 378 381 383 384 385 386 387 388 389 391 392 393 394 396 398 399 401 402 403 404 407 408 410 411 412 413 415 416 417 418 420 422 424 425 426 427 429 430 433 434 435 436 438 439 440 441 442 443 444 446 447 449 451 452 454 455 456 457 458 459 461 462 464 466 467 468 470 471 472 473 474 475 476 477 478 480 481 482 486 487 488 492 493 494 496 497 498 499 587 624 699 
313: 300 302 303 304 305 306 307 314 315 316 318 319 320 321 323 325 326 329 330 331 333 335 336 337 338 339 340 341 342 343 344 346 347 348 350 352 353 355 358 359 360 361 362 363 365 368 369 370 371 372 373 374 375 376 377 379 380 381 382 383 384 389 390 392 394 395 397 398 399 401 402 403 404 406 408 409 410 411 412 414 415 416 417 418 419 420 421 422 424 425 426 427 429 431 432 434 435 438 439 440 442 444 445 446 447 448 450 451 452 453 454 455 456 457 459 460 461 462 463 464 466 467 468 469 470 472 474 475 476 479 480 481 482 483 484 486 487 488 489 491 492 493 495 496 497 498 499 578 693 
314: 302 303 304 306 307 310 311 312 313 315 316 317 318 319 320 321 322 325 326 328 329 334 335 336 338 341 342 343 344 345 346 347 348 349 351 352 353 354 356 359 360 362 363 364 365 368 369 370 371 372 373 375 377 378 379 380 381 383 384 385 386 388 389 390 391 395 397 398 399 400 402 405 406 407 410 411 412 414 416 417 418 420 422 423 424 425 426 428 429 431 432 433 434 435 436 437 438 440 441 446 447 449 451 452 454 455 456 457 459 461 465 466 468 469 470 471 472 473 474 476 477 478 479 480 482 483 484 485 489 490 491 492 493 494 495 496 497 498 499 540 555 606 
315: 300 301 304 305 306 307 308 309 310 311 312 313 314 316 317 320 321 322 323 324 328 329 330 331 333 334 335 337 338 340 341 342 343 344 345 346 348 349 351 352 353 355 356 357 360 362 364 366 367 370 372 374 375 376 378 380 383 384 385 386 387 389 390 391 392 393 394 396 397 398 399 400 401 403 406 407 409 411 413 414 415 417 419 420 421 422 423 424 426 430 431 432 433 434 435 438 440 441 442 443 444 445 446 447 448 449 450 451 454 455 456 457 458 459 460 461 462 463 465 466 468 470 471 473 474 476 479 480 482 483 485 487 488 489 490 491 492 493 497 498 499 685 693 
316: 300 303 304 305 306 307 310 313 314 315 317 319 320 321 323 325 326 328 329 330 332 333 335 336 337 338 339 340 341 342 343 344 345 346 348 349 351 352 353 354 355 356 357 359 361 363 364 366 368 369 370 371 372 375 376 377 379 380 381 385 387 388 389 390 391 392 393 395 398 400 401 403 404 405 406 407 408 409 411 412 414 415 416 417 418 419 420 421 422 423 424 425 426 427 429 430 433 434 436 439 440 442 443 444 445 446 447 449 450 452 454 455 456 457 461 464 465 467 468 470 471 472 474 475 476 478 479 481 482 483 485 486 489 490 491 492 493 494 495 496 497 498 499 543 511 617 633 720 1341 1353 1369 1460 1474 
317: 300 301 302 305 307 308 310 311 312 314 315 316 318 319 321 323 325 326 327 328 329 330 331 332 333 334 335 336 337 339 340 341 342 344 345 346 347 349 350 351 352 353 354 355 357 358 359 362 363 364 365 366 367 368 369 370 373 375 376 377 378 379 380 381 385 386 387 388 389 390 391 393 395 396 397 399 400 402 403 404 406 410 411 412 413 414 416 417 418 420 421 422 423 424 425 427 428 429 430 431 432 434 436 437 440 441 443 445 447 448 449 450 451 452 453 455 456 457 458 459 460 463 467 468 469 470 472 473 474 475 476 478 479 481 482 483 484 487 488 489 494 496 497 498 615 735 1356 
318: 300 301 304 305 307 308 309 310 311 312 313 314 317 319 321 322 323 327 328 329 330 331 332 333 335 337 339 340 342 345 346 347 348 349 350 351 352 353 355 356 357 358 359 360 362 363 364 365 366 367 368 369 371 372 374 375 378 379 382 383 384 385 386 387 388 389 391 392 393 396 397 398 399 400 401 402 404 405 406 407 408 410 411 412 413 414 415 416 417 418 421 423 424 426 427 429 430 431 432 433 434 435 436 437 438 439 440 441 442 443 444 445 446 447 449 450 451 452 453 454 455 456 457 458 459 460 462 464 466 467 468 471 472 473 474 476 477 478 479 480 481 483 484 485 486 487 488 489 490 492 493 494 497 498 499 563 
319: 300 301 302 304 307 308 309 310 312 313 314 316 317 318 321 322 323 325 327 328 329 330 331 332 333 336 337 338 341 343 344 345 346 347 349 350 351 356 357 358 362 363 364 368 369 371 372 374 375 376 377 378 379 384 385 386 387 389 390 392 393 396 397 398 399 400 401 403 404 405 406 407 409 410 411 413 415 416 417 418 419 420 421 424 427 428 429 430 432 433 434 435 436 437 438 439 442 443 445 446 448 449 451 452 453 454 455 456 458 459 461 462 464 465 466 468 469 470 471 473 475 476 477 478 479 481 482 485 486 487 491 492 493 494 495 496 497 499 668 1378 
320: 301 304 305 306 307 308 309 310 311 313 314 315 316 321 322 323 325 326 327 328 329 331 332 333 334 335 336 339 340 341 343 344 345 346 347 348 349 350 351 353 354 356 357 358 359 360 361 363 364 365 366 370 371 375 377 379 380 381 382 383 385 387 389 391 392 393 394 395 398 399 401 402 403 404 405 407 408 409 410 411 412 414 415 416 417 418 419 420 421 422 423 425 426 427 428 430 431 432 433 434 436 437 438 442 443 444 446 448 449 450 453 454 455 456 457 458 460 462 463 464 465 467 469 471 472 475 476 477 478 479 480 481 483 485 489 490 491 492 493 494 495 496 497 498 499 523 591 605 623 708 1348 1461 1488 
321: 300 302 303 304 307 310 311 313 314 315 316 317 318 319 320 322 323 324 326 328 329 330 331 332 333 334 336 338 339 341 343 345 346 347 348 349 350 351 352 353 355 356 358 360 362 363 364 365 366 367 368 369 370 371 372 373 374 375 378 379 380 381 382 383 384 385 386 387 388 390 391 394 395 396 397 398 399 401 402 405 407 408 410 411 412 413 414 415 416 418 419 421 423 425 429 430 431 433 436 437 439 440 443 445 447 448 449 450 452 453 454 455 456 457 458 460 461 462 463 464 466 467 468 470 473 475 476 477 478 480 483 488 490 491 492 494 495 496 497 498 539 643 602 1467 1491 
322: 300 302 304 305 306 307 308 309 310 311 314 315 318 319 320 321 323 325 326 327 328 329 330 333 334 335 336 338 339 341 342 344 345 346 347 348 349 350 351 352 353 355 356 357 360 361 364 365 367 368 369 371 372 373 375 377 378 379 382 383 385 386 387 388 390 391 392 394 396 397 398 399 401 402 403 406 407 408 409 412 413 414 415 416 417 418 421 422 423 424 426 430 431 432 433 434 436 438 439 440 441 443 444 445 446 447 448 449 450 451 454 455 456 457 458 459 460 461 462 463 465 468 469 470 471 472 473 474 475 476 477 478 479 480 481 483 484 485 486 488 489 491 492 493 494 495 496 497 498 499 626 1464 
323: 300 301 302 303 305 306 308 310 311 313 315 316 317 318 319 320 321 322 324 325 326 332 333 335 338 340 341 342 343 344 345 347 349 350 351 352 355 357 358 359 360 361 363 364 365 367 368 369 370 371 372 373 374 375 376 377 378 379 383 384 385 386 388 389 391 392 393 394 395 396 397 398 402 403 404 405 406 407 410 411 412 414 415 416 419 420 422 423 424 426 427 428 431 433 434 435 437 439 441 442 443 444 445 447 448 449 450 451 455 457 460 461 462 463 464 466 467 468 470 472 475 476 477 479 482 483 484 486 487 489 492 493 494 495 496 497 498 499 516 608 1476 
324: 300 302 305 306 307 308 309 310 311 312 315 321 323 325 328 329 330 332 333 334 336 337 338 339 343 345 346 348 349 350 351 353 354 355 356 357 358 361 362 363 364 365 366 367 368 369 370 371 372 373 374 376 377 378 379 380 381 383 384 385 386 387 388 389 390 391 392 393 394 395 396 397 398 399 400 403 405 406 407 409 410 411 413 414 415 417 418 419 420 421 422 423 424 426 428 430 432 436 437 438 441 442 443 444 446 447 448 449 454 456 458 459 461 464 465 467 468 470 476 477 478 480 481 483 487 488 489 490 492 493 494 495 497 498 566 704 1488 
325: 300 301 302 303 304 306 308 309 310 311 312 313 314 316 317 319 320 322 323 324 326 327 328 329 330 332 333 336 337 338 339 341 342 343 344 345 346 347 349 354 355 357 358 359 360 362 363 364 367 368 369 370 371 372 373 374 375 376 377 378 380 383 386 387 390 391 395 396 397 398 399 401 404 405 407 409 410 413 416 419 420 421 423 425 426 427 428 429 430 432 433 435 436 438 440 442 443 444 445 446 449 450 453 454 455 456 457 458 463 464 465 466 467 468 471 472 473 474 475 476 477 478 479 482 483 488 489 490 491 492 497 499 520 561 600 612 704 1344 
326: 300 301 302 303 304 305 306 307 308 309 310 312 313 314 316 317 320 321 322 323 325 327 329 330 331 333 334 336 338 339 340 341 342 343 344 346 347 348 349 350 352 354 355 356 358 359 361 362 366 367 370 371 372 373 374 375 376 377 378 379 380 384 386 388 389 390 391 394 395 396 398 399 400 402 403 404 405 407 409 410 411 412 414 415 416 418 420 421 422 423 424 425 427 428 429 430 431 432 434 436 437 439 441 442 443 444 445 448 449 451 454 455 456 457 458 460 461 462 463 464 465 466 468 469 471 472 474 475 476 477 478 479 480 481 483 484 485 486 487 488 489 491 492 493 494 496 497 498 499 669 
327: 301 303 304 307 309 310 311 317 318 319 320 322 325 326 328 330 332 333 336 337 338 340 341 342 343 345 346 347 349 351 352 353 354 355 357 358 361 363 364 365 366 368 369 371 372 373 375 376 377 378 380 381 385 387 388 389 390 392 393 394 395 396 397 398 399 400 401 403 404 405 406 407 408 410 412 413 414 415 416 417 418 419 421 422 423 424 425 426 427 428 429 430 431 433 434 435 436 437 438 439 440 442 443 445 446 447 448 451 452 454 455 457 459 460 461 462 463 464 465 466 467 468 469 471 473 476 477 478 480 481 482 483 484 485 486 487 488 490 491 492 493 494 495 496 497 498 499 551 650 700 
328: 300 301 302 303 307 308 309 311 314 315 316 317 318 319 320 321 322 324 325 327 329 330 332 333 334 335 337 338 339 340 341 343 344 345 346 347 348 349 350 351 352 353 354 355 358 359 362 365 366 370 371 372 373 374 375 376 377 378 379 380 381 382 383 384 385 386 387 388 389 390 391 392 393 394 395 396 399 400 401 402 403 404 406 407 408 410 411 412 413 414 416 417 420 421 422 424 425 426 427 428 429 431 432 434 436 437 438 439 440 441 442 443 444 445 446 447 449 451 452 453 454 455 456 457 458 460 461 463 464 465 467 468 469 471 474 475 477 479 480 482 484 485 487 489 490 492 493 494 495 497 498 499 617 
329: 301 302 303 305 308 309 310 311 312 313 314 315 316 317 318 319 320 321 322 324 325 326 328 330 333 334 335 338 340 343 344 345 346 347 349 350 351 353 354 355 356 357 359 360 361 365 368 369 370 371 373 375 376 378 379 380 381 382 385 386 387 388 389 390 392 393 394 396 397 400 401 402 403 404 405 406 407 408 409 410 411 416 417 418 419 420 421 422 423 425 426 427 428 433 435 436 437 438 441 442 443 444 445 446 449 451 452 453 455 456 457 458 460 461 462 464 465 466 467 468 470 472 473 474 475 476 477 478 479 480 481 482 483 484 485 486 487 489 490 491 495 496 497 498 499 567 631 686 738 
330: 303 304 307 308 310 311 312 313 315 316 317 318 319 321 322 324 325 326 327 328 329 331 333 335 336 339 341 343 345 346 348 349 352 354 359 360 361 363 364 365 366 367 368 369 370 371 372 373 374 375 376 377 378 379 380 381 382 383 384 385 387 388 389 392 393 394 395 397 398 399 400 402 405 406 407 409 410 411 413 414 415 416 417 419 421 422 423 424 425 427 428 429 431 432 433 434 435 436 437 438 439 440 442 443 444 445 446 448 450 451 452 454 455 456 457 458 459 460 461 462 463 464 465 467 469 470 471 472 473 474 475 477 480 481 484 485 486 487 488 490 491 492 493 494 496 497 498 
331: 300 301 302 303 304 305 306 307 308 309 310 311 313 315 317 318 319 320 321 326 330 332 334 335 337 339 340 341 342 343 345 346 347 349 350 353 354 355 358 361 362 363 365 366 367 368 372 373 374 375 376 377 378 379 380 381 382 385 388 389 390 392 393 394 395 396 397 398 399 400 402 403 404 405 407 408 409 410 411 412 413 414 415 416 417 419 420 421 422 423 424 425 426 427 428 431 432 434 435 436 437 441 443 444 445 446 448 449 450 451 452 453 455 456 457 459 460 461 462 464 465 466 467 468 471 472 473 474 475 477 479 480 481 482 484 485 486 489 491 496 498 499 517 587 677 
332: 300 302 304 305 307 308 309 310 311 312 316 317 318 319 320 321 323 324 325 327 328 331 333 334 335 336 337 338 340 341 343 344 350 352 353 354 357 358 361 362 363 364 365 366 367 370 372 375 376 377 379 380 381 385 386 387 388 390 391 392 394 395 397 400 401 402 403 404 405 406 407 408 410 412 413 416 417 419 420 422 423 424 425 427 428 429 430 431 432 433 434 435 436 437 438 440 441 443 444 445 447 448 449 450 451 452 453 454 455 456 457 458 460 461 462 463 465 466 467 468 469 472 473 475 477 478 479 481 482 485 486 488 490 491 492 493 494 495 496 497 578 632 713 
333: 300 302 303 304 305 307 308 309 312 313 315 316 317 318 319 320 321 322 323 324 325 326 327 328 329 330 332 335 336 337 338 339 341 342 343 344 345 348 349 350 351 352 353 355 356 359 360 361 362 363 364 365 367 368 369 370 373 377 378 379 380 381 383 384 385 386 387 390 393 395 398 399 401 402 404 406 407 408 409 410 411 412 413 414 416 417 418 419 420 421 422 423 424 426 427 429 430 431 432 433 435 436 437 439 441 443 444 445 448 449 450 451 452 454 455 458 459 460 461 462 465 466 468 469 470 472 473 475 477 478 480 482 483 486 487 488 489 490 491 492 493 494 495 496 498 688 
334: 301 302 304 306 307 308 310 311 312 314 315 317 320 321 322 324 326 328 329 331 332 335 340 341 343 344 346 348 350 351 352 353 354 356 357 358 360 361 363 364 365 366 367 370 372 373 374 376 377 378 379 380 381 382 383 385 387 390 391 392 393 394 395 397 398 400 401 403 404 405 406 407 409 410 412 413 415 417 418 419 421 422 423 424 425 427 428 429 430 431 434 435 436 437 439 440 442 443 447 449 450 451 452 453 454 455 462 463 465 467 469 470 472 475 477 478 479 480 481 482 483 484 487 488 489 490 491 492 493 494 495 496 498 546 618 1481 
335: 300 301 302 305 306 307 309 310 313 314 315 316 317 318 320 322 323 328 329 330 331 332 333 334 336 337 338 340 341 342 344 345 346 347 348 349 351 352 355 356 360 362 363 364 365 366 368 369 370 371 372 373 374 375 377 378 380 381 382 384 386 387 388 389 390 392 393 394 396 397 398 399 400 402 403 404 405 409 410 411 412 413 414 415 417 418 419 420 421 423 425 426 427 429 430 432 433 435 436 439 440 441 442 443 445 446 447 448 449 450 451 452 454 455 456 457 458 459 462 463 464 466 467 470 471 472 473 475 476 477 478 485 487 489 490 491 492 493 494 495 497 499 680 727 730 1467 
336: 300 301 302 303 304 305 306 307 310 311 312 313 314 316 317 319 320 321 322 324 325 326 327 330 332 333 335 337 338 339 341 342 343 344 345 346 347 349 350 352 353 354 356 357 358 359 361 364 365 367 368 369 370 371 374 375 376 378 380 382 383 385 386 387 388 389 391 393 394 395 396 397 398 400 401 402 403 404 405 406 407 408 409 410 411 413 414 415 418 420 421 422 423 424 426 427 428 429 430 431 432 433 435 436 438 439 441 443 446 448 451 453 454 455 457 458 459 462 463 466 468 470 471 472 473 474 475 476 477 479 481 482 484 485 486 487 488 489 491 492 493 494 496 497 498 499 573 667 611 695 
337: 300 301 302 303 309 311 312 313 315 316 317 318 319 324 325 327 328 331 332 333 335 336 338 339 340 341 343 344 345 348 350 351 354 357 358 359 361 362 364 365 366 368 376 377 379 384 385 386 387 388 389 390 391 392 393 394 396 397 398 399 402 403 405 406 407 408 409 410 414 415 416 418 419 420 421 422 423 424 425 426 427 428 430 431 432 433 436 437 438 440 443 446 447 448 451 452 453 454 455 456 457 459 464 465 468 469 470 471 472 473 475 477 478 481 482 483 484 485 486 488 489 491 493 494 495 498 574 588 504 659 1358 
338: 301 303 304 305 307 308 309 310 312 313 314 315 316 319 321 322 323 324 325 326 327 328 329 332 333 335 336 337 339 341 343 345 346 347 348 349 351 353 354 355 357 359 360 361 362 363 364 365 366 367 370 371 372 373 374 376 380 381 382 383 384 385 386 387 388 389 390 391 392 393 397 398 399 400 402 403 404 405 406 407 408 409 410 412 413 414 415 416 417 418 419 422 423 424 426 427 428 429 430 431 432 433 434 435 436 437 438 440 441 442 443 444 445 446 447 448 450 451 454 455 456 457 459 460 461 462 464 465 466 472 474 475 476 477 481 484 486 488 489 490 491 492 493 495 496 498 522 552 638 1372 
339: 301 302 303 304 305 306 307 308 309 310 311 312 313 316 317 318 320 321 322 324 325 326 328 330 331 333 336 337 338 340 341 342 343 344 346 347 348 349 350 351 352 353 354 355 356 357 358 360 361 363 364 365 366 367 368 369 370 371 372 373 374 375 376 377 378 379 380 381 383 384 385 386 387 388 389 390 391 392 393 394 395 396 397 399 400 401 403 404 406 407 409 410 412 413 414 417 418 419 420 421 422 423 424 426 427 428 429 430 432 433 434 435 436 437 438 439 441 442 443 444 445 446 448 451 452 453 456 457 458 460 461 462 463 464 467 468 469 471 472 473 474 477 480 482 483 484 485 488 489 490 491 493 494 495 496 498 499 
340: 300 301 302 304 305 307 308 310 311 313 315 316 317 318 320 323 326 327 328 329 331 332 334 335 337 339 341 342 343 344 345 346 348 349 350 352 353 354 355 356 357 359 360 361 363 364 365 366 367 368 371 372 374 375 376 377 378 379 380 381 382 383 384 387 388 389 390 391 392 393 394 395 397 400 401 402 403 404 405 407 409 410 411 412 413 414 416 417 418 419 421 422 423 426 427 428 429 431 432 435 436 437 438 440 441 443 444 445 447 448 449 450 451 452 453 454 455 456 457 458 459 460 461 462 464 465 466 467 468 469 470 471 472 474 476 478 479 480 481 482 483 485 486 487 488 490 491 494 495 496 497 498 499 524 593 635 1378 
341: 300 301 302 303 306 307 309 310 313 314 315 316 317 319 320 321 322 323 325 326 327 328 330 331 332 333 334 335 336 337 338 339 340 342 343 346 347 352 353 355 358 359 360 361 362 364 365 366 367 369 370 371 373 375 376 378 382 383 385 387 388 389 390 391 392 393 394 395 396 398 399 400 401 403 407 408 409 410 412 413 416 417 418 420 421 422 423 424 425 426 429 430 431 432 433 434 435 436 438 439 440 441 442 443 444 445 447 448 449 450 451 452 453 455 456 458 459 462 463 465 467 468 469 470 471 472 473 474 475 476 478 479 480 483 484 487 489 491 492 494 496 497 498 499 503 610 693 703 
342: 301 302 304 305 307 308 309 310 313 314 315 316 317 318 322 323 325 326 327 331 333 335 336 339 340 341 343 344 345 346 347 349 351 355 359 360 362 364 365 366 367 368 370 371 372 373 374 378 379 380 381 382 383 384 386 388 390 391 392 393 394 395 397 398 400 404 405 407 408 409 410 411 413 416 418 420 422 423 424 425 427 429 432 434 435 436 437 438 439 440 441 443 444 446 447 448 450 453 454 456 457 459 460 462 465 466 467 468 469 470 471 473 474 475 477 478 479 480 481 483 485 486 488 489 490 491 492 494 495 496 497 498 583 502 700 1376 
343: 301 303 304 306 307 308 309 310 311 312 313 314 315 316 319 320 321 323 324 325 326 327 328 329 330 331 332 333 334 336 337 338 339 340 341 342 344 346 347 348 349 351 352 353 354 355 357 358 360 363 364 365 366 367 368 370 372 375 376 379 380 383 384 385 387 388 390 391 392 395 400 401 405 407 408 411 413 414 416 417 418 421 422 423 425 427 428 429 432 433 434 435 437 438 439 440 442 444 445 448 449 450 451 452 453 457 458 459 461 462 463 464 465 466 467 469 470 471 472 473 474 475 477 478 479 480 481 483 485 486 488 489 490 491 492 493 494 495 496 497 498 499 528 619 739 
344: 300 301 302 303 304 306 313 314 315 316 317 319 320 322 323 325 326 328 329 332 333 334 335 336 337 339 340 342 343 345 346 347 349 350 351 353 354 355 358 359 360 361 362 363 365 367 369 370 371 373 374 377 378 379 380 381 382 383 385 386 387 389 390 391 392 394 395 396 397 399 402 403 404 406 407 408 409 411 412 414 416 417 418 420 421 422 423 424 425 427 428 429 430 431 432 433 434 437 438 439 440 442 443 445 449 450 452 453 455 456 459 461 462 467 471 473 474 476 477 479 480 481 482 483 486 487 488 490 491 492 493 494 495 496 497 498 499 519 524 696 709 
345: 300 301 303 307 308 309 310 311 312 314 315 316 317 318 319 320 321 322 323 324 325 327 328 329 330 331 333 335 336 337 338 340 342 344 346 347 349 351 354 355 356 357 360 361 362 363 364 365 366 368 369 370 371 373 376 377 378 379 382 383 384 385 387 391 393 394 395 396 398 399 400 401 402 403 405 406 409 410 411 412 413 414 415 416 417 418 419 420 421 423 424 425 426 427 428 429 430 431 432 434 435 436 437 439 440 443 444 445 446 447 448 449 450 451 453 454 455 456 457 458 459 460 461 462 463 465 467 469 470 472 473 476 477 478 479 480 481 482 483 484 485 487 489 492 494 496 498 499 529 730 1346 1373 1489 
346: 301 303 304 305 307 308 309 310 312 313 314 315 316 317 318 319 320 321 322 324 325 326 327 328 329 330 331 334 335 336 338 339 340 341 342 343 344 345 348 351 352 353 354 355 356 357 358 360 361 362 363 369 371 372 373 374 375 376 378 380 382 383 384 386 388 389 391 392 393 395 396 397 399 400 401 402 407 409 410 413 414 415 416 417 420 421 422 423 426 427 428 430 431 433 434 436 437 438 439 441 442 443 444 445 446 447 448 450 451 453 454 456 457 458 460 461 463 465 468 469 470 471 472 473 474 475 476 477 478 479 481 483 484 487 488 489 490 491 493 495 499 601 690 693 701 1367 1476 
347: 300 301 304 305 307 308 309 311 312 313 314 317 318 319 320 321 322 323 325 326 327 328 329 331 335 336 338 339 341 342 343 344 345 348 349 351 354 355 356 357 358 359 361 362 363 365 366 367 368 369 372 373 374 375 379 380 382 384 385 386 388 390 391 392 393 394 395 396 397 398 400 401 402 403 404 405 406 408 410 411 413 414 415 418 419 420 421 422 424 425 427 428 429 430 432 434 435 437 438 439 440 441 442 443 445 446 449 452 453 454 457 459 461 463 464 465 466 467 469 470 471 473 474 476 477 479 480 482 483 484 485 486 487 491 492 493 494 495 496 497 498 499 572 575 602 
348: 300 301 302 304 305 306 307 309 310 312 313 314 315 316 318 320 321 322 324 326 328 330 333 334 335 337 338 339 340 343 346 347 351 353 354 355 356 357 359 360 361 362 363 364 365 366 367 369 370 373 375 379 381 382 383 384 385 388 390 391 392 393 396 398 402 403 405 406 408 409 410 412 413 414 417 419 420 422 423 424 426 427 428 429 431 432 433 437 438 439 440 441 442 444 446 447 450 452 453 454 455 456 457 458 459 460 461 462 463 468 469 471 473 474 475 477 478 479 480 482 484 485 486 487 488 489 491 492 493 495 498 
349: 301 304 305 306 307 308 309 310 314 315 316 317 318 319 320 321 322 323 324 325 326 327 328 329 330 331 333 335 336 338 339 340 342 343 344 345 347 350 352 353 355 358 359 360 361 363 364 365 366 367 368 370 371 375 376 378 379 380 382 383 385 387 389 393 394 395 396 400 401 402 403 404 406 407 408 409 410 411 412 413 414 415 416 417 418 422 423 425 426 427 430 431 432 434 437 438 441 442 443 444 445 446 447 449 450 451 452 453 454 455 456 457 458 464 465 466 467 468 471 472 473 474 475 476 477 478 479 481 482 483 485 486 487 488 490 491 492 493 494 495 496 497 498 677 678 703 729 739 
350: 300 301 303 306 307 308 309 310 311 312 313 317 318 319 320 321 322 323 324 326 328 329 331 332 333 334 336 337 339 340 344 349 352 353 354 355 356 357 358 360 362 364 367 368 369 371 372 373 374 375 376 377 379 380 381 382 384 385 387 390 391 392 394 395 396 398 399 402 403 404 405 407 408 409 410 411 412 413 414 415 416 418 419 420 421 423 424 425 428 431 432 433 434 435 437 438 439 440 441 443 444 445 447 448 450 453 455 457 458 459 460 461 463 465 466 467 470 472 473 474 475 477 478 480 481 482 484 486 487 488 489 490 493 494 499 693 
351: 300 301 302 303 304 305 306 307 308 309 310 311 314 315 316 317 318 319 320 321 322 323 324 327 328 329 333 334 335 337 338 339 342 343 344 345 346 347 348 352 353 356 357 358 359 360 362 364 365 367 368 369 372 373 375 376 377 378 380 381 382 385 386 387 388 389 390 391 392 393 396 397 399 400 401 402 403 404 405 406 407 408 409 410 411 412 413 414 415 416 418 420 421 422 423 425 426 427 430 431 432 433 434 435 436 437 438 440 443 445 447 448 449 450 451 453 454 455 456 458 460 462 463 465 467 469 470 471 472 473 474 475 476 477 478 481 484 485 486 487 488 489 490 491 492 493 494 495 496 498 499 560 599 730 1479 
352: 300 301 303 304 305 307 308 310 311 312 313 314 315 316 317 318 321 322 323 326 327 328 330 332 333 334 335 336 339 340 341 343 346 349 350 351 354 355 356 357 359 360 361 362 363 365 366 367 370 372 373 374 375 376 377 378 380 381 383 384 385 386 389 390 392 393 394 395 396 397 398 400 403 404 405 407 409 410 412 413 414 415 417 418 419 420 421 422 424 425 426 427 428 429 430 431 434 435 437 439 440 441 442 443 444 446 447 448 450 451 454 455 456 457 458 459 462 463 464 465 466 469 470 471 472 473 474 475 478 479 481 483 484 485 487 488 490 491 492 493 495 496 497 498 499 540 541 545 589 614 691 702 
353: 300 301 302 303 304 305 306 310 311 312 313 314 315 316 317 318 320 321 322 324 327 328 329 331 332 333 334 336 338 339 340 341 343 344 346 348 349 350 351 356 357 358 359 360 362 363 364 366 367 368 370 372 373 374 375 377 378 379 380 381 382 384 385 386 388 389 391 392 393 394 395 396 398 400 401 403 405 406 408 409 412 414 415 416 417 418 419 421 422 424 425 426 427 429 430 431 432 434 435 436 437 438 439 440 441 443 445 446 448 450 452 453 455 457 458 460 461 462 464 465 466 467 468 469 470 472 474 475 476 479 480 481 483 484 485 486 489 490 491 492 493 494 496 497 498 499 522 571 629 684 708 724 1350 
354: 301 302 303 304 306 307 308 309 310 311 314 316 317 320 324 325 326 327 328 329 330 331 332 334 336 337 338 339 340 343 344 345 346 347 348 350 352 355 357 359 360 362 363 364 367 369 370 371 372 373 374 377 378 379 380 382 384 386 387 390 391 392 394 396 397 398 400 401 403 404 405 406 408 409 410 411 413 414 415 416 417 418 419 422 423 424 425 427 428 429 430 431 432 433 434 436 437 439 442 443 444 446 447 449 451 452 454 455 456 458 459 461 462 463 464 466 467 468 470 471 473 474 476 477 479 480 481 482 483 484 485 486 487 488 490 491 492 493 494 496 497 498 688 708 
355: 301 302 303 305 308 309 310 311 312 313 315 316 317 318 321 322 323 324 325 326 327 328 329 331 333 335 338 339 340 341 342 343 344 345 346 347 348 349 350 352 354 356 357 358 359 360 361 362 363 365 369 370 371 372 373 374 375 376 377 378 379 381 382 385 386 389 394 395 396 397 400 401 402 403 405 407 408 409 410 412 413 414 415 416 418 419 421 422 423 424 425 426 427 428 430 431 432 434 435 436 437 438 440 442 444 445 446 447 448 449 451 452 453 454 456 457 459 461 462 463 464 465 466 467 468 469 470 471 472 473 474 475 476 477 479 480 482 484 485 486 488 489 490 491 492 493 494 495 496 497 498 499 551 1363 1485 1487 
356: 300 303 304 305 306 307 309 311 314 315 316 318 319 320 321 322 324 326 329 333 334 335 336 339 340 345 346 347 348 350 351 352 353 355 357 358 360 361 362 363 364 365 367 368 370 373 374 375 376 377 378 379 381 382 383 385 386 388 390 391 392 395 399 400 401 402 403 404 405 406 407 408 409 410 412 413 414 415 417 418 420 422 423 425 426 428 430 431 433 435 436 437 438 439 440 441 442 443 444 445 446 447 448 450 452 453 455 456 457 458 459 460 462 464 465 466 467 469 470 472 473 474 475 476 477 478 480 482 483 485 486 487 488 489 491 492 494 495 496 497 498 499 647 618 700 1464 1489 
357: 300 301 303 304 305 306 307 308 310 311 315 316 317 318 319 320 322 323 324 325 327 329 332 334 336 337 338 339 340 343 345 346 347 348 350 351 352 353 354 355 356 358 361 362 363 364 365 369 370 373 374 375 376 378 380 381 383 385 386 387 388 390 391 392 393 394 395 396 398 399 400 401 402 403 407 408 410 411 412 413 414 415 417 418 419 420 423 424 425 426 427 428 429 430 433 435 437 438 439 441 442 443 445 448 449 450 451 452 453 457 458 460 462 464 468 469 472 473 474 475 476 477 478 480 481 482 483 484 485 486 488 490 492 493 494 495 496 497 652 634 673 726 
358: 300 301 302 303 304 305 307 311 312 313 317 318 319 320 321 323 324 325 326 327 328 331 332 334 336 337 339 341 343 344 346 347 349 350 351 353 355 356 357 359 360 361 362 364 365 367 368 369 370 371 372 373 374 377 378 379 380 381 382 383 384 385 386 387 388 389 390 392 393 396 397 398 399 400 402 403 404 406 407 408 410 411 412 413 415 416 417 418 420 421 422 425 426 427 428 429 431 433 435 436 437 439 440 441 443 444 446 447 448 449 450 451 452 453 454 455 456 457 458 459 460 461 462 465 466 467 468 469 470 471 472 473 474 475 476 477 478 479 480 481 483 484 486 487 488 489 490 492 493 494 495 496 497 498 499 541 717 
359: 300 303 304 306 307 308 309 310 311 312 313 314 316 317 318 320 323 325 326 328 329 330 333 336 337 338 340 341 342 344 347 348 349 351 352 353 354 355 358 360 361 362 363 364 368 369 371 375 378 379 380 382 383 384 385 386 387 389 391 392 394 395 396 397 398 399 402 405 406 407 409 410 411 412 413 415 416 417 418 420 421 422 423 424 425 426 427 430 431 432 433 435 436 438 439 441 442 444 445 446 447 448 449 450 451 452 453 454 455 459 460 461 463 464 465 466 467 468 469 470 471 473 475 476 477 480 482 483 484 485 486 487 488 490 491 492 494 496 498 499 514 547 578 598 
360: 300 301 302 303 304 305 308 309 310 312 313 314 315 318 320 321 322 323 325 329 330 333 334 335 338 339 340 341 342 343 344 345 346 348 349 350 351 352 353 354 355 356 358 359 361 362 363 364 366 367 371 372 374 377 378 379 380 381 383 385 386 389 390 391 394 395 396 397 401 402 403 404 405 406 407 409 410 411 412 413 415 416 417 422 424 425 427 429 431 433 435 437 439 442 443 445 446 447 450 453 454 455 456 457 458 459 460 461 462 464 465 466 467 468 469 473 474 476 477 478 479 480 482 483 484 485 488 489 490 491 492 493 495 498 499 554 703 1350 
361: 300 302 303 304 305 306 309 310 311 313 316 320 322 323 324 326 327 329 330 331 332 333 334 336 337 338 339 340 341 344 345 346 347 348 349 352 355 356 357 358 359 360 363 366 367 369 370 372 374 375 377 378 379 380 384 385 386 387 388 389 393 394 395 396 399 402 403 405 406 409 410 412 413 415 416 417 418 419 421 423 424 426 428 429 431 436 437 438 439 442 444 445 446 448 449 450 451 452 453 455 458 460 462 463 468 471 472 473 474 475 476 477 478 480 481 482 484 485 486 487 489 491 492 493 494 495 496 497 499 614 1475 
362: 300 303 304 305 306 308 309 310 312 313 314 315 317 318 319 321 324 325 326 328 331 332 333 335 337 338 341 342 344 345 346 347 348 350 351 352 353 354 355 356 357 358 359 360 364 365 366 367 368 369 370 371 374 375 376 377 378 379 380 382 383 384 386 388 389 390 391 392 394 396 397 398 399 401 402 403 405 406 407 408 409 412 413 414 416 417 418 419 421 422 423 424 425 428 429 430 431 432 434 435 436 437 438 440 441 442 443 445 446 447 448 449 450 451 452 454 456 457 458 462 463 464 465 466 467 468 469 471 472 474 475 476 479 480 481 482 483 484 485 486 488 489 492 493 494 495 496 498 499 571 576 664 693 1483 
363: 302 303 306 307 309 311 312 313 314 316 317 318 319 320 321 323 324 325 327 330 331 332 333 334 335 338 339 340 343 344 345 346 347 348 349 352 353 354 355 356 357 359 360 361 364 365 366 367 370 371 372 374 375 376 377 378 379 380 382 383 385 386 388 389 393 396 400 403 404 406 408 411 412 413 414 415 416 417 418 419 420 421 422 423 426 429 430 433 434 436 437 438 439 440 441 443 444 445 446 447 448 449 451 452 453 454 455 456 457 458 459 460 461 462 464 465 466 467 469 470 471 472 474 476 479 481 483 484 485 486 487 488 489 490 492 493 494 495 496 497 498 499 1462 1495 1496 
364: 300 301 302 303 304 305 307 308 310 311 312 314 315 316 317 318 319 320 321 322 323 324 325 327 330 332 333 334 335 336 337 338 339 340 341 342 343 345 348 349 350 351 353 354 356 357 358 359 360 362 363 368 369 371 373 374 377 380 381 382 383 384 386 387 389 390 391 392 393 394 395 398 401 403 404 405 406 409 410 411 414 415 417 419 420 421 422 423 425 426 427 428 429 430 431 432 434 435 438 439 440 441 442 444 445 446 448 449 450 451 452 453 454 455 457 459 461 462 463 464 467 468 469 470 471 472 473 474 475 476 477 478 479 480 482 483 485 486 487 488 490 491 494 495 496 497 498 1374 
365: 300 301 302 303 304 305 306 308 311 313 314 317 318 320 321 322 323 324 327 328 329 330 331 332 333 334 335 336 337 338 339 340 341 342 343 344 345 347 348 349 351 352 355 356 357 358 362 363 366 367 368 369 370 371 372 373 374 376 377 378 379 382 383 384 385 387 388 389 391 393 394 396 397 399 400 401 402 403 404 409 410 411 412 413 414 417 418 419 421 424 426 427 428 429 430 432 433 434 435 437 438 440 441 443 444 445 447 450 451 454 455 458 460 461 463 464 466 467 468 469 470 472 473 474 475 476 482 484 485 486 487 488 489 490 492 493 495 496 497 498 499 527 1355 1379 
366: 300 301 302 303 304 308 312 315 316 317 318 320 321 324 326 327 328 330 331 332 334 335 337 338 339 340 341 342 343 345 347 348 349 352 353 360 361 362 363 365 367 368 371 372 376 377 379 380 383 384 386 387 388 389 390 391 392 393 394 396 397 400 402 404 405 406 407 408 409 410 411 412 413 414 415 416 418 419 421 422 423 425 427 431 432 433 434 438 440 441 442 444 445 446 447 448 449 450 455 456 459 460 463 464 465 467 469 471 472 473 474 475 476 477 478 479 480 481 483 484 485 487 488 489 490 494 495 496 497 498 600 611 620 692 698 707 
367: 300 301 302 303 304 305 306 307 308 309 310 312 315 317 318 321 322 323 324 325 326 330 331 332 333 334 336 338 339 340 341 342 343 344 347 348 349 350 351 352 353 354 356 358 360 361 362 363 365 366 368 369 370 371 372 374 375 376 378 379 380 383 385 386 387 388 391 393 394 395 397 398 399 400 401 403 405 406 409 410 412 413 414 415 416 417 418 419 420 421 422 425 426 428 429 430 431 432 434 435 436 437 438 439 440 441 443 444 446 450 451 453 454 456 457 459 460 461 462 463 465 466 467 468 469 470 471 472 473 474 475 476 478 481 482 483 484 485 486 487 488 490 491 494 495 496 497 499 638 670 1354 1490 
368: 302 303 304 308 309 312 313 314 316 317 318 319 321 322 323 324 325 327 329 330 331 333 335 336 337 339 340 342 343 345 347 349 350 351 353 356 358 359 362 364 365 366 367 369 371 372 374 375 378 379 380 382 384 385 386 387 389 390 393 394 396 397 399 401 404 405 406 407 408 409 410 412 413 414 415 416 417 418 419 420 424 426 427 428 430 432 433 434 435 436 437 438 441 442 444 445 446 447 448 451 452 454 456 460 462 463 464 465 466 467 468 469 471 472 473 474 475 477 478 479 480 481 482 483 484 486 487 489 490 491 493 494 495 496 498 499 544 576 685 1364 
369: 300 303 304 305 306 308 309 310 311 312 313 314 316 317 318 319 321 322 323 324 325 327 329 330 333 335 336 339 341 344 345 346 347 348 350 351 354 355 357 358 359 361 362 364 365 367 368 370 371 372 373 374 376 377 378 379 380 381 382 383 384 385 388 389 390 391 392 394 396 397 398 399 400 401 402 403 404 405 406 407 409 410 411 412 413 415 416 417 418 419 420 425 426 429 431 432 435 436 437 438 439 440 441 442 443 446 447 449 451 452 453 454 455 457 458 459 461 463 464 465 467 468 469 470 471 472 473 474 475 476 477 479 480 483 486 487 489 490 491 492 494 495 496 497 499 575 589 675 
370: 300 302 303 304 308 310 311 313 314 315 316 317 320 321 323 324 325 326 328 329 330 332 333 334 335 336 338 339 341 342 343 344 345 348 349 352 353 354 355 356 357 358 361 362 363 365 367 369 372 375 377 378 379 381 383 384 386 387 388 389 390 391 392 394 395 397 398 400 402 404 406 407 408 410 413 414 415 416 417 418 419 421 423 424 425 427 428 429 430 431 432 434 437 438 439 440 442 443 444 446 449 450 451 452 453 454 455 456 459 461 462 463 464 467 469 471 472 473 475 476 478 482 483 485 486 488 489 492 493 496 497 498 499 670 699 
371: 300 301 303 304 306 308 310 313 314 316 318 319 320 321 322 323 324 325 326 327 328 329 330 335 336 338 339 340 341 342 344 345 346 349 350 354 355 358 359 360 362 363 364 365 366 367 368 369 372 373 374 375 376 377 379 381 382 383 384 387 388 389 390 391 392 393 394 397 399 400 401 402 403 405 408 409 410 411 413 414 415 416 417 418 419 422 423 425 426 427 429 431 432 433 434 436 437 438 442 444 445 446 447 448 449 450 451 452 453 454 455 456 457 458 460 461 462 463 464 465 466 468 469 470 471 472 474 476 477 479 481 482 483 485 486 487 488 489 491 492 493 496 497 498 655 669 686 1463 
372: 301 302 303 304 305 306 307 308 309 312 313 314 315 316 318 319 321 322 323 324 325 326 327 328 330 331 332 334 335 338 339 340 342 343 346 347 350 351 352 353 354 355 358 360 361 363 365 366 367 368 369 370 371 373 377 378 380 381 382 383 384 385 386 387 388 389 390 391 392 393 396 397 399 403 404 405 406 407 409 410 411 412 413 414 419 420 421 422 424 425 428 429 431 432 434 435 439 440 441 442 443 446 447 448 449 450 452 453 454 455 456 457 458 459 460 461 464 466 467 468 469 470 472 473 475 478 480 481 482 484 485 487 490 491 492 493 495 498 499 577 692 729 1366 1460 1491 
373: 302 303 304 305 306 307 308 309 310 311 312 313 314 317 321 322 323 324 325 326 327 328 329 330 331 333 334 335 338 339 341 342 344 345 346 347 348 350 351 352 353 354 355 356 357 358 364 365 369 371 372 374 376 377 378 379 380 382 383 386 387 391 392 393 395 396 397 398 399 400 402 403 405 406 407 408 409 410 412 413 414 416 417 418 419 420 422 424 425 427 428 429 430 431 432 433 435 436 437 438 439 441 442 443 444 446 449 450 451 452 453 454 455 456 457 458 460 462 463 465 467 468 469 470 475 476 479 480 481 482 485 486 487 488 490 491 493 494 495 496 498 599 644 1359 
374: 301 302 303 304 307 308 309 311 313 315 318 319 321 323 324 325 326 328 330 331 334 335 336 338 339 340 342 344 346 347 350 352 353 354 355 356 357 358 360 361 362 363 364 365 367 368 369 371 373 375 377 378 381 382 383 384 388 389 391 392 393 394 395 396 397 398 399 400 402 407 408 409 410 411 412 413 415 417 418 419 420 421 422 425 427 428 429 430 433 434 435 437 439 440 441 443 444 445 447 449 450 452 453 454 455 457 458 460 461 463 469 472 473 474 475 476 478 480 481 482 483 486 487 489 491 494 495 498 499 520 521 
375: 301 303 305 307 308 309 310 311 312 313 314 315 316 317 318 319 320 321 322 323 325 326 327 328 329 330 331 332 335 336 339 340 341 343 346 347 348 349 350 351 352 353 355 356 357 359 361 362 363 367 368 370 371 374 377 378 379 380 381 382 385 386 387 390 391 393 394 397 398 399 400 401 402 403 405 407 408 409 410 411 412 413 416 420 421 422 424 429 432 434 435 436 437 438 439 440 442 443 444 446 447 448 450 451 452 453 454 456 457 459 460 461 462 463 465 466 467 468 469 470 471 473 474 477 479 482 483 484 486 487 488 489 491 492 493 494 495 496 497 498 499 579 651 
376: 301 302 303 306 308 309 310 311 312 313 315 316 317 319 323 324 325 326 327 328 329 330 331 332 334 336 337 338 339 340 341 343 345 346 349 350 351 352 355 356 357 362 363 365 366 367 369 371 373 379 380 381 383 384 386 387 388 389 390 391 392 393 395 396 397 398 400 401 402 404 405 407 408 409 411 412 413 414 416 417 418 419 420 421 423 425 426 427 428 429 430 431 433 434 436 438 439 441 442 445 447 448 449 450 452 453 454 456 457 458 459 461 463 464 466 467 468 470 471 472 474 475 478 479 480 481 482 483 484 485 486 487 488 489 490 492 494 495 496 497 498 499 1358 
377: 300 301 302 303 304 305 306 307 308 309 310 311 312 313 314 316 317 319 320 322 323 324 325 326 327 328 330 331 332 333 334 335 337 339 340 344 345 350 351 352 353 354 355 356 358 360 361 362 363 364 365 366 369 370 371 372 373 374 375 379 380 383 385 386 388 389 391 394 395 396 397 401 402 403 404 405 406 407 408 409 410 413 414 415 416 417 418 419 420 421 422 424 425 426 427 431 433 434 435 436 437 440 442 444 445 449 450 451 452 453 455 457 459 460 462 465 466 467 468 469 470 471 472 473 474 475 476 477 478 479 480 481 482 483 484 485 486 487 488 489 490 493 494 495 496 498 547 500 
378: 300 301 302 303 304 307 309 311 312 314 315 317 318 319 321 322 323 324 325 326 327 328 329 330 331 333 334 335 336 339 340 341 342 344 345 346 349 351 352 353 354 355 356 357 358 359 360 361 362 363 365 367 368 369 370 372 373 374 375 380 381 382 383 384 385 387 391 392 394 395 396 397 398 399 400 401 402 403 404 406 407 408 409 410 412 413 414 415 416 417 421 422 423 424 425 429 431 432 433 434 435 436 437 438 439 440 441 443 444 445 447 448 449 450 451 452 453 455 456 457 458 459 460 461 462 463 464 465 466 469 473 474 475 476 477 479 481 482 484 487 489 490 491 493 494 495 497 498 499 675 
379: 300 301 302 303 304 306 307 308 309 313 314 316 317 318 319 320 321 322 323 324 326 328 329 330 331 332 333 334 337 339 340 342 343 344 345 347 348 349 350 353 354 355 356 358 359 360 361 362 363 365 366 367 368 369 370 371 373 375 376 377 380 381 382 383 384 385 386 387 388 389 390 392 393 394 395 396 397 398 400 404 405 407 408 410 411 412 413 414 416 417 418 419 420 421 422 423 424 425 426 428 431 432 433 434 435 436 437 438 440 441 442 443 445 446 447 448 449 451 453 454 456 457 458 460 461 462 465 467 468 470 471 472 473 476 477 480 482 483 486 488 489 490 491 492 493 495 496 497 499 1372 
380: 300 301 302 304 305 307 309 310 313 314 315 316 317 320 321 324 325 326 327 328 329 330 331 332 333 334 335 336 338 339 340 342 343 344 346 347 349 350 351 352 353 354 357 358 359 360 361 362 363 364 366 367 368 369 372 373 375 376 377 378 379 381 382 383 384 385 386 389 390 391 392 393 396 397 398 400 403 404 405 407 410 412 413 414 415 416 417 418 419 420 421 422 423 427 428 430 431 432 433 434 435 436 437 438 440 441 443 445 446 447 448 449 450 451 454 455 456 457 458 459 460 462 463 464 465 466 467 468 469 470 471 472 473 474 475 476 477 478 479 480 481 483 485 486 487 488 490 491 492 493 496 497 498 499 523 665 669 679 704 1357 1468 1492 
381: 300 301 302 306 307 308 309 310 312 313 314 316 317 320 321 324 327 328 329 330 331 332 333 334 335 338 339 340 342 344 348 350 351 352 353 355 356 357 358 360 364 369 370 371 372 374 375 376 378 379 380 382 383 384 385 386 387 389 390 391 392 393 394 395 396 399 401 402 404 405 409 410 411 415 417 419 420 421 423 424 425 426 427 428 429 431 432 433 434 435 437 438 439 440 442 443 444 446 448 449 451 452 455 456 457 459 460 464 465 466 467 468 469 470 472 473 475 476 477 478 479 480 481 482 484 486 488 490 492 493 494 495 496 497 499 627 1462 
382: 300 301 304 307 308 310 313 318 320 321 322 328 329 330 331 334 335 336 338 340 341 342 344 345 346 347 348 349 350 351 353 354 355 356 358 359 362 363 364 365 368 369 371 372 373 374 375 378 379 380 381 383 384 388 391 392 394 396 398 400 403 406 407 408 410 412 414 415 416 419 422 423 424 425 427 428 430 431 435 436 437 438 439 440 441 442 443 444 448 450 451 452 453 454 456 458 460 461 462 463 464 465 466 467 468 469 472 473 474 475 476 477 479 481 482 483 484 485 488 489 491 493 495 496 497 498 528 566 1342 
383: 301 303 305 306 308 309 310 311 312 313 314 315 318 320 321 322 323 324 325 328 330 333 334 336 338 339 340 341 342 343 344 345 346 348 349 352 356 357 358 359 360 362 363 364 365 366 367 369 370 371 372 373 374 376 377 378 379 380 381 382 384 385 386 387 388 390 392 393 394 395 396 397 399 400 401 402 403 404 406 407 408 410 411 412 413 414 415 416 417 418 420 421 422 423 424 425 427 429 430 431 434 437 440 441 442 443 444 445 446 447 449 450 451 452 453 454 455 456 457 458 461 464 465 466 467 468 469 471 473 474 476 477 480 481 482 483 484 486 489 491 492 493 494 495 499 527 549 684 707 
384: 301 302 303 304 306 307 308 309 310 311 312 313 314 315 318 319 321 323 324 326 328 330 333 335 337 338 339 340 342 343 345 346 347 348 350 352 353 354 358 359 361 362 364 365 366 368 369 370 371 372 374 376 378 379 380 381 382 383 386 387 388 390 391 392 395 396 400 401 403 404 405 407 408 411 412 414 416 419 420 421 423 424 425 426 427 428 429 430 431 432 433 434 435 436 438 440 442 443 445 447 448 449 450 451 452 454 455 456 458 459 460 461 462 463 464 465 467 468 470 471 473 475 477 479 480 481 485 486 487 489 490 491 492 493 494 495 498 590 
385: 301 302 303 304 305 306 307 308 309 310 311 312 314 315 316 317 318 319 320 321 322 323 324 327 328 329 330 331 332 333 334 336 337 338 339 341 343 344 345 347 348 349 350 351 352 353 355 356 357 358 359 360 361 363 365 367 368 369 372 375 377 378 379 380 381 383 386 387 388 389 391 392 394 395 397 400 401 402 403 405 406 407 408 410 412 413 414 415 416 417 418 419 420 422 423 424 425 426 427 428 429 432 433 434 435 436 437 439 440 441 443 444 445 446 447 449 450 452 453 455 456 457 458 460 463 464 465 466 467 468 471 472 473 474 475 477 479 480 484 486 487 488 489 490 491 492 494 496 497 498 499 599 609 686 
386: 300 301 302 303 304 306 307 308 309 310 311 312 314 315 317 318 319 321 322 323 324 325 326 328 329 332 333 335 336 337 338 339 342 344 346 347 351 352 353 354 355 356 357 358 359 360 361 362 363 364 366 367 368 370 372 373 375 376 377 379 380 381 383 384 385 389 390 391 392 393 394 395 397 398 400 401 402 404 406 407 408 409 412 413 414 418 419 421 422 423 424 426 427 428 430 431 433 434 435 436 439 442 443 444 446 447 449 450 451 452 453 454 457 458 459 460 461 462 463 464 466 467 470 471 473 474 475 476 477 480 483 486 487 488 490 491 492 493 494 495 496 497 498 499 512 529 1488 
387: 300 303 304 305 307 310 311 312 315 316 317 318 319 320 321 322 324 325 327 328 329 330 332 333 334 335 336 337 338 339 340 341 343 344 345 349 350 351 354 357 358 359 361 364 365 366 367 368 370 371 372 373 375 376 378 379 381 383 384 385 388 389 390 391 395 396 397 398 400 403 405 406 408 411 412 415 416 417 418 419 420 421 422 423 424 425 426 430 431 432 433 435 436 437 439 441 442 443 444 446 447 448 450 452 453 456 457 458 459 460 461 462 465 466 468 469 471 472 473 474 476 477 479 483 484 485 486 489 490 491 492 493 494 495 496 497 498 499 538 551 
388: 300 301 303 304 306 307 308 309 310 311 312 314 316 317 318 321 322 323 324 326 327 328 329 330 331 332 335 336 337 338 339 340 341 342 343 346 347 348 351 353 356 357 358 361 362 363 365 366 367 369 370 371 372 374 376 377 379 382 383 384 385 387 390 391 392 393 396 397 399 400 401 402 403 404 406 407 409 410 411 412 413 415 419 420 423 424 425 427 429 430 431 432 433 434 439 440 441 442 443 444 447 449 451 454 456 457 458 459 460 461 462 463 465 466 468 470 471 473 474 475 477 479 480 481 482 483 484 485 486 487 495 496 497 498 523 652 
389: 300 302 303 304 305 306 307 308 310 312 313 314 315 316 317 318 319 320 323 324 326 327 328 329 330 331 335 336 337 338 339 340 341 344 346 349 351 352 353 355 358 359 360 361 362 363 364 365 366 368 369 370 371 372 374 376 377 379 380 381 385 386 387 391 392 393 394 395 396 397 398 399 400 401 402 403 404 405 406 408 409 410 411 413 414 415 416 417 419 421 422 424 426 427 428 429 431 432 433 435 436 437 438 439 440 441 442 443 444 446 447 448 449 450 453 455 456 457 458 459 460 461 462 463 465 466 467 468 469 471 472 473 474 475 476 477 478 479 480 481 484 485 487 488 489 490 492 494 495 496 498 499 590 510 640 719 720 1486 
390: 300 301 303 304 306 309 310 311 313 314 315 316 317 319 321 322 324 325 326 327 328 329 331 332 333 334 335 337 338 339 340 341 342 343 344 347 348 350 351 352 354 356 357 358 360 362 364 366 368 369 370 371 372 375 376 379 380 381 383 384 386 387 388 392 393 394 396 397 398 400 401 402 403 405 406 407 408 409 410 411 412 414 415 416 417 418 419 420 422 423 424 426 427 428 429 430 431 432 433 434 436 437 439 440 441 442 443 444 445 447 448 449 450 453 455 456 457 458 459 460 461 463 464 468 471 474 476 477 478 480 481 484 485 488 489 495 496 498 499 676 1341 1358 1487 
391: 300 301 302 303 305 306 309 310 312 314 315 316 317 318 320 321 322 323 324 325 326 328 332 334 336 337 338 339 340 341 342 343 344 345 346 347 348 350 351 353 354 356 357 359 360 362 364 365 366 367 369 370 371 372 373 374 375 376 377 378 380 381 382 384 385 386 387 388 389 392 393 394 395 396 399 401 402 403 404 409 410 417 418 420 422 423 425 426 427 428 429 431 432 434 437 438 440 441 443 444 445 446 447 448 452 453 454 455 456 457 458 460 461 462 466 467 469 470 471 472 474 475 476 477 478 479 481 483 484 485 486 487 488 490 491 492 495 496 497 498 499 583 607 615 
392: 300 301 302 303 304 306 308 310 311 312 313 315 316 318 319 320 322 323 324 327 328 329 330 331 332 334 335 337 338 339 340 341 342 343 344 346 347 348 350 351 352 353 354 356 357 358 359 362 364 366 369 370 371 372 373 374 376 378 379 380 381 382 383 384 385 386 388 389 390 391 393 394 395 396 397 398 400 401 404 405 406 407 408 411 412 413 418 425 426 427 428 429 430 431 432 433 434 435 436 438 439 440 441 442 443 444 445 446 449 451 452 453 454 455 456 458 459 460 461 463 464 465 466 467 469 470 472 473 474 476 477 479 480 481 482 483 484 485 486 487 489 490 492 493 494 495 496 497 498 499 563 
393: 300 301 303 306 307 309 310 311 312 315 316 317 318 319 320 323 324 327 328 329 330 331 333 334 335 336 337 338 339 340 341 342 345 346 347 348 349 351 352 353 357 358 361 363 364 365 366 367 368 371 372 373 374 375 376 379 380 381 383 386 388 389 390 391 392 394 395 396 398 399 401 402 405 406 407 408 410 411 413 414 415 416 417 421 423 424 425 426 427 428 429 430 431 433 434 436 439 441 442 443 444 445 446 447 448 449 451 452 453 454 459 460 463 464 465 466 467 469 471 473 475 477 478 479 480 482 483 484 487 488 489 490 491 492 493 494 495 496 498 571 662 
394: 300 302 303 304 307 308 309 311 312 313 315 320 321 322 323 324 326 327 328 329 330 331 332 334 335 336 337 339 340 341 342 344 345 347 349 350 352 353 354 355 357 359 360 361 362 364 365 366 367 368 369 370 371 374 375 377 378 379 381 382 383 385 386 389 390 391 392 393 396 398 399 401 402 403 404 405 407 409 410 411 413 416 417 418 419 420 421 422 423 424 425 426 427 428 429 430 431 432 434 436 437 438 439 444 445 447 448 451 452 455 456 457 458 459 461 462 463 464 465 466 468 469 470 471 472 473 474 475 476 477 480 481 483 485 488 490 491 493 494 495 497 533 505 684 1486 
395: 300 302 303 304 305 306 307 308 309 310 313 314 316 317 320 321 323 324 325 326 327 328 330 331 332 333 334 336 339 340 341 342 343 344 345 346 347 349 350 352 353 355 356 357 359 360 361 364 367 370 373 374 376 377 378 379 381 383 384 385 386 387 389 391 392 393 396 397 398 400 402 403 404 405 407 408 409 412 413 414 417 419 420 421 422 423 424 426 427 429 430 432 433 434 436 437 439 440 441 442 443 444 445 446 447 448 450 451 452 454 455 456 458 459 460 462 464 465 466 467 468 469 471 472 473 474 475 476 477 478 479 480 481 482 483 484 485 486 487 490 491 492 493 495 496 497 498 559 666 1368 1477 
396: 300 302 303 306 307 309 310 312 315 317 318 319 321 322 323 324 325 326 327 328 329 331 335 336 337 339 341 344 345 346 347 348 349 350 351 352 353 354 355 357 358 359 360 361 362 363 365 366 368 369 372 373 374 376 377 378 379 380 381 382 383 384 387 388 389 390 391 392 393 394 395 397 398 399 400 401 402 405 407 410 411 412 414 415 416 417 418 424 427 428 429 433 434 436 437 438 439 440 442 443 444 445 446 447 448 449 450 451 452 453 456 457 458 460 461 462 463 464 465 466 467 468 470 472 475 477 479 480 481 485 486 488 489 490 491 492 493 494 495 496 497 498 499 602 612 1370 
397: 300 301 302 304 309 311 313 314 315 317 318 319 321 322 323 324 325 327 329 330 331 332 334 335 336 337 338 339 340 342 344 346 347 351 352 354 355 358 359 360 362 365 366 367 368 369 370 371 372 373 374 375 376 377 378 379 380 383 385 386 387 388 389 390 392 395 396 398 399 400 402 403 404 405 406 407 411 412 413 414 417 418 419 420 421 422 424 425 426 427 428 429 430 434 435 436 437 438 439 440 441 442 444 445 448 450 452 453 454 456 457 458 459 460 461 465 466 467 470 473 474 478 479 480 482 483 484 486 487 489 490 493 494 495 496 497 498 584 511 729 
398: 300 301 306 308 309 310 312 313 314 315 316 318 319 320 321 322 323 324 325 326 327 330 331 333 334 335 336 337 338 341 342 345 347 348 350 352 353 354 357 358 359 362 364 367 369 370 373 374 375 376 378 379 380 382 386 387 389 390 392 393 394 395 396 397 399 400 401 402 403 404 405 406 407 408 409 411 413 414 416 418 420 421 422 423 424 425 426 427 430 431 432 433 434 437 439 440 441 442 443 444 445 446 447 449 450 451 453 454 456 458 459 460 461 464 465 466 468 469 471 472 474 476 477 479 481 482 484 487 489 490 491 492 493 494 495 496 497 499 
399: 300 301 303 304 306 307 308 309 311 312 313 314 315 317 318 319 320 321 322 324 325 326 327 328 330 331 333 335 337 338 339 341 344 345 346 350 351 356 357 358 359 361 362 365 367 368 369 371 372 373 374 375 378 381 383 388 389 391 393 394 396 397 398 401 403 406 407 408 412 413 415 417 418 419 420 423 425 427 428 429 430 431 432 434 435 438 442 443 444 445 446 448 450 453 456 458 459 460 461 462 463 464 465 467 468 469 470 471 472 473 475 476 477 479 480 481 484 486 487 490 491 492 493 495 496 499 510 691 
400: 300 301 302 303 304 305 306 307 309 310 311 314 315 316 317 318 319 324 326 327 328 329 330 331 332 334 335 336 338 339 340 341 342 343 345 346 347 349 351 352 353 354 355 356 357 358 363 365 366 367 369 370 371 373 374 375 376 378 379 380 382 383 384 385 386 387 388 389 390 392 395 396 397 398 402 405 406 407 409 412 413 414 415 416 417 418 420 421 422 423 424 425 426 428 429 430 431 432 433 434 436 437 439 440 443 444 445 446 447 448 449 453 454 457 458 459 460 461 462 463 464 465 466 468 469 470 472 473 474 475 476 478 479 480 482 483 484 485 486 487 488 490 491 493 494 496 498 499 566 1340 1342 1359 
401: 300 303 304 305 306 307 308 309 310 312 313 315 316 318 319 320 321 322 325 327 328 329 332 333 334 336 339 340 341 343 345 346 347 349 351 353 354 355 356 357 360 362 364 365 367 368 369 371 375 376 377 378 381 383 384 385 386 388 389 390 391 392 393 394 396 398 399 403 404 406 408 409 410 411 414 415 416 418 419 420 421 422 423 425 426 427 428 429 433 434 435 438 439 440 442 443 445 447 449 450 451 452 453 454 455 456 458 459 460 461 464 466 467 468 469 470 471 472 475 476 478 479 480 481 482 483 484 485 486 488 489 490 491 492 493 494 495 496 497 498 499 550 656 1361 1364 
402: 300 301 302 303 304 305 307 308 309 311 312 313 314 317 318 320 321 322 323 326 328 329 330 331 332 333 335 336 337 338 340 344 345 346 347 348 349 350 351 355 356 357 358 359 360 361 362 365 366 369 370 371 373 374 375 376 377 378 381 383 385 386 388 389 390 391 393 394 395 396 397 398 400 403 404 406 408 411 412 414 416 418 419 421 422 424 425 426 427 430 431 432 434 435 436 439 440 441 442 444 445 449 450 451 453 454 455 456 458 459 462 467 468 469 471 473 474 475 476 477 480 483 485 487 488 489 490 491 492 493 494 495 496 497 499 536 642 
403: 300 301 303 304 306 307 308 311 312 313 315 316 317 319 320 322 323 324 326 327 328 329 331 332 334 335 336 337 338 339 340 341 344 345 347 348 349 350 351 352 353 354 355 356 357 358 360 361 362 363 364 365 367 369 371 372 373 375 377 378 380 382 383 384 385 387 388 389 390 391 394 395 397 398 399 401 402 404 405 406 408 410 411 412 413 414 415 416 418 419 420 421 425 426 427 428 429 432 433 434 435 436 437 439 442 443 444 447 448 450 451 452 453 454 455 456 457 458 459 461 464 465 466 467 469 470 471 472 473 474 477 478 480 484 485 486 487 488 490 491 492 493 494 495 496 497 498 569 676 727 1343 1370 
404: 300 301 302 303 304 306 307 310 311 312 313 316 317 318 319 320 323 325 326 327 328 329 331 332 333 334 335 336 338 339 340 342 344 347 349 350 351 352 354 356 358 360 363 364 365 366 368 369 370 372 376 377 378 379 380 381 383 384 386 388 389 391 392 394 395 397 398 401 402 403 405 407 409 410 412 413 414 415 416 418 420 421 422 423 427 429 430 431 432 435 436 437 440 441 442 443 444 445 447 450 451 452 453 455 457 458 459 460 461 462 463 465 466 467 468 469 470 472 473 475 476 477 479 480 482 483 484 485 486 487 488 490 491 492 493 494 497 498 499 531 561 502 605 675 1366 1375 
405: 300 303 306 307 308 314 316 318 319 320 321 323 324 325 326 327 329 330 331 332 334 335 336 337 338 340 342 343 345 347 348 350 351 352 353 354 355 356 359 360 361 362 364 366 367 368 369 371 372 373 375 376 377 379 380 381 384 385 387 389 390 392 393 394 395 396 397 398 400 403 404 406 407 408 409 411 412 413 414 415 416 418 420 421 422 423 424 427 428 429 430 432 433 435 436 437 438 439 440 443 444 447 448 450 451 452 453 454 456 459 460 461 462 463 464 466 467 468 469 470 471 473 474 475 477 478 479 480 481 482 484 485 488 489 490 492 493 495 496 499 605 619 638 
406: 301 302 303 305 306 307 309 311 313 314 315 316 317 318 319 322 323 324 327 328 329 330 332 333 334 336 337 338 339 344 345 347 348 349 351 353 354 356 358 359 360 361 362 363 364 366 367 368 369 370 372 373 377 378 382 383 385 386 387 388 389 390 392 393 397 398 399 400 401 402 403 405 408 411 412 413 414 415 416 417 418 420 421 422 423 426 427 428 429 430 431 434 435 436 438 439 440 442 443 445 446 447 448 449 450 451 453 454 455 456 457 459 461 463 464 465 466 467 468 469 470 471 472 473 474 476 477 478 479 480 481 483 485 486 487 491 492 493 494 495 496 498 499 552 553 578 663 
407: 300 301 302 303 304 305 308 309 310 312 314 315 316 318 319 320 321 322 323 324 325 326 327 328 329 330 331 332 333 334 336 337 338 339 340 341 342 343 344 346 349 350 351 352 355 356 357 358 359 360 362 366 368 369 370 372 373 374 375 376 377 378 379 380 382 383 384 385 386 388 390 392 393 394 395 396 397 398 399 400 404 405 408 409 411 412 413 414 415 416 418 419 420 421 423 424 425 426 427 428 429 431 433 434 438 440 441 443 445 446 447 448 449 450 451 452 453 454 456 460 462 463 464 466 469 470 472 475 476 477 480 482 483 484 485 486 487 488 489 490 491 492 493 495 496 497 498 499 575 661 610 
408: 300 301 302 304 305 306 308 309 311 312 313 316 318 320 321 322 327 328 329 331 332 333 336 337 338 341 342 343 344 347 348 349 350 351 353 354 355 356 357 358 362 363 366 368 370 371 373 374 375 376 377 378 379 382 383 384 385 386 387 389 390 392 393 395 398 399 401 402 403 405 406 407 410 411 412 414 416 417 418 419 422 425 427 429 430 431 432 433 435 436 438 439 441 442 444 445 446 447 448 450 452 453 454 457 458 459 461 462 463 464 465 466 467 468 469 470 471 472 473 474 475 476 480 481 482 484 485 487 488 489 493 494 495 496 498 515 618 673 692 
409: 300 301 302 304 305 307 308 309 311 313 315 316 319 320 322 324 325 326 329 330 331 333 334 335 336 337 338 339 340 341 342 344 345 346 348 349 350 351 352 353 354 355 356 359 360 361 362 364 365 366 367 368 369 371 372 373 374 375 376 377 378 381 386 388 389 390 391 394 395 398 400 401 404 405 407 410 411 413 415 416 418 420 425 427 428 430 432 433 434 435 436 437 439 440 441 443 445 446 448 449 451 452 453 454 456 458 460 461 462 464 465 466 468 469 471 472 473 474 475 476 478 481 482 483 484 490 493 494 495 496 498 499 504 654 667 
410: 300 301 303 305 306 307 308 309 310 311 312 313 314 317 318 319 320 321 323 324 325 326 327 328 329 330 331 332 333 334 335 336 337 338 339 340 341 342 345 346 347 348 349 350 351 352 354 355 356 357 358 359 360 361 364 365 366 367 368 369 370 371 372 373 374 375 377 378 379 380 381 382 383 385 388 389 390 391 393 394 396 401 403 404 408 409 411 412 415 417 418 419 420 421 422 423 424 427 429 431 433 436 437 438 439 440 442 443 444 445 446 447 448 449 450 451 452 454 456 457 458 459 461 463 465 466 467 469 470 471 472 473 474 475 476 477 479 482 483 484 485 486 487 488 489 490 491 493 494 497 498 499 570 710 735 1477 
411: 300 302 303 304 305 307 308 309 310 311 312 313 314 315 316 317 318 319 320 321 323 324 326 328 329 330 331 333 335 336 340 342 343 344 345 347 349 350 351 354 357 358 359 360 363 364 365 366 369 371 372 374 375 376 379 381 383 384 387 388 389 390 392 393 394 396 397 398 401 402 403 405 406 407 408 409 410 412 413 414 415 416 417 418 420 421 422 423 426 427 429 430 431 432 433 436 439 440 441 443 444 445 446 448 450 451 453 454 455 457 458 459 460 461 462 463 464 467 468 469 470 471 472 473 474 475 479 480 481 484 485 486 487 488 489 490 491 493 494 495 496 497 498 499 534 540 713 
412: 300 301 302 303 305 306 307 309 310 312 313 314 316 317 318 320 321 322 323 326 327 328 331 332 333 334 335 338 339 340 341 344 345 348 349 350 351 352 353 355 356 357 358 359 360 361 362 363 365 366 367 368 369 372 373 374 375 376 378 379 380 382 383 384 385 386 387 388 390 392 395 396 397 399 400 402 403 404 405 406 407 408 410 411 413 414 417 419 420 422 424 426 427 428 429 430 431 432 433 434 435 436 437 438 439 441 442 444 446 449 451 453 456 457 458 459 460 461 462 463 465 466 469 471 472 473 474 475 476 477 481 482 483 484 485 486 487 489 492 493 494 495 496 497 498 507 604 677 
413: 300 301 302 303 304 305 309 310 311 312 315 317 318 319 321 322 324 325 327 328 330 331 332 333 334 335 336 338 339 340 341 342 343 345 346 347 348 349 350 351 352 354 355 356 357 358 359 360 361 362 363 365 366 367 368 369 370 371 372 373 374 375 376 377 378 379 380 383 385 386 388 389 392 393 394 395 397 398 399 400 403 404 405 406 407 409 411 412 414 415 416 417 418 419 420 422 426 427 428 429 430 431 432 433 434 435 437 438 439 441 442 443 444 445 447 448 449 450 451 452 454 456 457 458 459 461 462 463 464 465 466 467 469 470 471 472 473 474 477 479 480 483 484 485 486 487 488 489 491 493 494 495 496 497 499 536 542 501 643 1374 1470 
414: 300 301 304 305 308 310 311 313 314 315 316 317 318 320 321 322 323 324 326 327 328 330 331 333 335 336 337 338 339 340 343 344 345 346 347 348 349 350 351 352 353 354 355 356 357 362 363 364 365 366 367 368 370 371 372 373 376 377 378 379 380 382 383 384 385 386 389 390 393 395 396 397 398 400 401 402 403 404 405 406 407 408 411 412 413 415 416 417 418 419 420 421 422 424 425 426 427 428 429 430 431 432 433 434 435 436 437 441 442 443 444 447 448 451 452 453 455 456 457 458 460 462 463 467 469 470 472 473 474 475 476 477 478 480 481 482 483 484 485 487 488 489 490 493 494 495 496 497 498 547 1375 1495 
415: 301 302 303 304 307 309 310 312 313 315 316 318 319 320 321 322 323 324 326 327 330 331 334 335 336 337 338 345 346 347 349 350 351 352 353 354 355 356 357 358 359 360 361 363 364 366 367 368 369 370 371 374 377 378 380 381 382 383 385 387 388 389 390 393 396 399 400 401 403 404 405 406 407 409 410 411 413 414 416 417 419 420 421 423 424 425 426 429 430 431 432 433 435 436 438 439 440 441 443 444 445 446 447 449 452 453 454 455 456 457 458 460 461 462 463 466 468 469 470 471 472 473 475 476 477 478 479 480 481 482 485 486 487 491 493 494 495 496 497 608 732 1465 
416: 300 301 302 304 308 309 312 313 314 316 317 318 319 320 321 322 323 325 326 327 328 329 330 331 332 333 337 338 340 341 342 343 344 345 346 349 350 351 353 354 355 358 359 360 361 362 363 366 367 368 369 370 371 373 375 376 377 378 379 380 382 383 384 385 387 389 390 393 394 396 398 400 401 402 403 404 405 406 407 408 409 411 413 414 415 417 419 420 421 422 423 424 425 426 427 429 430 431 432 433 434 435 437 438 439 440 441 442 444 447 448 450 451 452 453 454 455 456 459 461 463 464 465 466 467 468 469 471 472 473 474 475 477 478 482 483 484 486 488 491 492 493 496 497 498 499 616 632 
417: 300 302 303 305 306 308 309 310 312 313 314 315 316 317 318 319 320 322 324 327 328 329 330 331 332 333 334 335 338 339 340 341 343 344 345 346 348 349 352 353 354 356 357 358 359 360 361 362 363 364 365 367 368 369 370 371 373 374 376 377 378 379 380 381 383 385 387 389 390 391 393 394 395 396 397 399 400 406 408 410 411 412 413 414 415 416 418 419 420 421 422 424 425 426 427 428 429 430 431 432 434 435 436 437 438 439 440 441 443 444 447 448 449 450 451 452 453 456 457 458 459 460 461 462 463 466 467 468 470 471 472 474 475 477 480 482 483 484 485 486 489 490 491 492 493 494 496 498 680 
418: 300 301 302 303 304 305 306 307 308 310 311 312 313 314 316 317 318 319 320 321 322 324 326 327 329 333 334 335 336 337 338 339 340 341 342 343 344 345 347 349 350 351 352 353 354 355 356 357 358 359 361 362 363 365 366 367 368 369 370 371 373 374 376 377 379 380 383 385 386 387 390 391 392 394 396 397 398 399 400 401 402 403 404 405 406 407 408 409 410 411 413 414 417 419 422 423 425 426 427 428 429 430 431 432 433 436 437 438 439 440 441 442 443 444 446 447 448 449 450 451 453 454 456 457 459 460 461 462 463 464 465 466 468 469 472 474 477 478 479 481 483 484 486 487 488 489 490 491 492 494 495 496 497 498 499 529 1350 
419: 300 301 302 303 304 305 306 307 309 310 311 313 315 316 319 320 321 323 324 325 327 329 330 331 332 333 334 335 337 338 339 340 345 347 348 350 352 353 354 355 357 361 362 363 364 365 366 367 368 369 370 371 372 373 374 376 377 379 380 381 382 384 385 386 387 388 389 390 394 395 397 399 401 402 403 407 408 410 412 413 414 415 416 417 418 421 422 423 424 425 427 428 432 433 437 438 439 440 441 442 443 444 445 446 447 448 449 450 451 452 453 455 456 457 459 460 461 462 463 464 465 468 469 470 472 473 474 477 478 482 484 485 486 488 489 490 491 492 494 495 497 499 726 738 1346 1376 1485 
420: 300 301 303 305 306 307 309 311 312 313 314 315 316 317 319 320 323 324 325 326 328 329 331 332 333 335 336 337 339 341 342 344 345 346 347 348 350 351 352 356 357 358 359 363 364 367 368 369 372 373 374 375 376 377 379 380 381 383 384 385 387 388 390 391 394 395 397 398 399 400 401 403 404 405 406 407 409 410 411 412 413 414 415 416 417 423 424 426 427 428 429 431 433 436 438 439 441 442 444 445 446 449 450 451 452 453 454 456 457 458 459 462 463 464 465 467 468 469 470 471 473 475 476 477 478 479 480 481 482 483 485 486 491 492 493 497 499 513 729 1489 
421: 301 302 303 304 306 307 308 309 311 313 315 316 317 318 319 320 321 322 324 325 326 327 328 329 330 331 333 334 335 336 337 339 340 341 343 344 345 346 347 350 351 352 353 355 358 359 361 362 363 364 365 366 367 370 372 374 375 376 377 378 379 380 381 383 384 386 387 389 393 394 395 397 398 400 401 402 403 404 405 406 407 410 411 414 415 416 417 419 422 423 424 425 426 430 431 432 433 434 435 436 439 440 441 442 443 444 447 453 454 455 457 458 459 460 462 463 465 466 468 469 470 471 473 474 475 478 479 480 481 482 484 485 486 487 488 490 491 492 493 495 496 498 499 735 
422: 300 302 303 304 306 307 309 310 311 312 313 314 315 316 317 320 322 323 324 326 327 328 329 330 331 332 333 334 336 337 338 339 340 341 342 343 344 346 347 348 349 351 352 353 354 355 356 358 359 360 362 363 364 366 367 371 372 373 374 375 377 378 379 380 382 383 385 386 387 389 390 391 394 395 397 398 400 401 402 404 405 406 408 410 411 412 413 414 416 417 418 419 421 423 424 425 426 427 431 432 433 435 437 439 440 441 442 444 445 446 448 449 451 452 453 454 455 456 457 458 459 462 464 465 467 468 469 470 472 474 475 478 479 480 481 482 483 484 485 487 488 491 492 494 495 498 499 500 710 723 
423: 300 301 302 304 305 311 314 315 316 317 318 320 321 322 323 324 325 326 327 329 330 331 332 333 334 335 336 337 338 339 340 341 342 343 344 345 346 348 349 350 351 354 355 356 357 359 361 362 363 364 366 370 371 376 378 379 380 381 382 383 384 385 386 387 388 390 391 393 394 395 398 399 400 401 404 405 406 407 410 411 415 416 418 419 420 421 422 426 427 428 429 433 436 437 438 439 440 441 442 443 444 445 446 447 448 450 451 454 455 456 457 458 459 460 461 465 466 467 468 474 476 478 479 481 486 487 488 489 490 491 493 495 496 497 499 514 1486 
424: 300 302 303 304 305 307 308 309 310 312 313 314 315 316 317 318 319 322 323 324 326 327 328 330 331 332 333 334 336 337 338 339 341 342 344 345 347 348 350 352 353 354 355 357 359 360 361 362 365 368 370 372 373 375 377 378 379 381 382 383 384 385 386 387 388 389 390 393 394 395 396 397 398 400 402 405 407 410 412 414 415 416 417 419 420 421 422 425 426 428 429 430 431 433 435 436 437 439 441 442 443 444 445 447 448 450 457 458 459 460 461 462 463 464 465 466 467 470 471 473 475 476 477 479 480 481 482 483 487 488 489 490 491 492 493 498 542 564 1369 
425: 300 301 302 303 306 307 308 309 310 311 312 313 314 316 317 320 321 325 326 327 328 329 330 331 332 334 335 337 341 342 343 344 345 347 349 350 351 352 353 354 355 356 357 358 359 360 362 364 366 367 369 370 371 372 373 374 376 377 378 379 381 382 383 384 385 387 388 391 392 393 394 397 398 399 400 401 402 403 407 408 409 414 415 416 417 418 419 421 422 424 426 427 429 430 431 432 434 435 437 439 440 441 442 443 444 445 446 447 448 449 450 451 452 454 455 456 458 460 464 465 466 467 469 470 471 474 475 476 477 478 480 482 484 487 489 490 492 493 494 495 496 497 498 499 653 665 671 1373 
426: 300 301 303 304 305 307 308 309 311 312 313 314 315 316 318 320 322 323 324 325 327 328 329 331 333 335 336 337 338 339 340 341 345 346 348 349 351 352 353 355 356 357 358 359 361 363 364 365 367 368 369 371 376 377 379 381 384 385 386 387 389 390 391 392 393 394 395 397 398 400 401 402 403 406 407 411 412 413 414 415 416 417 418 420 421 422 423 424 425 428 430 432 433 436 437 438 439 441 442 443 444 446 451 452 453 455 456 457 459 460 461 463 464 465 466 467 469 471 472 473 474 476 478 479 483 484 485 486 488 490 491 492 494 495 496 497 499 577 
427: 300 301 303 305 308 309 310 311 312 313 316 317 318 319 320 323 325 326 327 328 329 330 331 332 333 334 335 336 337 338 339 340 342 343 344 345 346 347 348 349 351 352 353 354 355 357 358 359 360 364 365 366 368 370 371 373 374 376 377 380 381 382 383 384 385 386 388 389 390 391 392 393 394 395 396 397 398 399 401 402 403 404 405 406 407 408 409 410 411 412 413 414 416 417 418 419 420 422 423 425 428 429 430 432 433 434 436 437 440 441 443 444 445 447 448 449 450 451 453 454 456 457 458 459 460 461 462 464 465 466 467 469 470 471 472 473 474 475 476 477 482 483 485 486 487 488 489 491 492 493 494 497 499 522 556 565 575 651 709 
428: 300 301 302 303 305 307 308 309 310 311 314 317 319 320 323 324 325 326 327 328 329 330 331 332 334 336 337 338 339 340 343 344 345 346 347 348 350 352 354 355 356 357 358 361 362 364 365 367 368 370 372 373 374 376 379 380 381 382 384 385 386 389 390 391 392 393 394 396 397 399 400 401 403 405 406 407 409 412 413 414 417 418 419 420 423 424 426 427 429 430 431 432 433 435 436 437 439 442 443 446 447 449 451 453 455 456 457 458 461 462 463 464 465 466 467 468 469 470 472 473 474 475 481 482 483 484 486 488 489 490 493 494 495 496 499 675 1494 
429: 300 301 302 303 304 305 306 307 309 310 311 312 313 314 316 317 318 319 321 325 326 327 328 330 332 333 334 335 336 338 339 340 341 342 343 344 345 347 348 352 353 354 357 358 360 361 362 363 364 365 367 369 370 371 372 373 374 375 376 378 381 383 384 385 388 389 390 391 392 393 394 395 396 397 399 400 401 403 404 405 406 407 408 410 411 412 413 414 415 416 417 418 420 423 424 425 427 428 430 431 433 434 435 437 440 441 442 443 444 445 446 447 448 451 455 456 458 459 460 462 463 464 465 466 467 468 469 470 472 473 474 475 476 478 479 480 481 483 484 485 488 489 490 491 492 493 494 495 497 498 656 668 1366 
430: 300 301 302 303 304 305 306 307 308 309 310 312 315 316 317 318 319 320 321 322 324 325 326 327 332 333 334 335 336 337 338 339 341 344 345 346 347 349 351 352 353 354 355 356 357 359 362 363 364 365 367 368 370 373 374 376 380 382 383 384 386 387 388 390 392 393 394 395 397 398 399 400 402 404 405 406 408 409 411 412 413 414 415 416 417 418 421 424 425 426 427 428 429 432 433 435 436 437 438 439 441 442 444 445 448 450 451 453 454 455 456 457 458 459 461 462 463 464 466 467 468 469 472 473 474 475 478 480 483 484 485 487 488 491 492 493 494 495 496 497 498 
431: 300 301 305 306 307 308 309 311 313 314 315 317 318 320 321 322 323 326 327 328 330 331 332 333 334 336 337 338 340 341 344 345 346 348 349 350 351 352 353 354 355 356 358 359 360 361 362 364 366 367 369 370 371 372 373 376 377 378 379 380 381 382 383 384 386 387 388 389 390 391 392 393 394 398 399 400 402 404 406 407 408 410 411 412 413 414 415 416 417 418 420 421 422 424 425 428 429 433 434 435 436 437 439 440 441 442 445 446 448 449 451 453 454 455 457 458 459 460 461 462 463 464 465 466 468 470 471 472 473 475 476 478 479 482 483 484 485 486 489 492 493 495 496 498 499 569 599 723 
432: 300 302 303 305 306 307 308 309 310 313 314 315 317 318 319 320 322 324 325 326 328 330 331 332 333 335 336 337 338 339 340 341 342 343 344 345 347 348 349 350 351 353 354 355 359 362 364 365 366 367 368 369 370 371 372 373 375 378 379 380 381 384 385 387 388 389 390 391 392 394 395 398 399 400 402 403 404 405 408 409 411 412 413 414 415 416 417 418 419 421 422 425 426 427 428 430 433 434 435 436 437 438 439 443 444 445 447 450 451 454 455 456 457 458 459 460 461 462 464 466 467 468 469 474 476 477 478 479 480 481 482 485 486 487 489 490 491 492 493 494 495 496 497 498 729 1370 
433: 300 301 302 303 308 309 310 311 312 314 315 316 318 319 320 321 322 323 325 327 329 330 332 333 335 336 337 338 339 341 343 344 346 348 350 351 354 356 357 358 359 360 363 365 366 368 371 373 374 376 377 378 379 380 381 384 385 386 387 388 389 390 392 393 395 396 398 400 401 403 405 407 408 409 410 411 412 413 414 415 416 418 419 420 421 422 423 424 426 427 428 429 430 431 432 435 436 437 439 441 442 444 445 446 447 448 449 451 452 453 454 456 458 459 460 461 462 463 466 467 468 469 470 473 474 475 477 479 481 482 483 486 487 488 489 490 491 492 493 494 496 497 498 499 663 715 729 
434: 300 301 302 303 304 305 307 308 309 310 311 312 313 314 315 316 317 318 319 320 322 323 326 327 328 330 331 332 334 338 339 341 342 343 344 345 346 347 349 350 351 352 353 354 355 362 363 364 365 366 367 368 370 371 372 374 375 376 377 378 379 380 381 383 384 385 386 388 390 391 392 393 394 395 396 397 398 399 400 401 402 403 406 407 409 412 413 414 416 417 421 425 427 429 431 432 435 439 440 441 442 443 447 448 449 451 452 454 456 457 459 460 461 462 463 464 465 470 471 472 474 477 478 480 481 483 484 486 490 492 494 495 496 497 498 505 646 
435: 300 302 304 305 306 308 310 312 313 314 315 318 319 323 325 327 329 330 331 332 333 334 335 336 338 339 340 341 342 343 345 347 350 351 352 353 355 356 357 358 359 360 362 364 365 367 368 369 372 373 374 375 377 378 379 380 381 382 384 385 386 387 389 392 397 399 401 402 403 404 405 406 408 409 412 413 414 415 416 417 421 422 424 425 428 429 430 431 432 433 434 436 439 442 443 444 446 447 451 452 457 458 459 460 461 462 463 464 465 466 467 469 470 472 474 475 476 477 480 482 483 484 485 486 487 488 489 490 492 493 494 495 496 499 617 710 
436: 300 301 302 303 304 305 306 307 308 309 311 312 314 316 317 318 319 320 321 322 324 325 326 327 328 329 330 331 332 333 334 335 336 337 338 339 340 341 342 345 346 351 353 354 355 356 358 359 361 362 363 367 368 369 371 373 375 376 377 378 379 380 382 384 385 386 387 389 390 392 393 394 395 396 397 400 402 403 404 405 406 408 409 410 411 412 414 415 417 418 420 421 423 424 426 427 428 430 431 432 433 435 437 441 442 443 444 445 447 449 450 452 455 456 457 458 459 461 462 464 469 472 473 474 475 476 478 479 480 481 482 483 484 485 486 490 491 492 493 495 496 497 498 499 704 720 1468 
437: 301 303 306 308 310 311 314 317 318 319 320 321 323 324 326 327 328 329 330 331 332 333 334 337 338 339 340 342 343 344 345 346 347 348 349 350 351 352 353 354 355 356 357 358 360 361 362 363 365 367 368 369 370 371 373 374 375 377 378 379 380 381 382 383 385 387 389 390 391 394 395 396 397 398 400 403 404 405 409 410 412 413 414 416 417 418 419 422 423 424 425 426 427 428 429 430 431 432 433 436 440 442 443 444 446 447 448 449 450 451 453 454 455 456 457 459 460 461 462 463 465 466 469 470 473 474 475 476 480 481 482 483 484 485 486 487 488 490 491 492 493 494 496 497 498 572 637 1477 
438: 302 303 304 306 307 309 310 311 312 313 314 315 318 319 320 322 324 325 327 328 329 330 332 336 337 338 339 340 341 342 343 344 346 347 348 349 350 351 353 355 356 357 359 361 362 363 364 365 366 367 368 369 370 371 373 375 376 378 379 380 381 382 384 389 391 392 394 396 397 399 401 405 406 407 408 410 412 413 415 416 417 418 419 420 423 426 430 432 439 440 441 442 445 446 447 448 449 452 453 459 460 468 469 470 473 476 477 478 479 480 482 483 484 485 486 487 490 492 493 495 497 498 499 570 1467 
439: 300 301 302 303 304 306 307 308 310 311 312 313 316 318 319 321 322 323 326 327 328 330 333 334 335 336 339 341 342 343 344 345 346 347 348 350 352 353 354 356 357 358 359 360 361 363 364 367 369 370 372 373 374 375 376 378 381 382 385 386 387 388 389 390 392 393 394 395 396 397 398 400 401 402 403 405 406 408 409 410 411 412 413 415 416 417 418 419 420 421 422 423 424 425 426 428 430 431 432 433 434 435 438 440 442 443 444 445 446 447 448 450 452 454 457 458 460 461 462 464 465 466 467 468 469 470 472 474 475 479 480 481 482 484 485 487 488 489 490 491 493 495 496 497 498 515 596 1376 1485 
440: 300 301 302 303 304 305 306 308 309 310 311 312 313 314 315 316 317 318 321 322 325 327 328 330 332 334 335 337 338 340 341 342 343 344 345 347 348 350 351 352 353 355 356 358 362 363 364 365 366 367 369 370 372 374 375 377 378 379 380 381 382 383 384 385 388 389 390 391 392 395 396 397 398 400 401 402 404 405 406 407 409 410 411 415 416 417 418 419 421 422 423 425 427 429 431 434 437 438 439 441 444 445 447 448 449 451 452 453 455 456 457 458 461 463 464 465 467 469 470 471 472 474 475 476 479 480 481 482 483 484 485 486 488 490 491 492 493 494 495 496 497 498 620 692 
441: 301 303 308 309 312 314 315 317 318 322 323 324 326 328 329 331 332 333 335 336 338 339 340 341 342 346 347 348 349 350 352 353 356 357 358 359 362 363 364 365 366 367 368 369 372 373 374 376 378 379 380 382 383 385 387 388 389 390 391 392 393 395 397 398 402 404 407 408 409 411 412 413 414 415 416 417 418 419 420 421 422 423 424 425 426 427 429 430 431 433 434 436 438 440 443 444 445 446 447 448 449 450 451 452 453 454 455 457 459 460 462 463 464 465 466 467 468 469 470 471 472 473 475 477 478 479 480 481 482 483 484 486 487 488 489 491 492 493 496 497 499 
442: 300 301 304 305 306 307 308 311 312 313 315 316 318 319 320 323 324 325 326 327 328 329 330 334 335 338 339 341 343 344 346 347 348 349 352 354 355 356 357 359 360 361 362 364 366 368 369 370 371 372 373 375 376 377 379 381 382 383 384 386 387 388 389 390 392 393 395 396 397 398 399 401 402 403 404 406 408 410 412 413 414 416 418 419 420 421 422 423 424 425 426 428 429 430 431 433 434 435 436 437 438 439 443 445 446 447 448 449 450 452 453 454 455 457 460 463 464 465 467 468 469 470 471 472 473 474 477 480 482 484 485 486 487 488 489 491 492 496 497 517 588 669 687 1357 
443: 300 301 303 304 305 306 308 310 311 312 315 316 317 318 319 320 321 322 323 324 325 326 327 328 329 330 331 332 333 334 335 336 337 338 339 340 341 342 344 345 346 347 349 350 351 352 353 354 356 357 358 360 362 363 365 367 369 370 372 373 374 375 378 379 380 381 382 383 384 385 386 387 388 389 390 391 392 393 395 396 398 399 400 401 403 404 405 406 407 409 410 411 413 414 415 417 418 419 421 423 424 425 426 427 428 429 432 434 435 436 437 439 441 442 444 446 447 448 449 450 452 453 454 455 456 457 460 461 462 464 467 468 469 470 471 472 473 475 478 480 481 482 485 486 487 488 489 491 492 494 497 498 632 636 1362 
444: 300 301 302 303 304 305 306 308 309 310 311 312 313 315 316 318 320 322 323 324 325 326 328 329 330 331 332 333 338 339 340 341 342 343 345 346 348 349 350 352 354 355 356 358 359 361 363 364 365 366 367 368 370 371 373 374 375 377 378 381 382 383 385 386 387 388 389 390 391 392 393 394 395 396 397 398 399 400 402 403 404 405 408 410 411 412 413 414 415 416 417 418 419 420 421 422 423 424 425 426 427 429 430 432 433 435 436 437 439 440 441 443 446 447 449 450 453 454 455 457 460 462 465 466 467 468 470 472 473 474 475 476 477 479 481 483 484 485 486 488 490 492 493 494 497 499 572 709 
445: 303 305 306 307 308 310 311 313 315 316 317 318 319 321 322 323 325 326 327 328 329 330 331 332 333 335 338 339 340 341 343 344 345 346 347 349 350 351 353 355 356 357 359 360 361 362 363 364 365 366 368 371 374 376 377 378 379 380 383 384 385 390 391 392 393 394 395 396 397 398 399 400 401 402 404 406 407 408 409 410 411 413 415 419 420 422 423 424 425 427 429 430 431 432 433 436 438 439 440 441 442 446 450 451 452 453 455 456 458 459 460 461 464 468 470 471 472 474 475 476 478 479 480 481 482 483 484 485 486 488 489 490 491 492 496 498 499 673 707 
446: 300 303 304 308 309 310 311 312 313 314 315 316 318 319 320 322 324 325 327 328 329 330 331 335 336 337 338 339 342 345 346 347 348 349 352 353 354 355 356 358 359 360 361 362 363 364 366 367 368 369 370 371 372 373 375 379 380 381 383 385 386 387 389 391 392 393 395 396 398 399 400 406 407 408 409 410 411 412 415 418 419 420 422 423 425 426 428 429 431 433 435 437 438 439 441 442 443 444 445 447 448 449 450 452 453 454 456 457 458 459 460 461 462 463 466 469 471 473 475 477 478 479 480 481 482 483 484 485 486 487 488 489 490 491 494 496 497 498 499 512 1472 
447: 300 301 302 303 304 305 306 307 309 310 312 313 314 315 316 317 318 321 322 323 324 327 328 332 334 335 337 338 340 341 342 345 346 348 349 350 351 352 354 355 356 358 359 360 362 363 365 366 368 369 371 372 374 375 376 378 379 380 383 384 385 386 387 388 389 390 391 393 394 395 396 398 400 401 403 404 405 406 407 408 410 413 414 415 416 417 418 419 421 423 424 425 427 428 429 432 433 434 435 436 437 438 439 440 441 442 443 444 446 449 450 451 452 454 455 456 457 459 460 461 462 464 465 466 467 469 471 473 475 476 477 478 479 480 481 483 484 485 486 487 488 489 490 491 493 494 495 498 684 722 
448: 300 301 302 304 305 306 307 308 310 311 313 315 317 319 320 321 322 323 324 326 327 330 331 332 333 335 336 337 338 339 340 341 342 343 345 346 350 351 352 353 355 356 357 358 359 361 362 363 364 366 368 371 372 375 376 378 379 380 381 382 384 387 389 390 391 393 394 395 396 397 399 400 403 405 406 407 408 409 410 411 413 414 416 417 418 419 422 423 424 425 427 429 430 431 433 434 437 438 439 440 441 442 443 446 449 450 451 452 453 455 456 457 458 459 462 463 464 466 467 468 469 471 472 473 475 478 480 481 482 484 485 487 488 490 491 492 493 494 495 496 497 606 627 712 729 
449: 301 303 305 306 309 311 312 314 315 316 317 318 319 320 321 322 323 324 325 326 328 329 331 332 333 334 335 340 341 343 344 345 347 349 351 354 355 357 358 359 361 362 363 364 366 369 370 371 372 373 374 376 377 378 379 380 381 383 384 385 386 388 389 390 392 393 396 398 400 401 402 406 407 409 410 412 413 415 417 418 419 420 422 425 427 428 431 433 434 436 437 438 440 441 442 443 444 446 447 448 450 451 452 453 454 457 458 459 460 463 465 467 468 469 470 471 473 474 475 476 477 479 480 482 485 487 488 489 491 492 495 496 497 499 567 613 
450: 300 301 302 304 306 307 308 310 311 313 315 316 317 318 320 321 322 323 325 330 331 332 333 334 335 338 340 341 342 343 344 345 346 348 349 350 351 352 353 356 357 358 359 360 361 362 364 365 366 367 370 371 372 373 374 375 376 377 378 380 382 383 384 385 386 387 389 390 395 396 397 398 399 401 402 403 404 405 406 407 408 410 411 413 416 417 418 419 420 423 424 425 427 430 432 436 437 439 441 442 443 444 445 446 447 448 449 452 453 454 455 456 457 458 460 461 463 464 466 467 468 469 470 471 472 473 474 475 476 477 479 480 481 482 484 485 486 487 488 489 490 493 494 495 496 497 498 499 583 656 
451: 300 301 302 303 304 305 306 307 308 309 311 312 313 314 315 317 318 319 322 323 326 327 328 329 330 331 332 333 334 335 336 337 338 339 340 341 343 345 346 349 351 352 354 355 357 358 359 361 362 363 364 365 367 368 369 370 371 373 375 377 378 379 380 381 382 383 384 386 388 392 393 394 395 396 398 401 402 403 404 405 406 407 409 410 411 412 413 414 416 417 418 419 420 422 423 425 426 427 428 429 430 431 432 433 434 435 437 440 441 445 447 448 449 453 454 455 456 457 458 462 464 465 466 467 468 470 473 474 476 478 479 480 482 483 484 485 486 487 488 490 492 493 494 495 499 548 646 680 
452: 300 301 303 304 305 306 307 308 311 312 313 314 316 317 318 319 321 327 328 329 330 331 332 333 334 335 337 339 340 341 343 344 347 348 349 353 354 355 356 357 358 359 361 362 363 364 368 369 370 371 372 373 374 375 376 377 378 381 382 383 384 385 386 387 391 392 393 394 395 396 397 401 403 404 405 407 408 409 410 413 414 415 416 417 419 420 422 425 426 433 434 435 436 438 439 440 441 442 443 445 446 447 448 449 450 453 454 455 456 458 459 460 461 462 464 467 469 470 471 472 473 475 476 477 478 480 481 483 486 487 488 490 494 495 496 497 499 561 621 
453: 300 301 303 304 305 307 308 309 310 311 313 317 318 319 320 321 325 328 329 331 332 334 336 337 339 340 341 342 343 344 345 346 347 348 349 350 351 353 355 356 357 358 359 360 361 363 364 367 369 370 371 372 373 374 375 376 377 378 379 382 383 385 386 387 389 390 391 392 393 396 397 398 399 400 401 402 403 404 405 406 407 408 409 411 412 414 415 416 417 418 419 420 421 422 426 427 428 430 431 433 437 438 440 441 442 443 444 445 446 448 449 450 451 452 454 456 457 458 459 461 462 464 465 466 467 469 470 471 472 473 475 477 478 480 481 482 484 486 487 488 489 490 492 493 494 495 496 497 499 723 1469 
454: 300 301 302 303 304 305 306 307 308 309 312 313 314 315 316 318 319 320 321 322 324 325 326 327 328 330 332 333 334 335 336 337 338 340 342 345 346 347 348 349 351 352 354 355 358 359 360 362 363 364 365 367 368 369 370 371 372 373 374 375 376 379 380 382 383 384 386 388 391 392 393 395 397 398 400 401 402 403 405 406 407 408 409 410 411 413 415 416 418 420 421 422 423 425 427 430 431 432 433 434 437 439 441 442 443 444 446 447 449 450 451 452 453 456 457 458 459 461 462 463 465 466 467 468 470 471 472 474 475 476 477 478 479 480 481 482 483 488 489 491 493 494 495 496 499 532 558 638 679 
455: 300 301 302 303 305 307 308 309 310 311 312 313 314 315 316 317 318 319 320 321 322 323 325 326 327 328 329 330 331 332 333 334 335 336 337 338 340 341 344 345 348 349 350 351 352 353 354 356 358 359 360 361 363 364 365 366 369 370 371 372 373 374 377 378 380 381 383 384 385 389 390 391 392 394 395 401 402 403 404 406 411 414 415 416 419 421 422 423 425 426 428 429 430 431 432 436 437 440 441 442 443 444 445 447 448 450 451 452 456 457 459 460 462 463 464 465 466 467 469 471 472 473 476 477 478 479 480 481 482 483 484 486 488 489 490 491 492 493 496 499 579 607 639 684 1495 
456: 300 302 303 304 307 309 310 311 312 313 314 315 316 317 318 319 320 321 322 324 325 326 328 329 330 331 332 335 337 338 339 340 341 342 344 345 346 348 349 351 352 354 355 356 358 360 362 363 366 367 368 370 371 372 373 375 376 378 379 380 381 382 383 384 385 387 388 389 390 391 392 394 395 396 397 398 399 401 402 403 405 406 407 409 410 412 413 414 415 416 417 418 419 420 422 423 425 426 427 428 429 430 432 433 434 436 437 440 443 445 446 447 448 450 451 452 453 454 455 457 460 461 462 464 466 467 468 471 472 476 477 478 479 480 482 483 487 488 489 490 492 494 496 497 499 546 654 684 705 1369 1485 
457: 300 301 302 303 305 307 308 309 310 311 312 313 314 315 316 317 318 320 321 322 323 325 326 327 328 329 330 331 332 335 336 337 338 339 340 342 343 345 346 347 348 349 350 352 353 355 356 357 358 360 362 363 364 367 369 371 372 373 374 375 376 377 378 379 380 381 383 385 386 387 388 389 390 391 394 396 397 400 403 404 406 408 410 411 412 413 414 415 417 418 419 420 421 422 423 424 426 427 428 430 431 432 434 435 436 437 439 440 441 442 443 444 446 447 448 449 450 451 453 454 455 456 459 460 461 463 464 465 466 468 469 470 471 472 474 475 477 480 481 482 483 485 486 487 488 489 490 491 493 494 495 496 497 498 1378 
458: 300 301 303 304 305 306 307 308 309 312 315 317 318 319 320 321 322 324 325 326 328 329 330 332 333 335 336 339 340 341 343 345 346 348 349 350 351 352 353 354 356 357 358 360 361 362 363 365 369 371 372 373 374 376 378 379 380 382 383 384 385 386 387 388 389 390 391 392 394 395 396 397 398 399 400 401 402 403 404 408 409 410 411 412 413 414 415 417 420 421 422 423 424 425 427 428 429 430 431 432 433 435 436 439 440 445 446 448 449 450 451 452 453 454 459 460 461 462 463 465 466 467 468 469 471 472 474 475 476 477 478 479 480 481 482 485 486 487 489 490 491 492 493 494 495 498 499 518 541 564 613 1351 
459: 300 301 302 303 305 307 308 309 310 311 312 313 314 315 317 318 319 322 324 327 330 331 333 335 336 337 338 340 341 342 343 344 345 347 348 350 352 354 355 356 358 359 360 363 364 366 367 369 370 372 375 376 377 378 380 381 384 386 387 388 389 390 392 393 394 395 397 398 399 400 401 402 403 404 405 406 408 410 411 412 413 416 417 418 419 420 421 422 423 424 426 427 429 430 431 432 433 434 435 436 437 438 441 445 446 447 448 449 452 453 454 455 457 458 460 461 462 463 464 465 466 468 469 470 471 472 473 474 476 477 479 480 481 482 484 485 486 487 488 491 493 494 495 496 497 498 656 739 1461 
460: 300 301 302 303 305 306 307 308 309 311 313 315 317 318 320 321 322 323 326 327 328 329 330 331 332 333 338 339 340 342 345 346 348 350 351 353 356 357 358 359 360 361 363 365 366 367 368 371 372 373 374 375 377 378 379 380 381 382 384 385 386 387 388 389 390 391 392 393 395 396 397 398 399 400 401 404 405 407 409 411 412 414 415 417 418 419 421 423 424 425 426 427 429 431 432 433 434 435 437 438 439 441 442 443 444 445 446 447 449 450 452 455 456 457 458 459 461 462 463 464 465 466 468 469 470 471 474 477 480 481 482 483 484 485 486 487 488 489 490 491 492 494 495 498 499 538 578 586 1358 
461: 300 301 302 303 305 307 309 310 311 312 313 314 315 316 319 321 322 323 324 326 327 328 329 330 331 332 333 338 339 340 343 344 345 346 347 348 350 353 354 355 358 359 360 363 364 365 367 369 370 371 372 374 375 376 378 379 382 383 384 386 387 388 389 390 391 392 394 396 397 398 399 400 401 403 404 405 406 408 409 410 411 412 413 415 416 417 418 419 423 424 426 427 428 430 431 432 433 434 435 436 437 439 440 443 445 446 447 450 452 453 454 456 457 458 459 460 462 463 464 465 466 468 470 473 474 475 476 477 478 479 481 482 483 484 485 486 487 488 489 491 492 493 496 497 498 572 580 1487 
462: 302 304 307 309 310 311 312 313 315 318 319 320 321 322 323 326 327 329 330 331 332 333 334 335 336 338 339 340 341 342 343 344 345 348 351 352 353 354 355 356 357 358 360 361 362 363 364 367 368 370 371 373 375 377 378 379 380 382 384 386 387 388 389 391 394 395 396 399 400 402 404 405 407 408 409 411 412 413 414 415 417 418 419 420 421 422 424 427 428 429 430 431 432 433 434 435 436 437 439 441 443 444 446 447 448 451 452 453 454 455 456 458 459 460 461 464 465 466 467 468 470 472 474 475 476 477 478 480 481 482 483 484 485 486 487 488 490 491 492 493 495 496 498 499 
463: 300 301 304 306 307 310 311 313 315 317 320 321 322 323 325 326 327 328 330 332 334 335 336 339 341 343 345 346 347 348 350 351 352 354 355 359 361 362 364 365 366 367 368 369 370 371 373 374 375 376 378 380 382 384 385 386 388 389 390 392 393 394 396 399 400 404 405 406 407 408 410 411 412 413 414 415 416 417 418 419 420 421 424 426 428 429 430 431 433 434 435 437 440 441 442 446 448 449 450 454 455 457 458 459 460 461 464 465 467 468 469 472 473 474 475 476 477 481 482 484 485 487 489 491 492 493 494 495 498 499 544 642 647 659 600 674 
464: 300 301 302 303 304 305 306 307 308 310 312 313 316 318 319 320 321 323 324 325 326 327 328 329 330 331 335 337 338 339 340 343 347 349 352 353 354 355 356 357 359 360 362 363 364 365 366 368 369 370 371 372 376 378 380 381 382 383 384 385 386 390 392 393 394 395 396 398 399 400 401 403 405 406 407 408 409 411 413 416 418 419 420 422 424 425 426 427 428 429 430 431 432 434 435 436 439 440 441 442 443 445 447 448 450 451 452 453 455 456 457 459 460 461 462 463 465 467 468 469 470 471 472 473 475 478 481 482 483 484 487 489 490 492 493 494 495 497 498 499 538 643 610 1351 
465: 301 302 303 305 306 307 308 309 310 311 314 315 316 319 320 322 324 325 326 327 328 329 330 331 332 333 334 337 338 340 341 342 343 345 346 347 349 350 351 352 353 355 356 358 359 360 362 363 366 367 368 369 371 373 375 377 378 379 380 381 382 383 384 385 387 388 389 392 393 394 395 396 397 398 399 400 403 404 406 408 409 410 412 413 416 418 419 420 421 422 423 424 425 426 427 428 429 431 434 435 437 439 440 441 442 444 447 449 451 453 454 455 457 458 459 460 461 462 463 464 467 468 470 471 472 473 475 476 477 481 482 483 484 485 487 488 489 490 491 492 493 494 495 499 556 
466: 300 302 304 305 306 307 308 309 312 313 314 315 318 319 321 323 325 326 327 329 331 332 333 335 336 338 340 342 343 347 349 350 352 353 354 355 356 358 359 360 362 363 365 367 368 371 372 375 376 377 378 380 381 382 383 385 386 387 388 389 391 392 393 394 395 396 397 398 400 401 403 404 405 406 407 408 409 410 412 413 415 416 417 418 421 423 424 425 426 427 428 429 430 431 432 433 435 437 439 441 444 446 447 448 450 451 453 454 455 456 457 458 459 460 461 462 467 468 469 471 474 475 476 477 478 480 481 482 483 484 485 486 487 488 490 491 492 494 495 497 498 499 613 695 1478 
467: 301 302 304 305 306 307 308 309 310 311 312 313 316 317 318 320 321 323 324 325 327 328 329 330 331 332 334 335 339 340 341 342 343 344 345 347 349 350 351 353 354 355 356 358 359 360 362 363 364 365 366 367 368 369 370 372 373 375 376 377 379 380 381 382 383 384 385 386 389 391 392 393 395 396 397 399 401 402 403 404 405 406 408 410 411 413 414 416 417 420 422 423 424 425 426 427 428 429 430 432 433 435 439 440 441 442 443 444 447 448 449 450 451 452 453 454 455 456 458 462 463 464 465 466 468 470 471 472 473 474 475 476 477 478 480 481 482 483 484 485 486 487 489 491 492 493 494 495 496 497 558 590 685 
468: 301 302 303 305 307 308 309 310 311 312 313 314 315 316 317 318 319 321 322 323 324 325 326 327 328 329 331 332 333 336 337 339 340 341 342 346 348 349 353 354 355 357 358 359 360 361 362 364 365 367 368 369 371 372 373 375 376 377 379 380 381 382 383 384 385 387 388 389 390 394 395 396 398 399 400 401 402 404 405 406 408 409 411 415 416 417 418 419 420 421 422 423 428 429 430 431 432 433 438 439 441 442 443 444 445 448 449 450 451 454 456 457 458 459 460 461 462 463 464 465 466 467 470 472 473 474 475 477 479 480 482 483 485 487 488 489 490 491 492 493 494 495 496 497 498 499 535 704 1374 
469: 301 303 304 306 307 309 310 311 313 314 317 319 320 322 326 327 328 330 332 333 334 337 339 340 341 342 343 345 346 347 348 351 352 353 355 356 357 358 359 360 362 363 364 365 366 367 368 369 370 371 372 373 374 375 377 378 380 381 382 383 387 389 391 392 393 394 395 398 399 400 401 402 403 404 405 406 407 408 409 410 411 412 413 414 415 416 418 419 420 421 422 425 426 427 428 429 430 432 433 435 436 437 438 439 440 441 442 443 446 447 448 449 450 452 453 455 457 458 459 460 463 464 466 470 471 473 474 475 477 478 479 480 481 482 484 485 486 487 489 490 491 493 494 496 497 498 499 535 1349 
470: 300 301 304 305 307 308 310 311 312 313 314 315 316 317 319 321 322 323 324 329 330 333 334 335 336 337 340 341 342 343 345 346 347 350 351 352 353 354 355 356 358 359 363 364 365 367 369 371 372 373 375 376 377 379 380 381 384 386 388 391 392 394 396 397 399 400 401 403 404 405 406 407 408 410 411 413 414 415 417 419 420 421 422 424 425 427 428 429 431 433 434 435 437 438 439 440 441 442 443 444 445 449 450 451 452 453 454 457 459 460 461 462 464 465 467 468 469 471 475 476 478 479 480 481 482 483 485 486 487 488 489 490 491 492 494 497 498 499 577 587 613 733 
471: 300 301 302 303 306 307 308 309 310 312 314 315 316 318 319 320 322 325 326 327 328 330 331 335 336 337 339 340 341 342 343 344 346 347 348 349 351 352 354 355 358 359 361 362 363 364 366 367 368 369 370 371 375 376 377 379 380 383 384 385 386 387 388 389 390 391 393 394 395 398 399 401 402 403 405 406 408 409 410 411 412 413 415 416 417 420 421 424 425 426 427 431 434 440 441 442 443 445 446 447 448 449 450 452 453 454 455 456 457 458 459 460 464 465 466 467 469 470 472 474 475 476 477 480 481 482 484 487 488 489 490 491 492 493 495 496 499 657 1483 
472: 301 304 305 306 307 309 310 311 312 313 314 316 317 318 320 322 323 325 326 329 330 331 332 333 334 335 336 337 338 339 340 341 343 345 346 349 350 351 352 353 355 356 357 358 361 362 363 364 365 366 367 368 369 370 371 372 374 376 377 379 380 381 382 385 387 389 391 392 394 395 396 398 399 400 401 403 404 406 407 408 409 410 411 412 413 414 415 416 417 418 419 422 426 427 428 429 430 431 434 435 436 439 440 441 442 443 444 445 448 450 452 453 454 455 456 457 458 459 462 463 464 465 467 468 471 473 474 475 479 483 484 486 487 488 489 491 492 493 494 495 496 498 499 539 609 
473: 300 301 302 303 304 307 308 309 311 312 314 315 317 318 319 321 322 325 327 329 330 331 332 333 335 336 337 339 341 342 343 344 345 346 347 348 349 350 351 352 354 355 356 357 358 359 360 361 364 365 366 367 368 369 370 372 374 375 377 378 379 380 381 382 383 384 385 386 387 388 389 392 393 394 395 397 399 400 402 403 404 405 406 408 409 410 411 412 413 414 415 416 419 420 421 424 426 427 428 429 430 431 433 436 437 438 441 442 443 444 446 447 448 449 450 451 452 453 455 459 461 463 464 465 467 468 469 472 474 475 476 481 483 484 487 488 489 490 492 493 494 495 496 498 499 660 633 1475 1490 
474: 301 302 303 304 305 306 307 308 309 310 311 312 313 314 315 316 317 318 322 325 326 328 329 330 331 336 338 339 340 341 342 343 344 346 347 348 349 350 351 352 353 354 355 356 357 358 360 361 362 363 364 365 366 367 368 369 371 374 375 376 377 378 380 382 383 385 386 387 388 389 390 391 392 394 395 397 398 400 402 403 405 406 408 409 410 411 412 413 414 416 417 418 419 421 422 423 425 426 427 428 429 430 432 433 434 435 436 437 439 440 442 444 445 449 450 451 454 457 458 459 460 461 462 463 466 467 468 469 471 472 473 476 477 478 479 480 481 482 483 484 485 487 488 489 490 492 498 499 556 617 
475: 300 304 305 306 307 309 310 312 313 316 317 319 320 321 322 323 325 326 328 329 330 331 332 333 334 335 336 337 338 341 342 343 346 348 349 350 351 352 353 355 356 357 358 359 361 362 364 365 366 367 368 369 370 372 373 374 376 377 378 380 381 382 384 385 386 388 389 391 393 394 395 396 399 400 401 402 404 405 407 408 409 410 411 412 414 415 416 417 420 421 422 424 425 427 428 429 430 431 433 435 436 437 439 440 441 443 444 445 446 447 448 449 450 452 453 454 457 458 461 462 463 464 465 466 467 468 469 470 471 472 473 480 481 482 483 485 487 488 489 491 492 493 494 495 497 498 499 513 738 1365 
476: 300 301 302 304 305 306 307 308 309 311 312 313 314 315 316 317 318 319 320 321 322 323 324 325 326 327 329 335 336 338 340 341 344 345 346 347 349 351 353 354 355 356 357 358 359 360 361 362 363 364 365 366 367 369 370 371 373 374 377 378 379 380 381 382 383 386 387 389 390 391 392 394 395 398 399 400 401 402 404 406 407 408 409 410 412 414 415 420 423 424 425 426 427 429 431 432 435 436 437 438 440 444 445 447 449 450 451 452 454 455 456 458 459 461 462 463 465 466 467 470 471 473 474 477 478 479 480 481 482 483 484 485 486 487 488 490 491 493 494 496 497 498 540 503 667 716 1355 
477: 300 301 303 304 305 306 307 308 309 310 311 312 314 318 319 320 321 322 323 324 325 326 327 328 329 330 331 332 333 334 335 336 337 338 339 342 343 344 345 346 347 348 349 350 351 354 355 356 357 358 359 360 361 364 366 368 369 371 375 377 378 379 380 381 382 383 384 385 386 387 388 389 390 391 392 393 394 395 396 398 399 402 403 404 405 406 407 410 412 413 414 415 416 417 418 419 420 424 425 427 432 433 434 435 438 441 442 444 446 447 449 450 452 453 454 455 456 457 458 459 460 461 462 463 465 466 467 468 469 471 474 476 478 479 481 483 485 487 488 493 494 495 496 497 498 499 552 568 704 
478: 300 303 304 305 307 309 311 312 314 316 317 318 319 320 321 322 324 325 326 327 329 332 333 334 335 337 340 341 342 343 345 346 348 349 350 351 352 356 357 358 360 361 364 366 367 368 370 372 374 376 377 380 381 389 390 391 393 395 397 400 401 403 405 406 409 414 415 416 418 419 420 421 422 423 425 426 429 430 431 432 434 436 438 441 443 445 446 447 448 451 452 453 454 455 456 458 461 462 464 466 467 469 470 474 476 477 480 482 483 484 485 487 488 490 491 492 494 495 496 497 498 564 694 
479: 300 301 302 303 305 306 307 308 310 311 313 314 315 316 317 318 319 320 322 323 325 326 328 329 331 332 334 336 340 341 342 343 344 345 346 347 348 349 352 353 354 355 358 360 362 363 364 366 368 369 371 373 375 376 377 378 380 381 382 384 385 387 388 389 391 392 393 395 396 397 398 399 400 401 404 405 406 410 411 413 415 418 420 421 422 423 424 426 429 431 432 433 436 438 439 440 441 444 445 446 447 449 450 451 454 455 456 458 459 461 468 469 470 472 474 476 477 480 481 482 483 487 489 490 491 494 495 496 498 513 543 546 578 682 718 732 1462 1464 
480: 300 302 304 305 306 307 308 309 311 312 313 314 315 318 320 321 322 324 326 327 328 329 330 331 333 334 339 340 341 342 343 344 345 347 348 350 353 354 355 356 357 358 359 360 361 362 364 366 368 369 372 373 374 376 377 379 380 381 383 384 385 386 388 389 390 392 393 394 395 396 397 399 400 401 402 403 404 405 406 407 408 411 413 414 415 417 420 421 422 424 425 429 430 432 434 435 436 437 438 439 440 441 442 443 445 446 447 448 449 450 451 452 453 454 455 456 457 458 459 460 462 466 467 468 469 470 471 474 475 476 478 479 481 486 487 488 489 490 492 493 494 495 496 498 525 576 729 1345 
481: 301 302 306 307 309 310 312 313 316 317 318 319 320 322 324 326 327 329 330 331 332 334 336 337 338 340 342 343 344 345 346 349 350 351 352 353 354 357 358 361 362 363 366 367 368 371 372 373 374 376 377 378 380 381 382 383 384 388 389 390 391 392 394 395 396 398 399 401 405 406 408 409 411 412 414 415 418 420 421 422 423 424 428 429 432 433 434 436 437 439 440 441 443 444 445 446 447 448 450 452 453 454 455 457 458 459 460 461 462 463 464 465 466 467 469 470 471 473 474 475 476 477 479 480 482 483 484 485 486 487 488 489 490 492 493 494 495 496 497 498 499 624 627 682 1347 
482: 300 301 302 303 304 306 308 309 310 312 313 314 315 316 317 319 323 325 327 328 329 331 332 333 334 336 337 339 340 344 345 347 348 349 350 354 355 356 357 359 360 361 362 364 365 367 368 370 371 372 373 374 375 376 377 378 379 381 382 383 388 392 393 395 397 398 400 401 404 405 407 408 409 410 412 414 415 416 417 419 420 421 422 424 425 427 428 431 432 433 435 436 437 438 439 440 441 442 443 445 446 448 449 450 451 453 454 455 456 457 458 459 460 461 462 463 464 465 466 467 468 469 470 471 474 475 476 478 479 481 483 484 485 487 488 489 490 491 494 495 496 497 499 603 728 
483: 300 302 304 305 308 309 310 311 313 314 315 316 317 318 320 321 322 323 324 325 326 327 329 333 334 337 339 340 341 342 343 344 345 346 347 349 352 353 354 356 357 358 359 360 362 363 364 366 367 368 369 370 371 374 375 376 377 379 380 382 383 386 387 388 391 392 393 394 395 397 400 401 402 404 406 407 409 410 412 413 414 416 417 418 420 422 424 426 427 428 429 430 431 433 434 435 436 437 438 440 441 444 445 446 447 451 452 454 455 456 457 460 461 462 464 465 466 467 468 470 472 473 474 475 476 477 478 479 481 482 484 485 486 487 488 489 490 492 493 495 496 497 498 499 558 560 1343 
484: 300 301 302 304 305 306 307 308 310 311 313 314 317 318 322 323 326 327 328 329 330 331 334 336 337 338 339 341 345 346 347 348 350 351 352 353 354 355 357 358 359 360 361 362 363 365 366 367 368 372 375 376 377 378 381 382 383 385 387 388 389 390 391 392 393 395 397 398 399 400 401 403 404 405 407 408 409 410 411 412 413 414 416 417 418 419 421 422 425 426 428 429 430 431 434 435 436 437 438 439 440 441 442 444 445 446 447 448 450 451 453 455 459 460 461 462 463 464 465 466 467 469 471 472 473 474 476 478 481 482 483 485 487 488 491 492 494 495 497 498 646 611 1473 1488 
485: 300 304 306 309 314 315 316 318 319 320 322 326 327 328 329 330 331 332 335 336 337 339 340 342 343 345 347 348 349 351 352 353 354 355 356 357 359 360 361 362 363 364 365 366 367 370 371 372 373 376 377 380 382 384 387 388 389 390 391 392 394 395 396 400 401 402 403 404 405 406 407 408 410 411 412 413 414 415 417 419 420 421 422 426 427 429 430 431 432 435 436 437 438 439 440 442 443 444 445 446 447 448 449 450 451 457 458 459 460 461 462 463 465 466 467 468 469 470 474 475 476 477 478 481 482 483 484 487 488 489 490 493 495 496 498 499 594 604 612 1483 
486: 300 301 302 303 305 306 311 312 313 316 318 319 322 323 326 327 329 330 331 332 333 336 337 338 340 342 343 344 347 348 349 350 351 353 354 355 356 357 358 359 361 362 363 364 365 367 368 369 370 371 373 374 375 376 377 379 380 381 383 384 385 386 387 388 391 392 395 396 397 399 400 401 403 404 406 407 410 411 412 413 415 416 417 418 419 420 421 423 426 427 428 431 432 433 434 435 436 437 438 440 441 442 443 444 445 446 447 450 451 452 453 455 457 458 459 460 461 462 466 467 469 470 472 476 480 481 483 488 490 491 492 493 496 497 498 499 523 1372 1373 
487: 300 301 303 304 305 308 309 311 312 313 315 317 318 319 323 324 326 327 328 329 330 333 334 335 336 340 341 344 345 346 347 348 349 350 351 352 354 356 358 359 361 363 364 365 366 367 368 369 371 372 373 374 375 376 377 378 380 384 385 386 388 389 391 392 393 395 397 398 399 400 402 403 404 406 407 408 410 411 412 413 414 415 418 421 422 423 424 425 427 430 432 433 435 437 438 439 441 442 443 446 447 448 449 450 451 452 453 456 457 458 459 460 461 462 463 464 465 466 467 468 469 470 471 472 473 474 475 476 477 478 479 480 481 482 483 484 485 488 489 490 491 492 495 496 497 498 499 674 718 
488: 300 301 302 303 304 305 306 307 308 312 313 315 317 318 321 322 324 325 326 327 330 332 333 334 336 337 338 339 340 342 343 344 346 348 349 350 351 352 354 355 356 357 358 359 360 362 363 364 365 366 367 370 371 373 375 376 377 379 380 381 382 385 386 389 390 391 393 394 396 400 401 402 403 404 405 407 408 410 411 413 414 416 418 419 421 422 423 424 426 427 428 429 430 433 435 437 439 440 441 442 443 444 445 446 447 448 449 450 451 452 453 454 455 456 457 459 460 461 462 465 466 468 470 471 472 473 474 475 476 477 478 480 481 482 483 484 485 486 487 490 491 492 493 494 495 498 499 539 510 714 
489: 300 301 302 303 305 308 309 310 311 313 314 315 316 317 318 320 322 323 324 325 326 328 329 331 333 334 335 336 337 338 339 341 342 343 345 346 348 350 351 353 355 356 358 360 361 362 363 365 366 368 369 370 371 374 375 376 377 378 379 382 383 384 385 387 389 390 392 393 396 397 398 401 402 405 407 408 410 411 412 413 414 417 418 419 423 424 425 427 428 429 431 432 433 435 439 441 442 443 445 446 447 449 450 453 454 455 456 457 458 460 461 463 464 465 467 468 469 470 471 472 473 474 475 479 480 481 482 483 485 487 490 492 493 494 495 496 497 498 499 627 671 
490: 300 301 302 303 304 306 307 309 310 311 314 315 316 318 320 321 324 325 327 328 329 330 332 333 334 335 338 339 340 342 343 344 346 349 350 351 352 353 354 355 357 358 359 360 363 364 365 366 367 368 369 372 373 376 377 378 379 380 381 384 385 386 387 389 391 392 393 394 395 396 397 398 399 400 401 402 403 404 405 407 409 410 411 414 417 418 419 421 423 424 425 426 428 429 432 433 434 435 436 437 438 439 440 444 445 446 447 448 450 451 452 453 455 456 457 458 460 462 464 465 466 468 469 470 471 473 474 476 478 479 480 481 482 483 485 486 487 488 489 491 492 493 494 495 496 499 571 663 612 635 726 1475 
491: 300 301 302 303 305 306 307 309 310 311 313 314 315 316 319 320 321 322 325 326 327 329 330 331 332 333 334 335 336 337 338 339 340 341 342 343 344 346 347 348 349 351 352 353 354 355 356 359 360 361 364 367 368 369 371 372 373 374 375 378 379 380 382 383 384 385 386 387 391 393 394 395 396 398 399 400 401 402 403 404 406 407 410 411 413 415 416 417 418 419 420 421 422 423 424 426 427 429 430 432 433 436 437 439 440 441 442 443 445 446 447 448 449 454 455 457 458 459 460 461 462 463 465 466 467 468 469 470 471 472 475 476 478 479 482 484 486 487 488 490 492 493 494 495 496 497 498 499 1343 
492: 302 303 304 305 306 308 309 310 312 313 314 315 316 318 319 320 321 322 323 324 325 326 327 328 330 332 333 334 335 336 338 341 342 343 344 345 347 348 349 351 352 353 354 355 356 357 358 359 360 361 362 363 365 369 370 371 372 375 376 379 380 381 383 384 385 386 387 389 391 392 393 395 396 398 399 401 402 403 404 405 406 407 412 416 417 418 419 420 421 422 424 425 426 427 429 430 431 432 433 434 435 436 437 438 440 441 442 443 444 445 448 449 451 453 455 456 458 460 461 462 463 464 465 466 467 468 470 471 472 473 474 475 478 480 481 483 484 486 487 488 489 490 491 493 496 498 499 621 635 1492 
493: 300 302 303 304 305 306 307 308 309 310 311 312 313 314 315 316 318 319 320 322 323 324 326 327 328 330 332 333 334 335 336 337 338 339 343 344 346 347 348 349 350 351 352 353 354 355 357 358 360 361 362 363 365 368 370 371 372 373 375 377 378 379 380 381 382 383 384 386 387 392 393 394 395 396 397 398 399 400 401 402 403 404 405 406 407 408 409 410 411 412 413 414 415 416 417 420 421 423 424 425 427 428 429 430 431 432 433 435 436 437 438 439 440 441 444 447 448 450 451 453 454 455 457 458 459 461 462 463 464 465 467 468 469 471 472 473 475 476 477 480 481 483 485 486 488 489 490 491 492 494 497 498 594 613 735 1341 1470 1476 
494: 301 305 306 309 310 311 312 314 316 317 318 319 320 321 322 323 324 326 327 328 330 332 333 334 335 336 337 339 340 341 342 343 344 345 347 349 350 351 353 354 355 356 357 358 359 361 362 363 364 366 367 368 369 373 374 375 376 377 378 381 383 384 385 386 387 389 392 393 394 396 397 398 400 401 402 403 404 406 408 409 410 411 412 413 414 415 417 418 419 422 425 426 427 428 429 430 432 433 434 435 437 440 443 444 446 447 448 450 451 452 453 454 456 457 458 459 460 463 464 465 466 467 468 469 470 472 473 475 476 477 478 479 480 481 482 484 488 489 490 491 493 495 497 498 514 595 
495: 300 301 302 305 306 307 308 309 310 311 313 314 316 319 320 321 322 323 324 327 328 329 332 333 334 335 337 338 339 340 342 343 344 346 347 348 349 351 352 355 356 357 358 360 361 362 363 364 365 366 367 368 369 372 373 374 375 376 377 378 379 381 382 383 384 386 387 388 389 390 391 392 393 394 395 396 397 398 399 401 402 403 405 406 407 408 409 411 412 413 414 415 418 419 421 422 423 425 426 428 429 430 431 432 434 435 436 438 439 440 447 448 449 450 451 452 453 454 457 458 459 460 462 463 464 465 466 467 468 471 472 473 475 477 478 479 480 481 482 483 484 485 487 488 489 490 491 494 499 568 661 627 671 738 
496: 301 302 303 306 307 308 309 310 311 312 313 314 316 317 319 320 321 322 323 326 327 329 330 331 332 333 334 336 338 339 340 341 342 343 344 345 347 349 351 352 353 354 355 356 357 358 359 361 362 363 364 365 366 367 368 369 370 371 373 375 376 377 379 380 381 382 385 386 387 388 389 390 391 392 393 395 396 397 398 399 400 401 402 403 405 406 407 408 409 411 412 413 414 415 416 417 418 421 423 425 426 428 430 431 432 433 434 435 436 437 439 440 441 442 445 446 448 449 450 452 453 454 455 456 457 459 461 462 467 468 469 471 472 473 476 477 478 479 480 481 482 483 485 486 487 489 490 491 492 497 498 545 
497: 300 302 303 304 305 306 307 308 309 310 311 312 313 314 315 316 317 318 319 320 321 322 323 324 325 326 327 328 329 330 332 335 336 340 341 342 343 344 347 349 352 353 354 355 356 357 358 361 363 364 365 366 367 369 370 371 375 376 378 379 380 381 382 385 386 387 388 391 392 394 395 396 397 398 401 402 403 404 407 410 411 412 413 414 415 416 418 419 420 423 425 426 427 429 430 432 433 434 436 437 438 439 440 441 442 443 444 446 448 449 450 452 453 456 457 459 461 464 466 467 468 469 470 475 476 477 478 481 482 483 484 486 487 489 491 493 494 496 499 538 620 687 1347 1376 
498: 300 301 302 303 304 305 306 308 309 311 312 313 314 315 316 317 318 320 321 322 323 324 326 327 328 329 330 331 333 334 336 337 338 339 340 341 342 343 344 345 347 348 349 351 352 353 354 355 356 358 359 360 362 363 364 365 366 368 370 371 372 373 374 375 376 377 378 380 382 384 385 386 387 388 389 390 391 392 393 395 396 397 400 401 403 404 406 407 408 409 410 411 412 414 416 417 418 421 422 424 425 429 430 431 432 433 434 436 437 438 439 440 443 445 446 447 450 457 458 459 460 461 462 463 464 466 468 469 470 472 473 474 475 476 477 478 479 480 481 483 484 485 486 487 488 489 491 492 493 494 496 499 576 739 1373 
499: 300 302 303 304 305 307 308 309 311 312 313 314 315 316 318 319 320 322 323 325 326 327 328 329 331 335 336 339 340 341 343 344 345 346 347 350 351 352 353 355 356 358 359 360 361 362 363 365 367 368 369 370 372 374 375 376 378 379 380 381 383 385 386 387 389 390 391 392 396 398 399 400 401 402 404 405 406 407 409 410 411 413 416 418 419 420 421 422 423 425 426 427 428 431 433 435 436 438 441 444 445 446 449 450 451 452 453 454 455 456 458 460 462 463 464 465 466 468 469 470 471 472 473 474 475 477 481 482 483 485 486 487 488 489 490 491 492 495 497 498 573 678 692 699 1350 1370 
512: 386 446 513 514 515 516 517 518 522 523 525 527 528 529 530 531 532 533 534 536 537 539 541 544 545 547 548 550 551 552 553 554 555 556 557 558 559 560 561 562 563 565 567 568 569 570 571 572 574 575 576 577 579 581 584 585 586 587 590 591 592 593 594 596 597 598 599 500 501 502 504 506 508 509 510 511 
513: 420 475 479 512 516 517 518 519 521 522 523 524 526 527 528 529 530 531 532 534 535 536 537 538 539 540 543 544 548 549 550 551 552 553 554 555 556 557 559 560 561 562 563 564 566 567 568 570 571 573 574 575 576 577 578 579 580 582 583 584 585 586 588 589 590 591 592 593 594 596 597 598 599 501 502 503 504 505 506 507 508 509 510 1232 
514: 359 423 494 512 515 516 517 519 523 524 525 526 527 529 531 533 534 535 536 540 541 542 543 544 545 546 547 548 549 550 551 552 553 554 555 557 558 559 560 562 563 564 565 566 567 568 571 572 573 574 575 576 577 580 581 582 583 584 585 587 588 589 590 591 592 594 595 596 598 599 500 501 502 503 504 505 508 509 
515: 408 439 512 514 516 519 520 521 523 525 526 527 528 529 530 531 532 534 535 536 537 538 539 540 541 542 543 544 545 546 547 548 549 550 552 553 554 555 556 557 558 559 561 563 564 565 567 568 570 571 574 575 576 577 578 580 581 582 583 584 585 586 588 589 590 591 592 593 594 595 598 500 501 504 505 506 508 509 510 511 1325 
516: 323 512 513 514 515 517 518 519 520 521 522 523 524 525 526 527 528 532 533 534 535 536 537 538 540 542 544 545 546 547 548 550 551 552 553 554 556 557 558 559 560 561 562 563 564 565 566 567 568 569 570 571 575 576 577 578 579 580 581 583 584 586 587 588 589 590 591 592 593 594 595 596 597 598 599 500 501 502 505 506 507 508 510 511 1318 1339 
517: 331 442 512 513 514 516 518 519 520 521 522 525 526 527 528 529 530 531 532 533 534 537 538 539 540 541 542 543 544 545 547 548 549 550 551 552 553 554 555 556 557 558 559 561 562 564 567 569 570 571 572 574 575 576 577 578 579 580 581 582 583 584 585 586 587 588 589 591 592 593 594 595 596 597 598 599 500 501 502 503 504 505 506 507 509 510 1214 1300 
518: 458 512 513 516 517 519 520 521 523 524 525 527 529 531 532 533 534 535 537 538 539 540 542 544 545 546 549 550 551 552 553 554 556 557 559 560 561 562 565 566 567 569 570 571 572 573 575 576 577 578 579 580 582 583 584 585 587 588 589 590 591 592 593 594 595 596 597 598 599 501 502 503 504 505 506 507 508 509 511 1191 1227 1235 
519: 344 513 514 515 516 517 518 520 521 523 524 525 527 528 529 531 532 534 535 537 538 539 540 541 542 543 545 546 548 549 550 551 554 556 557 558 559 561 562 563 564 565 566 567 568 569 570 571 572 575 576 578 579 580 582 583 584 586 590 591 592 593 594 597 598 599 500 502 503 504 505 506 507 508 509 510 511 1210 1241 1329 1339 
520: 325 374 515 516 517 518 519 521 522 523 524 525 526 527 529 531 532 535 536 537 538 539 541 542 543 544 545 546 547 548 549 550 553 554 555 556 558 559 560 561 563 565 567 568 569 570 571 572 573 574 575 576 577 578 579 581 582 584 585 586 587 588 589 592 593 594 595 597 598 599 500 501 502 503 504 505 506 507 508 510 511 
521: 374 513 515 516 517 518 519 520 522 523 525 526 527 528 529 531 532 533 535 536 537 538 539 540 541 544 546 547 548 549 550 551 552 553 554 555 556 557 558 559 560 562 563 564 565 566 567 568 569 570 572 573 574 576 577 578 579 580 581 582 584 585 586 587 588 589 590 591 593 598 500 501 502 503 504 505 506 507 508 509 510 511 1213 1314 1331 
522: 338 353 427 512 513 516 517 520 521 524 526 527 528 530 531 532 533 535 536 538 539 540 541 542 543 544 545 546 547 549 550 551 552 553 556 557 558 559 560 564 565 566 567 568 569 570 572 573 575 576 577 579 580 581 582 583 584 585 588 589 590 591 592 593 594 596 597 501 502 503 504 505 507 508 510 511 1247 1300 
523: 320 380 388 486 512 513 514 515 516 518 519 520 521 524 525 526 527 528 529 530 531 532 533 534 535 537 538 539 542 543 545 546 549 550 551 552 553 554 555 556 557 559 560 561 562 563 564 566 568 569 570 573 575 576 578 579 580 581 582 583 584 585 586 587 588 589 590 591 594 595 596 597 598 599 501 502 503 504 505 506 507 508 510 
524: 340 344 513 514 516 518 519 520 522 523 526 527 528 532 533 534 536 537 538 539 540 541 542 544 545 546 547 548 549 550 551 552 553 554 555 556 557 559 560 561 565 566 567 568 570 571 573 574 577 579 580 581 582 584 585 586 587 588 589 590 591 592 593 594 595 596 598 599 500 502 503 504 507 508 509 510 1215 1223 
525: 480 512 514 515 516 517 518 519 520 521 523 526 527 528 529 530 531 532 533 534 535 536 537 538 541 542 543 544 545 546 547 548 549 550 551 552 554 555 556 557 560 561 562 564 566 567 568 570 573 576 577 579 580 581 582 583 584 585 586 587 588 589 590 592 593 594 595 596 597 598 599 501 502 503 504 505 506 508 509 510 511 1325 
526: 513 514 515 516 517 520 521 522 523 524 525 527 528 529 530 531 532 533 536 537 538 539 540 542 544 545 546 547 548 549 550 551 553 554 555 556 558 559 561 562 563 564 565 566 567 568 569 570 572 573 574 575 576 580 582 584 585 586 587 589 591 594 595 599 500 501 502 503 504 505 506 507 508 509 510 511 1221 
527: 365 383 512 513 514 515 516 517 518 519 520 521 522 523 524 525 526 528 529 530 532 533 535 536 539 540 541 542 543 544 545 546 547 548 549 550 551 552 553 554 555 557 558 559 560 561 563 566 567 568 569 570 571 573 574 575 576 578 580 581 582 583 584 585 588 589 590 591 592 593 595 596 597 500 503 504 505 506 507 508 509 510 511 
528: 343 382 512 513 515 516 517 519 521 522 523 524 525 526 527 530 531 532 534 536 537 538 540 542 543 547 548 549 550 553 557 558 559 561 562 563 564 565 566 567 568 570 572 573 574 575 576 577 580 581 582 583 584 585 586 588 590 591 594 597 598 599 502 503 504 505 507 508 509 510 511 1197 
529: 306 345 386 418 512 513 514 515 517 518 519 520 521 523 525 526 527 530 531 532 534 535 536 538 539 540 541 542 543 544 545 546 547 548 549 551 552 553 555 556 557 558 559 562 563 564 566 567 568 569 570 571 572 573 574 575 576 577 578 579 580 582 583 585 586 587 588 589 591 592 593 594 595 596 598 599 501 502 503 504 505 506 507 508 509 510 511 1213 
530: 512 513 515 517 522 523 525 526 527 528 529 531 532 533 534 535 536 537 538 539 540 541 542 543 544 546 548 549 551 553 554 555 557 558 559 560 561 562 563 564 565 566 567 568 569 570 571 572 574 575 576 577 578 580 581 582 583 584 585 588 589 590 592 593 594 595 596 598 501 502 503 504 505 506 507 508 509 510 511 1213 1303 
531: 304 404 512 513 514 515 517 518 519 520 521 522 523 525 526 528 529 530 532 533 534 535 538 539 540 542 543 544 545 546 548 549 550 551 552 553 554 555 556 558 560 561 562 565 567 568 569 570 571 572 575 577 579 580 581 582 583 584 585 586 587 588 589 590 592 593 594 595 596 597 598 599 500 501 502 503 504 505 506 507 508 510 511 1224 
532: 454 512 513 515 516 517 518 519 520 521 522 523 524 525 526 527 528 529 530 531 533 534 535 536 538 539 540 541 542 544 545 546 547 548 549 550 552 553 554 555 556 557 558 559 561 563 564 565 566 567 568 570 571 572 573 574 575 577 578 579 580 581 582 583 586 589 590 591 592 593 595 596 598 599 500 501 502 503 504 505 506 508 509 510 511 
533: 394 512 514 516 517 518 521 522 523 524 525 526 527 530 531 532 535 536 537 538 539 541 542 543 544 545 546 548 549 550 551 552 553 554 555 557 558 559 560 563 564 565 566 567 571 572 574 575 578 579 580 582 583 584 585 586 587 588 589 590 593 594 596 597 598 599 500 501 502 504 505 506 509 
534: 411 512 513 514 515 516 517 518 519 523 524 525 528 529 530 531 532 536 537 538 539 543 544 545 546 547 548 549 550 551 553 556 557 558 559 560 561 562 563 564 566 567 568 569 570 571 572 573 574 576 578 579 581 582 583 584 585 588 589 590 591 592 593 594 595 596 597 598 599 500 501 502 503 504 506 507 509 1206 1234 1299 
535: 468 469 513 514 515 516 518 519 520 521 522 523 525 527 529 530 531 532 533 536 537 539 540 541 544 545 546 547 548 549 551 552 555 556 557 558 561 562 565 566 567 569 570 571 572 573 574 576 577 578 579 581 582 583 584 585 586 587 588 590 592 593 594 595 597 598 599 500 501 503 506 508 509 510 511 1234 
536: 305 402 413 512 513 514 515 516 520 521 522 524 525 526 527 528 529 530 532 533 534 535 537 538 539 540 541 542 544 545 546 548 549 550 551 552 553 555 556 557 558 560 562 563 564 566 567 568 569 571 572 573 574 575 577 578 579 580 581 582 583 584 588 589 590 591 592 593 594 595 597 598 599 500 502 504 505 507 508 511 
537: 512 513 515 516 517 518 519 520 521 523 524 525 526 528 530 533 534 535 536 540 542 544 545 546 547 548 549 553 554 558 559 561 562 563 564 565 566 568 569 571 572 574 576 577 579 581 582 583 584 585 589 590 594 595 596 597 598 500 502 503 504 505 506 507 508 509 510 511 
538: 306 387 460 464 497 513 515 516 517 518 519 520 521 522 523 524 525 526 528 529 530 531 532 533 534 536 540 542 543 545 546 547 548 550 551 552 553 554 555 556 557 559 560 562 566 568 570 571 572 574 575 576 578 579 580 581 582 583 584 585 586 587 588 589 591 592 593 594 595 597 500 501 502 503 504 505 507 509 510 
539: 321 472 488 512 513 515 517 518 519 520 521 522 523 524 526 527 529 530 531 532 533 534 535 536 542 543 544 545 546 549 550 551 552 553 555 556 557 558 559 560 561 563 565 566 567 568 569 570 571 572 573 575 577 578 580 581 582 583 584 585 586 587 588 589 590 591 592 594 595 597 598 599 501 502 503 504 505 507 509 510 511 1290 
540: 314 352 411 476 513 514 515 516 517 518 519 521 522 524 526 527 528 529 530 531 532 535 536 537 538 541 543 544 545 546 548 549 550 551 552 554 555 556 557 558 560 561 562 563 564 565 566 567 568 569 570 572 573 574 577 578 579 580 581 582 584 585 587 588 589 590 591 592 594 595 597 598 500 501 502 503 505 506 508 510 511 
541: 352 358 458 512 514 515 517 519 520 521 522 524 525 527 529 530 532 533 535 536 540 543 544 545 546 547 548 549 550 551 553 554 555 558 559 560 561 562 563 564 567 569 570 571 572 575 576 577 578 580 581 585 586 588 589 591 592 593 594 595 596 597 598 599 500 501 502 503 504 505 506 507 508 509 510 511 
542: 413 424 514 515 516 517 518 519 520 522 523 524 525 526 527 528 529 530 531 532 533 536 537 538 539 543 544 546 547 548 549 550 552 553 554 555 556 557 558 559 561 562 563 564 565 566 567 569 570 571 572 573 574 575 576 580 581 583 584 585 586 587 588 589 590 591 593 594 596 597 598 599 501 503 505 506 507 508 509 511 1217 1294 1301 
543: 316 479 513 514 515 517 519 520 522 523 525 527 528 529 530 531 533 534 538 539 540 541 542 544 546 547 548 549 550 551 552 553 554 555 557 558 559 560 564 566 568 571 572 573 574 575 576 578 579 580 581 582 583 584 585 588 589 590 592 593 594 595 596 598 500 501 502 503 504 505 506 507 508 509 510 511 1332 1339 
544: 368 463 512 513 514 515 516 517 518 520 521 522 524 525 526 527 529 530 531 532 533 534 535 536 537 539 540 541 542 543 545 549 550 551 552 553 554 555 556 557 558 559 560 561 562 563 564 565 566 567 568 569 570 571 572 573 574 575 576 577 578 579 580 581 583 584 586 587 588 589 590 591 592 593 594 595 596 597 598 599 502 503 504 505 506 507 508 509 510 511 1304 
545: 308 352 496 512 514 515 516 517 518 519 520 522 523 524 525 526 527 529 531 532 533 534 535 536 537 538 539 540 541 544 546 547 548 550 551 552 554 555 556 557 558 559 560 562 565 566 567 568 569 570 571 573 574 575 579 580 581 582 585 586 587 588 589 590 591 592 595 596 597 598 599 500 502 504 505 506 507 508 509 510 511 
546: 334 456 479 514 515 516 518 519 520 521 522 523 524 525 526 527 529 530 531 532 533 534 535 536 537 538 539 540 541 542 543 545 547 548 550 551 552 553 554 556 558 559 560 561 562 565 566 567 568 569 570 571 572 574 575 576 577 578 580 581 582 583 584 585 586 587 588 589 590 591 593 594 595 596 597 598 500 502 503 506 507 508 509 510 511 1292 1324 1332 
547: 359 377 414 512 514 515 516 517 520 521 522 524 525 526 527 528 529 532 534 535 537 538 541 542 543 545 546 551 552 553 554 555 556 557 558 559 560 562 563 564 567 568 569 570 572 573 574 575 576 577 578 579 580 581 583 586 587 588 589 593 594 595 596 597 598 599 500 501 503 504 505 506 507 509 1221 
548: 451 512 513 514 515 516 517 519 520 521 524 525 526 527 528 529 530 531 532 533 534 535 536 537 538 540 541 542 543 545 546 549 550 551 552 554 555 556 558 559 560 561 564 565 567 568 570 572 573 574 575 576 578 579 580 582 583 584 585 586 587 588 589 590 591 592 593 594 595 597 598 500 501 502 503 504 505 507 509 510 511 
549: 383 513 514 515 517 518 519 520 521 522 523 524 525 526 527 528 529 530 531 532 533 534 535 536 537 539 540 541 542 543 544 548 550 551 552 553 554 555 556 557 560 561 562 563 564 566 567 569 570 571 572 573 575 576 578 579 580 581 582 583 584 585 586 589 591 594 595 597 500 502 503 504 505 508 511 1316 
550: 401 512 513 514 515 516 517 518 519 520 521 522 523 524 525 526 527 528 531 532 533 534 536 538 539 540 541 542 543 544 545 546 548 549 553 554 555 556 558 559 560 561 562 563 564 565 567 568 569 570 571 573 574 575 576 578 579 580 581 582 584 585 586 588 589 590 592 593 594 595 597 598 599 500 502 503 504 506 507 508 510 511 1309 
551: 301 327 355 387 512 513 514 516 517 518 519 521 522 523 524 525 526 527 529 530 531 533 534 535 536 538 539 540 541 543 544 545 546 547 548 549 552 553 554 555 556 557 558 559 560 563 564 565 566 567 571 572 573 574 575 577 578 579 580 581 583 584 585 586 589 590 591 592 594 595 596 598 500 502 503 504 505 506 507 508 509 510 511 1223 
552: 338 406 477 512 513 514 515 516 517 518 521 522 523 524 525 527 529 531 532 533 535 536 538 539 540 542 543 544 545 546 547 548 549 551 553 554 556 557 558 560 562 563 564 565 566 569 570 571 572 573 574 576 578 580 581 582 583 585 586 587 588 589 590 591 592 593 594 595 596 597 598 501 502 503 504 506 507 508 509 511 
553: 406 512 513 514 515 516 517 518 520 521 522 523 524 526 527 528 529 530 531 532 533 534 536 537 538 539 541 542 543 544 546 547 549 550 551 552 554 555 556 557 559 560 561 562 563 564 565 566 567 568 569 571 573 574 575 576 577 578 580 581 582 583 584 585 586 589 590 591 593 594 596 598 599 501 502 503 505 506 508 510 511 1307 
554: 360 512 513 514 515 516 517 518 519 520 521 523 524 525 526 527 530 531 532 533 537 538 540 541 542 543 544 545 546 547 548 549 550 551 552 553 555 556 557 559 560 561 562 564 565 566 567 568 569 571 572 574 575 577 578 579 580 582 583 585 586 587 588 589 591 592 593 594 595 596 597 598 599 500 501 502 503 504 505 506 507 508 509 510 511 
555: 314 512 513 514 515 517 520 521 523 524 525 526 527 529 530 531 532 533 535 536 538 539 540 541 542 543 544 545 547 548 549 550 551 553 554 557 558 559 560 562 563 564 565 566 567 568 569 571 572 573 574 575 576 578 579 580 582 583 586 588 589 591 592 593 595 596 597 598 599 500 501 503 504 505 506 507 509 511 1330 
556: 300 427 465 474 512 513 515 516 517 518 519 520 521 522 523 524 525 526 529 531 532 534 535 536 538 539 540 542 544 545 546 547 548 549 550 551 552 553 554 558 559 560 561 564 565 566 567 568 569 570 571 572 573 574 576 577 578 579 580 581 582 585 586 588 589 590 591 592 593 594 595 596 598 599 500 501 502 503 504 505 506 507 508 509 511 
557: 512 513 514 515 516 517 518 519 521 522 523 524 525 527 528 529 530 532 533 534 535 536 538 539 540 542 543 544 545 547 549 551 552 553 554 555 558 560 562 563 564 566 567 569 570 571 572 573 574 575 576 577 578 579 580 581 583 584 585 586 587 588 590 591 592 594 596 598 599 500 501 502 504 505 507 508 509 510 511 
558: 454 467 483 512 514 515 516 517 519 520 521 522 526 527 528 529 530 531 532 533 534 535 536 537 539 540 541 542 543 544 545 546 547 548 550 551 552 555 556 557 559 560 561 562 563 565 566 567 568 569 570 572 575 576 577 578 579 580 581 583 585 586 588 589 591 592 593 596 597 599 500 502 503 505 506 507 508 510 511 1239 1326 
559: 395 512 513 514 515 516 517 518 519 520 521 522 523 524 526 527 528 529 530 532 533 534 537 538 539 541 542 543 544 545 546 547 548 550 551 553 554 555 556 558 560 561 562 563 564 565 566 567 568 569 570 571 572 573 574 575 576 578 579 581 582 583 584 585 586 587 588 591 592 593 594 595 596 597 598 599 500 501 502 503 504 505 506 507 509 510 511 1190 
560: 351 483 512 513 514 516 518 520 521 522 523 524 525 527 530 531 533 534 536 538 539 540 541 543 544 545 546 547 548 549 550 551 552 553 554 555 556 557 558 559 561 562 563 564 565 566 567 568 569 570 571 572 573 574 576 577 578 579 580 581 582 583 584 585 587 588 589 590 591 592 593 594 597 599 500 501 502 503 505 506 507 508 509 510 511 
561: 325 404 452 512 513 515 516 517 518 519 520 523 524 525 526 527 528 530 531 532 534 535 537 539 540 541 542 544 546 548 549 550 553 554 556 558 559 560 562 563 564 565 566 567 568 569 570 571 574 575 576 577 578 579 580 581 582 583 585 586 587 588 589 590 592 593 594 595 596 597 598 599 500 501 502 504 506 507 511 
562: 303 512 513 514 516 517 518 519 521 523 525 526 528 529 530 531 534 535 536 537 538 540 541 542 544 545 546 547 549 550 552 553 554 555 557 558 559 560 561 563 564 565 568 569 571 572 574 575 576 578 580 581 582 583 585 587 588 589 591 592 594 595 596 597 598 500 501 502 503 504 505 506 507 508 509 510 511 
563: 318 392 512 513 514 515 516 519 520 521 523 526 527 528 529 530 532 533 534 536 537 539 540 541 542 544 547 549 550 551 552 553 555 557 558 559 560 561 562 564 565 567 569 570 571 572 573 574 575 576 578 579 580 581 582 583 584 585 586 587 589 590 592 595 598 599 500 501 502 504 505 506 507 508 509 510 511 1215 1248 
564: 424 458 478 513 514 515 516 517 519 521 522 523 525 526 528 529 530 532 533 534 536 537 540 541 542 543 544 547 548 549 550 551 552 553 554 555 556 557 559 560 561 562 563 565 566 567 568 569 570 571 573 574 575 576 577 578 579 580 581 583 584 585 586 589 590 592 593 594 595 596 597 598 599 501 502 503 504 505 507 509 511 1213 
565: 427 512 514 515 516 518 519 520 521 522 524 526 528 530 531 532 533 535 537 539 540 542 544 545 546 548 550 551 552 553 554 555 556 558 559 560 561 562 563 564 566 568 569 570 571 572 573 574 575 576 578 579 580 581 582 583 585 586 589 590 591 592 593 595 596 597 599 500 501 502 504 505 506 508 509 510 511 1211 1227 
566: 324 382 400 513 514 516 518 519 521 522 523 524 525 526 527 528 529 530 532 533 534 535 536 537 538 539 540 542 543 544 545 546 549 551 552 553 554 555 556 557 558 559 560 561 564 565 567 568 570 573 574 575 576 577 578 579 580 582 583 584 585 586 587 588 589 590 591 592 593 594 595 596 597 598 599 500 502 505 506 507 511 
567: 329 449 512 513 514 515 516 517 518 519 520 521 522 524 525 526 527 528 529 530 531 532 533 534 535 536 539 540 541 542 544 545 546 547 548 549 550 551 553 554 555 556 557 558 559 560 561 563 564 566 568 569 571 572 573 574 576 578 579 580 581 582 583 584 585 586 587 588 590 592 593 594 596 597 598 599 501 503 504 506 507 508 509 511 1324 
568: 477 495 512 513 514 515 516 519 520 521 522 523 524 525 526 527 528 529 530 531 532 534 536 537 538 539 540 543 544 545 546 547 548 550 553 554 555 556 558 559 560 561 562 564 565 566 567 569 570 571 572 574 575 576 577 578 579 580 581 582 583 584 585 588 589 590 591 593 594 595 596 597 598 599 501 502 504 506 507 508 509 510 
569: 403 431 512 516 517 518 519 520 521 522 523 526 527 529 530 531 534 535 536 537 539 540 541 542 544 545 546 547 549 550 552 553 554 555 556 557 558 559 560 561 562 563 564 565 567 568 570 571 572 574 575 576 577 578 579 580 581 582 584 585 586 589 590 592 593 594 595 596 599 501 502 503 504 505 506 507 509 510 511 
570: 410 438 512 513 515 516 517 518 519 520 521 522 523 524 525 526 527 528 529 530 531 532 534 535 538 539 540 541 542 544 545 546 547 548 549 550 552 556 557 558 559 560 561 563 564 565 566 568 569 571 574 575 576 579 580 581 582 583 584 585 586 587 588 589 591 592 593 594 595 596 597 598 599 500 502 504 505 506 509 510 511 1194 1198 1307 
571: 353 362 393 490 512 513 514 515 516 517 518 519 520 524 527 529 530 531 532 533 534 535 536 537 538 539 541 542 543 544 545 546 549 550 551 552 553 554 555 556 557 559 560 561 562 563 564 565 567 568 569 570 572 573 574 575 577 578 579 580 581 582 583 584 585 586 587 588 589 592 594 595 596 597 598 599 502 503 505 506 507 508 509 510 511 1217 
572: 347 437 444 461 512 514 517 518 519 520 521 522 526 528 529 530 531 532 533 534 535 536 537 538 539 540 541 542 543 544 546 547 548 549 551 552 554 555 556 557 558 559 560 562 563 565 567 568 569 571 574 575 576 577 578 579 580 581 582 583 584 585 586 587 588 589 592 595 596 597 598 599 500 501 502 503 504 505 507 508 509 511 1326 
573: 336 499 513 514 518 520 521 522 523 524 525 526 527 528 529 532 534 535 536 539 540 542 543 544 545 547 548 549 550 551 552 553 555 556 557 559 560 563 564 565 566 567 571 574 575 576 577 578 579 580 581 582 584 585 586 587 588 589 591 592 593 594 595 596 597 599 500 501 502 503 504 505 507 509 510 511 
574: 337 512 513 514 515 517 520 521 524 526 527 528 529 530 532 533 534 535 536 537 538 540 542 543 544 545 546 547 548 550 551 552 553 554 555 556 557 559 560 561 562 563 564 565 566 567 568 569 570 571 572 573 575 576 579 580 582 583 584 585 586 587 588 589 591 592 593 594 595 596 597 599 500 501 502 503 504 505 506 507 508 509 510 511 1326 
575: 310 347 369 407 427 512 513 514 515 516 517 518 519 520 522 523 526 527 528 529 530 531 532 533 536 538 539 541 542 543 544 545 546 547 548 549 550 551 553 554 555 557 558 559 561 562 563 564 565 566 568 569 570 571 572 573 574 576 577 580 581 582 583 584 585 586 589 590 591 592 593 594 595 596 597 598 599 500 501 502 503 505 506 507 508 509 1204 
576: 311 362 368 480 498 512 513 514 515 516 517 518 519 520 521 522 523 525 526 527 528 529 530 534 535 537 538 541 542 543 544 546 547 548 549 550 552 553 555 556 557 558 559 560 561 562 563 564 565 566 567 568 569 570 572 573 574 575 578 579 580 581 582 584 585 586 587 588 589 591 592 593 594 595 596 597 598 599 500 502 503 504 506 507 508 509 
577: 372 426 470 512 513 514 515 516 517 518 520 521 522 524 525 528 529 530 531 532 535 536 537 539 540 541 544 546 547 551 553 554 556 557 558 560 561 564 566 568 569 571 572 573 575 579 580 582 583 585 586 587 588 589 590 591 593 596 597 599 500 502 503 505 506 508 509 510 511 1214 
578: 313 332 359 406 460 479 513 515 516 517 518 519 520 521 523 527 529 530 532 533 534 535 536 538 539 540 541 543 544 546 547 548 549 550 551 552 553 554 555 556 557 558 559 560 561 562 563 564 565 566 567 568 569 571 572 573 576 579 580 581 582 583 585 586 587 588 589 591 592 594 595 596 597 598 501 503 504 505 507 510 1330 
579: 375 455 512 513 516 517 518 519 520 521 522 523 524 525 529 531 532 533 534 535 536 537 538 540 543 544 545 547 548 549 550 551 554 555 556 557 558 559 560 561 563 564 565 566 567 568 569 570 571 572 573 574 576 577 578 580 581 582 583 584 586 587 589 590 591 592 594 595 597 599 500 501 502 503 504 505 506 507 508 509 510 511 
580: 461 513 514 515 516 517 518 519 521 522 523 524 525 526 527 528 529 530 531 532 533 536 538 539 540 541 542 543 544 545 546 547 548 549 550 551 552 553 554 555 556 557 558 560 561 562 563 564 565 566 567 568 569 570 571 572 573 574 575 576 577 578 579 581 582 583 584 585 586 589 590 591 592 595 596 500 501 502 503 504 506 507 508 509 510 511 1318 1323 1330 
581: 512 514 515 516 517 520 521 522 523 524 525 527 528 530 531 532 534 535 536 537 538 539 540 541 542 543 544 545 546 547 549 550 551 552 553 556 557 558 559 560 561 562 563 564 565 567 568 569 570 571 572 573 575 576 578 579 580 582 583 584 585 586 587 588 589 590 593 594 595 596 597 598 599 501 502 503 504 505 506 507 508 510 
582: 513 514 515 517 518 519 520 521 522 523 524 525 526 527 528 529 530 531 532 533 534 535 536 537 538 539 540 543 545 546 548 549 550 552 553 554 555 556 559 560 561 562 563 565 566 567 568 569 570 571 572 573 574 575 576 577 578 579 580 581 584 585 586 587 588 589 590 593 595 596 597 598 599 501 504 505 506 507 508 509 510 511 
583: 342 391 450 513 514 515 516 517 518 519 522 523 525 527 528 529 530 531 532 533 534 535 536 537 538 539 542 543 544 546 547 548 549 551 552 553 554 555 557 558 559 560 561 562 563 564 565 566 567 568 570 571 572 574 575 577 578 579 580 581 584 585 587 589 590 591 592 593 597 598 599 502 503 504 505 506 509 1217 
584: 397 512 513 514 515 516 517 518 519 520 521 522 523 524 525 526 527 528 530 531 533 534 535 536 537 538 539 540 542 543 544 546 548 549 550 551 553 557 559 560 563 564 566 567 568 569 570 571 572 573 574 575 576 579 580 581 582 583 585 586 588 589 590 591 593 594 596 597 598 599 500 502 503 504 505 507 508 509 510 1301 1332 1339 
585: 512 513 514 515 517 518 520 521 522 523 524 525 526 527 528 529 530 531 533 534 535 537 538 539 540 541 542 543 545 546 548 549 550 551 552 553 554 556 557 558 559 560 561 562 563 564 565 566 567 568 569 570 571 572 573 574 575 576 577 578 580 581 582 583 584 586 587 588 589 592 594 595 596 597 598 599 500 501 503 504 507 509 511 1233 
586: 460 512 513 515 516 517 519 520 521 523 524 525 526 528 529 531 532 533 535 538 539 541 542 544 545 546 547 548 549 550 551 552 553 554 555 556 557 558 559 561 563 564 565 566 567 569 570 571 572 573 574 575 576 577 578 579 580 581 582 584 585 587 588 589 590 591 592 593 594 595 596 597 599 502 503 504 505 506 507 508 509 510 1208 
587: 308 312 331 470 512 514 516 517 518 520 521 523 524 525 526 529 531 533 535 538 539 540 542 544 545 546 547 548 552 554 557 559 560 561 562 563 566 567 570 571 572 573 574 576 577 578 579 581 582 583 585 586 588 589 590 591 592 593 594 595 597 598 599 500 501 502 503 504 505 506 507 508 509 1203 1212 
588: 337 442 513 514 515 516 517 518 520 521 522 523 524 525 527 528 529 530 531 533 534 535 536 538 539 540 541 542 543 544 545 546 547 548 550 552 554 555 556 557 558 559 560 561 562 566 567 568 570 571 572 573 574 576 577 578 581 582 584 585 586 587 589 590 591 592 593 594 595 598 599 500 501 502 503 506 507 508 510 511 1249 
589: 310 352 369 513 514 515 516 517 518 520 521 522 523 524 525 526 527 529 530 531 532 533 534 536 537 538 539 540 541 542 543 544 545 546 547 548 549 550 551 552 553 554 555 556 558 560 561 562 563 564 565 566 568 569 570 571 572 573 574 575 576 577 578 579 580 581 582 583 584 585 586 587 588 591 593 594 595 596 598 599 502 504 505 506 508 510 1211 
590: 384 389 467 512 513 514 515 516 518 519 521 522 523 524 525 527 528 530 531 532 533 534 535 536 537 539 540 542 543 544 545 546 548 550 551 552 553 556 557 560 561 563 564 565 566 567 568 569 575 577 579 580 581 582 583 584 586 587 588 592 593 594 596 597 598 599 500 501 504 506 507 508 510 1322 
591: 320 512 513 514 515 516 517 518 519 521 522 523 524 526 527 528 529 532 534 536 538 539 540 541 542 544 545 546 548 549 551 552 553 554 555 556 557 558 559 560 562 565 566 568 570 573 574 575 576 577 578 579 580 583 584 586 587 588 589 592 593 594 595 597 599 500 504 505 507 508 510 511 
592: 301 512 513 514 515 516 517 518 519 520 522 524 525 527 529 530 531 532 534 535 536 538 539 540 541 543 544 545 548 550 551 552 554 555 556 557 558 559 560 561 562 563 564 565 566 567 569 570 571 572 573 574 575 576 578 579 580 583 585 586 587 588 590 591 593 594 595 596 597 599 500 501 502 503 504 505 507 508 509 510 511 
593: 340 512 513 515 516 517 518 519 520 521 522 524 525 527 529 530 531 532 533 534 535 536 538 541 542 543 544 546 547 548 550 552 553 554 555 556 558 559 560 561 564 565 566 567 568 569 570 573 574 575 576 577 581 582 583 584 586 587 588 589 590 591 592 594 595 596 597 598 599 500 501 502 503 504 505 506 507 508 509 510 511 1222 
594: 485 493 512 513 514 515 516 517 518 519 520 522 523 524 525 526 528 529 530 531 533 534 535 536 537 538 539 540 541 542 543 544 546 547 548 549 550 551 552 553 554 556 557 559 560 561 562 564 566 567 568 569 570 571 573 574 575 576 578 579 581 584 585 586 587 588 589 590 591 592 593 595 596 598 599 500 502 503 504 505 506 507 508 509 511 1312 
595: 494 514 515 516 517 518 520 523 524 525 526 527 529 530 531 532 534 535 536 537 538 539 540 541 543 544 545 546 547 548 549 550 551 552 554 555 556 559 561 562 563 564 565 566 568 569 570 571 572 573 574 575 576 578 579 580 581 582 585 586 587 588 589 591 592 593 594 598 500 501 502 503 504 505 506 507 508 509 510 511 
596: 439 512 513 514 516 517 518 522 523 524 525 527 529 530 531 532 533 534 537 541 542 543 544 545 546 547 551 552 553 554 555 556 557 558 559 561 562 564 565 566 567 568 569 570 571 572 573 574 575 576 577 578 580 581 582 584 585 586 589 590 592 593 594 597 598 500 501 502 503 504 505 506 507 509 511 
597: 512 513 516 517 518 519 520 522 523 525 527 528 531 533 534 535 536 537 538 539 540 541 542 544 545 546 547 548 549 550 552 554 555 558 559 560 561 562 564 565 566 567 568 570 571 572 573 574 575 576 577 578 579 581 582 583 584 585 586 587 590 591 592 593 596 598 599 501 502 503 504 505 506 507 508 509 511 1199 1324 1327 
598: 359 512 513 514 515 516 517 518 519 520 521 523 524 525 528 529 530 531 532 533 534 535 536 537 539 540 541 542 543 544 545 546 547 548 550 551 552 553 554 555 556 557 559 561 562 563 564 566 567 568 570 571 572 575 576 578 581 582 583 584 585 587 588 589 590 593 594 595 596 597 599 500 502 504 505 506 507 508 509 
599: 351 373 385 431 512 513 514 516 517 518 519 520 523 524 525 526 528 529 531 532 533 534 535 536 539 541 542 544 545 547 550 553 554 555 556 557 558 559 560 561 563 564 565 566 567 568 569 570 571 572 573 574 575 576 577 579 581 582 583 584 585 586 587 588 589 590 591 592 593 594 597 598 502 503 504 506 507 508 509 510 1211 1322 
500: 377 422 512 514 515 516 517 519 520 521 524 526 527 531 532 533 534 535 536 537 538 540 541 543 545 546 547 548 549 550 551 554 555 556 557 558 559 560 561 562 563 565 566 570 572 573 574 575 576 577 579 580 584 585 587 588 590 591 592 593 594 595 596 598 501 502 503 504 505 506 508 509 510 511 
501: 413 512 513 514 515 516 517 518 520 521 522 523 525 526 529 530 531 532 533 534 535 538 539 540 541 542 543 547 548 552 553 554 555 556 557 559 560 561 562 563 564 565 567 568 569 572 573 574 575 578 579 580 581 582 585 587 588 590 592 593 595 596 597 500 502 503 504 505 508 509 510 511 1220 1248 
502: 342 404 512 513 514 516 517 518 519 520 521 522 523 524 525 526 528 529 530 531 532 533 534 536 537 538 539 540 541 543 544 545 546 548 549 550 551 552 553 554 556 557 558 559 560 561 562 563 564 565 566 568 569 570 571 572 573 574 575 576 577 579 580 581 583 584 586 587 588 589 592 593 594 595 596 597 598 599 500 501 503 504 505 506 509 510 511 
503: 307 341 476 513 514 517 518 519 520 521 522 523 524 525 526 527 528 529 530 531 532 534 535 537 538 539 540 541 542 543 544 546 547 548 549 550 551 552 553 554 555 556 558 559 560 562 564 567 569 571 572 573 574 575 576 577 578 579 580 581 583 584 585 586 587 588 592 593 594 595 596 597 599 500 501 502 504 507 510 511 
504: 337 409 512 513 514 515 517 518 519 520 521 522 523 524 525 526 527 528 529 530 531 532 533 534 536 537 538 539 541 543 544 545 547 548 549 550 551 552 554 555 556 557 559 561 562 563 564 565 567 568 569 570 572 573 574 576 578 579 580 581 582 583 584 585 586 587 589 590 591 592 593 594 595 596 597 598 599 500 501 502 503 506 508 509 510 511 1291 
505: 394 434 513 514 515 516 517 518 519 520 521 522 523 525 526 527 528 529 530 531 532 533 536 537 538 539 540 541 542 543 544 545 547 548 549 551 553 554 555 556 557 558 559 560 562 563 564 565 566 569 570 571 572 573 574 575 577 578 579 581 582 583 584 586 587 589 591 592 593 594 595 596 597 598 500 501 502 506 507 509 510 1203 1303 
506: 512 513 515 516 517 518 519 520 521 523 525 526 527 529 530 531 532 533 534 535 537 540 541 542 543 544 545 546 547 550 551 552 553 554 555 556 558 559 560 561 562 563 565 566 567 568 569 570 571 574 575 576 577 579 580 581 582 583 586 587 588 589 590 593 594 595 596 597 598 599 500 502 504 505 507 508 509 510 1244 1310 
507: 412 513 516 517 518 519 520 521 522 523 524 526 527 528 529 530 531 534 536 537 538 539 541 542 543 544 545 546 547 548 550 551 552 554 555 556 557 558 559 560 561 562 563 564 566 567 568 569 571 572 573 574 575 576 578 579 580 581 582 584 585 586 587 588 590 591 592 593 594 595 596 597 598 599 503 505 506 509 510 511 1248 
508: 300 306 512 513 514 515 516 518 519 520 521 522 523 524 525 526 527 528 529 530 531 532 535 536 537 540 541 542 543 544 545 546 549 550 551 552 553 554 556 557 558 560 562 563 565 567 568 571 572 574 575 576 577 579 580 581 582 584 586 587 588 589 590 591 592 593 594 595 597 598 599 500 501 504 506 509 510 511 
509: 512 513 514 515 517 518 519 521 524 525 526 527 528 529 530 532 533 534 535 537 538 539 541 542 543 544 545 546 547 548 551 552 554 555 556 557 559 560 562 563 564 565 567 568 569 570 571 572 573 574 575 576 577 579 580 582 583 584 585 586 587 592 593 594 595 596 597 598 599 500 501 502 504 505 506 507 508 511 
510: 389 399 488 512 513 515 516 517 519 520 521 522 523 524 525 526 527 528 529 530 531 532 535 537 538 539 540 541 543 544 545 546 548 550 551 553 554 557 558 559 560 562 563 565 568 569 570 571 573 574 577 578 579 580 581 582 584 586 588 589 590 591 592 593 595 599 500 501 502 503 504 505 506 507 508 1316 
511: 302 316 397 512 515 516 518 519 520 521 522 525 526 527 528 529 530 531 532 535 536 537 539 540 541 542 543 544 545 546 548 549 550 551 552 553 554 555 556 557 558 559 560 561 562 563 564 565 566 567 569 570 571 572 573 574 577 579 580 582 585 588 591 592 593 594 595 596 597 500 501 502 503 504 507 508 509 1212 1318 
640: 389 641 642 643 644 645 646 647 649 650 652 654 655 656 657 658 659 661 662 663 665 669 600 601 602 603 604 607 608 610 611 613 614 616 617 618 619 623 625 627 628 629 630 633 634 635 636 637 638 1467 
641: 640 642 643 644 645 646 649 650 651 652 653 654 655 656 657 658 659 660 661 662 663 664 666 667 668 669 600 602 603 604 605 606 608 609 610 611 612 613 616 617 618 619 620 621 623 624 625 626 627 628 630 631 632 633 634 635 636 1044 1107 
642: 402 463 640 641 643 644 647 650 651 652 654 655 656 657 659 660 662 663 664 665 666 667 669 600 602 603 604 605 607 608 609 611 612 613 615 616 617 618 619 620 621 623 624 625 626 627 630 631 632 633 635 636 637 638 992 993 1083 1336 1482 
643: 308 321 413 464 640 641 642 644 645 646 647 649 651 652 653 655 656 658 661 662 663 664 665 666 667 668 669 600 601 602 603 605 607 610 613 615 616 617 618 619 620 621 623 624 625 626 627 629 630 632 633 634 635 636 637 638 639 992 1094 
644: 373 640 641 642 643 647 648 649 651 652 653 654 656 657 658 659 660 661 662 663 664 665 666 667 668 600 602 603 604 607 608 610 612 613 614 615 618 619 620 621 622 624 625 626 627 628 629 630 631 632 633 634 635 636 637 638 639 1017 1255 
645: 640 641 643 647 648 649 650 653 655 656 658 659 663 664 665 666 667 669 600 601 602 604 605 607 608 609 611 612 613 615 616 617 618 619 620 622 623 624 625 626 627 630 631 632 633 634 635 636 637 1292 1298 1302 1469 
646: 309 434 451 484 640 641 643 648 649 651 653 654 655 656 658 659 660 661 662 663 664 665 666 667 669 600 602 604 606 607 608 609 610 611 612 613 614 615 616 618 622 624 625 626 627 628 630 631 632 634 635 637 638 639 1039 1250 1334 
647: 356 463 640 642 643 644 645 648 649 650 652 653 654 655 657 658 659 660 664 665 667 668 669 600 601 603 604 605 606 607 608 609 611 612 613 614 616 618 619 620 621 623 624 625 626 628 630 632 633 634 635 636 638 639 
648: 644 645 646 647 650 651 652 653 654 655 656 658 659 660 661 663 664 665 666 667 669 600 601 602 603 605 607 612 615 618 619 621 622 623 624 625 627 628 629 630 632 633 634 635 636 638 639 
649: 640 641 643 644 645 646 647 650 651 652 653 654 655 657 659 660 661 662 663 664 665 666 667 668 669 601 604 607 608 609 610 611 612 613 614 615 616 617 619 620 621 622 623 624 626 627 628 629 633 635 637 1094 1106 1299 1497 
650: 327 640 641 642 645 647 648 649 653 654 655 656 657 659 660 661 662 663 665 667 668 669 601 602 604 606 607 610 611 612 613 615 616 617 618 619 621 622 623 625 626 629 631 633 634 636 638 1006 1280 1263 
651: 375 427 641 642 643 644 646 648 649 652 656 658 659 660 661 667 668 669 602 603 604 605 607 608 609 610 611 612 613 614 615 616 618 619 620 623 624 625 626 627 628 629 631 632 633 634 636 639 1045 1100 1326 
652: 357 388 640 641 642 643 644 647 648 649 651 656 657 658 659 660 661 663 664 665 666 600 601 602 603 604 607 609 611 613 614 615 617 619 620 621 623 626 627 629 630 631 632 633 634 635 636 637 638 639 1103 1296 1490 
653: 425 641 643 644 645 646 647 648 649 650 654 655 657 658 659 660 662 663 664 665 668 669 600 601 603 605 607 608 609 610 613 614 615 616 617 618 619 620 621 623 624 625 626 627 628 629 630 631 632 633 634 635 636 637 639 
654: 409 456 640 641 642 644 646 647 648 649 650 653 656 657 658 660 661 662 664 665 666 667 600 601 602 603 605 608 609 610 611 612 613 614 615 616 619 620 621 622 623 624 625 626 627 629 630 631 632 633 634 636 639 1028 983 1075 
655: 371 640 641 642 643 645 646 647 648 649 650 653 656 657 659 661 663 664 665 666 668 600 601 602 603 604 605 606 607 608 609 610 612 613 615 617 619 620 621 622 623 624 625 626 628 629 630 631 632 634 635 638 1319 1329 
656: 401 429 450 459 640 641 642 643 644 645 646 648 650 651 652 654 655 657 659 660 661 662 664 665 667 669 601 602 603 604 605 606 607 608 610 611 613 614 615 617 619 620 622 625 628 630 634 636 639 1013 1022 1251 1292 1301 1325 1492 
657: 471 640 641 642 644 647 649 650 652 653 654 655 656 658 659 661 662 663 664 665 667 669 600 601 602 604 606 607 610 611 612 613 614 615 616 617 618 619 621 622 624 626 627 628 629 633 635 636 637 638 1056 
658: 302 640 641 643 644 645 646 647 648 651 652 653 654 657 660 661 662 663 665 666 667 669 600 601 602 603 605 607 608 609 611 613 614 615 616 617 618 620 621 622 623 624 626 627 629 631 633 634 635 636 638 639 1264 1315 1472 
659: 337 463 640 641 642 644 645 646 647 648 649 650 651 652 653 655 656 657 660 661 663 664 665 666 667 669 600 602 604 605 606 607 608 610 611 612 613 614 615 619 620 622 623 624 627 629 630 632 633 634 635 636 638 639 1039 
660: 473 641 642 644 646 647 648 649 650 651 652 653 654 656 658 659 662 663 664 666 667 669 601 602 603 604 605 606 607 608 609 610 611 613 616 617 618 619 621 624 626 627 629 630 631 632 633 635 636 637 638 
661: 407 495 640 641 643 644 646 648 649 650 651 652 654 655 656 657 658 659 662 663 664 665 666 667 668 669 600 602 603 604 605 606 608 609 611 614 615 616 617 618 619 620 622 623 624 625 627 629 631 632 633 634 635 636 637 638 639 
662: 393 640 641 642 643 644 646 649 650 653 654 656 657 658 660 661 663 664 665 666 668 601 602 603 606 607 608 609 611 612 614 615 616 618 619 620 621 623 625 626 627 628 630 631 632 633 634 636 637 639 1007 1282 1339 
663: 406 433 490 640 641 642 643 644 645 646 648 649 650 652 653 655 657 658 659 660 661 662 664 665 667 668 600 602 604 605 607 608 609 610 611 612 613 614 616 618 619 620 622 623 624 625 629 630 632 633 635 636 637 638 639 1100 1293 1337 1493 
664: 362 641 642 643 644 645 646 647 648 649 652 653 654 655 656 657 659 660 661 662 663 665 668 600 602 605 606 607 608 609 610 612 613 618 619 621 623 624 625 627 629 631 632 633 634 636 637 638 639 984 1098 1106 
665: 380 425 640 642 643 644 645 646 647 648 649 650 652 653 654 655 656 657 658 659 661 662 663 664 667 668 669 600 601 603 604 605 607 608 609 610 611 612 613 615 616 617 618 620 622 623 626 627 629 630 632 633 634 635 636 637 638 639 981 1072 1329 
666: 395 641 642 643 644 645 646 648 649 652 654 655 658 659 660 661 662 667 668 601 602 603 605 606 607 608 609 610 611 612 613 615 616 617 618 619 620 621 623 624 625 626 627 628 629 631 632 634 635 636 637 639 1007 1008 1084 1092 
667: 308 336 409 476 641 642 643 644 645 646 647 648 649 650 651 654 656 657 658 659 660 661 663 665 666 668 669 601 603 604 605 606 607 609 610 611 612 613 615 616 618 620 621 622 624 625 626 627 628 629 630 632 634 635 637 638 981 992 
668: 319 429 641 643 644 647 649 650 651 653 655 661 662 663 664 665 666 667 669 601 602 605 607 608 610 612 613 614 615 616 617 618 619 621 622 623 624 625 626 628 630 631 632 633 634 635 636 637 638 639 1072 1266 1272 1326 
669: 326 371 380 442 640 641 642 643 645 646 647 648 649 650 651 653 656 657 658 659 660 661 665 667 668 600 601 602 604 606 607 608 609 610 611 612 613 614 615 618 619 620 621 623 624 625 626 627 628 630 633 634 635 636 637 638 639 1266 1318 1335 1487 
600: 325 366 463 640 641 642 643 644 645 646 647 648 652 653 654 655 657 658 659 661 663 664 665 669 602 603 604 605 606 607 609 610 611 614 615 617 618 619 620 621 622 625 626 628 629 630 631 632 633 635 636 637 638 
601: 346 640 643 645 647 648 649 650 652 653 654 655 656 657 658 660 662 665 666 667 668 669 602 604 605 606 607 608 609 610 611 612 613 614 617 620 621 622 624 625 629 630 631 632 633 634 635 636 637 1041 1047 1094 1472 1475 
602: 321 347 396 640 641 642 643 644 645 646 648 650 651 652 654 655 656 657 658 659 660 661 662 663 664 666 668 669 600 601 603 604 606 607 608 609 610 611 612 613 615 616 617 618 621 622 624 625 626 628 629 630 631 632 633 634 635 637 638 639 1102 1295 1334 
603: 482 640 641 642 643 644 647 648 651 652 653 654 655 656 658 660 661 662 665 666 667 600 602 605 606 607 610 611 612 613 614 615 617 618 619 620 621 624 625 626 627 628 629 630 631 632 634 635 636 637 638 639 1048 1098 
604: 412 485 640 641 642 644 645 646 647 649 650 651 652 655 656 657 659 660 661 663 665 667 669 600 601 602 605 606 607 608 609 610 612 613 614 616 619 620 621 622 623 625 626 627 628 629 630 631 632 633 634 635 636 637 638 1274 
605: 320 404 405 641 642 643 645 647 648 651 653 654 655 656 658 659 660 661 663 664 665 666 667 668 600 601 603 604 606 609 610 611 612 613 614 616 618 619 620 621 622 623 624 625 627 629 630 631 632 634 635 637 638 639 982 1304 1320 
606: 314 448 641 646 647 650 655 656 657 659 660 661 662 664 666 667 669 600 601 602 603 604 605 607 608 609 610 612 613 614 616 619 621 622 623 624 627 628 629 630 633 635 636 639 1024 1043 1098 1108 
607: 391 455 640 642 643 644 645 646 647 648 649 650 651 652 653 655 656 657 658 659 660 662 663 664 665 666 667 668 669 600 601 602 603 604 606 608 609 610 612 613 614 615 616 618 619 620 621 622 623 625 626 627 628 629 630 631 632 634 635 636 637 638 639 1004 1300 1335 1471 
608: 323 415 640 641 642 644 645 646 647 649 651 653 654 655 656 658 659 660 661 662 663 664 665 666 668 669 601 602 604 606 607 609 610 612 613 614 616 617 618 619 620 622 623 627 628 629 630 631 632 633 634 635 636 638 991 1061 1096 
609: 385 472 641 642 645 646 647 649 651 652 653 654 655 658 660 661 662 663 664 665 666 667 669 600 601 602 604 605 606 607 608 612 613 614 615 616 617 619 620 621 622 623 624 626 628 629 631 632 633 634 635 636 639 
610: 341 407 464 640 641 643 644 646 649 650 651 653 654 655 656 657 659 660 663 664 665 666 667 668 669 600 601 602 603 604 605 606 607 608 611 612 613 614 615 617 618 619 620 621 622 623 624 626 627 628 629 631 632 634 635 636 637 638 639 1099 1491 1495 
611: 336 366 484 640 641 642 645 646 647 649 650 651 652 654 656 657 658 659 660 661 662 663 665 666 667 669 600 601 602 603 605 610 612 613 616 617 618 619 620 621 624 625 627 628 629 632 633 634 635 636 639 985 1495 
612: 325 396 485 490 641 642 644 645 646 647 648 649 650 651 654 655 657 659 662 663 664 665 666 667 668 669 601 602 603 604 605 606 607 608 609 610 611 613 614 616 621 622 624 625 626 627 629 631 632 633 634 635 636 637 1033 
613: 449 458 466 470 493 640 641 642 643 644 645 646 647 649 650 651 652 653 654 655 656 657 658 659 660 663 664 665 666 667 668 669 601 602 603 604 605 606 607 608 609 610 611 612 614 615 616 617 618 619 620 622 623 624 625 626 627 628 629 630 631 632 633 634 635 636 638 639 1312 
614: 352 361 640 644 646 647 649 651 652 653 654 656 657 658 659 661 662 663 668 669 600 601 603 604 605 606 607 608 609 610 612 613 615 616 617 620 621 622 623 624 625 626 627 628 629 630 631 632 633 634 635 636 637 638 639 1077 1295 1309 1490 
615: 317 391 642 643 644 645 646 648 649 650 651 652 653 654 655 656 657 658 659 661 662 665 666 667 668 669 600 602 603 607 609 610 613 614 616 618 619 620 621 623 624 625 626 627 628 629 630 631 633 635 636 638 639 
616: 416 640 641 642 643 645 646 647 649 650 651 653 654 657 658 660 661 662 663 665 666 667 668 602 604 605 606 607 608 609 611 612 613 614 615 617 618 620 621 622 623 624 625 626 628 629 631 632 633 634 637 638 639 1044 1274 1466 
617: 316 328 435 474 640 641 642 643 645 649 650 652 653 655 656 657 658 660 661 665 666 668 600 601 602 603 608 609 610 611 613 614 616 618 620 621 622 623 624 625 626 628 629 631 633 636 637 1043 986 1062 1075 1259 1460 
618: 334 356 408 640 641 642 643 644 645 646 647 648 650 651 653 657 658 660 661 662 663 664 665 666 667 668 669 600 602 603 605 607 608 610 611 613 615 616 617 619 620 622 623 626 627 628 629 630 631 632 633 634 635 636 637 638 639 1070 1303 1473 
619: 343 405 640 641 642 643 644 645 647 648 649 650 651 652 653 654 655 656 657 659 660 661 662 663 664 666 668 669 600 603 604 605 606 607 608 609 610 611 613 615 618 620 621 622 625 627 629 630 631 632 633 635 636 637 638 639 1060 1074 1265 
620: 366 440 497 641 642 643 644 645 647 649 651 652 653 654 655 656 658 659 661 662 663 665 666 667 669 600 601 603 604 605 607 608 609 610 611 613 614 615 616 617 618 619 622 623 624 626 628 630 631 632 633 636 637 639 1048 1287 
621: 452 492 641 642 643 644 647 648 649 650 652 653 654 655 657 658 660 662 664 666 667 668 669 600 601 602 603 604 605 606 607 609 610 611 612 614 615 616 617 619 622 624 628 629 630 631 633 634 635 636 638 1060 1293 
622: 301 644 645 646 648 649 650 654 655 656 657 658 659 661 663 665 667 668 600 601 602 604 605 606 607 608 609 610 612 613 614 616 617 618 619 620 621 623 624 625 627 629 631 632 634 635 636 637 638 639 1259 1303 1333 
623: 301 309 320 640 641 642 643 645 647 648 649 650 651 652 653 654 655 658 659 661 662 663 664 665 666 668 669 604 605 606 607 608 609 610 613 614 615 616 617 618 620 622 625 626 627 629 630 631 633 634 635 636 637 638 639 1041 1109 1272 
624: 305 312 481 641 642 643 644 645 646 647 648 649 651 653 654 655 657 658 659 660 661 663 664 666 667 668 669 601 602 603 605 606 609 610 611 612 613 614 615 616 617 620 621 622 625 627 628 629 630 631 632 633 634 635 637 638 1012 1014 1106 1266 1276 1334 1335 1336 1463 
625: 640 641 642 643 644 645 646 647 648 650 651 653 654 655 656 661 662 663 664 666 667 668 669 600 601 602 603 604 605 607 611 612 613 614 615 616 617 619 622 623 624 627 628 629 630 631 632 633 634 635 636 637 638 639 
626: 322 641 642 643 644 645 646 647 649 650 651 652 653 654 655 657 658 660 662 665 666 667 668 669 600 602 603 604 607 609 610 612 613 614 615 616 617 618 620 623 630 631 632 634 635 636 637 638 1004 1011 1304 1330 
627: 381 448 481 489 495 640 641 642 643 644 645 646 648 649 651 652 653 654 657 658 659 660 661 662 664 665 666 667 669 603 604 605 606 607 608 610 611 612 613 614 615 618 619 622 623 624 625 630 631 632 633 635 636 637 1071 
628: 640 641 644 646 647 648 649 651 653 655 656 657 662 666 667 668 669 600 602 603 604 606 607 608 609 610 611 613 614 615 616 617 618 620 621 624 625 629 630 632 634 637 638 639 990 1094 1330 1333 1473 
629: 353 640 643 644 648 649 650 651 652 653 654 655 657 658 659 660 661 663 664 665 666 667 600 601 602 603 604 605 606 607 608 609 610 611 612 613 614 615 616 617 618 619 621 622 623 624 625 628 630 631 634 638 639 1004 1066 1269 1272 
630: 310 640 641 642 643 644 645 646 647 648 652 653 654 655 656 659 660 662 663 665 667 668 669 600 601 602 603 604 605 606 607 608 613 614 615 618 619 620 621 623 624 625 626 627 628 629 631 632 634 636 637 638 639 1330 
631: 329 641 642 644 645 646 650 651 652 653 654 655 658 660 661 662 664 666 668 600 601 602 603 604 605 607 608 609 610 612 613 614 615 616 617 618 619 620 621 622 623 624 625 626 627 629 630 634 635 636 637 638 639 1044 
632: 332 416 443 641 642 643 644 645 646 647 648 651 652 653 654 655 659 660 661 662 663 664 665 666 667 668 600 601 602 603 604 605 607 608 609 610 611 612 613 614 616 618 619 620 622 624 625 626 627 628 630 633 635 636 638 639 
633: 316 473 640 641 642 643 644 645 647 648 649 650 651 652 653 654 657 658 659 660 661 662 663 664 665 668 669 600 601 602 604 606 608 609 611 612 613 614 615 616 617 618 619 620 621 623 624 625 627 632 634 635 639 1294 
634: 357 640 641 643 644 645 646 647 648 650 651 652 653 654 655 656 658 659 661 662 664 665 666 667 668 669 601 602 603 604 605 607 608 609 610 611 612 613 614 616 618 621 622 623 624 625 626 628 629 630 631 633 635 636 638 639 1049 984 1068 
635: 311 340 490 492 640 641 642 643 644 645 646 647 648 649 652 653 655 657 658 659 660 661 663 665 666 667 668 669 600 601 602 603 604 605 606 607 608 609 610 611 612 613 614 615 618 619 621 622 623 624 625 626 627 631 632 633 634 636 637 639 1031 1055 1056 1003 1339 
636: 443 640 641 642 643 644 645 647 648 650 651 652 653 654 656 657 658 659 660 661 662 663 664 665 666 668 669 600 601 603 604 606 607 608 609 610 611 612 613 614 615 617 618 619 620 621 622 623 625 626 627 630 631 632 634 635 637 638 639 993 1077 1490 
637: 437 640 642 643 644 645 646 649 652 653 657 660 661 662 663 664 665 666 667 668 669 600 601 602 603 604 605 607 610 612 614 616 617 618 619 620 622 623 624 625 626 627 628 630 631 635 636 638 639 1047 1055 1009 1313 1481 
638: 301 338 367 405 454 640 642 643 644 646 647 648 650 652 655 657 658 659 660 661 663 664 665 667 668 669 600 602 603 604 605 607 608 610 613 614 615 616 618 619 621 622 623 624 625 626 628 629 630 631 632 634 636 637 1054 1495 
639: 455 643 644 646 647 648 651 652 653 654 656 658 659 661 662 663 664 665 666 668 669 602 603 605 606 607 609 610 611 613 614 615 616 618 619 620 622 623 625 628 629 630 631 632 633 634 635 636 637 1065 
670: 367 370 671 672 674 675 676 677 679 680 681 682 683 684 685 686 687 688 689 690 691 692 694 695 696 697 698 700 701 702 703 705 706 708 709 710 711 713 714 715 716 717 718 719 720 721 723 724 725 729 730 731 732 735 736 737 738 739 1125 
671: 303 425 489 495 670 672 673 674 675 676 679 680 681 682 683 684 685 687 689 690 691 692 693 694 696 697 698 699 700 701 703 705 707 708 709 710 711 712 713 714 715 716 717 718 719 720 721 723 724 725 726 728 730 731 733 734 735 736 737 739 
672: 670 671 673 674 676 677 678 679 682 684 685 686 688 690 691 692 693 695 697 698 700 701 704 705 706 707 708 710 711 712 713 714 716 717 718 719 720 722 723 725 726 727 729 730 731 732 733 736 737 738 739 1137 
673: 357 408 445 671 672 674 675 676 677 678 679 680 681 682 683 684 685 687 688 689 690 691 692 693 694 695 696 699 700 701 702 703 704 705 706 707 708 709 710 711 712 713 716 720 721 722 723 724 727 728 729 730 731 732 734 735 736 737 738 739 1112 
674: 463 487 670 671 672 673 675 676 677 678 679 681 682 683 684 685 686 687 688 690 691 692 693 694 696 697 699 700 701 702 704 707 708 709 710 711 714 717 718 719 720 722 723 724 725 727 728 729 730 731 732 733 734 735 736 737 738 
675: 369 378 404 428 670 671 673 674 676 677 679 680 682 683 685 686 687 688 689 691 692 693 694 695 698 699 701 702 703 704 705 706 707 708 709 711 712 713 716 717 718 719 720 722 723 724 725 726 727 728 729 730 731 732 734 735 736 737 738 
676: 390 403 670 671 672 673 674 675 677 678 679 680 681 682 683 684 685 686 689 690 691 693 694 696 697 698 700 701 702 703 704 706 708 709 710 711 713 714 715 716 718 719 720 723 724 725 726 728 729 730 731 732 733 735 738 739 1420 
677: 331 349 412 670 672 673 674 675 676 678 680 681 684 685 686 687 688 689 690 691 692 694 696 697 699 700 701 702 705 706 707 709 710 712 713 714 715 716 718 720 722 724 725 727 728 729 730 731 732 733 735 736 737 738 739 1117 1458 
678: 349 499 672 673 674 676 677 679 682 684 686 687 688 691 692 693 694 695 697 699 700 701 702 704 705 706 707 708 711 712 714 717 720 722 724 725 727 728 729 731 732 733 734 735 736 738 739 1143 1423 
679: 380 454 670 671 672 673 674 675 676 678 680 681 682 683 684 686 687 688 689 690 691 692 694 695 696 697 698 699 700 701 704 705 706 707 708 710 711 712 713 714 715 718 721 722 723 724 726 731 732 733 735 736 738 739 
680: 335 417 451 670 671 673 675 676 677 679 681 683 684 686 687 688 689 690 691 693 694 695 696 697 699 700 701 703 706 707 708 709 711 712 713 714 717 718 719 720 721 722 723 724 725 726 727 728 729 730 731 734 735 736 737 738 739 1446 
681: 670 671 673 674 676 677 679 680 682 683 684 686 687 688 689 690 692 693 697 698 700 701 702 703 707 708 710 711 713 714 715 716 717 718 719 720 721 722 723 724 725 726 728 729 730 731 732 733 734 735 736 739 
682: 479 481 670 671 672 673 674 675 676 678 679 681 683 685 688 689 690 691 692 693 694 695 696 697 698 699 702 703 704 705 706 707 708 709 711 712 713 714 716 717 718 719 721 723 724 727 728 731 732 733 734 735 736 737 739 1459 
683: 308 670 671 673 674 675 676 679 680 681 682 685 686 687 689 690 691 694 696 697 698 699 700 701 702 703 704 705 706 707 708 710 711 712 714 716 717 718 719 720 722 723 725 726 727 728 731 733 734 735 736 737 739 
684: 304 353 383 394 447 455 456 670 671 672 673 674 676 677 678 679 680 681 685 686 687 688 689 690 691 692 693 694 695 696 698 699 700 701 702 703 704 705 706 707 708 709 710 711 712 713 714 715 716 717 718 719 720 721 724 725 726 727 728 729 730 732 734 735 736 737 
685: 315 368 467 670 671 672 673 674 675 676 677 682 683 684 686 687 688 691 692 693 694 695 696 698 699 701 702 704 705 709 710 711 712 713 716 717 718 719 720 721 722 724 726 727 728 730 731 732 733 734 735 736 737 738 739 1441 
686: 329 371 385 670 672 674 675 676 677 678 679 680 681 683 684 685 687 688 689 690 691 692 694 696 697 698 699 700 701 702 703 704 706 707 708 709 710 711 714 715 716 717 718 720 721 722 723 724 725 726 727 728 730 731 732 734 735 736 737 
687: 442 497 670 671 673 674 675 677 678 679 680 681 683 684 685 686 689 690 691 692 695 696 697 698 699 700 702 703 705 708 710 712 713 714 715 716 717 720 721 722 723 724 726 727 728 730 731 732 733 734 735 738 739 
688: 309 333 354 670 672 673 674 675 677 678 679 680 681 682 684 685 686 689 690 692 693 695 696 697 698 699 700 702 704 706 707 708 710 712 713 714 715 717 719 720 721 722 724 725 727 729 730 731 733 734 735 736 737 739 1458 
689: 670 671 673 675 676 677 679 680 681 682 683 684 686 687 688 690 691 692 693 694 695 696 697 698 699 700 701 702 703 704 705 706 707 709 710 711 712 713 714 715 716 717 719 722 723 725 726 727 728 729 731 732 733 734 735 736 738 1127 
690: 346 670 671 672 673 674 676 677 679 680 681 682 683 684 686 687 688 689 691 692 693 694 695 697 698 699 701 702 703 704 705 706 707 708 709 710 711 712 713 714 716 717 718 719 721 722 724 725 726 728 730 731 732 733 734 735 737 738 
691: 352 399 670 671 672 673 674 675 676 677 678 679 680 682 683 684 685 686 687 689 690 693 695 696 697 699 700 701 702 704 708 710 711 712 713 714 716 717 718 720 721 722 723 724 725 726 728 729 730 731 732 734 735 737 738 1441 1447 
692: 366 372 408 440 499 670 671 672 673 674 675 677 678 679 681 682 684 685 686 687 688 689 690 693 696 697 698 700 702 703 704 706 707 709 710 711 712 714 716 717 718 720 721 722 723 724 725 726 727 729 730 732 733 735 736 739 
693: 313 315 341 346 350 362 671 672 673 674 675 676 678 680 681 682 684 685 688 689 690 691 692 694 695 697 698 699 700 703 704 705 706 707 708 709 710 711 712 713 714 715 716 717 718 719 720 721 722 723 724 725 726 727 728 729 730 731 732 733 734 735 736 737 738 739 1429 
694: 478 670 671 673 674 675 676 677 678 679 680 682 683 684 685 686 689 690 693 695 696 697 698 699 700 701 702 703 704 705 706 707 708 709 710 711 712 713 714 716 717 718 719 722 723 724 726 728 729 730 731 732 733 734 735 736 737 739 1117 1140 
695: 336 466 670 672 673 675 678 679 680 682 684 685 687 688 689 690 691 693 694 696 697 698 699 700 701 702 704 705 707 708 709 710 711 712 713 715 716 717 718 719 721 722 723 724 725 726 727 728 729 730 731 732 734 735 736 737 739 
696: 344 670 671 673 674 676 677 679 680 682 683 684 685 686 687 688 689 691 692 694 695 697 698 701 703 704 705 706 707 708 709 710 711 713 714 715 716 717 718 719 720 721 722 724 728 729 731 732 733 734 736 737 739 1110 
697: 670 671 672 674 676 677 678 679 680 681 682 683 686 687 688 689 690 691 692 693 694 695 696 701 703 704 705 706 707 708 710 711 713 715 716 718 720 721 722 723 724 725 726 727 728 729 730 731 732 733 734 735 737 738 1424 
698: 306 366 670 671 672 675 676 679 681 682 683 684 685 686 687 688 689 690 692 693 694 695 696 699 701 702 704 705 706 707 708 709 710 711 712 714 715 716 718 719 720 721 722 723 724 725 726 727 728 729 731 733 734 735 736 737 738 739 
699: 312 370 499 671 673 674 675 677 678 679 680 682 683 684 685 686 687 688 689 690 691 693 694 695 698 700 705 706 707 708 709 710 711 712 713 714 716 717 718 719 722 723 724 725 726 728 729 730 731 732 733 734 736 739 
700: 327 342 356 670 671 672 673 674 676 677 678 679 680 681 683 684 686 687 688 689 691 692 693 694 695 699 702 703 704 705 706 707 708 709 711 712 714 715 716 717 718 720 723 724 725 726 727 728 729 730 731 732 733 734 735 736 737 738 1139 1149 1423 
701: 346 670 671 672 673 674 675 676 677 678 679 680 681 683 684 685 686 689 690 691 694 695 696 697 698 702 703 704 706 707 708 709 711 712 714 715 716 717 719 720 721 722 723 724 725 727 729 730 734 735 736 737 738 739 1111 
702: 352 670 673 674 675 676 677 678 681 682 683 684 685 686 687 688 689 690 691 692 694 695 698 700 701 703 704 705 706 707 708 709 710 711 713 714 716 718 719 720 721 724 725 726 727 728 729 731 733 734 735 736 737 738 1135 
703: 341 349 360 670 671 673 675 676 680 681 682 683 684 686 687 689 690 692 693 694 696 697 700 701 702 704 705 706 708 709 710 713 714 715 716 717 718 720 721 722 723 724 725 726 728 729 730 732 733 734 735 736 737 739 
704: 324 325 380 436 468 477 672 673 674 675 676 678 679 682 683 684 685 686 688 689 690 691 692 693 694 695 696 697 698 700 701 702 703 705 706 707 708 709 710 711 712 713 715 716 717 718 719 721 722 723 724 725 726 729 730 733 734 735 736 739 1449 
705: 456 670 671 672 673 675 677 678 679 682 683 684 685 687 689 690 693 694 695 696 697 698 699 700 702 703 704 707 711 712 714 715 716 717 718 720 722 723 724 725 726 727 728 731 733 734 735 737 738 739 
706: 670 672 673 675 676 677 678 679 680 682 683 684 686 688 689 690 692 693 694 696 697 698 699 700 701 702 703 704 707 708 709 710 711 713 716 717 718 720 721 722 723 724 725 727 728 729 731 732 733 735 736 737 739 
707: 366 383 445 671 672 673 674 675 677 678 679 680 681 682 683 684 686 688 689 690 692 693 694 695 696 697 698 699 700 701 702 704 705 706 708 709 710 711 712 713 716 717 718 719 723 724 725 726 727 729 730 731 732 733 734 735 738 739 1425 
708: 320 353 354 670 671 672 673 674 675 676 678 679 680 681 682 683 684 686 687 688 690 691 693 694 695 696 697 698 699 700 701 702 703 704 706 707 709 710 711 712 713 714 715 716 717 721 723 724 725 727 730 732 734 735 736 737 739 1121 
709: 344 427 444 670 671 673 674 675 676 677 680 682 684 685 686 689 690 692 693 694 695 696 698 699 700 701 702 703 704 706 707 708 710 712 713 714 718 719 720 722 724 725 726 727 728 729 730 731 732 733 734 735 737 739 1116 
710: 410 422 435 670 671 672 673 674 676 677 679 681 683 684 685 686 687 688 689 690 691 692 693 694 695 696 697 698 699 702 703 704 706 707 708 709 711 712 713 714 715 716 719 720 721 722 723 724 725 726 727 728 731 732 733 734 736 738 1124 1439 
711: 670 671 672 673 674 675 676 678 679 680 681 682 683 684 685 686 689 690 691 692 693 694 695 696 697 698 699 700 701 702 704 705 706 707 708 710 714 715 716 717 718 719 720 721 722 723 724 726 727 728 729 730 731 732 733 734 735 737 738 1110 1442 1458 
712: 448 671 672 673 675 677 678 679 680 682 683 684 685 687 688 689 690 691 692 693 694 695 698 699 700 701 704 705 707 708 709 710 714 716 718 719 720 721 724 725 726 727 729 730 731 732 734 735 736 737 739 
713: 332 411 670 671 672 673 675 676 677 679 680 681 682 684 685 687 688 689 690 691 693 694 695 696 697 699 702 703 704 706 707 708 709 710 714 715 716 717 718 719 720 721 722 723 724 725 727 729 730 731 732 733 734 735 736 737 738 739 1139 
714: 488 670 671 672 674 676 677 678 679 680 681 682 683 684 686 687 688 689 690 691 692 693 694 696 698 699 700 701 702 703 705 708 709 710 711 712 713 716 717 718 719 720 721 723 724 727 728 730 731 732 733 734 735 737 738 739 1128 
715: 433 670 671 676 677 679 681 684 686 687 688 689 693 695 696 697 698 700 701 703 704 705 708 710 711 713 716 717 718 719 720 721 723 724 725 726 728 730 732 733 734 735 736 737 738 739 1421 1437 
716: 476 670 671 672 673 675 676 677 681 682 683 684 685 686 687 689 690 691 692 693 694 695 696 697 698 699 700 701 702 703 704 705 706 707 708 710 711 712 713 714 715 718 719 720 721 722 723 725 729 731 732 733 735 736 
717: 358 670 671 672 674 675 678 680 681 682 683 684 685 686 687 688 689 690 691 692 693 694 695 696 699 700 701 703 704 705 706 707 708 711 713 714 715 718 719 720 721 722 723 724 725 726 727 728 729 730 731 732 734 735 737 1120 1141 
718: 479 487 670 671 672 674 675 676 677 679 680 681 682 683 684 685 686 690 691 692 693 694 695 696 697 698 699 700 702 703 704 705 706 707 709 711 712 713 714 715 716 717 719 720 721 722 723 724 725 726 727 728 730 731 732 734 735 736 737 738 1422 1446 
719: 389 670 671 672 674 675 676 680 681 682 683 684 685 688 689 690 693 694 695 696 698 699 701 702 704 707 709 710 711 712 713 714 715 716 717 718 721 722 723 724 725 726 727 728 729 730 731 734 735 736 737 739 
720: 316 389 436 670 671 672 673 674 675 676 677 678 680 681 683 684 685 686 687 688 691 692 693 696 697 698 700 701 702 703 705 706 709 710 711 712 713 714 715 716 717 718 722 723 724 725 726 727 729 730 731 732 734 736 738 739 1127 
721: 670 671 673 679 680 681 682 684 685 686 687 688 690 691 692 693 695 696 697 698 701 702 703 704 706 708 710 711 712 713 714 715 716 717 718 719 724 725 726 727 728 730 731 732 733 734 735 736 737 738 
722: 447 672 673 674 675 677 678 679 680 681 683 685 686 687 688 689 690 691 692 693 694 695 696 697 698 699 701 703 704 705 706 709 710 711 713 716 717 718 719 720 723 724 725 728 729 730 731 733 734 735 737 738 739 
723: 422 431 453 670 671 672 673 674 675 676 679 680 681 682 683 686 687 689 691 692 693 694 695 697 698 699 700 701 703 704 705 706 707 708 710 711 713 714 715 716 717 718 719 720 722 724 726 727 730 731 732 733 734 735 737 738 
724: 353 670 671 673 674 675 676 677 678 679 680 681 682 684 685 686 687 688 690 691 692 693 694 695 696 697 698 699 700 701 702 703 704 705 706 707 708 709 710 711 712 713 714 715 717 718 719 720 721 722 723 725 726 727 728 729 730 732 733 734 735 736 737 738 1443 
725: 670 671 672 674 675 676 677 678 680 681 683 684 686 688 689 690 691 692 693 695 697 698 699 700 701 702 703 704 705 706 707 708 709 710 712 713 715 716 717 718 719 720 721 722 724 726 727 729 731 733 735 736 737 739 1124 1146 1431 
726: 357 419 490 671 672 675 676 679 680 681 683 684 685 686 687 689 690 691 692 693 694 695 697 698 699 700 702 703 704 705 707 709 710 711 712 715 717 718 719 720 721 723 724 725 728 729 730 731 732 733 734 735 736 737 738 739 1125 1434 1453 
727: 335 403 672 673 674 675 677 678 680 682 683 684 685 686 687 688 689 692 693 695 697 698 700 701 702 705 706 707 708 709 710 711 712 713 714 717 718 719 720 721 723 724 725 728 729 730 733 734 736 737 739 
728: 482 671 673 674 675 676 677 678 680 681 682 683 684 685 686 687 689 690 691 693 694 695 696 697 698 699 700 702 703 705 706 709 710 711 714 715 717 718 719 721 722 724 726 727 729 730 731 732 734 735 736 738 739 1449 
729: 349 372 397 420 432 433 448 480 670 672 673 674 675 676 677 678 680 681 684 688 689 691 692 693 694 695 696 697 698 699 700 701 702 703 704 706 707 709 711 712 713 716 717 719 720 722 724 725 726 727 728 730 731 733 734 735 738 1114 1121 1146 
730: 335 345 351 670 671 672 673 674 675 676 677 680 681 684 685 686 687 688 690 691 692 693 694 695 697 699 700 701 703 704 707 708 709 711 712 713 714 715 717 718 719 720 721 722 723 724 726 727 728 729 731 732 734 735 737 739 1136 
731: 670 671 672 673 674 675 676 677 678 679 680 681 682 683 685 686 687 688 689 690 691 693 694 695 696 697 698 699 700 702 705 706 707 709 710 711 712 713 714 716 717 718 719 720 721 722 723 725 726 728 729 730 732 733 734 735 737 738 739 1128 1131 
732: 415 479 670 672 673 674 675 676 677 678 679 681 682 684 685 686 687 689 690 691 692 693 694 695 696 697 699 700 703 706 707 708 709 710 711 712 713 714 715 716 717 718 720 721 723 724 726 728 730 731 733 734 735 736 738 739 
733: 470 671 672 674 676 677 678 679 681 682 683 685 687 688 689 690 692 693 694 696 697 698 699 700 702 703 704 705 706 707 709 710 711 713 714 715 716 721 722 723 724 725 726 727 729 731 732 734 735 736 737 738 1129 
734: 671 673 674 675 678 680 681 682 683 684 685 686 687 688 689 690 691 693 694 695 696 697 698 699 700 701 702 703 704 705 707 708 709 710 711 712 713 714 715 717 718 719 720 721 722 723 724 726 727 728 729 730 731 732 733 735 736 737 738 739 
735: 317 410 421 493 670 671 673 674 675 676 677 678 679 680 681 682 683 684 685 686 687 688 689 690 691 692 693 694 695 697 698 700 701 702 703 704 705 706 707 708 709 711 712 713 714 715 716 717 718 719 721 722 723 724 725 726 728 729 730 731 732 733 734 736 737 738 1429 
736: 670 671 672 673 674 675 677 678 679 680 681 682 683 684 685 686 688 689 692 693 694 695 696 698 699 700 701 702 703 704 706 708 710 712 713 715 716 718 719 720 721 724 725 726 727 728 732 733 734 735 737 739 1130 1449 
737: 670 671 672 673 674 675 677 680 682 683 684 685 686 688 690 691 693 694 695 696 697 698 700 701 702 703 705 706 708 709 711 712 713 714 715 717 718 719 721 722 723 724 725 726 727 730 731 733 734 735 736 739 1428 
738: 329 419 475 495 670 672 673 674 675 676 677 678 679 680 685 687 689 690 691 693 697 698 700 701 702 705 707 710 711 713 714 715 718 720 721 722 723 724 726 728 729 731 732 733 734 735 1444 
739: 343 349 459 498 670 671 672 673 676 677 678 679 680 681 682 683 685 687 688 692 693 694 695 696 698 699 701 703 704 705 706 707 708 709 712 713 714 715 719 720 722 725 726 727 728 730 731 732 734 736 737 
768: 769 770 771 772 773 774 775 777 778 779 781 783 784 785 786 787 788 740 743 744 745 746 748 749 750 751 752 754 755 756 758 759 760 761 762 763 765 767 908 
769: 768 771 772 774 778 779 781 782 783 784 785 786 787 788 742 743 745 746 747 748 749 750 751 752 753 754 755 756 757 759 760 761 765 766 767 
770: 768 772 773 774 775 776 777 778 779 781 783 784 785 786 787 789 740 741 742 745 746 747 748 749 750 751 752 753 756 758 760 761 763 765 766 767 1417 
771: 768 769 772 773 775 776 777 778 779 780 781 782 784 785 787 789 741 742 743 744 745 746 747 748 749 750 751 753 754 755 756 757 758 759 760 762 763 766 767 897 1381 
772: 768 769 770 771 773 776 778 779 781 782 783 784 786 787 789 740 741 742 743 744 746 747 748 749 752 753 754 755 756 757 758 759 760 761 765 767 850 
773: 768 770 771 772 775 776 777 778 779 780 781 783 784 785 786 787 788 740 741 742 743 744 745 746 747 749 750 751 752 753 754 755 756 759 760 761 762 763 766 767 
774: 768 769 770 778 779 780 781 783 784 785 786 788 789 741 742 743 744 745 746 747 748 749 750 751 752 753 755 756 757 758 759 761 763 764 765 767 906 
775: 768 770 771 773 776 777 778 780 781 783 785 786 787 740 741 742 743 744 745 746 747 748 749 750 751 753 754 755 756 757 758 762 763 764 765 767 866 
776: 770 771 772 773 775 777 778 780 781 782 786 788 789 741 743 745 746 747 748 749 750 751 754 755 756 757 758 759 761 762 763 764 766 767 1382 1391 
777: 768 770 771 773 775 776 778 779 780 781 782 783 784 785 786 787 788 789 740 741 742 743 744 745 746 747 748 749 750 751 754 755 756 757 759 761 764 765 766 767 874 
778: 768 769 770 771 772 773 774 775 776 777 779 780 781 782 783 784 786 788 741 742 743 746 747 748 749 751 752 753 754 755 756 757 760 761 762 763 764 766 767 901 1414 
779: 768 769 770 771 772 773 774 777 778 780 781 782 783 784 785 786 787 740 742 743 744 745 746 747 748 749 750 751 752 753 754 756 757 758 760 761 763 764 766 884 895 
780: 771 773 774 775 776 777 778 779 781 782 783 784 785 786 788 789 741 742 744 745 746 747 749 751 752 753 755 756 758 759 760 761 764 765 766 767 869 881 1413 
781: 768 769 770 771 772 773 774 775 776 777 778 779 780 782 783 784 785 786 787 740 741 743 744 748 749 750 751 752 753 754 755 756 757 758 759 760 761 764 765 767 852 1390 
782: 769 771 772 776 777 778 779 780 781 783 784 785 787 789 741 742 743 745 747 748 749 750 751 753 755 756 758 759 760 761 762 763 764 765 766 767 909 867 
783: 768 769 770 772 773 774 775 777 778 779 780 781 782 784 785 786 787 788 789 740 741 742 744 745 747 749 750 751 752 753 754 755 756 757 758 759 762 763 764 765 767 1397 
784: 768 769 770 771 772 773 774 777 778 779 780 781 782 783 785 786 787 788 789 740 741 742 745 747 748 749 752 753 754 755 756 757 758 759 761 762 763 764 765 766 767 863 875 
785: 768 769 770 771 773 774 775 777 779 780 781 782 783 784 786 787 788 789 740 741 742 743 744 745 746 747 749 751 754 755 756 758 759 760 762 763 764 765 766 767 903 1389 
786: 768 769 770 772 773 774 775 776 777 778 779 780 781 783 784 785 787 788 789 740 741 742 743 744 745 746 747 748 749 750 751 753 756 757 758 759 760 761 762 763 764 765 766 870 
787: 768 769 770 771 772 773 775 777 779 781 782 783 784 785 786 788 789 740 741 742 743 745 747 748 749 750 751 752 753 754 757 758 760 764 766 767 908 874 
788: 768 769 773 774 776 777 778 780 783 784 785 786 787 789 740 742 743 744 745 746 747 749 751 752 753 754 755 757 758 760 761 762 763 764 765 766 767 904 
789: 770 771 772 774 776 777 780 782 783 784 785 786 787 788 741 742 743 744 745 746 747 748 749 750 752 753 755 756 757 758 760 761 762 763 764 766 767 851 866 
740: 768 770 772 773 775 777 779 781 783 784 785 786 787 788 741 742 743 744 745 746 750 752 756 757 758 759 760 761 763 764 767 
741: 770 771 772 773 774 775 776 777 778 780 781 782 783 784 785 786 787 789 740 742 743 745 746 747 748 749 750 752 754 755 756 757 758 759 760 761 763 766 767 890 
742: 769 770 771 772 773 774 775 777 778 779 780 782 783 784 785 786 787 788 789 740 741 743 744 745 748 749 751 752 753 754 755 756 757 758 759 760 762 763 764 765 766 
743: 768 769 771 772 773 774 775 776 777 778 779 781 782 785 786 787 788 789 740 741 742 744 745 747 748 751 753 754 755 756 757 759 760 761 762 763 764 766 767 
744: 768 771 772 773 774 775 777 779 780 781 783 785 786 788 789 740 742 743 745 746 748 750 751 752 753 754 755 757 758 761 762 764 765 766 863 
745: 768 769 770 771 773 774 775 776 777 779 780 782 783 784 785 786 787 788 789 740 741 742 743 744 746 747 748 749 750 751 753 754 755 756 758 760 761 762 763 764 766 767 1415 
746: 768 769 770 771 772 773 774 775 776 777 778 779 780 785 786 788 789 740 741 744 745 747 748 749 750 751 752 753 754 755 756 757 758 759 761 762 763 764 766 767 859 861 1397 
747: 769 770 771 772 773 774 775 776 777 778 779 780 782 783 784 785 786 787 788 789 741 743 745 746 748 749 751 752 753 755 756 757 758 759 761 762 764 765 766 767 901 852 866 
748: 768 769 770 771 772 774 775 776 777 778 779 781 782 784 786 787 789 741 742 743 744 745 746 747 749 751 752 753 754 755 757 758 759 760 761 762 763 764 765 766 767 
749: 768 769 770 771 772 773 774 775 776 777 778 779 780 781 782 783 784 785 786 787 788 789 741 742 745 746 747 748 751 753 754 755 757 759 760 762 763 764 765 766 767 
750: 768 769 770 771 773 774 775 776 777 779 781 782 783 786 787 789 740 741 744 745 746 751 752 755 756 757 758 759 761 764 765 766 767 1396 
751: 768 769 770 771 773 774 775 776 777 778 779 780 781 782 783 785 786 787 788 742 743 744 745 746 747 748 749 750 752 753 756 757 758 761 763 764 765 766 767 
752: 768 769 770 772 773 774 778 779 780 781 783 784 787 788 789 740 741 742 744 746 747 748 750 751 753 754 755 756 757 758 759 760 761 762 763 764 765 766 767 
753: 769 770 771 772 773 774 775 778 779 780 781 782 783 784 786 787 788 789 742 743 744 745 746 747 748 749 751 752 755 758 759 762 763 764 766 767 1383 
754: 768 769 771 772 773 775 776 777 778 779 781 783 784 785 787 788 741 742 743 744 745 746 748 749 752 755 756 758 759 760 761 763 764 765 767 
755: 768 769 771 772 773 774 775 776 777 778 780 781 782 783 784 785 788 789 741 742 743 744 745 746 747 748 749 750 752 753 754 756 758 759 760 761 762 763 766 767 1413 
756: 768 769 770 771 772 773 774 775 776 777 778 779 780 781 782 783 784 785 786 789 740 741 742 743 745 746 747 750 751 752 754 755 757 758 759 760 761 763 764 765 766 767 
757: 769 771 772 774 775 776 777 778 779 781 783 784 786 787 788 789 740 741 742 743 744 746 747 748 749 750 751 752 756 758 759 760 761 762 763 765 766 767 876 1402 
758: 768 770 771 772 774 775 776 779 780 781 782 783 784 785 786 787 788 789 740 741 742 744 745 746 747 748 750 751 752 753 754 755 756 757 759 760 762 763 764 765 766 767 1393 
759: 768 769 771 772 773 774 776 777 780 781 782 783 784 785 786 740 741 742 743 746 747 748 749 750 752 753 754 755 756 757 758 760 762 763 766 1396 
760: 768 769 770 771 772 773 778 779 780 781 782 785 786 787 788 789 740 741 742 743 745 748 749 752 754 755 756 757 758 759 761 762 764 765 766 767 886 1390 
761: 768 769 770 772 773 774 776 777 778 779 780 781 782 784 786 788 789 740 741 743 744 745 746 747 748 750 751 752 754 755 756 757 760 762 763 766 767 
762: 768 771 773 775 776 778 782 783 784 785 786 788 789 742 743 744 745 746 747 748 749 752 753 755 757 758 759 760 761 764 765 766 767 
763: 768 770 771 773 774 775 776 778 779 782 783 784 785 786 788 789 740 741 742 743 745 746 748 749 751 752 753 754 755 756 757 758 759 761 765 766 891 1409 
764: 774 775 776 777 778 779 780 781 782 783 784 785 786 787 788 789 740 742 743 744 745 746 747 748 749 750 751 752 753 754 756 758 760 762 765 766 767 
765: 768 769 770 772 774 775 777 780 781 782 783 784 785 786 788 742 744 747 748 749 750 751 752 754 756 757 758 760 762 763 764 767 
766: 769 770 771 773 776 777 778 779 780 782 784 785 786 787 788 789 741 742 743 744 745 746 747 748 749 750 751 752 753 755 756 757 758 759 760 761 762 763 764 767 
767: 768 769 770 771 772 773 774 775 776 777 778 780 781 782 783 784 785 787 788 789 740 741 743 745 746 747 748 749 750 751 752 753 754 755 756 757 758 760 761 762 764 765 766 902 852 1380 
790: 48 84 186 791 792 793 794 795 796 799 800 801 802 803 804 805 806 807 809 810 811 812 813 815 817 818 819 820 821 822 824 825 827 828 829 830 831 833 834 835 837 838 839 840 841 842 843 844 845 847 848 849 
791: 1 47 145 211 291 790 792 793 795 796 798 799 800 802 803 804 805 806 807 808 809 810 811 812 813 815 818 819 820 824 825 826 827 829 830 832 833 834 835 839 841 842 843 844 845 846 848 1120 1230 1242 1482 
792: 65 127 154 160 790 791 793 795 796 797 798 799 800 801 802 803 805 806 807 810 811 812 814 815 818 819 820 821 822 823 824 825 827 828 829 831 832 833 834 836 838 839 840 841 842 843 844 845 846 847 848 849 1236 1372 
793: 38 46 155 226 790 791 792 794 795 796 797 798 799 800 801 803 804 805 806 807 808 809 810 811 812 813 814 815 816 817 818 820 821 822 823 824 825 826 827 828 831 832 833 834 835 837 839 840 841 843 844 845 846 847 849 1241 1347 1349 
794: 15 99 790 793 795 797 799 800 801 802 803 804 805 806 807 809 810 811 812 813 816 818 819 820 821 822 823 824 826 828 829 831 832 833 835 836 837 839 840 843 844 845 846 847 848 849 1213 
795: 10 13 790 791 792 793 794 798 799 800 801 803 804 805 806 807 808 809 810 812 813 814 815 816 817 818 819 820 822 823 824 825 826 827 828 829 831 832 833 834 835 836 837 838 840 841 842 843 844 845 846 847 848 849 1497 
796: 214 790 791 792 793 797 798 802 803 804 805 806 807 808 809 811 812 813 814 817 818 819 820 821 823 824 826 827 828 829 831 832 833 834 835 836 837 838 839 840 841 843 844 846 847 848 1466 
797: 39 47 168 189 792 793 794 796 798 799 800 802 804 806 807 808 809 810 813 815 816 817 819 820 821 822 823 824 826 827 828 829 831 832 833 834 835 836 837 838 840 841 842 843 844 845 846 847 848 849 1346 
798: 3 29 30 141 151 229 791 792 793 795 796 797 799 800 801 802 803 804 805 807 808 809 811 813 814 815 816 817 818 820 821 822 823 824 825 826 827 829 830 831 833 834 836 837 838 839 840 841 842 843 844 845 846 847 848 849 1203 
799: 77 81 120 225 790 791 792 793 794 795 797 798 802 803 804 805 807 808 809 810 813 814 816 817 818 819 820 822 823 824 825 826 827 828 829 830 831 832 833 834 835 836 837 838 839 840 841 842 843 844 845 846 848 849 1192 
800: 0 45 238 790 791 792 793 794 795 797 798 804 806 807 808 809 810 811 813 816 817 819 820 821 822 823 824 826 827 828 829 830 831 832 833 835 836 837 839 841 842 843 845 846 848 849 1195 1344 1359 1366 1475 
801: 113 298 790 792 793 794 795 798 803 804 805 808 809 810 811 812 814 815 816 817 820 821 822 823 824 825 826 827 828 829 830 831 832 834 835 836 837 839 840 842 843 845 846 847 849 1205 
802: 117 169 173 790 791 792 794 796 797 798 799 803 804 805 807 808 809 810 812 813 814 815 817 820 822 823 824 825 826 829 830 832 834 835 836 839 841 843 844 845 846 847 848 1147 
803: 161 224 790 791 792 793 794 795 796 798 799 801 802 804 807 808 809 810 811 812 813 814 815 816 817 818 819 820 822 823 824 825 826 827 828 829 830 831 832 833 834 837 838 839 841 842 843 844 846 847 848 849 1113 
804: 94 204 790 791 793 794 795 796 797 798 799 800 801 802 803 805 806 807 808 809 811 812 813 814 815 816 817 818 819 820 821 822 823 824 826 827 828 830 832 833 834 835 836 837 839 840 841 842 843 845 847 848 849 1141 1228 1245 1475 
805: 22 43 202 790 791 792 793 794 795 796 798 799 801 802 804 806 807 808 809 810 813 814 815 816 817 818 819 820 821 822 824 825 826 827 828 829 833 834 835 836 837 839 840 841 842 843 845 846 847 848 1120 1209 1463 
806: 34 106 114 275 790 791 792 793 794 795 796 797 800 804 805 807 808 809 811 812 814 816 818 819 820 821 822 823 824 825 826 827 829 830 831 832 833 834 835 837 838 839 841 842 843 844 845 847 848 
807: 282 790 791 792 793 794 795 796 797 798 799 800 802 803 804 805 806 808 810 811 812 813 814 815 817 818 820 821 822 823 826 827 828 832 835 837 838 840 841 842 843 844 845 846 847 848 849 1202 1363 1365 
808: 791 793 795 796 797 798 799 800 801 802 803 804 805 806 807 809 810 812 813 814 815 816 817 818 819 820 821 822 824 825 826 827 828 829 830 831 832 833 836 838 840 841 842 843 844 845 846 848 1203 
809: 94 200 790 791 793 794 795 796 797 798 799 800 801 802 803 804 805 806 808 810 811 812 813 814 815 816 817 818 819 820 821 823 824 825 826 827 829 830 833 834 835 836 837 838 839 841 842 843 845 846 847 848 1365 
810: 76 102 185 790 791 792 793 794 795 797 799 800 801 802 803 805 807 808 809 812 813 814 816 817 818 819 820 821 822 823 824 825 826 827 829 830 831 833 834 835 836 838 839 840 841 842 843 844 845 846 847 848 849 
811: 56 211 790 791 792 793 794 796 798 800 801 803 804 806 807 809 813 815 816 817 818 819 820 821 822 823 824 825 826 828 829 830 832 833 835 837 838 839 840 841 842 843 844 847 848 849 
812: 165 220 281 790 791 792 793 794 795 796 801 802 803 804 806 807 808 809 810 814 815 816 817 818 819 821 823 824 825 826 827 828 829 831 832 836 837 838 839 841 842 844 845 846 847 848 849 
813: 49 82 217 269 790 791 793 794 795 796 797 798 799 800 802 803 804 805 807 808 809 810 811 814 816 817 818 819 820 822 823 824 825 827 828 829 830 831 832 833 834 835 836 838 839 842 843 844 847 849 1243 1341 1371 1464 
814: 23 146 792 793 795 796 798 799 801 802 803 804 805 806 807 808 809 810 812 813 815 816 817 818 819 820 821 822 823 824 826 828 829 830 831 832 833 834 836 837 838 839 840 841 844 845 846 847 848 849 1357 1479 
815: 70 79 196 790 791 792 793 795 797 798 801 802 803 804 805 807 808 809 811 812 814 816 817 818 819 820 822 823 824 825 826 827 828 829 830 831 832 833 835 836 837 838 840 843 845 846 847 849 1118 
816: 1 122 140 299 793 794 795 797 798 799 800 801 803 804 805 806 808 809 810 811 812 813 814 815 817 818 819 820 821 823 824 825 826 827 829 831 832 833 835 836 837 838 839 840 841 842 843 844 845 847 848 849 1222 
817: 61 85 140 163 790 793 795 796 797 798 799 800 801 802 803 804 805 807 808 809 810 811 812 813 814 815 816 819 820 821 822 823 824 827 828 829 830 832 834 836 837 839 840 842 843 844 846 847 848 849 1135 1202 1234 1243 1369 1469 
818: 790 791 792 793 794 795 796 798 799 803 804 805 806 807 808 809 810 811 812 813 814 815 816 819 820 821 823 825 826 827 829 830 831 832 833 834 835 836 838 840 841 842 843 844 845 846 847 849 1191 1214 1373 
819: 1 153 162 237 238 790 791 792 794 795 796 797 799 800 803 804 805 806 808 809 810 811 812 813 814 815 816 817 818 820 821 823 824 825 827 828 829 830 831 832 833 834 835 836 838 839 840 841 842 843 844 845 847 848 849 1224 
820: 186 241 790 791 792 793 794 795 796 797 798 799 800 801 802 803 804 805 806 807 808 809 810 811 813 814 815 816 817 818 819 821 822 824 825 826 827 828 830 831 832 833 834 835 836 837 838 840 841 843 844 846 847 848 849 1138 
821: 239 790 792 793 794 796 797 798 800 801 804 805 806 807 808 809 810 811 812 814 816 817 818 819 820 822 823 824 826 827 830 831 832 833 836 837 838 839 841 842 844 845 847 848 1375 
822: 3 121 236 265 288 291 790 792 793 794 795 797 798 799 800 801 802 803 804 805 806 807 808 810 811 813 814 815 817 820 821 823 824 825 826 828 829 830 831 832 833 835 836 837 840 841 842 843 845 846 847 848 849 1144 1199 
823: 792 793 794 795 796 797 798 799 800 801 802 803 804 806 807 809 810 811 812 813 814 815 816 817 818 819 821 822 824 825 826 827 828 829 830 831 833 834 835 837 839 840 842 843 844 845 846 847 848 849 1355 
824: 18 104 126 171 174 293 790 791 792 793 794 795 796 797 798 799 800 801 802 803 804 805 806 808 809 810 811 812 813 814 815 816 817 819 820 821 822 823 826 827 828 832 834 837 838 840 841 842 843 845 846 847 849 1246 
825: 104 109 299 790 791 792 793 795 798 799 801 802 803 805 806 808 809 810 811 812 813 815 816 818 819 820 822 823 826 827 828 829 831 832 834 835 836 837 838 840 842 843 844 845 846 847 848 849 1133 1134 1240 1473 1483 1491 
826: 16 60 79 119 133 196 204 206 791 793 794 795 796 797 798 799 800 801 802 803 804 805 806 807 808 809 810 811 812 814 815 816 818 820 821 822 823 824 825 828 829 830 831 832 835 836 837 838 839 842 843 844 845 846 847 848 849 1371 
827: 74 206 262 289 790 791 792 793 795 796 797 798 799 800 801 803 804 805 806 807 808 809 810 812 813 815 816 817 818 819 820 821 823 824 825 829 830 831 833 834 835 836 837 838 839 840 841 842 843 844 845 848 849 1110 1121 1135 1499 
828: 55 159 233 295 790 792 793 794 795 796 797 799 800 801 803 804 805 807 808 811 812 813 814 815 817 819 820 822 823 824 825 826 829 830 831 832 833 834 835 836 837 839 840 841 842 843 844 845 847 848 849 1132 1490 
829: 14 89 149 168 790 791 792 794 795 796 797 798 799 800 801 802 803 805 806 808 809 810 811 812 813 814 815 816 817 818 819 822 823 825 826 827 828 830 832 833 834 835 838 839 840 841 844 845 847 848 849 1220 1221 1241 
830: 77 189 790 791 798 799 800 801 802 803 804 806 808 809 810 811 813 814 815 817 818 819 820 821 822 823 826 827 828 829 832 833 834 836 837 838 839 840 841 844 845 846 847 848 849 1141 1363 
831: 9 176 192 285 790 792 793 794 795 796 797 798 799 800 801 803 806 808 810 812 813 814 815 816 818 819 820 821 822 823 825 826 827 828 832 833 834 835 836 837 838 839 841 843 844 845 846 847 848 849 1366 1498 
832: 55 68 123 136 791 792 793 794 795 796 797 799 800 801 802 803 804 806 807 808 811 812 813 814 815 816 817 818 819 820 821 822 824 825 826 828 829 830 831 833 834 835 836 837 838 839 840 841 845 846 847 848 1370 
833: 187 234 790 791 792 793 794 795 796 797 798 799 800 803 804 805 806 808 809 810 811 813 814 815 816 818 819 820 821 822 823 827 828 829 830 831 832 834 835 836 838 839 840 841 842 843 845 846 847 848 
834: 39 53 790 791 792 793 795 796 797 798 799 801 802 803 804 805 806 809 810 813 814 817 818 819 820 823 824 825 827 828 829 830 831 832 833 835 836 837 838 839 841 843 844 846 847 848 1142 1358 1483 
835: 790 791 793 794 795 796 797 799 800 801 802 804 805 806 807 809 810 811 813 815 816 818 819 820 822 823 825 826 827 828 829 831 832 833 834 836 837 839 840 841 843 844 846 847 848 1113 1141 1196 1345 
836: 20 140 792 794 795 796 797 798 799 800 801 802 804 805 808 809 810 812 813 814 815 816 817 818 819 820 821 822 825 826 827 828 830 831 832 833 834 835 837 838 839 841 842 843 844 845 846 847 848 849 1233 1352 
837: 790 793 794 795 796 797 798 799 800 801 803 804 805 806 807 809 811 812 814 815 816 817 820 821 822 823 824 825 826 827 828 830 831 832 834 835 836 838 839 840 841 842 843 844 846 848 849 1365 1369 1479 
838: 73 199 243 270 790 792 795 796 797 798 799 803 806 807 808 809 810 811 812 813 814 815 816 818 819 820 821 824 825 826 827 829 830 831 832 833 834 836 837 839 841 842 844 845 847 849 1194 1461 
839: 790 791 792 793 794 796 798 799 800 801 802 803 804 805 806 809 810 811 812 813 814 816 817 819 821 823 826 827 828 829 830 831 832 833 834 835 836 837 838 840 841 842 844 845 847 848 1128 1204 
840: 16 45 156 166 249 284 790 792 793 794 795 796 797 798 799 801 804 805 807 808 810 811 814 815 816 817 818 819 820 822 823 824 825 827 828 829 830 832 833 835 837 839 841 842 843 844 845 846 847 848 849 1360 1499 
841: 81 149 175 284 790 791 792 793 795 796 797 798 799 800 802 803 804 805 806 807 808 809 810 811 812 814 816 818 819 820 821 822 824 827 828 829 830 831 832 833 834 835 836 837 838 839 840 842 843 844 845 846 847 848 1372 
842: 269 790 791 792 795 797 798 799 800 801 803 804 805 806 807 808 809 810 811 812 813 816 817 818 819 821 822 823 824 825 826 827 828 833 836 837 838 839 840 841 843 844 845 846 847 848 849 1354 
843: 75 194 278 295 790 791 792 793 794 795 796 797 798 799 800 801 802 803 804 805 806 807 808 809 810 811 813 815 816 817 818 819 820 822 823 824 825 826 827 828 831 833 834 835 836 837 840 841 842 844 846 848 849 1203 
844: 134 790 791 792 793 794 795 796 797 798 799 802 803 806 807 808 810 811 812 813 814 816 817 818 819 820 821 823 825 826 827 828 829 830 831 834 835 836 837 838 839 840 841 842 843 845 846 847 848 849 
845: 46 62 87 156 198 205 790 791 792 793 794 795 797 798 799 800 801 802 804 805 806 807 808 809 810 812 814 815 816 818 819 821 822 823 824 825 826 827 828 829 830 831 832 833 836 838 839 840 841 842 844 846 847 848 
846: 251 791 792 793 794 795 796 797 798 799 800 801 802 803 805 807 808 809 810 812 814 815 817 818 820 822 823 824 825 826 830 831 832 833 834 835 836 837 840 841 842 843 844 845 847 848 849 
847: 165 238 283 790 792 793 794 795 796 797 798 801 802 803 804 805 806 807 809 810 811 812 813 814 815 816 817 818 819 820 821 822 823 824 825 826 828 829 830 831 832 833 834 835 836 838 839 840 841 842 844 845 846 848 849 
848: 8 27 43 80 199 242 790 791 792 794 795 796 797 798 799 800 802 803 804 805 806 807 808 809 810 811 812 814 816 817 819 820 821 822 823 825 826 827 828 829 830 831 832 833 834 835 836 837 839 840 841 842 843 844 845 846 847 849 1122 1215 1239 
849: 3 29 62 110 151 245 790 792 793 794 795 797 798 799 800 801 803 804 807 810 811 812 813 814 815 816 817 818 819 820 822 823 824 825 826 827 828 829 830 831 836 837 838 840 842 843 844 846 847 848 1144 1346 
896: 897 898 899 900 901 902 903 904 905 909 851 852 854 855 857 859 860 861 862 863 864 866 867 869 871 872 873 874 875 876 877 878 879 880 882 883 884 885 886 888 889 890 891 892 894 895 1001 1141 
897: 771 896 898 899 900 901 902 903 904 905 906 908 909 851 852 853 854 855 856 857 858 859 860 861 862 863 864 865 866 867 868 870 871 872 873 874 875 876 877 878 879 880 881 882 883 884 886 887 888 889 890 892 893 894 1007 
898: 896 897 899 901 902 904 905 906 907 908 852 853 854 855 857 858 859 860 861 862 863 864 865 868 869 870 871 872 873 874 875 876 877 878 879 881 882 883 885 886 888 889 890 891 893 894 895 1343 
899: 896 897 898 901 902 904 905 906 907 908 909 851 853 854 855 856 857 858 859 860 861 864 866 867 868 869 873 874 876 877 882 883 884 885 886 888 889 890 891 892 893 894 895 1008 
900: 896 897 901 902 903 904 906 907 908 850 851 852 853 854 855 856 857 859 860 861 863 866 868 869 871 872 873 874 875 877 879 880 882 883 884 885 886 887 888 889 890 891 
901: 778 747 896 897 898 899 900 902 903 905 906 907 909 850 851 852 853 854 855 856 857 858 859 860 861 862 863 865 866 868 869 871 872 873 874 875 877 878 879 880 882 883 884 885 886 887 892 893 894 895 1042 
902: 767 896 897 898 899 900 901 903 904 905 907 908 909 850 851 852 853 854 855 856 857 858 860 862 864 865 866 867 868 869 870 871 873 874 875 876 877 878 879 880 882 883 884 886 887 888 889 890 891 892 893 894 895 1140 
903: 785 896 897 900 901 902 904 905 906 908 909 851 852 854 855 856 857 859 861 862 863 864 865 868 869 870 871 872 873 874 877 878 879 880 881 883 885 886 887 888 889 890 891 892 893 895 
904: 788 896 897 898 899 900 902 903 906 907 909 850 851 852 853 855 856 857 859 860 861 864 865 867 868 869 870 871 872 874 875 876 877 879 880 881 882 884 885 887 888 889 890 891 892 893 895 1029 
905: 896 897 898 899 901 902 903 906 907 908 909 850 851 852 854 855 856 857 858 859 860 861 862 863 864 865 866 868 869 870 871 872 873 874 876 877 878 879 882 883 885 886 887 888 889 890 891 892 893 895 985 1111 
906: 774 897 898 899 900 901 903 904 905 907 908 909 851 852 854 855 856 857 859 860 861 864 865 866 867 869 871 872 873 874 875 876 877 880 881 882 883 884 886 887 888 889 890 891 894 895 1139 1373 
907: 898 899 900 901 902 904 905 906 908 909 850 851 853 854 855 856 858 859 860 862 864 865 866 867 868 869 870 871 872 873 874 875 876 877 878 880 881 882 884 886 887 889 890 891 892 893 894 1054 998 1361 
908: 768 787 897 898 899 900 902 903 905 906 907 909 851 852 855 856 857 859 861 862 864 865 866 867 868 869 870 871 872 873 874 875 876 877 879 881 882 883 884 885 886 887 889 890 892 894 895 986 992 1376 
909: 782 896 897 899 901 902 903 904 905 906 907 908 850 851 853 854 855 858 859 860 861 862 863 864 866 867 868 869 871 872 875 876 877 878 879 880 881 882 883 885 886 887 888 889 890 891 893 894 895 
850: 772 900 901 902 904 905 907 909 851 852 854 855 857 858 860 861 862 864 865 867 868 869 870 871 872 873 875 878 879 880 881 882 883 884 885 886 888 889 890 891 892 893 894 895 983 1142 1366 
851: 789 896 897 899 900 901 902 903 904 905 906 907 908 909 850 852 854 857 858 860 861 862 863 864 865 866 867 868 869 872 874 875 876 877 878 879 880 881 883 884 887 889 891 892 893 894 895 
852: 781 747 767 896 897 898 900 901 902 903 904 905 906 908 850 851 853 855 856 858 859 860 861 862 863 864 866 867 868 869 871 872 873 874 875 876 877 878 880 881 882 883 884 885 886 887 888 890 891 892 893 894 
853: 897 898 899 900 901 902 904 907 909 852 854 855 857 858 859 860 861 862 863 864 865 866 867 868 869 870 871 872 873 874 875 876 879 881 882 883 884 886 887 888 889 890 891 892 894 895 
854: 896 897 898 899 900 901 902 903 905 906 907 909 850 851 853 855 856 858 860 861 863 864 865 867 868 869 870 871 872 873 874 875 877 878 879 880 882 884 885 886 887 888 889 890 891 893 894 895 
855: 896 897 898 899 900 901 902 903 904 905 906 907 908 909 850 852 853 854 856 858 859 860 861 862 863 866 867 869 870 872 874 876 877 878 880 881 884 885 886 887 888 889 892 893 1003 
856: 897 899 900 901 902 903 904 905 906 907 908 852 854 855 857 858 859 860 861 862 863 864 866 867 868 869 870 871 872 873 875 876 877 878 880 882 883 884 885 886 887 888 889 891 892 893 894 895 1132 
857: 896 897 898 899 900 901 902 903 904 905 906 908 850 851 853 856 858 860 861 862 864 865 866 867 868 869 870 871 872 874 876 877 878 880 881 882 883 884 885 886 887 889 890 891 892 894 895 
858: 897 898 899 901 902 905 907 909 850 851 852 853 854 855 856 857 859 860 861 862 865 866 867 868 871 872 873 874 875 878 880 882 883 884 885 886 887 889 890 891 892 894 895 
859: 746 896 897 898 899 900 901 903 904 905 906 907 908 909 852 853 855 856 858 860 862 863 864 867 868 869 870 871 873 875 876 877 878 879 880 881 882 883 884 886 887 889 890 891 892 893 894 895 
860: 896 897 898 899 900 901 902 904 905 906 907 909 850 851 852 853 854 855 856 857 858 859 861 862 863 864 865 868 869 870 871 872 873 875 876 878 879 880 881 882 883 884 885 886 889 890 891 892 893 894 895 1056 
861: 746 896 897 898 899 900 901 903 904 905 906 908 909 850 851 852 853 854 855 856 857 858 860 863 864 865 866 867 868 870 871 873 874 875 877 878 882 883 887 888 889 891 892 893 894 895 
862: 896 897 898 901 902 903 905 907 908 909 850 851 852 853 855 856 857 858 859 860 867 869 870 871 872 873 874 875 876 877 878 879 880 881 882 883 884 885 886 887 888 890 891 893 894 1034 1038 1355 
863: 784 744 896 897 898 900 901 903 905 909 851 852 853 854 855 856 859 860 861 865 866 870 871 872 873 874 875 878 880 881 882 883 884 885 887 888 889 890 891 892 893 894 895 1000 1010 1347 
864: 896 897 898 899 902 903 904 905 906 907 908 909 850 851 852 853 854 856 857 859 860 861 865 866 867 868 869 870 871 873 875 876 878 879 880 881 882 883 884 886 887 888 889 890 891 892 893 894 895 1044 1343 
865: 897 898 901 902 903 904 905 906 907 908 850 851 853 854 857 858 860 861 863 864 866 867 868 869 870 871 872 873 874 876 877 878 881 882 884 886 887 889 892 895 1034 
866: 775 789 747 896 897 899 900 901 902 905 906 907 908 909 851 852 853 855 856 857 858 861 863 864 865 867 868 869 870 871 873 874 876 877 878 879 880 881 882 884 885 887 888 889 890 891 892 893 894 
867: 782 896 897 899 902 904 906 907 908 909 850 851 852 853 854 855 856 857 858 859 861 862 864 865 866 868 870 871 872 873 874 875 878 879 880 881 882 883 884 885 886 887 888 889 890 891 892 893 894 895 1357 1361 
868: 897 898 899 900 901 902 903 904 905 907 908 909 850 851 852 853 854 856 857 858 859 860 861 864 865 866 867 869 870 871 872 873 874 875 876 878 879 880 881 885 886 888 889 891 892 893 894 895 1117 1132 
869: 780 896 898 899 900 901 902 903 904 905 906 907 908 909 850 851 852 853 854 855 856 857 859 860 862 864 865 866 868 870 871 874 876 877 878 879 880 881 882 883 884 885 886 888 889 890 891 892 893 894 895 
870: 786 897 898 902 903 904 905 907 908 850 853 854 855 856 857 859 860 861 862 863 864 865 866 867 868 869 871 873 875 876 878 879 881 882 883 885 886 887 888 890 891 892 893 894 895 1131 
871: 896 897 898 900 901 902 903 904 905 906 907 908 909 850 852 853 854 856 857 858 859 860 861 862 863 864 865 866 867 868 869 870 873 875 876 877 878 880 883 884 886 888 890 891 892 893 894 895 
872: 896 897 898 900 901 903 904 905 906 907 908 909 850 851 852 853 854 855 856 857 858 860 862 863 865 867 868 873 874 876 877 878 879 880 881 882 884 885 886 887 888 890 891 892 893 894 895 
873: 896 897 898 899 900 901 902 903 905 906 907 908 850 852 853 854 856 858 859 860 861 862 863 864 865 866 867 868 870 871 872 874 875 876 877 878 880 881 882 883 884 885 886 887 888 889 892 893 894 990 1000 1130 
874: 777 787 896 897 898 899 900 901 902 903 904 905 906 907 908 851 852 853 854 855 857 858 861 862 863 865 866 867 868 869 872 873 875 876 877 878 879 880 881 882 883 884 885 886 888 890 891 892 893 894 895 
875: 784 896 897 898 900 901 902 904 906 907 908 909 850 851 852 853 854 856 858 859 860 861 862 863 864 867 868 870 871 873 874 876 877 878 879 880 881 882 883 884 885 886 887 890 891 892 893 894 895 
876: 757 896 897 898 899 902 904 905 906 907 908 909 851 852 853 855 856 857 859 860 862 864 865 866 868 869 870 871 872 873 874 875 878 879 880 881 882 883 885 886 887 888 889 890 891 892 893 982 1020 1354 
877: 896 897 898 899 900 901 902 903 904 905 906 907 908 909 851 852 854 855 856 857 859 861 862 865 866 869 871 872 873 874 875 878 879 880 881 882 884 885 886 889 890 891 893 894 895 1133 
878: 896 897 898 901 902 903 905 907 909 850 851 852 854 855 856 857 858 859 860 861 862 863 864 865 866 867 868 869 870 871 872 873 874 875 876 877 879 880 881 882 883 884 886 887 889 890 891 892 893 894 1045 1053 1015 
879: 896 897 898 900 901 902 903 904 905 908 909 850 851 853 854 859 860 862 864 866 867 868 869 870 872 874 875 876 877 878 881 882 883 884 885 886 887 889 890 891 893 894 895 1051 
880: 896 897 900 901 902 903 904 906 907 909 850 851 852 854 855 856 857 858 859 860 862 863 864 866 867 868 869 871 872 873 874 875 876 877 878 882 883 885 888 890 891 892 893 894 895 
881: 780 897 898 903 904 906 907 908 909 850 851 852 853 855 857 859 860 862 863 864 865 866 867 868 869 870 872 873 874 875 876 877 878 879 882 883 884 886 887 889 890 892 893 894 895 1133 
882: 896 897 898 899 900 901 902 904 905 906 907 908 909 850 852 853 854 856 857 858 859 860 861 862 863 864 865 866 867 869 870 872 873 874 875 876 877 878 879 880 881 883 884 885 886 887 888 889 890 892 895 995 1015 
883: 896 897 898 899 900 901 902 903 905 906 908 909 850 851 852 853 856 857 858 859 860 861 862 863 864 867 869 870 871 873 874 875 876 878 879 880 881 882 884 885 886 887 888 889 890 891 894 895 1138 
884: 779 896 897 899 900 901 902 904 906 907 908 850 851 852 853 854 855 856 857 858 859 860 862 863 864 865 866 867 869 871 872 873 874 875 877 878 879 881 882 883 885 886 887 888 889 890 891 893 894 1122 
885: 896 898 899 900 901 903 904 905 908 909 850 852 854 855 856 857 858 860 862 863 866 867 868 869 870 872 873 874 875 876 877 879 880 882 883 884 886 888 889 890 891 892 895 1349 
886: 760 896 897 898 899 900 901 902 903 905 906 907 908 909 850 852 853 854 855 856 857 858 859 860 862 864 865 867 868 869 870 871 872 873 874 875 876 877 878 879 881 882 883 884 885 887 888 891 892 894 895 1009 1123 1353 
887: 897 900 901 902 903 904 905 906 907 908 909 851 852 853 854 855 856 857 858 859 861 862 863 864 865 866 867 870 872 873 875 876 878 879 881 882 883 884 886 888 889 890 891 892 893 894 
888: 896 897 898 899 900 902 903 904 905 906 909 850 852 853 854 855 856 861 862 863 864 866 867 868 869 870 871 872 873 874 876 880 882 883 884 885 886 887 890 891 892 893 894 895 1122 
889: 896 897 898 899 900 902 903 904 905 906 907 908 909 850 851 853 854 855 856 857 858 859 860 861 863 864 865 866 867 868 869 873 876 877 878 879 881 882 883 884 885 887 891 893 894 895 1034 1118 1351 
890: 741 896 897 898 899 900 902 903 904 905 906 907 908 909 850 852 853 854 857 858 859 860 862 863 864 866 867 869 870 871 872 874 875 876 877 878 879 880 881 882 883 884 885 887 888 891 894 895 1037 1113 
891: 763 896 898 899 900 902 903 904 905 906 907 909 850 851 852 853 854 856 857 858 859 860 861 862 863 864 866 867 868 869 870 871 872 874 875 876 877 878 879 880 883 884 885 886 887 888 889 890 893 894 1373 
892: 896 897 899 901 902 903 904 905 907 908 850 851 852 853 855 856 857 858 859 860 861 863 864 865 866 867 868 869 870 871 872 873 874 875 876 878 880 881 882 885 886 887 888 893 894 895 1344 
893: 897 898 899 901 902 903 904 905 907 909 850 851 852 854 855 856 859 860 861 862 863 864 866 867 868 869 870 871 872 873 874 875 876 877 878 879 880 881 884 887 888 889 891 892 894 895 1042 996 1004 
894: 896 897 898 899 901 902 906 907 908 909 850 851 852 853 854 856 857 858 859 860 861 862 863 864 866 867 868 869 870 871 872 873 874 875 877 878 879 880 881 883 884 886 887 888 889 890 891 892 893 895 1028 
895: 779 896 898 899 901 902 903 904 905 906 908 909 850 851 853 854 856 857 858 859 860 861 863 864 865 867 868 869 870 871 872 874 875 877 879 880 881 882 883 885 886 888 889 890 892 893 894 1045 1117 1351 1355 
910: 911 912 913 915 916 917 919 920 924 928 931 934 935 936 937 938 940 941 942 943 944 945 946 948 949 950 953 954 955 956 957 959 960 961 965 966 967 968 970 971 974 975 977 979 1016 
911: 910 912 913 914 918 919 920 921 923 924 926 927 930 932 933 935 936 937 938 940 941 943 944 945 947 949 950 951 952 953 954 955 956 958 959 960 961 962 963 964 965 966 967 968 969 970 971 972 973 975 976 978 979 1082 1347 
912: 910 911 914 915 918 919 920 922 923 924 925 926 928 929 930 931 934 935 936 937 938 939 940 941 942 943 944 945 946 951 953 954 956 957 958 959 960 961 962 963 964 965 967 968 970 971 972 975 976 977 978 
913: 910 911 914 915 916 918 920 921 922 923 924 928 929 930 931 932 933 935 936 937 939 940 942 943 944 945 947 948 950 951 952 953 954 955 957 958 959 961 962 963 964 965 967 968 970 971 972 974 975 976 977 979 1355 1361 1482 
914: 911 912 913 915 918 919 920 921 922 923 925 926 929 930 931 932 933 934 935 936 937 938 939 941 942 943 944 945 946 947 948 949 950 952 953 954 955 957 958 959 960 961 964 966 968 971 972 973 975 977 978 979 1027 1052 
915: 910 912 913 914 917 918 919 920 921 922 923 924 925 927 929 930 931 932 933 935 939 941 942 943 944 947 949 950 951 952 954 955 956 957 958 959 960 961 963 964 965 968 969 970 971 972 973 975 976 977 978 1488 
916: 910 913 917 918 919 920 923 925 926 927 928 929 930 931 933 934 936 937 939 940 941 942 943 944 945 946 947 948 949 953 954 955 956 957 958 959 962 963 965 966 967 970 972 974 976 977 978 979 1056 1106 
917: 910 915 916 918 919 920 921 922 925 926 929 930 931 934 936 937 939 941 942 943 944 945 946 947 948 949 950 951 952 955 957 958 960 961 963 964 965 966 968 969 970 971 972 973 975 977 978 979 1002 1104 1340 1360 
918: 911 912 913 914 915 916 917 919 922 924 925 926 927 929 930 931 932 934 935 936 938 939 940 941 942 943 944 946 947 948 950 951 952 953 954 955 957 958 960 961 962 963 964 967 968 969 970 972 973 974 975 1030 1049 1014 1016 1065 1344 1375 
919: 910 911 912 914 915 916 917 918 920 924 925 926 929 930 931 932 934 935 936 937 938 939 941 942 943 944 945 946 947 949 950 952 953 954 955 956 957 958 959 960 963 965 966 967 968 970 971 974 975 976 978 1008 1362 
920: 910 911 912 913 914 915 916 917 919 921 922 923 924 925 926 927 929 930 931 932 933 934 935 937 938 939 940 942 944 945 946 947 949 950 951 952 953 954 955 956 957 958 959 960 962 964 965 966 967 968 969 970 971 973 974 975 976 977 978 979 1078 1082 1461 
921: 911 913 914 915 917 920 922 923 924 925 928 931 932 933 934 935 937 938 939 940 943 944 945 946 947 948 949 951 952 953 955 956 957 958 959 961 964 965 966 967 969 971 973 975 976 977 978 979 1021 
922: 912 913 914 915 917 918 920 921 923 924 925 927 930 931 932 933 934 935 936 938 939 940 941 942 943 944 946 949 951 953 954 955 956 957 959 960 962 963 964 965 967 968 969 970 972 973 974 975 976 977 978 979 1034 
923: 911 912 913 914 915 916 920 921 922 924 925 926 927 928 929 930 932 933 934 935 936 938 940 944 945 946 947 949 950 952 953 956 957 959 960 961 962 963 964 965 966 967 968 969 971 972 973 975 976 977 978 979 1049 993 
924: 910 911 912 913 915 918 919 920 921 922 923 925 927 928 930 931 932 933 934 936 937 938 939 940 941 942 943 944 945 949 950 951 952 953 954 955 956 958 959 960 961 962 963 965 966 967 969 971 972 973 975 977 978 979 1054 989 1002 1003 1071 
925: 912 914 915 916 917 918 919 920 921 922 923 924 927 928 929 930 931 932 934 936 938 939 940 941 942 943 944 945 947 948 950 953 954 956 957 958 959 961 962 963 964 965 967 969 970 971 972 973 974 975 976 977 978 979 1107 1356 1473 
926: 911 912 914 916 917 918 919 920 923 928 929 930 931 933 934 935 936 937 939 940 941 942 943 944 945 946 947 948 949 950 951 952 953 954 956 957 960 963 965 966 967 968 969 970 971 972 974 975 977 979 981 1016 1353 
927: 911 915 916 918 920 922 923 924 925 928 929 931 932 933 934 935 936 938 939 940 941 943 944 945 946 947 948 949 950 951 954 955 956 957 960 961 962 963 964 967 968 969 970 971 973 974 975 977 979 1020 1081 1343 1495 
928: 910 912 913 916 921 923 924 925 926 927 929 931 932 933 934 935 936 938 939 940 941 942 943 944 945 946 949 950 952 953 954 956 957 958 960 962 963 964 965 966 967 968 970 972 974 975 976 978 1000 1081 
929: 912 913 914 915 916 917 918 919 920 923 925 926 927 928 930 931 932 934 935 936 938 939 940 941 942 943 945 946 947 948 949 950 952 953 954 956 957 960 961 962 963 964 967 968 970 971 972 973 974 975 976 977 978 979 1089 1472 
930: 911 912 913 914 915 916 917 918 919 920 922 923 924 925 926 929 931 934 935 936 937 938 940 941 942 943 944 946 947 948 950 952 953 954 955 959 960 962 963 964 965 966 967 968 969 971 974 975 977 978 1082 1107 
931: 910 912 913 914 915 916 917 918 919 920 921 922 924 925 926 927 928 929 930 934 936 937 938 939 940 942 943 944 945 946 950 951 952 953 954 955 956 957 958 959 960 962 964 965 966 967 969 970 971 972 973 974 975 976 977 978 979 1066 1095 
932: 911 913 914 915 918 919 920 921 922 923 924 925 927 928 929 934 935 936 937 938 939 940 942 943 944 945 946 947 948 949 950 951 952 953 954 955 956 957 958 959 960 961 962 963 964 966 967 968 973 975 978 979 982 
933: 911 913 914 915 916 920 921 922 923 924 926 927 928 934 936 937 939 940 941 942 943 944 945 946 948 949 950 951 953 954 955 956 957 958 959 961 962 963 964 965 966 967 971 972 973 975 976 977 979 1030 982 
934: 910 912 914 916 917 918 919 920 921 922 923 924 925 926 927 928 929 930 931 932 933 935 936 937 938 939 940 943 944 945 946 948 949 950 951 952 953 954 955 956 957 958 959 960 961 962 965 966 967 969 970 971 972 973 974 975 976 977 979 1001 1011 1021 
935: 910 911 912 913 914 915 918 919 920 921 922 923 926 927 928 929 930 932 934 936 939 940 941 944 946 948 949 950 951 952 954 955 956 957 958 962 963 964 965 966 967 969 970 971 972 974 976 977 978 
936: 910 911 912 913 914 916 917 918 919 922 923 924 925 926 927 928 929 930 931 932 933 934 935 938 939 940 941 942 944 945 946 947 949 950 951 952 953 955 957 959 961 962 963 964 965 966 967 968 970 971 972 974 975 976 977 979 1061 1097 
937: 910 911 912 913 914 916 917 919 920 921 924 926 930 931 932 933 934 939 940 942 943 944 945 946 947 949 950 951 952 953 954 955 956 957 958 959 961 962 963 964 965 967 968 969 970 971 972 974 975 976 978 979 1494 
938: 910 911 912 914 918 919 920 921 922 923 924 925 927 928 929 930 931 932 934 936 939 940 941 942 943 944 945 946 947 948 949 950 952 953 954 955 956 957 958 959 960 962 964 965 966 968 969 970 972 973 974 975 976 977 978 979 1014 1095 1355 1475 
939: 912 913 914 915 916 917 918 919 920 921 922 924 925 926 927 928 929 931 932 933 934 935 936 937 938 940 943 944 945 946 947 948 949 952 953 954 955 956 957 958 960 961 962 963 965 966 967 969 970 971 973 974 975 976 978 1348 
940: 910 911 912 913 916 918 920 921 922 923 924 925 926 927 928 929 930 931 932 933 934 935 936 937 938 939 941 943 944 945 946 947 948 950 951 955 957 958 959 960 961 962 963 964 965 966 968 969 970 971 974 975 976 979 1350 1481 
941: 910 911 912 914 915 916 917 918 919 922 924 925 926 927 928 929 930 933 935 936 938 940 942 944 945 946 947 948 950 951 952 953 954 955 956 957 958 959 960 961 962 963 964 966 967 968 969 971 972 973 974 975 976 978 979 1039 1051 1098 
942: 910 912 913 914 915 916 917 918 919 920 922 924 925 926 928 929 930 931 932 933 936 937 938 941 943 944 945 946 947 948 949 950 951 953 954 955 956 957 959 960 962 964 966 967 968 969 970 971 972 974 976 978 994 1475 
943: 910 911 912 913 914 915 916 917 918 919 921 922 924 925 926 927 928 929 930 931 932 933 934 937 938 939 940 942 944 946 947 948 949 950 951 952 953 954 955 956 957 958 959 960 961 962 963 964 965 966 968 969 972 973 974 976 977 978 979 1043 1097 
944: 910 911 912 913 914 915 916 917 918 919 920 921 922 923 924 925 926 927 928 930 931 932 933 934 935 936 937 938 939 940 941 942 943 945 946 947 948 949 950 952 956 957 959 961 962 963 964 965 966 967 968 970 971 973 974 976 977 979 
945: 910 911 912 913 914 916 917 919 920 921 923 924 925 926 927 928 929 931 932 933 934 936 937 938 939 940 941 942 944 946 947 950 951 952 953 954 955 956 958 959 960 961 962 963 964 965 966 967 969 970 971 972 973 974 975 976 977 978 979 1025 1015 1072 
946: 910 912 914 916 917 918 919 920 921 922 923 926 927 928 929 930 931 932 933 934 935 936 937 938 939 940 941 942 943 944 945 947 948 949 951 952 953 954 955 956 957 958 960 963 964 966 967 968 969 970 971 972 973 974 975 976 977 978 979 989 
947: 911 913 914 915 916 917 918 919 920 921 923 925 926 927 929 930 932 936 937 938 939 940 941 942 943 944 945 946 948 949 950 952 953 954 955 957 959 960 964 966 967 968 969 971 972 973 975 976 977 979 1052 1015 1016 
948: 910 913 914 916 917 918 921 925 926 927 929 930 932 933 934 935 938 939 940 941 942 943 944 946 947 950 951 952 953 954 955 956 959 960 964 966 967 969 970 971 972 974 975 976 978 979 989 1106 
949: 910 911 914 915 916 917 919 920 921 922 923 924 926 927 928 929 932 933 934 935 936 937 938 939 942 943 944 946 947 950 951 953 955 956 957 958 959 960 961 962 963 964 967 968 969 971 972 973 974 977 978 979 
950: 910 911 913 914 915 917 918 919 920 923 924 925 926 927 928 929 930 931 932 933 934 935 936 937 938 940 941 942 943 944 945 947 948 949 952 953 954 956 957 960 961 962 963 964 965 966 967 968 969 970 972 973 974 975 978 979 
951: 911 912 913 915 917 918 920 921 922 924 926 927 931 932 933 934 935 936 937 940 941 942 943 945 946 948 949 953 954 955 958 961 962 964 965 967 968 969 970 971 972 973 975 976 978 979 1101 
952: 911 913 914 915 917 918 919 920 921 923 924 926 928 929 930 931 932 934 935 936 937 938 939 941 943 944 945 946 947 948 950 954 955 957 959 962 965 967 969 971 972 974 976 977 978 994 1348 
953: 910 911 912 913 914 916 918 919 920 921 922 923 924 925 926 928 929 930 931 932 933 934 936 937 938 939 941 942 943 945 946 947 948 949 950 951 954 956 957 959 960 961 962 963 965 966 968 970 972 973 974 975 976 977 978 979 1080 1097 
954: 910 911 912 913 914 915 916 918 919 920 922 924 925 926 927 928 929 930 931 932 933 934 935 937 938 939 941 942 943 945 946 947 948 950 951 952 953 956 958 959 960 961 962 963 964 965 966 967 968 969 970 971 973 974 976 977 979 1055 
955: 910 911 913 914 915 916 917 918 919 920 921 922 924 927 930 931 932 933 934 935 936 937 938 939 940 941 942 943 945 946 947 948 949 951 952 956 957 958 959 960 962 964 965 966 967 969 970 971 972 973 974 975 976 977 978 979 1045 1351 
956: 910 911 912 915 916 919 920 921 922 923 924 925 926 927 928 929 931 932 933 934 935 937 938 939 941 942 943 944 945 946 948 949 950 953 954 955 958 959 960 961 962 963 964 965 966 968 970 971 973 974 975 976 977 978 1066 1348 1462 
957: 910 912 913 914 915 916 917 918 919 920 921 922 923 925 926 927 928 929 931 932 933 934 935 936 937 938 939 940 941 942 943 944 946 947 949 950 952 953 955 958 959 961 962 963 964 965 966 968 969 970 972 973 974 975 976 977 978 979 1056 992 1013 1367 
958: 911 912 913 914 915 916 917 918 919 920 921 924 925 928 931 932 933 934 935 937 938 939 940 941 943 945 946 949 951 954 955 956 957 959 960 961 964 965 966 967 969 970 972 973 974 976 977 979 1031 986 1366 1374 1487 
959: 910 911 912 913 914 915 916 919 920 921 922 923 924 925 930 931 932 933 934 936 937 938 940 941 942 943 944 945 947 948 949 952 953 954 955 956 957 958 960 961 962 964 965 966 967 968 969 970 972 974 975 976 979 1005 1010 1062 1374 1494 
960: 910 911 912 914 915 917 918 919 920 922 923 924 926 927 928 929 930 931 932 934 938 939 940 941 942 943 945 946 947 948 949 950 953 954 955 956 958 959 961 962 963 964 966 967 968 969 970 971 972 974 975 976 978 979 1039 1491 
961: 910 911 912 913 914 915 917 918 921 923 924 925 927 929 932 933 934 936 937 939 940 941 943 944 945 949 950 951 953 954 956 957 958 959 960 963 964 965 966 967 968 969 970 971 972 973 976 978 979 982 997 1476 
962: 911 912 913 916 918 920 922 923 924 925 927 928 929 930 931 932 933 934 935 936 937 938 939 940 941 942 943 944 945 949 950 951 952 953 954 955 956 957 959 960 963 965 966 967 969 970 971 972 973 974 975 976 977 978 979 1059 
963: 911 912 913 915 916 917 918 919 922 923 924 925 926 927 928 929 930 932 933 935 936 937 939 940 941 943 944 945 946 949 950 953 954 956 957 960 961 962 964 965 966 968 969 970 971 972 975 976 977 978 1341 1464 
964: 911 912 913 914 915 917 918 920 921 922 923 925 927 928 929 930 931 932 933 935 936 937 938 940 941 942 943 944 945 946 947 948 949 950 951 954 955 956 957 958 959 960 961 963 965 966 968 969 970 972 974 975 976 978 1021 
965: 910 911 912 913 915 916 917 919 920 921 922 923 924 925 926 928 930 931 933 934 935 936 937 938 939 940 943 944 945 950 951 952 953 954 955 956 957 958 959 961 962 963 964 966 967 968 970 971 972 974 976 977 978 979 995 1366 
966: 910 911 914 916 917 919 920 921 923 924 926 928 930 931 932 933 934 935 936 938 939 940 941 942 943 944 945 946 947 948 950 953 954 955 956 957 958 959 960 961 962 963 964 965 967 969 970 971 972 973 974 977 978 979 1053 
967: 910 911 912 913 916 918 919 920 921 922 923 924 925 926 927 928 929 930 931 932 933 934 935 936 937 939 941 942 944 945 946 947 948 949 950 951 952 954 955 958 959 960 961 962 965 966 969 970 971 973 974 976 977 979 1461 
968: 910 911 912 913 914 915 917 918 919 920 922 923 926 927 928 929 930 932 936 937 938 940 941 942 943 944 946 947 949 950 951 953 954 956 957 959 960 961 963 964 965 969 971 972 973 976 977 978 1014 1470 
969: 911 915 917 918 920 921 922 923 924 925 926 927 930 931 934 935 937 938 939 940 941 942 943 945 946 947 948 949 950 951 952 954 955 957 958 959 960 961 962 963 964 966 967 968 970 971 972 973 975 977 978 991 1371 1476 1495 
970: 910 911 912 913 915 916 917 918 919 920 922 925 926 927 928 929 931 934 935 936 937 938 939 940 942 944 945 946 948 950 951 953 954 955 956 957 958 959 960 961 962 963 964 965 966 967 969 971 972 974 977 978 979 1082 
971: 910 911 912 913 914 915 917 919 920 921 923 924 925 926 927 929 930 931 933 934 935 936 937 939 940 941 942 944 945 946 947 948 949 951 952 954 955 956 960 961 962 963 965 966 967 968 969 970 972 973 974 976 977 978 979 1086 
972: 911 912 913 914 915 916 917 918 922 923 924 925 926 928 929 931 933 934 935 936 937 938 941 942 943 945 946 947 948 949 950 951 952 953 955 957 958 959 960 961 962 963 964 965 966 968 969 970 971 973 974 975 976 978 979 1030 1043 999 1363 1480 
973: 911 914 915 917 918 920 921 922 923 924 925 927 929 931 932 933 934 938 939 941 943 944 945 946 947 949 950 951 953 954 955 956 957 958 961 962 966 967 968 969 971 972 974 975 976 977 978 979 1031 1067 
974: 910 913 916 918 919 920 922 925 926 927 928 929 930 931 934 935 936 937 938 939 940 941 942 943 944 945 946 948 949 950 952 953 954 955 956 957 958 959 960 962 964 965 966 967 970 971 972 973 978 1098 
975: 910 911 912 913 914 915 917 918 919 920 921 922 923 924 925 926 927 928 929 930 931 932 933 934 936 937 938 939 940 941 945 946 947 948 950 951 953 955 956 957 959 960 962 963 964 969 972 973 976 977 978 1478 
976: 911 912 913 915 916 919 920 921 922 923 925 928 929 931 933 934 935 936 937 938 939 940 941 942 943 944 945 946 947 948 951 952 953 954 955 956 957 958 959 960 961 962 963 964 965 967 968 971 972 973 975 977 978 979 1097 1471 
977: 910 912 913 914 915 916 917 920 921 922 923 924 925 926 927 929 930 931 933 934 935 936 938 943 944 945 946 947 949 952 953 954 955 956 957 958 962 963 965 966 967 968 969 970 971 973 975 976 978 979 999 1342 1360 
978: 911 912 914 915 916 917 919 920 921 922 923 924 925 928 929 930 931 932 935 937 938 939 941 942 943 945 946 948 949 950 951 952 953 955 956 957 960 961 962 963 964 965 966 968 969 970 971 972 973 974 975 976 977 979 1026 1480 
979: 910 911 913 914 916 917 920 921 922 923 924 925 926 927 929 931 932 933 934 936 937 938 940 941 943 944 945 946 947 948 949 950 951 953 954 955 957 958 959 960 961 962 965 966 967 970 971 972 973 976 977 978 990 1087 1100 
1024: 606 1025 1026 1027 1028 1029 1030 1032 1033 1035 1036 1038 1039 1040 1041 1043 1045 1046 1047 1049 1050 1051 1052 1053 1054 1055 1056 1057 1058 1059 980 981 982 983 984 986 987 988 989 991 992 993 994 996 997 998 999 1000 1002 1004 1005 1006 1009 1010 1012 1013 1014 1015 1017 1018 1019 1020 1021 1022 1023 1290 1337 
1025: 945 1024 1026 1027 1029 1030 1031 1032 1033 1034 1035 1036 1037 1039 1040 1041 1042 1043 1044 1046 1047 1048 1049 1051 1052 1053 1056 1057 1059 980 981 982 983 984 985 986 987 988 989 990 991 992 994 995 996 997 1001 1003 1005 1006 1007 1008 1009 1010 1011 1012 1013 1014 1016 1017 1021 1022 1023 1302 1310 
1026: 978 1024 1025 1027 1028 1029 1030 1032 1033 1034 1035 1036 1038 1039 1040 1041 1042 1044 1045 1046 1048 1051 1052 1054 1055 1056 1057 1058 1059 980 981 982 984 985 986 987 989 990 991 993 995 998 999 1000 1004 1009 1010 1012 1013 1014 1015 1017 1019 1020 1021 1022 1307 
1027: 914 1024 1025 1026 1028 1029 1030 1031 1032 1033 1034 1035 1036 1037 1040 1041 1042 1044 1045 1047 1050 1054 1056 1057 1058 1059 981 982 983 984 985 986 987 989 990 992 993 994 995 996 997 998 999 1000 1002 1003 1004 1005 1006 1007 1011 1014 1015 1016 1017 1019 1020 1021 1023 1108 
1028: 654 894 1024 1026 1027 1029 1030 1031 1032 1034 1035 1036 1037 1038 1039 1040 1041 1042 1043 1045 1046 1047 1048 1049 1050 1051 1053 1054 1056 1058 1059 982 983 984 985 986 987 988 989 990 991 993 994 995 996 997 998 1000 1001 1002 1003 1004 1005 1006 1007 1008 1011 1012 1013 1014 1015 1016 1017 1018 1019 1020 1021 1022 1023 
1029: 904 1024 1025 1026 1027 1028 1030 1032 1036 1038 1041 1044 1046 1047 1048 1049 1050 1051 1052 1053 1054 1055 1056 1057 1058 1059 980 981 982 983 984 985 986 988 989 990 992 993 994 995 996 998 999 1000 1001 1003 1004 1005 1006 1008 1009 1010 1011 1012 1013 1014 1016 1017 1021 1023 1082 1327 
1030: 918 933 972 1024 1025 1026 1027 1028 1029 1031 1032 1033 1034 1036 1039 1040 1043 1044 1046 1049 1052 1054 1055 1057 1058 980 981 982 992 993 994 995 996 999 1001 1003 1004 1005 1006 1007 1008 1009 1010 1011 1012 1013 1015 1018 1020 1021 1022 1095 
1031: 635 958 973 1025 1027 1028 1030 1032 1036 1037 1038 1039 1040 1041 1042 1043 1044 1047 1048 1052 1053 1054 1055 1056 1057 1059 980 983 984 985 987 989 990 991 992 993 994 995 999 1000 1001 1003 1005 1006 1008 1010 1012 1013 1014 1015 1016 1019 1020 1022 1023 
1032: 1024 1025 1026 1027 1028 1029 1030 1031 1035 1038 1040 1043 1044 1045 1046 1047 1049 1050 1051 1052 1053 1054 1055 1056 1058 1059 983 984 985 986 987 988 989 990 991 992 993 994 995 996 998 999 1000 1001 1002 1003 1004 1005 1006 1007 1008 1010 1011 1012 1014 1015 1016 1017 1019 1020 1022 1023 1096 1486 1489 
1033: 612 1024 1025 1026 1027 1030 1034 1035 1036 1037 1038 1039 1040 1042 1044 1045 1046 1048 1050 1051 1052 1053 1054 1055 1057 1058 1059 980 981 982 983 984 985 986 987 988 990 991 992 993 994 995 996 997 998 999 1000 1001 1003 1004 1005 1008 1012 1014 1017 1018 1019 1020 1021 1022 1023 
1034: 862 865 889 922 1025 1026 1027 1028 1030 1033 1035 1036 1038 1039 1040 1041 1042 1043 1044 1045 1046 1048 1049 1050 1051 1052 1053 1055 1056 980 981 983 984 985 986 987 988 990 994 995 996 997 998 999 1000 1002 1005 1006 1007 1009 1010 1012 1013 1016 1017 1018 1019 1020 1021 1022 1023 1322 1467 
1035: 1024 1025 1026 1027 1028 1032 1033 1034 1037 1038 1039 1040 1042 1043 1044 1045 1046 1048 1050 1052 1053 1054 1055 1056 1057 1058 1059 980 981 983 984 985 986 989 990 991 992 993 994 995 996 997 998 999 1000 1001 1002 1003 1004 1005 1006 1008 1011 1012 1013 1015 1016 1017 1019 1021 1022 1023 1088 
1036: 1024 1025 1026 1027 1028 1029 1030 1031 1033 1034 1037 1038 1039 1040 1041 1042 1043 1044 1045 1046 1047 1048 1049 1050 1052 1053 1054 1055 980 981 983 984 985 986 987 990 991 992 993 997 999 1001 1004 1005 1006 1007 1009 1010 1011 1013 1014 1015 1018 1019 1020 1021 1023 1465 
1037: 890 1025 1027 1028 1031 1033 1035 1036 1038 1039 1040 1041 1042 1043 1044 1045 1046 1047 1048 1049 1050 1053 1054 1055 1057 1058 980 981 984 985 986 987 988 989 990 992 994 995 996 997 998 999 1000 1001 1003 1004 1005 1006 1007 1009 1010 1011 1013 1015 1016 1017 1018 1019 1020 1021 1023 1317 1329 
1038: 862 1024 1026 1028 1029 1031 1032 1033 1034 1035 1036 1037 1040 1041 1042 1043 1044 1045 1046 1047 1048 1049 1050 1051 1052 1053 1054 1055 1056 1057 1058 1059 980 983 984 985 986 987 988 989 990 992 993 994 995 996 997 1000 1001 1002 1003 1005 1006 1007 1009 1010 1011 1012 1013 1014 1015 1016 1017 1019 1020 1021 1022 1023 1072 1313 
1039: 646 659 941 960 1024 1025 1026 1028 1030 1031 1033 1034 1035 1036 1037 1040 1041 1042 1043 1044 1045 1046 1047 1048 1050 1051 1053 1056 1057 1058 980 981 982 985 986 989 990 991 992 993 995 996 998 999 1000 1001 1003 1004 1005 1006 1007 1008 1009 1010 1011 1012 1013 1014 1015 1016 1017 1019 1020 1021 1022 1023 1105 
1040: 1024 1025 1026 1027 1028 1030 1031 1032 1033 1034 1035 1036 1037 1038 1039 1045 1046 1047 1049 1052 1054 1055 1056 1057 1058 1059 980 982 983 984 985 986 987 988 989 990 991 994 995 996 997 998 999 1000 1001 1002 1003 1004 1005 1007 1010 1011 1014 1015 1017 1018 1019 1020 1021 1022 1023 1083 1302 1315 
1041: 601 623 1024 1025 1026 1027 1028 1029 1031 1034 1036 1037 1038 1039 1042 1044 1045 1046 1047 1048 1052 1054 1055 1056 1057 1058 1059 981 982 984 985 986 987 988 993 994 995 997 998 999 1000 1001 1002 1003 1004 1005 1006 1007 1008 1009 1010 1013 1014 1015 1020 1021 1022 1078 1087 1326 1332 
1042: 901 893 1025 1026 1027 1028 1031 1033 1034 1035 1036 1037 1038 1039 1041 1044 1045 1047 1048 1049 1052 1054 1055 1056 1057 1058 1059 980 981 982 983 984 985 986 990 991 993 994 995 999 1000 1001 1002 1004 1005 1008 1009 1010 1011 1012 1014 1016 1017 1018 1020 1022 1023 1326 
1043: 606 617 943 972 1024 1025 1028 1030 1031 1032 1034 1035 1036 1037 1038 1039 1044 1045 1046 1048 1049 1050 1052 1053 1054 1055 1056 1057 1058 1059 980 982 983 984 986 987 988 989 990 991 992 994 996 997 998 1000 1002 1003 1004 1006 1007 1008 1009 1010 1011 1012 1013 1014 1015 1016 1017 1018 1020 1022 1023 
1044: 641 616 631 864 1025 1026 1027 1029 1030 1031 1032 1033 1034 1035 1036 1037 1038 1039 1041 1042 1043 1046 1047 1048 1049 1050 1051 1052 1053 1054 1055 1056 1057 1058 1059 980 981 984 986 988 989 990 991 992 994 995 996 997 998 999 1000 1001 1002 1003 1004 1005 1007 1008 1009 1010 1013 1014 1015 1016 1017 1018 1019 1020 1022 1023 1082 
1045: 651 878 895 955 1024 1026 1027 1028 1032 1033 1034 1035 1036 1037 1038 1039 1040 1041 1042 1043 1046 1047 1048 1049 1050 1051 1052 1054 1055 1059 980 981 982 983 984 985 986 987 989 990 991 992 994 995 996 997 998 999 1000 1001 1002 1003 1006 1007 1010 1011 1013 1014 1015 1016 1017 1020 1021 1022 1023 1317 1490 
1046: 1024 1025 1026 1028 1029 1030 1032 1033 1034 1035 1036 1037 1038 1039 1040 1041 1043 1044 1045 1047 1048 1050 1051 1052 1054 1056 1057 1058 1059 981 982 983 985 986 987 990 991 992 993 994 995 996 997 998 999 1001 1002 1004 1005 1006 1008 1009 1010 1011 1012 1013 1014 1015 1016 1017 1018 1019 1021 1090 1327 
1047: 601 637 1024 1025 1027 1028 1029 1031 1032 1036 1037 1038 1039 1040 1041 1042 1044 1045 1046 1048 1049 1050 1051 1052 1053 1054 1055 1056 1057 1059 980 982 983 985 986 988 989 990 992 994 995 996 998 999 1000 1001 1002 1003 1004 1005 1006 1007 1008 1009 1010 1012 1015 1016 1017 1018 1019 1021 1022 1098 1461 1466 1499 
1048: 603 620 1025 1026 1028 1029 1031 1033 1034 1035 1036 1037 1038 1039 1041 1042 1043 1044 1045 1046 1047 1049 1050 1051 1052 1053 1056 1057 1058 980 982 983 985 986 987 988 989 991 992 993 995 997 998 999 1000 1002 1004 1005 1006 1007 1008 1010 1011 1012 1014 1015 1017 1018 1019 1020 1021 1022 1318 1477 
1049: 634 918 923 1024 1025 1028 1029 1030 1032 1034 1036 1037 1038 1040 1042 1043 1044 1045 1047 1048 1051 1056 1057 1058 1059 983 984 985 986 987 988 989 990 992 993 994 996 997 998 999 1000 1001 1003 1004 1005 1006 1007 1008 1010 1011 1013 1014 1015 1016 1017 1018 1019 1020 1023 1310 1314 
1050: 1024 1027 1028 1029 1032 1033 1034 1035 1036 1037 1038 1039 1043 1044 1045 1046 1047 1048 1053 1054 1055 1056 1057 1058 1059 980 983 984 986 987 988 989 990 991 992 993 994 997 998 999 1000 1001 1003 1004 1005 1006 1008 1009 1010 1013 1014 1015 1016 1017 1019 1020 1021 1023 
1051: 879 941 1024 1025 1026 1028 1029 1032 1033 1034 1038 1039 1044 1045 1046 1047 1048 1049 1052 1053 1054 1055 1057 1059 980 981 982 983 986 987 988 989 990 991 992 993 996 997 998 999 1000 1001 1002 1003 1004 1005 1006 1011 1012 1013 1015 1016 1018 1020 1021 1023 1466 1472 1479 1481 
1052: 914 947 1024 1025 1026 1029 1030 1031 1032 1033 1034 1035 1036 1038 1040 1041 1042 1043 1044 1045 1046 1047 1048 1051 1055 1056 1057 1058 1059 980 981 983 985 987 988 989 991 992 994 996 997 998 999 1000 1001 1002 1003 1004 1005 1006 1007 1008 1009 1010 1011 1012 1013 1015 1016 1017 1018 1019 1020 1021 1023 1292 1480 
1053: 878 966 1024 1025 1028 1029 1031 1032 1033 1034 1035 1036 1037 1038 1039 1043 1044 1047 1048 1050 1051 1054 1056 1058 980 982 983 984 985 987 988 989 990 991 992 993 994 995 996 997 1000 1002 1004 1005 1006 1007 1008 1009 1010 1012 1013 1014 1015 1017 1018 1022 1023 1089 1303 
1054: 638 907 924 1024 1026 1027 1028 1029 1030 1031 1032 1033 1035 1036 1037 1038 1040 1041 1042 1043 1044 1045 1046 1047 1050 1051 1053 1055 1056 1057 1058 1059 981 983 984 986 988 989 990 991 993 994 995 996 997 999 1000 1001 1002 1003 1004 1006 1007 1008 1009 1010 1011 1012 1014 1016 1017 1018 1020 1021 1023 1313 1482 
1055: 635 637 954 1024 1026 1029 1030 1031 1032 1033 1034 1035 1036 1037 1038 1040 1041 1042 1043 1044 1045 1047 1050 1051 1052 1054 1056 1057 1058 980 981 983 985 986 988 990 991 992 994 995 996 997 998 1000 1001 1002 1005 1006 1007 1009 1010 1012 1013 1014 1016 1020 1021 1022 1023 1091 1473 
1056: 657 635 860 916 957 1024 1025 1026 1027 1028 1029 1031 1032 1034 1035 1038 1039 1040 1041 1042 1043 1044 1046 1047 1048 1049 1050 1052 1053 1054 1055 1057 1058 1059 980 981 983 985 986 987 988 989 990 992 993 994 995 996 997 998 999 1001 1002 1003 1004 1005 1006 1007 1008 1009 1010 1011 1012 1013 1015 1017 1018 1019 1020 1021 1022 1023 1460 
1057: 1024 1025 1026 1027 1029 1030 1031 1033 1035 1037 1038 1039 1040 1041 1042 1043 1044 1046 1047 1048 1049 1050 1051 1052 1054 1055 1056 1058 1059 980 981 982 984 985 987 988 989 990 991 993 994 997 998 999 1001 1002 1003 1004 1005 1006 1007 1008 1010 1011 1013 1014 1015 1017 1018 1019 1020 1022 1023 1070 1498 
1058: 1024 1026 1027 1028 1029 1030 1032 1033 1035 1037 1038 1039 1040 1041 1042 1043 1044 1046 1048 1049 1050 1052 1053 1054 1055 1056 1057 1059 980 982 983 984 988 989 990 991 992 993 994 995 996 998 999 1002 1005 1006 1007 1008 1009 1010 1012 1014 1015 1019 1020 1021 1023 
1059: 962 1024 1025 1026 1027 1028 1029 1031 1032 1033 1035 1038 1040 1041 1042 1043 1044 1045 1046 1047 1049 1050 1051 1052 1054 1056 1057 1058 980 981 982 983 985 986 988 989 990 991 992 993 994 995 996 997 1000 1003 1005 1007 1008 1010 1011 1012 1014 1017 1018 1019 1020 1022 1295 
980: 1024 1025 1026 1029 1030 1031 1033 1034 1035 1036 1037 1038 1039 1040 1042 1043 1044 1045 1047 1048 1050 1051 1052 1053 1055 1056 1057 1058 1059 981 983 985 986 987 988 989 990 991 992 993 994 995 996 997 998 999 1000 1001 1002 1003 1004 1005 1006 1008 1010 1011 1012 1013 1015 1016 1018 1019 1021 1023 1073 
981: 665 667 926 1024 1025 1026 1027 1029 1030 1033 1034 1035 1036 1037 1039 1041 1042 1044 1045 1046 1051 1052 1054 1055 1056 1057 1059 980 982 983 984 985 988 991 992 993 994 995 996 997 998 1000 1001 1002 1003 1005 1006 1007 1008 1009 1010 1011 1012 1015 1016 1017 1018 1020 1021 1022 1066 1077 1473 
982: 605 876 932 933 961 1024 1025 1026 1027 1028 1029 1030 1033 1039 1040 1041 1042 1043 1045 1046 1047 1048 1051 1053 1057 1058 1059 981 983 984 985 986 987 988 990 991 992 993 994 996 997 998 999 1001 1003 1004 1007 1008 1009 1010 1013 1015 1016 1017 1018 1019 1020 1021 1022 1023 1331 1335 
983: 654 850 1024 1025 1027 1028 1029 1031 1032 1033 1034 1035 1036 1038 1040 1042 1043 1045 1046 1047 1048 1049 1050 1051 1052 1053 1054 1055 1056 1058 1059 980 981 982 984 985 986 987 988 990 992 993 994 995 996 997 998 999 1000 1001 1002 1003 1004 1005 1006 1007 1008 1009 1010 1012 1013 1015 1016 1017 1018 1020 1021 1022 1092 1464 
984: 664 634 1024 1025 1026 1027 1028 1029 1031 1032 1033 1034 1035 1036 1037 1038 1040 1041 1042 1043 1044 1045 1049 1050 1053 1054 1057 1058 981 982 983 985 989 991 993 994 995 996 999 1000 1003 1004 1005 1007 1008 1009 1010 1011 1012 1013 1015 1016 1017 1018 1019 1020 1021 1022 1023 1079 1313 
985: 611 905 1025 1026 1027 1028 1029 1031 1032 1033 1034 1035 1036 1037 1038 1039 1040 1041 1042 1045 1046 1047 1048 1049 1052 1053 1055 1056 1057 1059 980 981 982 983 984 986 987 988 989 991 992 993 995 996 997 998 999 1000 1001 1002 1004 1007 1008 1010 1011 1012 1014 1016 1019 1020 1022 1023 
986: 617 908 958 1024 1025 1026 1027 1028 1029 1032 1033 1034 1035 1036 1037 1038 1039 1040 1041 1042 1043 1044 1045 1046 1047 1048 1049 1050 1051 1054 1055 1056 1059 980 982 983 985 987 989 990 992 994 996 997 998 1000 1001 1003 1004 1005 1006 1007 1008 1009 1012 1013 1014 1015 1016 1017 1019 1020 1021 1022 1074 1081 
987: 1024 1025 1026 1027 1028 1031 1032 1033 1034 1036 1037 1038 1040 1041 1043 1045 1046 1048 1049 1050 1051 1052 1053 1056 1057 980 982 983 985 986 988 989 991 993 995 996 997 999 1000 1001 1004 1006 1007 1009 1011 1012 1013 1014 1015 1016 1017 1018 1019 1020 1021 1312 
988: 1024 1025 1028 1029 1032 1033 1034 1037 1038 1040 1041 1043 1044 1047 1048 1049 1050 1051 1052 1053 1054 1055 1056 1057 1058 1059 980 981 982 983 985 987 989 991 994 995 997 998 999 1000 1002 1004 1005 1006 1007 1008 1009 1011 1012 1013 1014 1015 1016 1017 1018 1019 1020 1021 1023 1091 1332 1465 
989: 924 946 948 1024 1025 1026 1027 1028 1029 1031 1032 1035 1037 1038 1039 1040 1043 1044 1045 1047 1048 1049 1050 1051 1052 1053 1054 1056 1057 1058 1059 980 984 985 986 987 988 990 992 995 996 998 999 1000 1001 1002 1003 1004 1006 1007 1011 1012 1014 1015 1016 1018 1019 1020 1022 1023 1096 1461 1494 
990: 628 873 979 1025 1026 1027 1028 1029 1031 1032 1033 1034 1035 1036 1037 1038 1039 1040 1042 1043 1044 1045 1046 1047 1049 1050 1051 1053 1054 1055 1056 1057 1058 1059 980 982 983 986 989 991 992 995 996 997 998 999 1000 1001 1004 1005 1007 1009 1010 1011 1012 1014 1015 1016 1017 1021 1022 1023 
991: 608 969 1024 1025 1026 1028 1031 1032 1033 1035 1036 1039 1040 1042 1043 1044 1045 1046 1048 1050 1051 1052 1053 1054 1055 1057 1058 1059 980 981 982 984 985 987 988 990 992 993 994 995 996 997 998 999 1000 1001 1002 1003 1006 1007 1008 1009 1010 1011 1012 1014 1017 1018 1019 1020 1021 1022 1023 1063 1323 
992: 642 643 667 908 957 1024 1025 1027 1029 1030 1031 1032 1033 1035 1036 1037 1038 1039 1043 1044 1045 1046 1047 1048 1049 1050 1051 1052 1053 1055 1056 1058 1059 980 981 982 983 985 986 989 990 991 993 994 996 997 998 999 1000 1001 1002 1004 1005 1006 1008 1009 1010 1012 1013 1015 1016 1017 1019 1021 1023 
993: 642 636 923 1024 1026 1027 1028 1029 1030 1031 1032 1033 1035 1036 1038 1039 1041 1042 1046 1048 1049 1050 1051 1053 1054 1056 1057 1058 1059 980 981 982 983 984 985 987 991 992 994 995 996 997 998 1000 1001 1002 1005 1006 1008 1009 1010 1011 1012 1013 1014 1020 1021 1022 1023 1323 
994: 942 952 1024 1025 1027 1028 1029 1030 1031 1032 1033 1034 1035 1037 1038 1040 1041 1042 1043 1044 1045 1046 1047 1049 1050 1052 1053 1054 1055 1056 1057 1058 1059 980 981 982 983 984 986 988 991 992 993 995 996 998 999 1001 1002 1003 1004 1006 1007 1008 1009 1010 1011 1012 1013 1014 1015 1016 1017 1018 1019 1022 1086 
995: 882 965 1025 1026 1027 1028 1029 1030 1031 1032 1033 1034 1035 1037 1038 1039 1040 1041 1042 1044 1045 1046 1047 1048 1053 1054 1055 1056 1058 1059 980 981 983 984 985 987 988 989 990 991 993 994 996 997 1000 1001 1002 1004 1006 1007 1009 1010 1011 1012 1013 1017 1019 1021 1022 1023 
996: 893 1024 1025 1027 1028 1029 1030 1032 1033 1034 1035 1037 1038 1039 1040 1043 1044 1045 1046 1047 1049 1051 1052 1053 1054 1055 1056 1058 1059 980 981 982 983 984 985 986 987 989 990 991 992 993 994 995 999 1000 1001 1003 1004 1005 1006 1008 1009 1010 1013 1014 1015 1016 1019 1020 1021 1022 1023 1314 
997: 961 1024 1025 1027 1028 1033 1034 1035 1036 1037 1038 1040 1041 1043 1044 1045 1046 1048 1049 1050 1051 1052 1053 1054 1055 1056 1057 1059 980 981 982 983 985 986 987 988 990 991 992 993 995 998 999 1000 1001 1002 1003 1004 1005 1007 1008 1009 1010 1013 1014 1015 1016 1017 1018 1019 1020 1022 1023 1318 
998: 907 1024 1026 1027 1028 1029 1032 1033 1034 1035 1037 1039 1040 1041 1043 1044 1045 1046 1047 1048 1049 1050 1051 1052 1055 1056 1057 1058 980 981 982 983 985 986 988 989 990 991 992 993 994 997 999 1000 1001 1002 1003 1004 1005 1006 1007 1011 1012 1013 1014 1015 1016 1017 1018 1019 1020 1022 1462 
999: 972 977 1024 1026 1027 1029 1030 1031 1032 1033 1034 1035 1036 1037 1039 1040 1041 1042 1044 1045 1046 1047 1048 1049 1050 1051 1052 1054 1056 1057 1058 980 982 983 984 985 987 988 989 990 991 992 994 996 997 998 1000 1001 1004 1006 1007 1010 1014 1015 1016 1017 1018 1019 1020 1021 1022 1023 1063 1325 
1000: 863 873 928 1024 1026 1027 1028 1029 1031 1032 1033 1034 1035 1037 1038 1039 1040 1041 1042 1043 1044 1045 1047 1048 1049 1050 1051 1052 1053 1054 1055 1059 980 981 983 984 985 986 987 988 989 990 991 992 993 995 996 997 998 999 1001 1004 1005 1006 1007 1009 1010 1011 1012 1014 1015 1016 1017 1018 1019 1020 1022 
1001: 896 934 1025 1028 1029 1030 1031 1032 1033 1035 1036 1037 1038 1039 1040 1041 1042 1044 1045 1046 1047 1049 1050 1051 1052 1054 1055 1056 1057 980 981 982 983 985 986 987 989 990 991 992 993 994 995 996 997 998 999 1000 1002 1003 1004 1005 1006 1007 1008 1009 1010 1011 1012 1013 1014 1015 1017 1018 1019 1020 1022 1023 
1002: 917 924 1024 1027 1028 1032 1034 1035 1038 1040 1041 1042 1043 1044 1045 1046 1047 1048 1051 1052 1053 1054 1055 1056 1057 1058 980 981 983 985 988 989 991 992 993 994 995 997 998 1001 1003 1005 1009 1011 1012 1013 1014 1017 1018 1019 1020 1022 1023 1108 1291 
1003: 635 855 924 1025 1027 1028 1029 1030 1031 1032 1033 1035 1037 1038 1039 1040 1041 1043 1044 1045 1047 1049 1050 1051 1052 1054 1056 1057 1059 980 981 982 983 984 986 989 991 994 996 997 998 1001 1002 1004 1005 1008 1009 1010 1011 1012 1013 1014 1017 1018 1019 1021 1022 1023 1061 1478 
1004: 607 626 629 893 1024 1026 1027 1028 1029 1030 1032 1033 1035 1036 1037 1039 1040 1041 1042 1043 1044 1046 1047 1048 1049 1050 1051 1052 1053 1054 1056 1057 980 982 983 984 985 986 987 988 989 990 992 994 995 996 997 998 999 1000 1001 1003 1005 1006 1007 1011 1012 1013 1014 1015 1016 1018 1020 1021 1023 1328 1465 
1005: 959 1024 1025 1027 1028 1029 1030 1031 1032 1033 1034 1035 1036 1037 1038 1039 1040 1041 1042 1044 1046 1047 1048 1049 1050 1051 1052 1053 1055 1056 1057 1058 1059 980 981 983 984 986 988 990 992 993 996 997 998 1000 1001 1002 1003 1004 1006 1007 1008 1009 1010 1011 1013 1014 1015 1016 1017 1018 1019 1023 1076 1306 1491 1496 
1006: 650 1024 1025 1027 1028 1029 1030 1031 1032 1034 1035 1036 1037 1038 1039 1041 1043 1045 1046 1047 1048 1049 1050 1051 1052 1053 1054 1055 1056 1057 1058 980 981 983 986 987 988 989 991 992 993 994 995 996 998 999 1000 1001 1004 1005 1007 1008 1010 1011 1012 1013 1014 1015 1016 1020 1021 1022 1023 1326 1472 
1007: 662 666 897 1025 1027 1028 1030 1032 1034 1036 1037 1038 1039 1040 1041 1043 1044 1045 1047 1048 1049 1052 1053 1054 1055 1056 1057 1058 1059 981 982 983 984 985 986 987 988 989 990 991 994 995 997 998 999 1000 1001 1004 1005 1006 1008 1009 1010 1011 1012 1013 1014 1015 1016 1017 1018 1020 1021 1022 1023 1331 
1008: 666 899 919 1025 1028 1029 1030 1031 1032 1033 1035 1039 1041 1042 1043 1044 1046 1047 1048 1049 1050 1052 1053 1054 1056 1057 1058 1059 980 981 982 983 984 985 986 988 991 992 993 994 996 997 1001 1003 1005 1006 1007 1010 1011 1012 1013 1014 1015 1017 1018 1019 1020 1021 1022 1023 1492 
1009: 637 886 1024 1025 1026 1029 1030 1034 1036 1037 1038 1039 1041 1042 1043 1044 1046 1047 1050 1052 1053 1054 1055 1056 1058 981 982 983 984 986 987 988 990 991 992 993 994 995 996 997 1000 1001 1002 1003 1005 1007 1010 1011 1012 1013 1014 1015 1016 1017 1019 1020 1022 1336 1493 
1010: 863 959 1024 1025 1026 1029 1030 1031 1032 1034 1036 1037 1038 1039 1040 1041 1042 1043 1044 1045 1046 1047 1048 1049 1050 1052 1053 1054 1055 1056 1057 1058 1059 980 981 982 983 984 985 990 991 992 993 994 995 996 997 999 1000 1001 1003 1005 1006 1007 1008 1009 1013 1014 1015 1016 1018 1020 1022 1061 1304 
1011: 626 934 1025 1027 1028 1029 1030 1032 1035 1036 1037 1038 1039 1040 1042 1043 1045 1046 1048 1049 1051 1052 1054 1056 1057 1059 980 981 984 985 987 988 989 990 991 993 994 995 998 1000 1001 1002 1003 1004 1005 1006 1007 1008 1009 1012 1013 1014 1015 1017 1018 1019 1020 1021 1022 1023 1470 1491 
1012: 624 1024 1025 1026 1028 1029 1030 1031 1032 1033 1034 1035 1038 1039 1042 1043 1046 1047 1048 1051 1052 1053 1054 1055 1056 1058 1059 980 981 983 984 985 986 987 988 989 990 991 992 993 994 995 998 1000 1001 1002 1003 1004 1006 1007 1008 1009 1011 1013 1014 1015 1017 1018 1019 1020 1021 1022 1023 1088 1298 
1013: 656 957 1024 1025 1026 1028 1029 1030 1031 1034 1035 1036 1037 1038 1039 1041 1043 1044 1045 1046 1049 1050 1051 1052 1053 1055 1056 1057 980 982 983 984 986 987 988 992 993 994 995 996 997 998 1001 1002 1003 1004 1005 1006 1007 1008 1009 1010 1011 1012 1015 1018 1019 1020 1021 1022 1103 
1014: 624 918 938 968 1024 1025 1026 1027 1028 1029 1031 1032 1033 1036 1038 1039 1040 1041 1042 1043 1044 1045 1046 1048 1049 1050 1053 1054 1055 1057 1058 1059 985 986 987 988 989 990 991 993 994 996 997 998 999 1000 1001 1002 1003 1004 1005 1006 1007 1008 1009 1010 1011 1012 1015 1016 1018 1019 1020 1021 1022 1023 
1015: 878 882 945 947 1024 1026 1027 1028 1030 1031 1032 1035 1036 1037 1038 1039 1040 1041 1043 1044 1045 1046 1047 1048 1049 1050 1051 1052 1053 1056 1057 1058 980 981 982 983 984 986 987 988 989 990 992 994 996 997 998 999 1000 1001 1004 1005 1006 1007 1008 1009 1010 1011 1012 1013 1014 1016 1017 1018 1019 1020 1021 1022 1023 1094 
1016: 910 918 926 947 1025 1027 1028 1029 1031 1032 1034 1035 1037 1038 1039 1042 1043 1044 1045 1046 1047 1049 1050 1051 1052 1054 1055 980 981 982 983 984 985 986 987 988 989 990 992 994 996 997 998 999 1000 1004 1005 1006 1007 1009 1010 1014 1015 1018 1019 1020 1021 1022 
1017: 644 1024 1025 1026 1027 1028 1029 1032 1033 1034 1035 1037 1038 1039 1040 1042 1043 1044 1045 1046 1047 1048 1049 1050 1052 1053 1054 1056 1057 1059 981 982 983 984 986 987 988 990 991 992 994 995 997 998 999 1000 1001 1002 1003 1005 1007 1008 1009 1011 1012 1015 1018 1019 1023 1098 1107 1320 
1018: 1024 1028 1030 1033 1034 1036 1037 1040 1042 1043 1044 1046 1047 1048 1049 1051 1052 1053 1054 1056 1057 1059 980 981 982 983 984 987 988 989 991 994 997 998 999 1000 1001 1002 1003 1004 1005 1007 1008 1010 1011 1012 1013 1014 1015 1016 1017 1019 1020 1021 1022 1023 
1019: 1024 1026 1027 1028 1031 1032 1033 1034 1035 1036 1037 1038 1039 1040 1044 1046 1047 1048 1049 1050 1052 1056 1057 1058 1059 980 982 984 985 986 987 988 989 991 992 994 995 996 997 998 999 1000 1001 1002 1003 1005 1008 1009 1011 1012 1013 1014 1015 1016 1017 1018 1021 1022 1023 1325 1474 
1020: 876 927 1024 1026 1027 1028 1030 1031 1032 1033 1034 1036 1037 1038 1039 1040 1041 1042 1043 1044 1045 1048 1049 1050 1051 1052 1054 1055 1056 1057 1058 1059 981 982 983 984 985 986 987 988 989 991 993 996 997 998 999 1000 1001 1002 1004 1006 1007 1008 1009 1010 1011 1012 1013 1014 1015 1016 1018 1021 1022 1023 1066 
1021: 921 934 964 1024 1025 1026 1027 1028 1029 1030 1033 1034 1035 1036 1037 1038 1039 1040 1041 1045 1046 1047 1048 1050 1051 1052 1054 1055 1056 1058 980 981 982 983 984 986 987 988 990 991 992 993 995 996 999 1003 1004 1006 1007 1008 1011 1012 1013 1014 1015 1016 1018 1019 1020 1023 1061 1092 1482 
1022: 656 1024 1025 1026 1028 1030 1031 1032 1033 1034 1035 1038 1039 1040 1041 1042 1043 1044 1045 1047 1048 1053 1055 1056 1057 1059 981 982 983 984 985 986 989 990 991 993 994 995 996 997 998 999 1000 1001 1002 1003 1006 1007 1008 1009 1010 1011 1012 1013 1014 1015 1016 1018 1019 1020 
1023: 1024 1025 1027 1028 1029 1031 1032 1033 1034 1035 1036 1037 1038 1039 1040 1042 1043 1044 1045 1049 1050 1051 1052 1053 1054 1055 1056 1057 1058 980 982 984 985 988 989 990 991 992 993 995 996 997 999 1001 1002 1003 1004 1005 1006 1007 1008 1011 1012 1014 1015 1017 1018 1019 1020 1021 1301 
1060: 67 73 87 139 619 621 1061 1064 1065 1066 1067 1072 1073 1074 1075 1076 1077 1080 1081 1082 1083 1085 1086 1087 1088 1089 1091 1092 1093 1094 1095 1096 1097 1098 1099 1101 1102 1103 1104 1106 1107 1108 1109 
1061: 608 936 1003 1010 1021 1060 1062 1063 1065 1066 1067 1071 1072 1073 1076 1077 1079 1080 1081 1083 1084 1085 1086 1087 1088 1090 1091 1092 1093 1094 1095 1096 1097 1098 1099 1100 1101 1102 1107 1109 
1062: 36 75 217 236 617 959 1061 1063 1066 1068 1069 1072 1075 1076 1078 1079 1080 1082 1084 1085 1087 1088 1089 1091 1092 1096 1098 1099 1100 1101 1102 1103 1104 1105 1106 1109 
1063: 96 153 225 991 999 1061 1062 1064 1065 1066 1067 1068 1069 1070 1072 1073 1074 1075 1077 1078 1079 1080 1082 1083 1084 1085 1086 1088 1089 1091 1092 1093 1094 1097 1098 1099 1102 1103 1104 1105 1107 1108 1109 
1064: 246 1060 1063 1065 1067 1068 1069 1071 1072 1073 1074 1075 1076 1077 1078 1079 1081 1082 1083 1084 1085 1087 1088 1091 1092 1093 1094 1095 1098 1099 1100 1101 1102 1103 1105 1106 1107 1108 1109 
1065: 44 57 94 96 113 179 299 639 918 1060 1061 1063 1064 1068 1069 1070 1071 1072 1073 1074 1075 1077 1079 1083 1084 1085 1086 1087 1088 1090 1091 1092 1093 1094 1095 1096 1098 1100 1101 1102 1103 1105 1107 1109 
1066: 58 259 629 931 956 981 1020 1060 1061 1062 1063 1067 1068 1070 1071 1072 1074 1075 1076 1077 1079 1080 1081 1082 1088 1090 1091 1093 1096 1098 1099 1100 1102 1103 1104 1105 1106 1107 1108 1109 
1067: 973 1060 1061 1063 1064 1066 1070 1073 1074 1075 1076 1077 1078 1080 1081 1082 1083 1084 1087 1088 1089 1090 1092 1094 1095 1097 1098 1099 1103 1104 1106 1108 
1068: 96 101 249 289 634 1062 1063 1064 1065 1066 1069 1070 1071 1073 1074 1076 1077 1078 1080 1081 1082 1083 1084 1085 1087 1088 1089 1090 1092 1094 1095 1096 1098 1101 1102 1103 1105 1106 1108 1109 
1069: 209 214 216 1062 1063 1064 1065 1068 1071 1072 1073 1075 1076 1077 1078 1079 1080 1081 1082 1083 1085 1086 1088 1089 1090 1091 1092 1093 1095 1096 1097 1098 1099 1100 1101 1102 1103 1104 1105 1106 1107 1108 1109 
1070: 15 29 66 116 142 270 618 1057 1063 1065 1066 1067 1068 1072 1076 1077 1078 1079 1080 1081 1082 1085 1087 1088 1090 1092 1093 1097 1101 1102 1103 1104 1105 1106 1107 1108 1109 
1071: 91 94 162 285 627 924 1061 1064 1065 1066 1068 1069 1074 1075 1077 1079 1080 1081 1082 1083 1084 1087 1088 1090 1091 1092 1093 1094 1095 1096 1098 1100 1103 1104 1105 1106 1107 1109 
1072: 89 130 165 238 665 668 945 1038 1060 1061 1062 1063 1064 1065 1066 1069 1070 1073 1075 1076 1078 1079 1080 1082 1083 1084 1086 1087 1088 1089 1092 1093 1094 1095 1096 1100 1101 1102 1103 1104 1105 1107 1108 1109 
1073: 67 90 120 183 214 247 254 283 980 1060 1061 1063 1064 1065 1067 1068 1069 1072 1074 1075 1076 1078 1079 1080 1083 1084 1086 1087 1088 1090 1091 1092 1093 1095 1096 1097 1098 1099 1100 1101 1102 1103 1104 1106 1108 1109 
1074: 145 189 619 986 1060 1063 1064 1065 1066 1067 1068 1071 1073 1075 1076 1078 1080 1083 1084 1085 1086 1087 1088 1089 1090 1091 1092 1094 1095 1096 1097 1098 1100 1105 1106 1107 1108 1109 
1075: 20 41 654 617 1060 1062 1063 1064 1065 1066 1067 1069 1071 1072 1073 1074 1076 1077 1078 1079 1081 1083 1084 1085 1086 1087 1088 1089 1090 1091 1093 1094 1095 1096 1097 1098 1099 1100 1102 1103 1104 1105 1106 1107 1108 1109 
1076: 32 34 176 266 292 1005 1060 1061 1062 1064 1066 1067 1068 1069 1070 1072 1073 1074 1075 1077 1078 1079 1080 1081 1082 1083 1085 1086 1087 1088 1089 1090 1091 1092 1093 1094 1096 1097 1100 1101 1102 1103 1104 1106 1109 
1077: 10 163 614 636 981 1060 1061 1063 1064 1065 1066 1067 1068 1069 1070 1071 1075 1076 1078 1080 1081 1082 1083 1084 1085 1086 1088 1089 1090 1091 1092 1093 1094 1095 1097 1098 1099 1100 1101 1102 1103 1104 1105 1108 1109 
1078: 59 67 202 920 1041 1062 1063 1064 1067 1068 1069 1070 1072 1073 1074 1075 1076 1077 1079 1080 1081 1082 1084 1087 1088 1089 1091 1092 1093 1094 1095 1097 1099 1100 1102 1103 1104 1106 1107 1108 1109 
1079: 96 984 1061 1062 1063 1064 1065 1066 1069 1070 1071 1072 1073 1075 1076 1078 1080 1081 1082 1083 1084 1085 1086 1087 1088 1089 1090 1091 1096 1097 1099 1100 1101 1102 1103 1105 1106 
1080: 160 219 237 287 953 1060 1061 1062 1063 1066 1067 1068 1069 1070 1071 1072 1073 1074 1076 1077 1078 1079 1081 1082 1083 1084 1085 1086 1089 1090 1091 1092 1094 1096 1098 1099 1100 1103 1104 1105 1106 1107 1108 1109 
1081: 51 96 286 289 927 928 986 1060 1061 1064 1066 1067 1068 1069 1070 1071 1075 1076 1077 1078 1079 1080 1083 1084 1085 1086 1087 1088 1089 1090 1091 1092 1093 1094 1095 1096 1097 1098 1099 1100 1103 1104 1105 1106 1107 1108 1109 
1082: 44 277 911 920 930 970 1029 1044 1060 1062 1063 1064 1066 1067 1068 1069 1070 1071 1072 1076 1077 1078 1079 1080 1083 1084 1085 1086 1087 1088 1090 1091 1093 1094 1095 1096 1097 1098 1099 1100 1103 1104 1105 1106 1107 1108 
1083: 33 642 1040 1060 1061 1063 1064 1065 1067 1068 1069 1071 1072 1073 1074 1075 1076 1077 1079 1080 1081 1082 1085 1087 1088 1089 1090 1091 1092 1094 1095 1096 1098 1099 1100 1101 1104 1105 1106 1107 1108 1109 
1084: 37 224 666 1061 1062 1063 1064 1065 1067 1068 1071 1072 1073 1074 1075 1077 1078 1079 1080 1081 1082 1085 1086 1087 1088 1090 1092 1093 1094 1096 1098 1099 1101 1103 1104 1105 1106 1107 1108 1109 
1085: 13 104 191 294 1060 1061 1062 1063 1064 1065 1068 1069 1070 1074 1075 1076 1077 1079 1080 1081 1082 1083 1084 1086 1087 1088 1090 1091 1092 1093 1094 1095 1096 1097 1098 1099 1100 1102 1104 1106 1107 1108 1109 
1086: 17 46 60 971 994 1060 1061 1063 1065 1069 1072 1073 1074 1075 1076 1077 1079 1080 1081 1082 1084 1085 1087 1088 1089 1090 1091 1092 1093 1094 1095 1096 1097 1099 1100 1101 1103 1104 1105 1106 1107 1109 
1087: 80 194 221 234 258 979 1041 1060 1061 1062 1064 1065 1067 1068 1070 1071 1072 1073 1074 1075 1076 1078 1079 1081 1082 1083 1084 1085 1086 1089 1090 1091 1092 1093 1094 1096 1097 1098 1100 1102 1106 1107 1108 1109 
1088: 45 1035 1012 1060 1061 1062 1063 1064 1065 1066 1067 1068 1069 1070 1071 1072 1073 1074 1075 1076 1077 1078 1079 1081 1082 1083 1084 1085 1086 1089 1090 1091 1092 1093 1094 1095 1096 1101 1102 1103 1104 1108 1109 
1089: 175 276 929 1053 1060 1062 1063 1067 1068 1069 1072 1074 1075 1076 1077 1078 1079 1080 1081 1083 1086 1087 1088 1090 1091 1092 1093 1094 1096 1098 1099 1100 1102 1105 1106 1107 1108 1109 
1090: 20 114 217 274 1046 1061 1065 1066 1067 1068 1069 1070 1071 1073 1074 1075 1076 1077 1079 1080 1081 1082 1083 1084 1085 1086 1087 1088 1089 1091 1092 1094 1095 1096 1097 1099 1100 1101 1102 1103 1104 1105 1106 1107 1108 
1091: 103 278 1055 988 1060 1061 1062 1063 1064 1065 1066 1069 1071 1073 1074 1075 1076 1077 1078 1079 1080 1081 1082 1083 1085 1086 1087 1088 1089 1090 1092 1093 1094 1096 1097 1098 1099 1100 1101 1103 1104 1105 1107 1108 1109 
1092: 56 180 238 273 280 666 983 1021 1060 1061 1062 1063 1064 1065 1067 1068 1069 1070 1071 1072 1073 1074 1076 1077 1078 1080 1081 1083 1084 1085 1086 1087 1088 1089 1090 1091 1093 1095 1096 1097 1098 1100 1101 1102 1106 1107 1109 
1093: 68 163 290 1060 1061 1063 1064 1065 1066 1069 1070 1071 1072 1073 1075 1076 1077 1078 1081 1082 1084 1085 1086 1087 1088 1089 1091 1092 1094 1095 1096 1097 1098 1099 1100 1102 1103 1104 1105 1106 1107 1108 1109 
1094: 0 42 108 643 649 601 628 1015 1060 1061 1063 1064 1065 1067 1068 1071 1072 1074 1075 1076 1077 1078 1080 1081 1082 1083 1084 1085 1086 1087 1088 1089 1090 1091 1093 1095 1097 1098 1099 1100 1102 1107 1108 1109 
1095: 4 33 96 931 938 1030 1060 1061 1064 1065 1067 1068 1069 1071 1072 1073 1074 1075 1077 1078 1081 1082 1083 1085 1086 1088 1090 1092 1093 1094 1096 1097 1098 1099 1102 1103 1104 1105 1107 1108 1109 
1096: 135 150 239 250 298 608 1032 989 1060 1061 1062 1065 1066 1068 1069 1071 1072 1073 1074 1075 1076 1079 1080 1081 1082 1083 1084 1085 1086 1087 1088 1089 1090 1091 1092 1093 1095 1097 1099 1100 1101 1102 1103 1104 1105 1107 1108 1109 
1097: 23 219 220 263 936 943 953 976 1060 1061 1063 1067 1069 1070 1073 1074 1075 1076 1077 1078 1079 1081 1082 1085 1086 1087 1090 1091 1092 1093 1094 1095 1096 1099 1100 1102 1103 1105 1108 1109 
1098: 129 155 245 249 664 603 606 941 974 1047 1017 1060 1061 1062 1063 1064 1065 1066 1067 1068 1069 1071 1073 1074 1075 1077 1080 1081 1082 1083 1084 1085 1087 1089 1091 1092 1093 1094 1095 1099 1100 1104 1105 1106 1107 
1099: 274 610 1060 1061 1062 1063 1064 1066 1067 1069 1073 1075 1077 1078 1079 1080 1081 1082 1083 1084 1085 1086 1089 1090 1091 1093 1094 1095 1096 1097 1098 1100 1101 1102 1104 1105 1107 1108 1109 
1100: 45 174 271 651 663 979 1061 1062 1064 1065 1066 1069 1071 1072 1073 1074 1075 1076 1077 1078 1079 1080 1081 1082 1083 1085 1086 1087 1089 1090 1091 1092 1093 1094 1096 1097 1098 1099 1101 1102 1103 1104 1106 1107 1108 
1101: 168 266 951 1060 1061 1062 1064 1065 1068 1069 1070 1072 1073 1076 1077 1079 1083 1084 1086 1088 1090 1091 1092 1096 1099 1100 1102 1103 1105 1106 1108 
1102: 110 118 135 253 294 602 1060 1061 1062 1063 1064 1065 1066 1068 1069 1070 1072 1073 1075 1076 1077 1078 1079 1085 1087 1088 1089 1090 1092 1093 1094 1095 1096 1097 1099 1100 1101 1103 1104 1107 1109 
1103: 45 84 108 150 652 1013 1060 1062 1063 1064 1065 1066 1067 1068 1069 1070 1071 1072 1073 1075 1076 1077 1078 1079 1080 1081 1082 1084 1086 1088 1090 1091 1093 1095 1096 1097 1100 1101 1102 1104 1105 1106 1108 1109 
1104: 25 234 917 1060 1062 1063 1066 1067 1069 1070 1071 1072 1073 1075 1076 1077 1078 1080 1081 1082 1083 1084 1085 1086 1088 1090 1091 1093 1095 1096 1098 1099 1100 1102 1103 1105 1106 1107 1109 
1105: 132 246 1039 1062 1063 1064 1065 1066 1068 1069 1070 1071 1072 1074 1075 1077 1079 1080 1081 1082 1083 1084 1086 1089 1090 1091 1093 1095 1096 1097 1098 1099 1101 1103 1104 1106 1109 
1106: 74 649 664 624 916 948 1060 1062 1064 1066 1067 1068 1069 1070 1071 1073 1074 1075 1076 1078 1079 1080 1081 1082 1083 1084 1085 1086 1087 1089 1090 1092 1093 1098 1100 1101 1103 1104 1105 1107 
1107: 1 22 139 150 276 641 925 930 1017 1060 1061 1063 1064 1065 1066 1069 1070 1071 1072 1074 1075 1078 1080 1081 1082 1083 1084 1085 1086 1087 1089 1090 1091 1092 1093 1094 1095 1096 1098 1099 1100 1102 1104 1106 1108 1109 
1108: 34 82 110 209 606 1027 1002 1060 1063 1064 1066 1067 1068 1069 1070 1072 1073 1074 1075 1077 1078 1080 1081 1082 1083 1084 1085 1087 1088 1089 1090 1091 1093 1094 1095 1096 1097 1099 1100 1101 1103 1107 
1109: 195 200 244 259 623 1060 1061 1062 1063 1064 1065 1066 1068 1069 1070 1071 1072 1073 1074 1075 1076 1077 1078 1080 1081 1083 1084 1085 1086 1087 1088 1089 1091 1092 1093 1094 1095 1096 1097 1099 1102 1103 1104 1105 1107 
1110: 696 711 827 1112 1113 1114 1115 1116 1117 1118 1120 1121 1122 1123 1124 1125 1126 1130 1132 1133 1134 1135 1136 1137 1138 1140 1142 1143 1144 1145 1147 1148 
1111: 701 905 1112 1113 1115 1117 1118 1120 1121 1122 1124 1127 1128 1129 1130 1131 1134 1136 1137 1138 1139 1140 1141 1144 1145 1146 1147 1148 1149 1420 
1112: 673 1110 1111 1113 1114 1115 1116 1117 1118 1119 1121 1122 1123 1124 1125 1126 1127 1128 1129 1131 1133 1134 1137 1138 1139 1140 1141 1142 1143 1144 1146 1148 1446 1450 1451 
1113: 803 835 890 1110 1111 1112 1114 1118 1119 1121 1122 1123 1124 1125 1127 1128 1130 1131 1132 1136 1137 1138 1139 1140 1143 1144 1146 1147 1148 1149 1426 
1114: 729 1110 1112 1113 1116 1118 1119 1120 1121 1123 1124 1127 1128 1129 1131 1132 1133 1136 1139 1140 1141 1142 1143 1145 1146 1147 1148 1149 
1115: 1110 1111 1112 1117 1118 1119 1123 1124 1125 1126 1127 1128 1129 1130 1131 1132 1133 1134 1137 1138 1139 1140 1142 1143 1144 1145 1146 1148 1149 
1116: 709 1110 1112 1114 1118 1120 1124 1125 1126 1128 1129 1130 1132 1133 1135 1137 1138 1139 1140 1141 1143 1144 1146 1147 
1117: 677 694 868 895 1110 1111 1112 1115 1118 1120 1122 1123 1124 1125 1128 1131 1132 1133 1134 1135 1137 1138 1139 1141 1142 1143 1144 1145 1147 1148 1149 
1118: 815 889 1110 1111 1112 1113 1114 1115 1116 1117 1119 1120 1121 1122 1123 1124 1126 1128 1130 1131 1134 1137 1138 1140 1142 1145 1148 1149 
1119: 1112 1113 1114 1115 1118 1120 1121 1123 1124 1126 1127 1128 1129 1131 1134 1135 1136 1138 1139 1140 1141 1142 1144 1145 1146 1148 1149 1431 
1120: 717 791 805 1110 1111 1114 1116 1117 1118 1119 1121 1123 1124 1125 1126 1127 1128 1129 1132 1133 1135 1137 1138 1139 1140 1141 1143 1144 1145 1146 1147 1148 1149 1454 
1121: 708 729 827 1110 1111 1112 1113 1114 1118 1119 1120 1122 1123 1124 1127 1128 1129 1130 1132 1134 1135 1136 1138 1139 1141 1142 1144 1145 1146 1147 1148 1426 
1122: 848 884 888 1110 1111 1112 1113 1117 1118 1121 1123 1124 1125 1126 1127 1129 1130 1131 1132 1133 1134 1136 1137 1138 1139 1140 1141 1143 1145 1146 1148 1149 
1123: 886 1110 1112 1113 1114 1115 1117 1118 1119 1120 1121 1122 1124 1125 1127 1128 1129 1130 1131 1132 1133 1134 1135 1137 1138 1139 1141 1142 1143 1145 1146 1147 1148 1149 1425 1429 
1124: 710 725 1110 1111 1112 1113 1114 1115 1116 1117 1118 1119 1120 1121 1122 1123 1125 1126 1127 1128 1129 1130 1131 1133 1134 1135 1136 1138 1139 1140 1141 1143 1144 1147 1458 
1125: 670 726 1110 1112 1113 1115 1116 1117 1120 1122 1123 1124 1126 1127 1129 1130 1132 1133 1134 1135 1136 1137 1138 1139 1140 1141 1142 1143 1144 1145 1146 1147 1148 
1126: 1110 1112 1115 1116 1118 1119 1120 1122 1124 1125 1128 1129 1130 1132 1133 1134 1135 1136 1137 1138 1141 1142 1143 1145 1146 1147 
1127: 689 720 1111 1112 1113 1114 1115 1119 1120 1121 1122 1123 1124 1125 1129 1130 1132 1133 1134 1135 1136 1139 1140 1141 1142 1145 1146 1148 
1128: 714 731 839 1111 1112 1113 1114 1115 1116 1117 1118 1119 1120 1121 1123 1124 1126 1129 1131 1132 1133 1134 1135 1136 1137 1138 1139 1140 1143 1144 1145 1147 1148 1149 
1129: 733 1111 1112 1114 1115 1116 1119 1120 1121 1122 1123 1124 1125 1126 1127 1128 1130 1131 1132 1133 1134 1135 1137 1138 1139 1140 1141 1142 1143 1144 1145 1146 1147 1148 1149 
1130: 736 873 1110 1111 1113 1115 1116 1118 1121 1122 1123 1124 1125 1126 1127 1129 1133 1134 1136 1139 1140 1142 1143 1144 1145 1146 1147 1148 
1131: 731 870 1111 1112 1113 1114 1115 1117 1118 1119 1122 1123 1124 1128 1129 1133 1134 1135 1137 1138 1139 1140 1142 1143 1144 1145 1146 1149 
1132: 828 856 868 1110 1113 1114 1115 1116 1117 1120 1121 1122 1123 1125 1126 1127 1128 1129 1133 1134 1135 1136 1137 1139 1140 1142 1143 1145 1146 1148 1149 
1133: 825 877 881 1110 1112 1114 1115 1116 1117 1120 1122 1123 1124 1125 1126 1127 1128 1129 1130 1131 1132 1134 1135 1136 1139 1141 1143 1145 1146 1147 1148 1149 1424 
1134: 825 1110 1111 1112 1115 1117 1118 1119 1121 1122 1123 1124 1125 1126 1127 1128 1129 1130 1131 1132 1133 1135 1136 1137 1138 1140 1141 1142 1143 1144 1145 1147 1148 
1135: 702 817 827 1110 1116 1117 1119 1120 1121 1123 1124 1125 1126 1127 1128 1129 1131 1132 1133 1134 1136 1137 1138 1139 1141 1142 1143 1144 1145 1146 1147 
1136: 730 1110 1111 1113 1114 1119 1121 1122 1124 1125 1126 1127 1128 1130 1132 1133 1134 1135 1138 1139 1143 1144 1145 1147 1148 1149 
1137: 672 1110 1111 1112 1113 1115 1116 1117 1118 1120 1122 1123 1125 1126 1128 1129 1131 1132 1134 1135 1139 1140 1142 1143 1145 1146 1147 1148 1430 
1138: 820 883 1110 1111 1112 1113 1115 1116 1117 1118 1119 1120 1121 1122 1123 1124 1125 1126 1128 1129 1131 1134 1135 1136 1139 1141 1143 1144 1145 1146 1149 
1139: 700 713 906 1111 1112 1113 1114 1115 1116 1117 1119 1120 1121 1122 1123 1124 1125 1127 1128 1129 1130 1131 1132 1133 1135 1136 1137 1138 1140 1141 1143 1144 1145 1146 1148 
1140: 694 902 1110 1111 1112 1113 1114 1115 1116 1118 1119 1120 1122 1124 1125 1127 1128 1129 1130 1131 1132 1134 1137 1139 1141 1143 1144 1146 1147 1148 1149 
1141: 717 804 830 835 896 1111 1112 1114 1116 1117 1119 1120 1121 1122 1123 1124 1125 1126 1127 1129 1133 1134 1135 1138 1139 1140 1142 1143 1144 1145 1147 1148 1149 1438 
1142: 834 850 1110 1112 1114 1115 1117 1118 1119 1121 1123 1125 1126 1127 1129 1130 1131 1132 1134 1135 1137 1141 1144 1145 1146 1147 1148 1149 
1143: 678 1110 1112 1113 1114 1115 1116 1117 1120 1122 1123 1124 1125 1126 1128 1129 1130 1131 1132 1133 1134 1135 1136 1137 1138 1139 1140 1141 1144 1145 1146 1147 1149 
1144: 822 849 1110 1111 1112 1113 1115 1116 1117 1119 1120 1121 1124 1125 1128 1129 1130 1131 1134 1135 1136 1138 1139 1140 1141 1142 1143 1145 1146 1147 1149 1442 
1145: 1110 1111 1114 1115 1117 1118 1119 1120 1121 1122 1123 1125 1126 1127 1128 1129 1130 1131 1132 1133 1134 1135 1136 1137 1138 1139 1141 1142 1143 1144 1147 1148 1149 1428 
1146: 725 729 1111 1112 1113 1114 1115 1116 1119 1120 1121 1122 1123 1125 1126 1127 1129 1130 1131 1132 1133 1135 1137 1138 1139 1140 1142 1143 1144 1148 1149 1442 1458 
1147: 802 1110 1111 1113 1114 1116 1117 1120 1121 1123 1124 1125 1126 1128 1129 1130 1133 1134 1135 1136 1137 1140 1141 1142 1143 1144 1145 1148 1149 1425 
1148: 1110 1111 1112 1113 1114 1115 1117 1118 1119 1120 1121 1122 1123 1125 1127 1128 1129 1130 1132 1133 1134 1136 1137 1139 1140 1141 1142 1145 1146 1147 1149 
1149: 700 1111 1113 1114 1115 1117 1118 1119 1120 1122 1123 1128 1129 1131 1132 1133 1136 1138 1140 1141 1142 1143 1144 1145 1146 1147 1148 
1152: 29 59 125 201 1154 1155 1158 1159 1160 1161 1162 1163 1164 1165 1167 1168 1169 1170 1171 1172 1173 1174 1175 1176 1178 1179 1180 1181 1182 1183 1185 1186 1188 1150 
1153: 69 1155 1156 1157 1158 1159 1162 1163 1164 1165 1166 1167 1168 1169 1170 1171 1172 1173 1174 1175 1177 1178 1180 1181 1182 1184 1186 1188 1150 1199 
1154: 116 272 283 1152 1155 1156 1157 1158 1159 1160 1161 1162 1163 1164 1166 1167 1168 1170 1171 1172 1173 1175 1176 1177 1178 1179 1180 1182 1183 1185 1186 1189 1150 1151 1207 1355 
1155: 102 1152 1153 1154 1157 1158 1161 1162 1163 1164 1165 1167 1168 1169 1170 1171 1172 1173 1175 1177 1178 1179 1180 1181 1183 1184 1187 1188 1150 1356 
1156: 96 282 283 1153 1154 1158 1160 1161 1162 1164 1166 1167 1168 1169 1170 1171 1172 1173 1174 1175 1176 1177 1178 1179 1180 1181 1184 1185 1186 1188 1150 1151 1200 1361 
1157: 73 1153 1154 1155 1159 1160 1161 1162 1164 1165 1166 1167 1168 1171 1172 1174 1176 1177 1178 1180 1181 1182 1183 1185 1186 1187 1189 1150 1151 1231 1366 
1158: 91 118 299 1152 1153 1154 1155 1156 1159 1160 1161 1162 1163 1168 1172 1176 1177 1178 1180 1181 1183 1184 1186 1187 1188 1189 1150 1151 1204 1239 1359 
1159: 259 1152 1153 1154 1157 1158 1160 1162 1164 1165 1166 1168 1171 1172 1173 1174 1176 1178 1179 1180 1181 1182 1183 1184 1185 1186 1187 1188 1189 1150 1151 1194 1212 
1160: 7 72 83 95 1152 1154 1156 1157 1158 1159 1161 1162 1163 1164 1165 1166 1167 1168 1169 1170 1171 1172 1173 1174 1175 1176 1177 1178 1179 1180 1182 1183 1184 1185 1186 1187 1188 1189 1150 1151 
1161: 1 11 106 1152 1154 1155 1156 1157 1158 1160 1162 1164 1165 1166 1167 1168 1169 1171 1172 1173 1174 1175 1177 1178 1179 1180 1181 1183 1184 1185 1186 1187 1188 1189 1151 
1162: 1152 1153 1154 1155 1156 1157 1158 1159 1160 1161 1165 1166 1167 1168 1169 1170 1171 1172 1173 1174 1175 1176 1178 1179 1180 1181 1182 1184 1185 1186 1188 1189 1150 1200 1242 
1163: 110 202 290 1152 1153 1154 1155 1158 1160 1164 1166 1168 1171 1172 1174 1175 1176 1177 1178 1179 1180 1182 1183 1184 1185 1188 1150 1379 
1164: 118 198 234 1152 1153 1154 1155 1156 1157 1159 1160 1161 1163 1165 1166 1167 1168 1169 1171 1172 1173 1174 1175 1176 1178 1179 1181 1182 1184 1185 1186 1187 1188 1189 1151 1210 1342 1369 1379 
1165: 55 61 98 1152 1153 1155 1157 1159 1160 1161 1162 1164 1166 1167 1170 1171 1172 1173 1176 1180 1181 1182 1183 1184 1185 1186 1187 1188 1189 1151 
1166: 20 52 83 179 221 1153 1154 1156 1157 1159 1160 1161 1162 1163 1164 1165 1167 1168 1171 1172 1173 1174 1175 1176 1178 1179 1180 1181 1182 1183 1184 1186 1187 1188 1189 1150 1151 1359 
1167: 93 251 1152 1153 1154 1155 1156 1157 1160 1161 1162 1164 1165 1166 1168 1169 1170 1171 1174 1175 1176 1178 1179 1180 1182 1183 1185 1186 1188 1189 1224 1342 
1168: 56 187 233 261 1152 1153 1154 1155 1156 1157 1158 1159 1160 1161 1162 1163 1164 1166 1167 1169 1170 1171 1172 1173 1174 1176 1177 1178 1181 1182 1183 1184 1185 1186 1187 1188 1189 1150 1151 
1169: 51 137 1152 1153 1155 1156 1160 1161 1162 1164 1167 1168 1170 1171 1172 1173 1174 1175 1177 1179 1180 1181 1182 1183 1184 1185 1186 1188 1189 1150 1151 1238 1366 
1170: 265 1152 1153 1154 1155 1156 1160 1162 1165 1167 1168 1169 1171 1172 1173 1175 1176 1177 1178 1179 1181 1182 1183 1184 1187 1189 1150 1206 
1171: 138 174 222 234 1152 1153 1154 1155 1156 1157 1159 1160 1161 1162 1163 1164 1165 1166 1167 1168 1169 1170 1173 1177 1180 1181 1182 1184 1185 1186 1150 
1172: 12 15 50 181 196 205 261 277 1152 1153 1154 1155 1156 1157 1158 1159 1160 1161 1162 1163 1164 1165 1166 1168 1169 1170 1173 1174 1177 1178 1179 1180 1181 1183 1184 1185 1186 1188 1189 1150 1151 1211 
1173: 8 15 86 183 1152 1153 1154 1155 1156 1159 1160 1161 1162 1164 1165 1166 1168 1169 1170 1171 1172 1176 1178 1179 1180 1181 1183 1184 1187 1188 1189 1150 1228 
1174: 56 65 125 261 1152 1153 1156 1157 1159 1160 1161 1162 1163 1164 1166 1167 1168 1169 1172 1175 1176 1178 1179 1181 1182 1183 1184 1186 1187 1188 1189 1150 1233 
1175: 113 175 1152 1153 1154 1155 1156 1160 1161 1162 1163 1164 1166 1167 1169 1170 1174 1179 1180 1181 1182 1183 1184 1185 1186 1188 1151 1198 
1176: 44 157 187 235 1152 1154 1156 1157 1158 1159 1160 1162 1163 1164 1165 1166 1167 1168 1170 1173 1174 1178 1179 1181 1182 1183 1185 1186 1187 1188 1189 1151 1238 
1177: 28 204 232 1153 1154 1155 1156 1157 1158 1160 1161 1163 1168 1169 1170 1171 1172 1179 1180 1185 1187 1188 1189 1150 1151 1215 
1178: 162 171 190 269 1152 1153 1154 1155 1156 1157 1158 1159 1160 1161 1162 1163 1164 1166 1167 1168 1170 1172 1173 1174 1176 1179 1182 1183 1185 1186 1187 1188 1189 1151 1379 
1179: 14 31 102 177 194 1152 1154 1155 1156 1159 1160 1161 1162 1163 1164 1166 1167 1169 1170 1172 1173 1174 1175 1176 1177 1178 1180 1181 1182 1183 1184 1185 1188 1189 1150 
1180: 133 247 1152 1153 1154 1155 1156 1157 1158 1159 1160 1161 1162 1163 1165 1166 1167 1169 1171 1172 1173 1175 1177 1179 1182 1183 1184 1185 1151 
1181: 16 76 97 153 225 231 1152 1153 1155 1156 1157 1158 1159 1161 1162 1164 1165 1166 1168 1169 1170 1171 1172 1173 1174 1175 1176 1179 1182 1183 1184 1187 1151 1218 
1182: 218 1152 1153 1154 1157 1159 1160 1162 1163 1164 1165 1166 1167 1168 1169 1170 1171 1174 1175 1176 1178 1179 1180 1181 1183 1185 1186 1187 1188 1189 
1183: 36 113 147 297 1152 1154 1155 1157 1158 1159 1160 1161 1163 1165 1166 1167 1168 1169 1170 1172 1173 1174 1175 1176 1178 1179 1180 1181 1182 1184 1185 1186 1187 1188 1150 
1184: 232 1153 1155 1156 1158 1159 1160 1161 1162 1163 1164 1165 1166 1168 1169 1170 1171 1172 1173 1174 1175 1179 1180 1181 1183 1185 1186 1187 1188 1189 1150 1151 1347 1375 
1185: 145 263 1152 1154 1156 1157 1159 1160 1161 1162 1163 1164 1165 1167 1168 1169 1171 1172 1175 1176 1177 1178 1179 1180 1182 1183 1184 1186 1187 1188 1189 1150 1245 
1186: 103 145 173 215 230 231 265 1152 1153 1154 1156 1157 1158 1159 1160 1161 1162 1164 1165 1166 1167 1168 1169 1171 1172 1174 1175 1176 1178 1182 1183 1184 1185 1187 1188 1189 1150 1151 
1187: 4 1155 1157 1158 1159 1160 1161 1164 1165 1166 1168 1170 1173 1174 1176 1177 1178 1181 1182 1183 1184 1185 1186 1188 1151 1226 
1188: 78 93 126 1152 1153 1155 1156 1158 1159 1160 1161 1162 1163 1164 1165 1166 1167 1168 1169 1172 1173 1174 1175 1176 1177 1178 1179 1182 1183 1184 1185 1186 1187 1150 1151 
1189: 82 228 1154 1157 1158 1159 1160 1161 1162 1164 1165 1166 1167 1168 1169 1170 1172 1173 1174 1176 1177 1178 1179 1182 1184 1185 1186 1150 1151 1245 
1150: 50 222 259 279 1152 1153 1154 1155 1156 1157 1158 1159 1160 1162 1163 1166 1168 1169 1170 1171 1172 1173 1174 1177 1179 1183 1184 1185 1186 1188 1189 1209 
1151: 18 86 125 134 158 168 1154 1156 1157 1158 1159 1160 1161 1164 1165 1166 1168 1169 1172 1175 1176 1177 1178 1180 1181 1184 1186 1187 1188 1189 1340 
1190: 559 1191 1192 1193 1194 1195 1196 1197 1198 1199 1202 1203 1205 1206 1207 1210 1211 1212 1214 1215 1216 1217 1218 1219 1220 1221 1224 1225 1226 1228 1229 1230 1231 1232 1233 1234 1236 1237 1239 1241 1242 1243 1244 1246 1248 1249 
1191: 518 818 1190 1192 1193 1194 1197 1198 1199 1200 1202 1203 1204 1205 1206 1207 1209 1210 1212 1214 1216 1217 1218 1220 1223 1224 1227 1228 1229 1230 1231 1233 1234 1235 1237 1238 1239 1240 1241 1242 1243 1244 1245 1247 1248 
1192: 799 1190 1191 1193 1194 1196 1197 1198 1199 1200 1201 1202 1203 1207 1208 1209 1210 1214 1215 1216 1217 1218 1219 1220 1221 1222 1223 1224 1226 1227 1228 1231 1234 1236 1237 1238 1239 1240 1241 1242 1243 1244 1245 1246 1247 1248 1249 1479 
1193: 1190 1191 1192 1195 1197 1199 1200 1201 1203 1204 1205 1206 1207 1208 1211 1212 1213 1214 1215 1216 1221 1222 1224 1225 1226 1227 1228 1229 1230 1232 1233 1235 1237 1238 1239 1240 1241 1242 1243 1246 1247 1249 1272 
1194: 570 838 1159 1190 1191 1192 1195 1196 1197 1198 1199 1200 1202 1203 1204 1206 1207 1208 1209 1210 1212 1215 1217 1219 1222 1223 1224 1227 1229 1230 1231 1232 1234 1235 1236 1237 1238 1239 1240 1241 1242 1243 1244 1245 1246 1247 
1195: 800 1190 1193 1194 1196 1197 1199 1200 1201 1202 1203 1206 1207 1208 1209 1210 1211 1214 1215 1216 1217 1218 1220 1221 1223 1224 1225 1226 1227 1228 1229 1230 1234 1235 1236 1239 1240 1241 1243 1244 1245 1247 1248 1498 
1196: 835 1190 1192 1194 1195 1197 1200 1201 1203 1204 1205 1208 1209 1210 1212 1213 1214 1215 1216 1217 1218 1220 1221 1222 1224 1225 1226 1227 1228 1229 1230 1231 1232 1234 1235 1237 1238 1239 1240 1241 1242 1244 1246 1247 1248 1249 
1197: 528 1190 1191 1192 1193 1194 1195 1196 1198 1199 1200 1202 1203 1204 1205 1207 1209 1211 1212 1213 1214 1215 1218 1219 1220 1221 1222 1223 1225 1226 1227 1228 1229 1230 1231 1232 1233 1234 1235 1236 1237 1238 1240 1241 1242 1243 1244 1245 1247 1248 
1198: 570 1175 1190 1191 1192 1194 1197 1199 1200 1201 1202 1203 1204 1205 1206 1207 1208 1209 1211 1212 1218 1219 1220 1222 1223 1224 1225 1226 1227 1229 1230 1234 1235 1237 1238 1239 1240 1241 1243 1244 1245 1246 1247 1248 1249 1485 
1199: 597 822 1153 1190 1191 1192 1193 1194 1195 1197 1198 1201 1203 1205 1208 1209 1210 1211 1213 1214 1215 1217 1218 1219 1221 1222 1223 1224 1225 1227 1228 1229 1230 1231 1232 1233 1236 1237 1240 1241 1242 1243 1246 1247 1286 1491 
1200: 1156 1162 1191 1192 1193 1194 1195 1196 1197 1198 1201 1202 1203 1204 1205 1206 1207 1208 1209 1211 1213 1215 1216 1218 1219 1220 1221 1222 1223 1225 1226 1227 1228 1230 1232 1233 1235 1236 1237 1238 1241 1242 1243 1244 1249 
1201: 1192 1193 1195 1196 1198 1199 1200 1202 1204 1205 1206 1207 1208 1209 1211 1212 1213 1214 1215 1218 1219 1221 1222 1223 1224 1225 1226 1227 1228 1231 1232 1233 1235 1236 1237 1238 1239 1242 1243 1244 1245 1247 1248 1249 
1202: 807 817 1190 1191 1192 1194 1195 1197 1198 1200 1201 1203 1204 1205 1206 1207 1208 1210 1211 1214 1215 1216 1217 1218 1219 1220 1221 1222 1225 1226 1228 1229 1231 1234 1235 1237 1238 1239 1240 1242 1244 1249 
1203: 587 505 798 808 843 1190 1191 1192 1193 1194 1195 1196 1197 1198 1199 1200 1202 1204 1205 1206 1208 1209 1210 1211 1212 1214 1215 1216 1217 1222 1223 1224 1225 1226 1227 1230 1231 1232 1233 1234 1237 1238 1239 1240 1242 1243 1244 1245 1246 1247 1248 
1204: 575 839 1158 1191 1193 1194 1196 1197 1198 1200 1201 1202 1203 1205 1206 1208 1209 1210 1211 1212 1214 1216 1217 1218 1219 1220 1221 1222 1223 1224 1228 1229 1230 1231 1232 1233 1234 1235 1236 1237 1239 1241 1242 1244 1245 1246 1247 1248 1249 1477 
1205: 801 1190 1191 1193 1196 1197 1198 1199 1200 1201 1202 1203 1204 1206 1207 1208 1209 1211 1212 1213 1214 1216 1218 1219 1221 1222 1223 1224 1226 1227 1229 1230 1231 1232 1235 1236 1237 1239 1240 1241 1243 1244 1245 1247 1250 
1206: 534 1170 1190 1191 1193 1194 1195 1198 1200 1201 1202 1203 1204 1205 1207 1209 1210 1211 1212 1213 1214 1215 1216 1217 1218 1219 1220 1221 1225 1227 1228 1229 1230 1231 1232 1233 1234 1236 1237 1238 1239 1242 1243 1244 1245 1246 1270 
1207: 1154 1190 1191 1192 1193 1194 1195 1197 1198 1200 1201 1202 1205 1206 1208 1209 1212 1213 1215 1216 1217 1219 1221 1226 1227 1228 1229 1231 1232 1233 1234 1235 1236 1238 1239 1240 1241 1242 1243 1245 1247 1249 1255 
1208: 586 1192 1193 1194 1195 1196 1198 1199 1200 1201 1202 1203 1204 1205 1207 1210 1211 1212 1213 1214 1216 1217 1219 1220 1225 1228 1231 1232 1233 1235 1236 1237 1238 1239 1241 1242 1243 1244 1245 1246 1248 1249 1264 
1209: 805 1150 1191 1192 1194 1195 1196 1197 1198 1199 1200 1201 1203 1204 1205 1206 1207 1210 1211 1213 1214 1217 1218 1219 1220 1221 1223 1224 1225 1226 1227 1228 1229 1230 1233 1234 1235 1236 1237 1238 1239 1240 1241 1244 1246 1248 1249 
1210: 519 1164 1190 1191 1192 1194 1195 1196 1199 1202 1203 1204 1206 1208 1209 1211 1213 1214 1215 1216 1217 1219 1220 1221 1222 1223 1225 1226 1227 1229 1230 1231 1232 1233 1236 1237 1238 1239 1240 1243 1244 1245 1247 1249 1273 
1211: 565 589 599 1172 1190 1193 1195 1197 1198 1199 1200 1201 1202 1203 1204 1205 1206 1208 1209 1210 1212 1213 1215 1218 1219 1220 1222 1224 1226 1227 1228 1229 1230 1231 1232 1233 1235 1236 1237 1239 1241 1243 1244 1245 1246 
1212: 587 511 1159 1190 1191 1193 1194 1196 1197 1198 1201 1203 1204 1205 1206 1207 1208 1211 1214 1215 1216 1218 1219 1222 1223 1224 1225 1226 1227 1228 1229 1230 1232 1233 1236 1237 1238 1240 1241 1243 1244 1245 1246 1248 1249 
1213: 521 529 530 564 794 1193 1196 1197 1199 1200 1201 1205 1206 1207 1208 1209 1210 1211 1214 1216 1217 1218 1220 1221 1222 1223 1224 1226 1230 1233 1234 1235 1238 1239 1240 1241 1242 1243 1244 1245 1246 1247 1248 
1214: 517 577 818 1190 1191 1192 1193 1195 1196 1197 1199 1201 1202 1203 1204 1205 1206 1208 1209 1210 1212 1213 1215 1216 1217 1218 1219 1220 1222 1223 1224 1226 1227 1228 1229 1230 1232 1233 1235 1236 1237 1239 1240 1242 1243 1244 1246 1248 1249 1278 1484 
1215: 524 563 848 1177 1190 1192 1193 1194 1195 1196 1197 1199 1200 1201 1202 1203 1206 1207 1210 1211 1212 1214 1216 1217 1218 1219 1222 1223 1224 1227 1228 1230 1232 1233 1238 1239 1240 1241 1242 1245 1247 1281 
1216: 1190 1191 1192 1193 1195 1196 1200 1202 1203 1204 1205 1206 1207 1208 1210 1212 1213 1214 1215 1217 1218 1219 1220 1221 1224 1225 1228 1230 1232 1233 1234 1236 1237 1239 1241 1242 1243 1244 1245 1246 1248 
1217: 542 571 583 1190 1191 1192 1194 1195 1196 1199 1202 1203 1204 1206 1207 1208 1209 1210 1213 1214 1215 1216 1218 1219 1220 1222 1223 1224 1226 1227 1228 1231 1232 1233 1234 1235 1236 1237 1239 1240 1242 1243 1245 1248 1249 1264 
1218: 1181 1190 1191 1192 1195 1196 1197 1198 1199 1200 1201 1202 1204 1205 1206 1209 1211 1212 1213 1214 1215 1216 1217 1220 1221 1223 1224 1225 1227 1229 1231 1232 1234 1235 1236 1239 1241 1243 1244 1245 1247 1248 1249 
1219: 1190 1192 1194 1197 1198 1199 1200 1201 1202 1204 1205 1206 1207 1208 1209 1210 1211 1212 1214 1215 1216 1217 1220 1221 1222 1223 1224 1225 1226 1227 1228 1229 1230 1231 1232 1234 1235 1236 1237 1238 1239 1241 1243 1244 1245 1246 1247 1248 1468 1483 
1220: 501 829 1190 1191 1192 1195 1196 1197 1198 1200 1202 1204 1206 1208 1209 1210 1211 1213 1214 1216 1217 1218 1219 1221 1223 1225 1226 1227 1228 1229 1230 1233 1234 1235 1236 1237 1238 1239 1240 1241 1242 1243 1245 1246 1247 1250 1277 1472 
1221: 526 547 829 1190 1192 1193 1195 1196 1197 1199 1200 1201 1202 1204 1205 1206 1207 1209 1210 1213 1216 1218 1219 1220 1222 1223 1224 1225 1226 1227 1228 1229 1230 1232 1233 1234 1235 1239 1240 1241 1242 1243 1244 1245 1248 1249 1255 
1222: 593 816 1192 1193 1194 1196 1197 1198 1199 1200 1201 1202 1203 1204 1205 1210 1211 1212 1213 1214 1215 1217 1219 1221 1225 1228 1229 1230 1231 1232 1234 1235 1236 1238 1240 1242 1243 1244 1245 1246 1247 1248 1249 
1223: 524 551 1191 1192 1194 1195 1197 1198 1199 1200 1201 1203 1204 1205 1209 1210 1212 1213 1214 1215 1217 1218 1219 1220 1221 1225 1228 1229 1230 1233 1234 1236 1237 1238 1239 1240 1242 1243 1244 1245 1246 1248 
1224: 531 819 1167 1190 1191 1192 1193 1194 1195 1196 1198 1199 1201 1203 1204 1205 1209 1211 1212 1213 1214 1215 1216 1217 1218 1219 1221 1225 1227 1228 1229 1230 1231 1232 1233 1235 1236 1237 1238 1239 1242 1243 1244 1245 1247 1248 1249 
1225: 1190 1193 1195 1196 1197 1198 1199 1200 1201 1202 1203 1206 1208 1209 1210 1212 1216 1218 1219 1220 1221 1222 1223 1224 1226 1227 1228 1229 1230 1232 1233 1234 1235 1236 1238 1240 1242 1243 1244 1245 1246 1248 
1226: 1187 1190 1192 1193 1195 1196 1197 1198 1200 1201 1202 1203 1205 1207 1209 1210 1211 1212 1213 1214 1217 1219 1220 1221 1225 1227 1228 1229 1230 1231 1232 1233 1234 1235 1236 1237 1240 1242 1245 1246 1247 1248 
1227: 518 565 1191 1192 1193 1194 1195 1196 1197 1198 1199 1200 1201 1203 1205 1206 1207 1209 1210 1211 1212 1214 1215 1217 1218 1219 1220 1221 1224 1225 1226 1228 1230 1231 1232 1233 1234 1235 1236 1237 1238 1239 1242 1243 1244 1245 1247 1248 1249 1482 
1228: 804 1173 1190 1191 1192 1193 1195 1196 1197 1199 1200 1201 1202 1204 1206 1207 1208 1209 1211 1212 1214 1215 1216 1217 1219 1220 1221 1222 1223 1224 1225 1226 1227 1229 1231 1232 1233 1234 1236 1237 1238 1239 1241 1242 1243 1246 1247 1249 1466 1475 
1229: 1190 1191 1193 1194 1195 1196 1197 1198 1199 1202 1204 1205 1206 1207 1209 1210 1211 1212 1214 1218 1219 1220 1221 1222 1223 1224 1225 1226 1228 1230 1232 1233 1234 1236 1237 1238 1240 1242 1243 1244 1245 1247 1248 1492 
1230: 791 1190 1191 1193 1194 1195 1196 1197 1198 1199 1200 1203 1204 1205 1206 1209 1210 1211 1212 1213 1214 1215 1216 1219 1220 1221 1222 1223 1224 1225 1226 1227 1229 1231 1233 1234 1236 1238 1240 1241 1243 1244 1245 1248 1249 
1231: 1157 1190 1191 1192 1194 1196 1197 1199 1201 1202 1203 1204 1205 1206 1207 1208 1210 1211 1217 1218 1219 1222 1224 1226 1227 1228 1230 1232 1233 1235 1236 1237 1238 1240 1242 1244 1245 1246 1247 1248 1266 1464 1477 
1232: 513 1190 1193 1194 1196 1197 1199 1200 1201 1203 1204 1205 1206 1207 1208 1210 1211 1212 1214 1215 1216 1217 1218 1219 1221 1222 1224 1225 1226 1227 1228 1229 1231 1236 1238 1239 1240 1241 1242 1243 1244 1245 1246 1247 1248 1265 
1233: 585 836 1174 1190 1191 1193 1197 1199 1200 1201 1203 1204 1206 1207 1208 1209 1210 1211 1212 1213 1214 1215 1216 1217 1220 1221 1223 1224 1225 1226 1227 1228 1229 1230 1231 1234 1235 1236 1237 1238 1241 1242 1243 1244 1245 1246 1248 
1234: 534 535 817 1190 1191 1192 1194 1195 1196 1197 1198 1202 1203 1204 1206 1207 1209 1213 1216 1217 1218 1219 1220 1221 1222 1223 1225 1226 1227 1228 1229 1230 1233 1235 1237 1238 1239 1240 1241 1244 1245 1247 1248 
1235: 518 1191 1193 1194 1195 1196 1197 1198 1200 1201 1202 1204 1205 1207 1208 1209 1211 1213 1214 1217 1218 1219 1220 1221 1222 1224 1225 1226 1227 1231 1233 1234 1236 1237 1238 1239 1240 1242 1243 1244 1245 1246 1247 1265 
1236: 792 1190 1192 1194 1195 1197 1199 1200 1201 1204 1205 1206 1207 1208 1209 1210 1211 1212 1214 1216 1217 1218 1219 1220 1222 1223 1224 1225 1226 1227 1228 1229 1230 1231 1232 1233 1235 1237 1241 1242 1243 1244 1245 1246 1248 1476 1495 
1237: 1190 1191 1192 1193 1194 1196 1197 1198 1199 1200 1201 1202 1203 1204 1205 1206 1208 1209 1210 1211 1212 1214 1216 1217 1219 1220 1223 1224 1226 1227 1228 1229 1231 1233 1234 1235 1236 1238 1242 1243 1244 1247 1248 1487 
1238: 1169 1176 1191 1192 1193 1194 1196 1197 1198 1200 1201 1202 1203 1206 1207 1208 1209 1210 1212 1213 1215 1219 1220 1222 1223 1224 1225 1227 1228 1229 1230 1231 1232 1233 1234 1235 1237 1239 1240 1241 1242 1244 1246 1247 1248 1279 
1239: 558 848 1158 1190 1191 1192 1193 1194 1195 1196 1198 1201 1202 1203 1204 1205 1206 1207 1208 1209 1210 1211 1213 1214 1215 1216 1217 1218 1219 1220 1221 1223 1224 1227 1228 1232 1234 1235 1238 1241 1242 1243 1244 1245 1247 1249 1261 
1240: 825 1191 1192 1193 1194 1195 1196 1197 1198 1199 1202 1203 1205 1207 1209 1210 1212 1213 1214 1215 1217 1220 1221 1222 1223 1225 1226 1229 1230 1231 1232 1234 1235 1238 1243 1244 1245 1247 1248 1278 
1241: 519 793 829 1190 1191 1192 1193 1194 1195 1196 1197 1198 1199 1200 1204 1205 1207 1208 1209 1211 1212 1213 1215 1216 1218 1219 1220 1221 1228 1230 1232 1233 1234 1236 1238 1239 1242 1243 1244 1245 1465 
1242: 791 1162 1190 1191 1192 1193 1194 1196 1197 1199 1200 1201 1202 1203 1204 1206 1207 1208 1213 1214 1215 1216 1217 1220 1221 1222 1223 1224 1225 1226 1227 1228 1229 1231 1232 1233 1235 1236 1237 1238 1239 1241 1243 1244 1247 1248 
1243: 813 817 1190 1191 1192 1193 1194 1195 1197 1198 1199 1200 1201 1203 1205 1206 1207 1208 1210 1211 1212 1213 1214 1216 1217 1218 1219 1220 1221 1222 1223 1224 1225 1227 1228 1229 1230 1232 1233 1235 1236 1237 1239 1240 1241 1242 1244 1245 1246 1247 1248 1249 1270 1499 
1244: 506 1190 1191 1192 1194 1195 1196 1197 1198 1200 1201 1202 1203 1204 1205 1206 1208 1209 1210 1211 1212 1213 1214 1216 1218 1219 1221 1222 1223 1224 1225 1227 1229 1230 1231 1232 1233 1234 1235 1236 1237 1238 1239 1240 1241 1242 1243 1245 1246 1247 1248 1249 1461 
1245: 804 1185 1189 1191 1192 1194 1195 1197 1198 1201 1203 1204 1205 1206 1207 1208 1210 1211 1212 1213 1215 1216 1217 1218 1219 1220 1221 1222 1223 1224 1225 1226 1227 1229 1230 1231 1232 1233 1234 1235 1236 1239 1240 1241 1243 1244 1247 1248 1249 1474 
1246: 824 1190 1192 1193 1194 1196 1198 1199 1203 1204 1206 1208 1209 1211 1212 1213 1214 1216 1219 1220 1222 1223 1225 1226 1228 1231 1232 1233 1235 1236 1238 1243 1244 1247 1248 1461 
1247: 522 1191 1192 1193 1194 1195 1196 1197 1198 1199 1201 1203 1204 1205 1207 1210 1213 1215 1218 1219 1220 1222 1224 1226 1227 1228 1229 1231 1232 1234 1235 1237 1238 1239 1240 1242 1243 1244 1245 1246 1248 1249 1254 1478 
1248: 563 501 507 1190 1191 1192 1195 1196 1197 1198 1201 1203 1204 1208 1209 1212 1213 1214 1216 1217 1218 1219 1221 1222 1223 1224 1225 1226 1227 1229 1230 1231 1232 1233 1234 1236 1237 1238 1240 1242 1243 1244 1245 1246 1247 
1249: 588 1190 1192 1193 1196 1198 1200 1201 1202 1204 1207 1208 1209 1210 1212 1214 1217 1218 1221 1222 1224 1227 1228 1230 1239 1243 1244 1245 1247 
1280: 650 1281 1282 1283 1284 1285 1288 1289 1250 1252 1253 1254 1256 1257 1258 1259 1260 1261 1262 1264 1265 1267 1268 1269 1270 1271 1272 1273 1277 1278 
1281: 1215 1280 1282 1283 1284 1285 1286 1288 1289 1251 1252 1253 1254 1255 1256 1257 1258 1259 1260 1261 1262 1263 1265 1266 1267 1268 1269 1270 1271 1272 1273 1274 1275 1276 1277 1279 
1282: 662 1280 1281 1283 1286 1288 1289 1250 1252 1254 1256 1257 1258 1259 1260 1261 1262 1264 1265 1266 1269 1271 1272 1273 1274 1275 1276 1277 1278 1279 
1283: 1280 1281 1282 1284 1286 1288 1289 1250 1251 1253 1254 1257 1258 1259 1260 1261 1262 1263 1264 1265 1266 1268 1269 1270 1271 1272 1274 1275 1276 1277 1278 
1284: 1280 1281 1283 1285 1286 1287 1250 1251 1252 1255 1256 1257 1258 1259 1260 1261 1262 1263 1264 1265 1266 1267 1270 1271 1272 1273 1274 1275 1276 1277 1278 
1285: 1280 1281 1284 1286 1288 1289 1250 1251 1252 1253 1254 1255 1257 1260 1261 1262 1264 1265 1266 1268 1269 1270 1271 1272 1273 1274 1275 1279 
1286: 1199 1281 1282 1283 1284 1285 1287 1288 1289 1250 1251 1253 1254 1255 1257 1259 1261 1263 1264 1265 1266 1267 1268 1269 1272 1273 1274 1275 1276 1277 1279 
1287: 620 1284 1286 1289 1250 1251 1252 1253 1254 1255 1256 1257 1258 1259 1260 1261 1262 1263 1264 1265 1266 1267 1268 1269 1273 1274 1276 1278 1279 
1288: 1280 1281 1282 1283 1285 1286 1289 1250 1251 1252 1253 1254 1256 1257 1258 1259 1260 1262 1263 1264 1265 1266 1268 1269 1270 1271 1272 1276 1277 1278 1279 
1289: 1280 1281 1282 1283 1285 1286 1287 1288 1250 1251 1254 1255 1256 1257 1258 1259 1260 1262 1263 1267 1268 1269 1270 1272 1274 1275 1276 1277 1278 1279 
1250: 646 1205 1220 1280 1282 1283 1284 1285 1286 1287 1288 1289 1251 1252 1253 1254 1255 1256 1257 1259 1260 1262 1263 1265 1266 1268 1269 1270 1271 1274 1275 1276 1277 1278 1279 
1251: 656 1281 1283 1284 1285 1286 1287 1288 1289 1250 1252 1253 1254 1255 1256 1259 1260 1261 1262 1263 1265 1266 1268 1269 1270 1271 1273 1274 1275 1276 1279 
1252: 1280 1281 1282 1284 1285 1287 1288 1250 1251 1253 1254 1255 1256 1258 1259 1260 1261 1262 1263 1264 1265 1266 1267 1268 1269 1270 1271 1272 1273 1274 1276 1278 1279 
1253: 1280 1281 1283 1285 1286 1287 1288 1250 1251 1252 1254 1256 1260 1262 1263 1264 1266 1268 1269 1270 1271 1272 1273 1274 1275 1277 1278 1279 
1254: 1247 1280 1281 1282 1283 1285 1286 1287 1288 1289 1250 1251 1252 1253 1255 1256 1257 1259 1260 1262 1265 1266 1268 1269 1270 1271 1272 1273 1274 1275 1277 1278 
1255: 644 1207 1221 1281 1284 1285 1286 1287 1289 1250 1251 1252 1254 1256 1257 1259 1261 1262 1263 1265 1267 1268 1269 1270 1271 1272 1274 1275 1276 1277 1278 1279 
1256: 1280 1281 1282 1284 1287 1288 1289 1250 1251 1252 1253 1254 1255 1257 1258 1259 1260 1262 1263 1264 1265 1266 1267 1268 1270 1272 1273 1274 1275 1276 1277 1278 1279 
1257: 1280 1281 1282 1283 1284 1285 1286 1287 1288 1289 1250 1254 1255 1256 1259 1260 1261 1262 1264 1265 1266 1267 1268 1270 1271 1272 1274 1275 1276 1278 1279 
1258: 1280 1281 1282 1283 1284 1287 1288 1289 1252 1256 1259 1262 1263 1264 1265 1268 1269 1270 1272 1273 1274 1275 1276 1277 1278 1279 
1259: 617 622 1280 1281 1282 1283 1284 1286 1287 1288 1289 1250 1251 1252 1254 1255 1256 1257 1258 1260 1262 1263 1264 1265 1267 1268 1270 1271 1272 1273 1274 1275 1276 1277 1278 1279 
1260: 1280 1281 1282 1283 1284 1285 1287 1288 1289 1250 1251 1252 1253 1254 1256 1257 1259 1261 1263 1267 1269 1270 1271 1272 1273 1274 1276 1277 1279 
1261: 1239 1280 1281 1282 1283 1284 1285 1286 1287 1251 1252 1255 1257 1260 1262 1263 1264 1265 1267 1268 1269 1270 1271 1272 1274 1276 1277 1279 
1262: 1280 1281 1282 1283 1284 1285 1287 1288 1289 1250 1251 1252 1253 1254 1255 1256 1257 1258 1259 1261 1263 1264 1266 1267 1268 1269 1270 1271 1272 1273 1274 1275 1276 1277 1279 
1263: 650 1281 1283 1284 1286 1287 1288 1289 1250 1251 1252 1253 1255 1256 1258 1259 1260 1261 1262 1264 1265 1266 1267 1270 1271 1272 1274 1276 1277 1278 
1264: 658 1208 1217 1280 1282 1283 1284 1285 1286 1287 1288 1252 1253 1256 1257 1258 1259 1261 1262 1263 1265 1267 1268 1269 1271 1275 1277 1278 1279 
1265: 619 1232 1235 1280 1281 1282 1283 1284 1285 1286 1287 1288 1250 1251 1252 1254 1255 1256 1257 1258 1259 1261 1263 1264 1267 1268 1269 1270 1271 1272 1273 1274 1275 1276 1277 1278 1279 
1266: 668 669 624 1231 1281 1282 1283 1284 1285 1286 1287 1288 1250 1251 1252 1253 1254 1256 1257 1262 1263 1267 1269 1270 1271 1272 1273 1274 1275 1277 1278 1279 
1267: 1280 1281 1284 1286 1287 1289 1252 1255 1256 1257 1259 1260 1261 1262 1263 1264 1265 1266 1268 1269 1270 1272 1273 1274 1275 1277 1278 1279 
1268: 1280 1281 1283 1285 1286 1287 1288 1289 1250 1251 1252 1253 1254 1255 1256 1257 1258 1259 1261 1262 1264 1265 1267 1269 1270 1271 1272 1273 1274 1277 1278 
1269: 629 1280 1281 1282 1283 1285 1286 1287 1288 1289 1250 1251 1252 1253 1254 1255 1258 1260 1261 1262 1264 1265 1266 1267 1268 1270 1271 1273 1274 1275 1276 1277 1278 1279 
1270: 1206 1243 1280 1281 1283 1284 1285 1288 1289 1250 1251 1252 1253 1254 1255 1256 1257 1258 1259 1260 1261 1262 1263 1265 1266 1267 1268 1269 1271 1273 1274 1275 1276 1277 1278 1279 
1271: 1280 1281 1282 1283 1284 1285 1288 1250 1251 1252 1253 1254 1255 1257 1259 1260 1261 1262 1263 1264 1265 1266 1268 1269 1270 1272 1273 1274 1275 1277 1278 1279 
1272: 668 623 629 1193 1280 1281 1282 1283 1284 1285 1286 1288 1289 1252 1253 1254 1255 1256 1257 1258 1259 1260 1261 1262 1263 1265 1266 1267 1268 1271 1276 1277 1278 1279 
1273: 1210 1280 1281 1282 1284 1285 1286 1287 1251 1252 1253 1254 1256 1258 1259 1260 1262 1265 1266 1267 1268 1269 1270 1271 1274 1275 1278 1279 
1274: 604 616 1281 1282 1283 1284 1285 1286 1287 1289 1250 1251 1252 1253 1254 1255 1256 1257 1258 1259 1260 1261 1262 1263 1265 1266 1267 1268 1269 1270 1271 1273 1275 1277 1278 1279 
1275: 1281 1282 1283 1284 1285 1286 1289 1250 1251 1253 1254 1255 1256 1257 1258 1259 1262 1264 1265 1266 1267 1269 1270 1271 1273 1274 1277 1278 1279 
1276: 624 1281 1282 1283 1284 1286 1287 1288 1289 1250 1251 1252 1255 1256 1257 1258 1259 1260 1261 1262 1263 1265 1269 1270 1272 1277 1278 1279 
1277: 1220 1280 1281 1282 1283 1284 1286 1288 1289 1250 1253 1254 1255 1256 1258 1259 1260 1261 1262 1263 1264 1265 1266 1267 1268 1269 1270 1271 1272 1274 1275 1276 1278 1279 
1278: 1214 1240 1280 1282 1283 1284 1287 1288 1289 1250 1252 1253 1254 1255 1256 1257 1258 1259 1263 1264 1265 1266 1267 1268 1269 1270 1271 1272 1273 1274 1275 1276 1277 
1279: 1238 1281 1282 1285 1286 1287 1288 1289 1250 1251 1252 1253 1255 1256 1257 1258 1259 1260 1261 1262 1264 1265 1266 1267 1269 1270 1271 1272 1273 1274 1275 1276 1277 
1290: 539 1024 1291 1293 1294 1295 1297 1298 1299 1300 1303 1304 1305 1306 1307 1308 1309 1310 1311 1312 1314 1315 1316 1317 1319 1320 1321 1325 1328 1331 1338 1339 
1291: 504 1002 1290 1292 1293 1295 1296 1297 1299 1300 1301 1302 1304 1305 1306 1307 1308 1309 1310 1311 1314 1316 1317 1320 1321 1322 1325 1327 1328 1329 1330 1331 1332 1334 1335 1336 1337 1338 
1292: 546 645 656 1052 1291 1293 1294 1296 1297 1298 1299 1300 1301 1302 1303 1304 1305 1307 1308 1309 1311 1315 1317 1318 1320 1321 1322 1323 1324 1327 1329 1330 1331 1332 1334 1335 1336 1337 
1293: 663 621 1290 1291 1292 1294 1297 1298 1299 1302 1304 1307 1308 1309 1311 1312 1313 1314 1315 1316 1320 1321 1322 1324 1325 1326 1329 1330 1331 1332 1334 1335 1336 1338 1339 
1294: 542 633 1290 1292 1293 1295 1296 1297 1298 1300 1301 1302 1303 1305 1309 1311 1312 1313 1314 1315 1316 1317 1318 1319 1320 1323 1324 1326 1327 1329 1330 1331 1332 1335 1337 1338 1339 
1295: 602 614 1059 1290 1291 1294 1296 1297 1299 1300 1301 1303 1304 1307 1308 1309 1310 1311 1314 1315 1316 1317 1318 1319 1320 1322 1324 1325 1326 1327 1328 1329 1330 1331 1332 1333 1335 1336 1337 1338 1339 
1296: 652 1291 1292 1294 1295 1297 1301 1302 1303 1305 1306 1307 1308 1309 1311 1312 1313 1314 1319 1320 1321 1322 1323 1325 1326 1327 1328 1329 1330 1331 1332 1333 1334 1335 1336 1337 1338 
1297: 1290 1291 1292 1293 1294 1295 1296 1298 1299 1300 1301 1302 1303 1304 1305 1306 1307 1308 1309 1310 1312 1314 1315 1316 1317 1318 1319 1321 1322 1323 1324 1325 1326 1327 1328 1329 1330 1331 1332 1334 1335 1336 1337 1339 
1298: 645 1012 1290 1292 1293 1294 1297 1299 1300 1302 1303 1304 1307 1310 1311 1313 1314 1315 1316 1317 1318 1319 1320 1322 1323 1324 1325 1328 1330 1331 1334 1337 1338 
1299: 534 649 1290 1291 1292 1293 1295 1297 1298 1300 1301 1302 1303 1304 1305 1306 1307 1308 1309 1310 1311 1313 1315 1316 1318 1319 1321 1322 1323 1325 1326 1327 1328 1330 1332 1333 1334 1335 1338 1339 
1300: 517 522 607 1290 1291 1292 1294 1295 1297 1298 1299 1302 1303 1304 1305 1306 1307 1308 1309 1310 1311 1312 1313 1314 1316 1317 1318 1320 1321 1323 1326 1327 1328 1329 1330 1331 1333 1334 1336 1337 1338 1339 
1301: 542 584 656 1023 1291 1292 1294 1295 1296 1297 1299 1303 1304 1305 1307 1308 1310 1311 1312 1313 1314 1315 1316 1318 1319 1320 1321 1323 1324 1325 1326 1327 1329 1330 1332 1334 1335 1337 1338 1339 
1302: 645 1025 1040 1291 1292 1293 1294 1296 1297 1298 1299 1300 1303 1304 1305 1306 1307 1308 1309 1310 1313 1314 1315 1316 1320 1321 1322 1323 1325 1327 1328 1329 1330 1332 1333 1334 1335 1338 1339 
1303: 530 505 618 622 1053 1290 1292 1294 1295 1296 1297 1298 1299 1300 1301 1302 1306 1307 1308 1310 1312 1314 1315 1317 1318 1319 1320 1321 1323 1324 1325 1327 1330 1331 1332 1333 1334 1335 1336 1337 1338 1339 
1304: 544 605 626 1010 1290 1291 1292 1293 1295 1297 1298 1299 1300 1301 1302 1305 1307 1311 1313 1315 1316 1322 1323 1324 1326 1329 1330 1332 1333 1334 1336 1337 1339 
1305: 1290 1291 1292 1294 1296 1297 1299 1300 1301 1302 1304 1307 1308 1310 1312 1313 1314 1315 1316 1318 1319 1320 1321 1322 1323 1324 1326 1327 1328 1331 1333 1334 1335 1337 1338 1339 
1306: 1005 1290 1291 1296 1297 1299 1300 1302 1303 1307 1308 1309 1311 1312 1314 1315 1316 1317 1319 1321 1322 1323 1324 1325 1326 1327 1331 1334 1336 1337 1338 1339 
1307: 553 570 1026 1290 1291 1292 1293 1295 1296 1297 1298 1299 1300 1301 1302 1303 1304 1305 1306 1310 1313 1314 1316 1317 1318 1322 1323 1325 1326 1327 1328 1329 1330 1332 1333 1335 1336 1337 1338 1339 
1308: 1290 1291 1292 1293 1295 1296 1297 1299 1300 1301 1302 1303 1305 1306 1310 1311 1312 1313 1315 1316 1320 1321 1323 1324 1327 1328 1329 1330 1331 1332 1333 1334 1335 1336 1337 1338 1339 
1309: 550 614 1290 1291 1292 1293 1294 1295 1296 1297 1299 1300 1302 1306 1310 1311 1312 1316 1317 1319 1320 1322 1323 1327 1328 1329 1330 1334 1335 1337 1338 1339 
1310: 506 1025 1049 1290 1291 1295 1297 1298 1299 1300 1301 1302 1303 1305 1307 1308 1309 1311 1312 1313 1314 1315 1317 1318 1319 1321 1322 1324 1326 1327 1328 1329 1330 1331 1332 1334 1335 1337 1339 
1311: 1290 1291 1292 1293 1294 1295 1296 1298 1299 1300 1301 1304 1306 1308 1309 1310 1312 1313 1314 1316 1317 1318 1319 1320 1321 1322 1323 1326 1327 1329 1331 1333 1334 1336 1337 1339 
1312: 594 613 987 1290 1293 1294 1296 1297 1300 1301 1303 1305 1306 1308 1309 1310 1311 1313 1314 1315 1316 1318 1319 1320 1322 1323 1324 1325 1326 1327 1329 1331 1333 1334 1335 1337 1339 
1313: 637 1038 1054 984 1293 1294 1296 1298 1299 1300 1301 1302 1304 1305 1307 1308 1310 1311 1312 1314 1315 1316 1317 1318 1321 1323 1324 1325 1326 1328 1330 1331 1332 1333 1334 1335 1337 1338 1339 
1314: 521 1049 996 1290 1291 1293 1294 1295 1296 1297 1298 1300 1301 1302 1303 1305 1306 1307 1310 1311 1312 1313 1318 1319 1320 1324 1325 1326 1327 1328 1330 1331 1332 1333 1334 1337 1338 1339 
1315: 658 1040 1290 1292 1293 1294 1295 1297 1298 1299 1301 1302 1303 1304 1305 1306 1308 1310 1312 1313 1316 1318 1319 1320 1323 1326 1328 1330 1332 1333 1336 1337 
1316: 549 510 1290 1291 1293 1294 1295 1297 1298 1299 1300 1301 1302 1304 1305 1306 1307 1308 1309 1311 1312 1313 1315 1317 1318 1319 1322 1323 1324 1325 1327 1328 1331 1334 1335 1336 1337 
1317: 1037 1045 1290 1291 1292 1294 1295 1297 1298 1300 1303 1306 1307 1309 1310 1311 1313 1316 1318 1320 1321 1322 1324 1325 1326 1327 1328 1331 1332 1333 1334 1335 1337 1338 
1318: 516 580 511 669 1048 997 1292 1294 1295 1297 1298 1299 1300 1301 1303 1305 1307 1310 1311 1312 1313 1314 1315 1316 1317 1320 1321 1322 1323 1324 1327 1329 1331 1332 1333 1336 1338 1339 
1319: 655 1290 1294 1295 1296 1297 1298 1299 1301 1303 1305 1306 1309 1310 1311 1312 1314 1315 1316 1323 1325 1327 1328 1329 1330 1332 1334 1335 1338 1339 
1320: 605 1017 1290 1291 1292 1293 1294 1295 1296 1298 1300 1301 1302 1303 1305 1308 1309 1311 1312 1314 1315 1317 1318 1321 1323 1324 1327 1328 1329 1330 1334 1335 1337 1338 1339 
1321: 1290 1291 1292 1293 1296 1297 1299 1300 1301 1302 1303 1305 1306 1308 1310 1311 1313 1317 1318 1320 1322 1323 1325 1326 1327 1328 1329 1330 1331 1334 1335 1337 1338 1339 
1322: 590 599 1034 1291 1292 1293 1295 1296 1297 1298 1299 1302 1304 1305 1306 1307 1309 1310 1311 1312 1316 1317 1318 1321 1323 1324 1325 1327 1328 1329 1330 1332 1333 1334 1335 1337 1338 
1323: 580 991 993 1292 1294 1296 1297 1298 1299 1300 1301 1302 1303 1304 1305 1306 1307 1308 1309 1311 1312 1313 1315 1316 1318 1319 1320 1321 1322 1324 1325 1326 1327 1328 1329 1330 1331 1333 1335 1336 1337 1339 
1324: 546 567 597 1292 1293 1294 1295 1297 1298 1301 1303 1304 1305 1306 1308 1310 1312 1313 1314 1316 1317 1318 1320 1322 1323 1325 1328 1331 1332 1333 1334 1335 1338 1339 
1325: 515 525 656 999 1019 1290 1291 1293 1295 1296 1297 1298 1299 1301 1302 1303 1306 1307 1312 1313 1314 1316 1317 1319 1321 1322 1323 1324 1326 1327 1328 1329 1332 1333 1334 1335 1336 1337 
1326: 558 572 574 651 668 1041 1042 1006 1293 1294 1295 1296 1297 1299 1300 1301 1304 1305 1306 1307 1310 1311 1312 1313 1314 1315 1317 1321 1323 1325 1327 1328 1331 1333 1334 1335 1336 
1327: 597 1029 1046 1291 1292 1294 1295 1296 1297 1299 1300 1301 1302 1303 1305 1306 1307 1308 1309 1310 1311 1312 1314 1316 1317 1318 1319 1320 1321 1322 1323 1325 1326 1330 1331 1336 1337 1338 
1328: 1004 1290 1291 1295 1296 1297 1298 1299 1300 1302 1305 1307 1308 1309 1310 1313 1314 1315 1316 1317 1319 1320 1321 1322 1323 1324 1325 1326 1330 1335 1337 1338 
1329: 519 655 665 1037 1291 1292 1293 1294 1295 1296 1297 1300 1301 1302 1304 1307 1308 1309 1310 1311 1312 1318 1319 1320 1321 1322 1323 1325 1330 1331 1332 1333 1334 1335 1336 1337 1339 
1330: 555 578 580 626 628 630 1291 1292 1293 1294 1295 1296 1297 1298 1299 1300 1301 1302 1303 1304 1307 1308 1309 1310 1313 1314 1315 1319 1320 1321 1322 1323 1327 1328 1329 1332 1333 1334 1335 1336 1337 1338 1339 
1331: 521 982 1007 1290 1291 1292 1293 1294 1295 1296 1297 1298 1300 1303 1305 1306 1308 1310 1311 1312 1313 1314 1316 1317 1318 1321 1323 1324 1326 1327 1329 1334 1335 1336 1337 1339 
1332: 543 546 584 1041 988 1291 1292 1293 1294 1295 1296 1297 1299 1301 1302 1303 1304 1307 1308 1310 1313 1314 1315 1317 1318 1319 1322 1324 1325 1329 1330 1334 1335 1336 1337 1338 1339 
1333: 622 628 1295 1296 1299 1300 1302 1303 1304 1305 1307 1308 1311 1312 1313 1314 1315 1317 1318 1322 1323 1324 1325 1326 1329 1330 1335 1336 1337 
1334: 646 602 624 1291 1292 1293 1296 1297 1298 1299 1300 1301 1302 1303 1304 1305 1306 1308 1309 1310 1311 1312 1313 1314 1316 1317 1319 1320 1321 1322 1324 1325 1326 1329 1330 1331 1332 1335 1336 1337 1338 1339 
1335: 669 607 624 982 1291 1292 1293 1294 1295 1296 1297 1299 1301 1302 1303 1305 1307 1308 1309 1310 1312 1313 1316 1317 1319 1320 1321 1322 1323 1324 1325 1326 1328 1329 1330 1331 1332 1333 1334 1336 1337 1338 1339 
1336: 642 624 1009 1291 1292 1293 1295 1296 1297 1300 1303 1304 1306 1307 1308 1311 1315 1316 1318 1323 1325 1326 1327 1329 1330 1331 1332 1333 1334 1335 1337 1339 
1337: 663 1024 1291 1292 1294 1295 1296 1297 1298 1300 1301 1303 1304 1305 1306 1307 1308 1309 1310 1311 1312 1313 1314 1315 1316 1317 1320 1321 1322 1323 1325 1327 1328 1329 1330 1331 1332 1333 1334 1335 1336 
1338: 1290 1291 1293 1294 1295 1296 1298 1299 1300 1301 1302 1303 1305 1306 1307 1308 1309 1313 1314 1317 1318 1319 1320 1321 1322 1324 1327 1328 1330 1332 1334 1335 
1339: 516 519 543 584 662 635 1290 1293 1294 1295 1297 1299 1300 1301 1302 1303 1304 1305 1306 1307 1308 1309 1310 1311 1312 1313 1314 1318 1319 1320 1321 1323 1324 1329 1330 1331 1332 1334 1335 1336 
1340: 305 400 917 1151 1341 1342 1343 1346 1347 1348 1349 1350 1351 1352 1353 1354 1355 1357 1358 1359 1360 1361 1362 1365 1366 1369 1370 1371 1373 1374 1375 1376 1379 
1341: 316 390 493 813 963 1340 1342 1343 1344 1345 1346 1347 1348 1350 1352 1353 1354 1355 1356 1360 1361 1362 1363 1364 1365 1366 1367 1368 1369 1370 1371 1372 1373 1374 1376 1377 1379 
1342: 382 400 977 1164 1167 1340 1341 1344 1345 1346 1347 1350 1351 1352 1353 1354 1355 1356 1357 1358 1359 1360 1362 1363 1365 1368 1369 1371 1372 1373 1375 1376 1377 1379 
1343: 403 483 491 898 864 927 1340 1341 1344 1345 1347 1348 1349 1350 1351 1352 1353 1355 1356 1357 1358 1359 1361 1362 1364 1365 1366 1368 1369 1370 1371 1372 1373 1374 1375 1376 1377 1379 
1344: 325 800 892 918 1341 1342 1343 1346 1347 1348 1349 1350 1351 1353 1354 1355 1356 1357 1358 1359 1361 1362 1363 1364 1365 1366 1367 1368 1370 1372 1373 1374 1375 1376 1378 1379 
1345: 480 835 1341 1342 1343 1346 1347 1348 1349 1350 1353 1356 1357 1358 1359 1362 1363 1364 1365 1366 1367 1368 1369 1371 1372 1374 1375 1376 1377 1378 
1346: 345 419 797 849 1340 1341 1342 1344 1345 1349 1350 1351 1352 1353 1354 1355 1356 1357 1358 1360 1363 1365 1366 1367 1368 1369 1371 1372 1373 1374 1375 1376 1377 1378 1379 
1347: 481 497 793 863 911 1184 1340 1341 1342 1343 1344 1345 1348 1349 1350 1351 1352 1354 1355 1356 1357 1359 1360 1362 1363 1366 1367 1368 1369 1370 1371 1373 1374 1375 1376 1377 1378 1379 
1348: 320 939 952 956 1340 1341 1343 1344 1345 1347 1349 1350 1351 1352 1353 1354 1355 1357 1358 1360 1361 1362 1363 1365 1366 1367 1369 1370 1371 1372 1373 1374 1375 1376 1377 1378 1379 
1349: 469 793 885 1340 1343 1344 1345 1346 1347 1348 1351 1352 1353 1354 1355 1356 1357 1358 1360 1361 1362 1363 1364 1368 1370 1371 1372 1373 1374 1375 1376 1378 1379 
1350: 353 360 418 499 940 1340 1341 1342 1343 1344 1345 1346 1347 1348 1351 1352 1353 1354 1356 1357 1359 1361 1362 1363 1364 1366 1367 1369 1370 1371 1373 1375 1379 
1351: 458 464 889 895 955 1340 1342 1343 1344 1346 1347 1348 1349 1350 1353 1354 1355 1356 1357 1359 1360 1361 1362 1363 1364 1365 1366 1367 1368 1369 1370 1371 1374 1376 1379 
1352: 836 1340 1341 1342 1343 1346 1347 1348 1349 1350 1353 1354 1355 1358 1360 1361 1363 1364 1366 1367 1370 1372 1374 1377 
1353: 316 886 926 1340 1341 1342 1343 1344 1345 1346 1348 1349 1350 1351 1352 1354 1355 1356 1357 1358 1359 1360 1362 1363 1364 1365 1367 1368 1369 1370 1372 1373 1375 1376 1377 1378 
1354: 367 842 876 1340 1341 1342 1344 1346 1347 1348 1349 1350 1351 1352 1353 1355 1356 1357 1360 1361 1362 1363 1370 1371 1373 1374 1376 1377 1379 
1355: 365 476 823 862 895 913 938 1154 1340 1341 1342 1343 1344 1346 1347 1348 1349 1351 1352 1353 1354 1357 1358 1359 1360 1361 1362 1363 1365 1366 1367 1371 1372 1373 1374 1375 1376 1378 1379 
1356: 317 925 1155 1341 1342 1343 1344 1345 1346 1347 1349 1350 1351 1353 1354 1359 1360 1361 1362 1363 1364 1365 1366 1369 1372 1373 1374 1375 1376 1377 
1357: 380 442 814 867 1340 1342 1343 1344 1345 1346 1347 1348 1349 1350 1351 1353 1354 1355 1358 1359 1360 1361 1363 1364 1365 1366 1367 1368 1369 1370 1371 1373 1374 1375 1376 1379 
1358: 337 376 390 460 834 1340 1342 1343 1344 1345 1346 1348 1349 1352 1353 1355 1357 1359 1361 1363 1364 1365 1366 1367 1368 1371 1372 1373 1374 1375 1376 1377 1378 1379 
1359: 373 400 800 1158 1166 1340 1342 1343 1344 1345 1347 1350 1351 1353 1355 1356 1357 1358 1360 1361 1362 1363 1364 1365 1366 1367 1368 1369 1371 1372 1373 1375 1376 1377 1378 1379 
1360: 840 917 977 1340 1341 1342 1346 1347 1348 1349 1351 1352 1353 1354 1355 1356 1357 1359 1361 1362 1363 1364 1365 1366 1367 1368 1369 1370 1371 1372 1373 1375 1377 1379 
1361: 401 907 867 913 1156 1340 1341 1343 1344 1348 1349 1350 1351 1352 1354 1355 1356 1357 1358 1359 1360 1362 1363 1364 1366 1367 1368 1369 1370 1371 1372 1373 1374 1375 1376 1378 
1362: 443 919 1340 1341 1342 1343 1344 1345 1347 1348 1349 1350 1351 1353 1354 1355 1356 1359 1360 1361 1365 1367 1368 1369 1370 1371 1372 1374 1376 1377 1378 1379 
1363: 355 807 830 972 1341 1342 1344 1345 1346 1347 1348 1349 1350 1351 1352 1353 1354 1355 1356 1357 1358 1359 1360 1361 1364 1365 1366 1367 1368 1370 1371 1376 1378 1379 
1364: 368 401 1341 1343 1344 1345 1349 1350 1351 1352 1353 1356 1357 1358 1359 1360 1361 1363 1365 1366 1367 1368 1369 1370 1371 1373 1374 1375 1377 
1365: 475 807 809 837 1340 1341 1342 1343 1344 1345 1346 1348 1351 1353 1355 1356 1357 1358 1359 1360 1362 1363 1364 1366 1367 1369 1370 1371 1372 1373 1374 1375 1377 1378 
1366: 372 404 429 800 831 850 958 965 1157 1169 1340 1341 1343 1344 1345 1346 1347 1348 1350 1351 1352 1355 1356 1357 1358 1359 1360 1361 1363 1364 1365 1367 1368 1370 1371 1372 1374 1375 1377 1378 1379 
1367: 346 957 1341 1344 1345 1346 1347 1348 1350 1351 1352 1353 1355 1357 1358 1359 1360 1361 1362 1363 1364 1365 1366 1368 1369 1370 1371 1372 1373 1374 1375 1376 1377 1379 
1368: 395 1341 1342 1343 1344 1345 1346 1347 1349 1351 1353 1357 1358 1359 1360 1361 1362 1363 1364 1366 1367 1369 1370 1371 1373 1374 1375 1376 1377 1378 
1369: 316 424 456 817 837 1164 1340 1341 1342 1343 1345 1346 1347 1348 1350 1351 1353 1356 1357 1359 1360 1361 1362 1364 1365 1367 1368 1370 1371 1373 1376 1377 1378 
1370: 396 403 432 499 832 1340 1341 1343 1344 1347 1348 1349 1350 1351 1352 1353 1354 1357 1360 1361 1362 1363 1364 1365 1366 1367 1368 1369 1371 1372 1373 1374 1376 1377 1378 1379 
1371: 813 826 969 1340 1341 1342 1343 1345 1346 1347 1348 1349 1350 1351 1354 1355 1357 1358 1359 1360 1361 1362 1363 1364 1365 1366 1367 1368 1369 1370 1373 1374 1375 1376 1377 1378 1379 
1372: 338 379 486 792 841 1341 1342 1343 1344 1345 1346 1348 1349 1352 1353 1355 1356 1358 1359 1360 1361 1362 1365 1366 1367 1370 1373 1374 1376 1377 1378 1379 
1373: 301 345 425 486 498 818 906 891 1340 1341 1342 1343 1344 1346 1347 1348 1349 1350 1353 1354 1355 1356 1357 1358 1359 1360 1361 1364 1365 1367 1368 1369 1370 1371 1372 1374 1377 1379 
1374: 364 413 468 958 959 1340 1341 1343 1344 1345 1346 1347 1348 1349 1351 1352 1354 1355 1356 1357 1358 1361 1362 1364 1365 1366 1367 1368 1370 1371 1372 1373 1375 1376 1377 1378 1379 
1375: 404 414 821 918 1184 1340 1342 1343 1344 1345 1346 1347 1348 1349 1350 1353 1355 1356 1357 1358 1359 1360 1361 1364 1365 1366 1367 1368 1371 1374 1376 1377 1379 
1376: 342 419 439 497 908 1340 1341 1342 1343 1344 1345 1346 1347 1348 1349 1351 1353 1354 1355 1356 1357 1358 1359 1361 1362 1363 1367 1368 1369 1370 1371 1372 1374 1375 1377 1378 1379 
1377: 1341 1342 1343 1345 1346 1347 1348 1352 1353 1354 1356 1358 1359 1360 1362 1364 1365 1366 1367 1368 1369 1370 1371 1372 1373 1374 1375 1376 1378 1379 
1378: 319 340 457 1344 1345 1346 1347 1348 1349 1353 1355 1358 1359 1361 1362 1363 1365 1366 1368 1369 1370 1371 1372 1374 1376 1377 1379 
1379: 365 1163 1164 1178 1340 1341 1342 1343 1344 1346 1347 1348 1349 1350 1351 1354 1355 1357 1358 1359 1360 1362 1363 1366 1367 1370 1371 1372 1373 1374 1375 1376 1377 1378 
1408: 1409 1410 1411 1412 1413 1415 1417 1418 1419 1380 1383 1385 1386 1388 1389 1390 1392 1393 1394 1396 1397 1398 1399 1400 1404 1405 1406 1407 
1409: 763 1408 1412 1413 1414 1415 1417 1418 1419 1380 1381 1382 1383 1384 1385 1386 1387 1389 1390 1391 1392 1393 1394 1395 1396 1398 1399 1400 1402 1403 1404 1405 1406 1407 
1410: 1408 1411 1412 1413 1415 1416 1418 1380 1381 1383 1384 1386 1387 1388 1390 1391 1393 1394 1395 1396 1398 1399 1400 1403 1404 1405 1406 1407 
1411: 1408 1410 1412 1413 1415 1417 1418 1419 1380 1382 1384 1385 1389 1390 1391 1392 1393 1394 1396 1398 1401 1402 1403 1404 1406 
1412: 1408 1409 1410 1411 1413 1414 1416 1417 1418 1419 1382 1383 1384 1385 1386 1387 1389 1390 1391 1392 1394 1395 1396 1398 1400 1401 1402 1404 1405 1406 1407 
1413: 780 755 1408 1409 1410 1411 1412 1414 1415 1419 1381 1384 1385 1386 1390 1391 1395 1397 1398 1400 1402 1403 1405 1406 1407 
1414: 778 1409 1412 1413 1415 1417 1418 1419 1380 1381 1382 1383 1385 1387 1389 1391 1392 1395 1399 1401 1403 1404 1405 1406 1407 
1415: 745 1408 1409 1410 1411 1413 1414 1416 1417 1418 1419 1380 1381 1382 1383 1384 1386 1387 1388 1389 1390 1391 1392 1393 1394 1396 1398 1399 1400 1401 1402 1404 1405 1406 
1416: 1410 1412 1415 1418 1419 1380 1381 1387 1388 1389 1390 1391 1392 1393 1394 1395 1397 1398 1399 1400 1405 1406 1407 
1417: 770 1408 1409 1411 1412 1414 1415 1418 1419 1380 1382 1384 1385 1386 1387 1388 1389 1390 1391 1393 1394 1395 1396 1397 1398 1401 1402 1404 1405 1406 1407 
1418: 1408 1409 1410 1411 1412 1414 1415 1416 1417 1381 1382 1383 1384 1385 1387 1388 1390 1391 1392 1393 1394 1396 1398 1399 1400 1402 1403 1404 1405 1406 1407 
1419: 1408 1409 1411 1412 1413 1414 1415 1416 1417 1380 1381 1382 1385 1386 1387 1388 1389 1390 1391 1392 1394 1396 1397 1399 1400 1401 1402 1406 1407 
1380: 767 1408 1409 1410 1411 1414 1415 1416 1417 1419 1381 1382 1383 1384 1385 1386 1387 1389 1390 1391 1392 1393 1394 1395 1396 1397 1398 1400 1401 1402 1403 1404 1406 
1381: 771 1409 1410 1413 1414 1415 1416 1418 1419 1380 1382 1383 1386 1387 1388 1389 1392 1393 1394 1396 1397 1398 1399 1400 1401 1403 1404 1405 1407 
1382: 776 1409 1411 1412 1414 1415 1417 1418 1419 1380 1381 1383 1384 1386 1387 1388 1389 1391 1392 1394 1396 1397 1398 1400 1402 1403 1404 1405 1406 1407 
1383: 753 1408 1409 1410 1412 1414 1415 1418 1380 1381 1382 1384 1385 1386 1387 1388 1390 1392 1393 1394 1395 1396 1400 1401 1402 1403 1404 1405 1406 
1384: 1409 1410 1411 1412 1413 1415 1417 1418 1380 1382 1383 1385 1386 1387 1388 1389 1393 1394 1395 1396 1397 1399 1400 1401 1402 1403 1406 1407 
1385: 1408 1409 1411 1412 1413 1414 1417 1418 1419 1380 1383 1384 1386 1387 1388 1389 1392 1393 1395 1396 1397 1401 1403 1404 1405 
1386: 1408 1409 1410 1412 1413 1415 1417 1419 1380 1381 1382 1383 1384 1385 1387 1388 1389 1390 1391 1392 1396 1397 1400 1401 1402 1403 1404 1405 1406 1407 
1387: 1409 1410 1412 1414 1415 1416 1417 1418 1419 1380 1381 1382 1383 1384 1385 1386 1388 1389 1390 1394 1395 1396 1397 1398 1399 1401 1402 1403 1405 1406 1407 
1388: 1408 1410 1415 1416 1417 1418 1419 1381 1382 1383 1384 1385 1386 1387 1390 1391 1392 1393 1394 1396 1397 1399 1400 1401 1402 1404 1405 1407 
1389: 785 1408 1409 1411 1412 1414 1415 1416 1417 1419 1380 1381 1382 1384 1385 1386 1387 1390 1391 1393 1395 1397 1398 1401 1403 1404 1407 
1390: 781 760 1408 1409 1410 1411 1412 1413 1415 1416 1417 1418 1419 1380 1383 1386 1387 1388 1389 1391 1393 1394 1395 1396 1399 1400 1401 1403 1404 1406 
1391: 776 1409 1410 1411 1412 1413 1414 1415 1416 1417 1418 1419 1380 1382 1386 1388 1389 1390 1394 1396 1399 1400 1402 1403 1405 1406 
1392: 1408 1409 1411 1412 1414 1415 1416 1418 1419 1380 1381 1382 1383 1385 1386 1388 1394 1395 1396 1397 1398 1399 1400 1401 1402 1404 
1393: 758 1408 1409 1410 1411 1415 1416 1417 1418 1380 1381 1383 1384 1385 1388 1389 1390 1394 1397 1398 1399 1400 1402 1403 1404 1405 1406 
1394: 1408 1409 1410 1411 1412 1415 1416 1417 1418 1419 1380 1381 1382 1383 1384 1387 1388 1390 1391 1392 1393 1396 1397 1399 1401 1402 1404 1405 1406 
1395: 1409 1410 1412 1413 1414 1416 1417 1380 1383 1384 1385 1387 1389 1390 1392 1397 1398 1399 1400 1402 1403 1404 1405 1406 1407 
1396: 750 759 1408 1409 1410 1411 1412 1415 1417 1418 1419 1380 1381 1382 1383 1384 1385 1386 1387 1388 1390 1391 1392 1394 1397 1398 1399 1400 1402 1404 1407 
1397: 783 746 1408 1413 1416 1417 1419 1380 1381 1382 1384 1385 1386 1387 1388 1389 1392 1393 1394 1395 1396 1398 1399 1401 1402 1404 1405 
1398: 1408 1409 1410 1411 1412 1413 1415 1416 1417 1418 1380 1381 1382 1387 1389 1392 1393 1395 1396 1397 1399 1402 1404 1407 
1399: 1408 1409 1410 1414 1415 1416 1418 1419 1381 1384 1387 1388 1390 1391 1392 1393 1394 1395 1396 1397 1398 1400 1402 1403 1404 1405 1406 
1400: 1408 1409 1410 1412 1413 1415 1416 1418 1419 1380 1381 1382 1383 1384 1386 1388 1390 1391 1392 1393 1395 1396 1399 1401 1402 1404 1405 1407 
1401: 1411 1412 1414 1415 1417 1419 1380 1381 1383 1384 1385 1386 1387 1388 1389 1390 1392 1394 1397 1400 1403 1405 1406 1407 
1402: 757 1409 1411 1412 1413 1415 1417 1418 1419 1380 1382 1383 1384 1386 1387 1388 1391 1392 1393 1394 1395 1396 1397 1398 1399 1400 1403 1404 1405 1407 
1403: 1409 1410 1411 1413 1414 1418 1380 1381 1382 1383 1384 1385 1386 1387 1389 1390 1391 1393 1395 1399 1401 1402 1405 1406 1407 
1404: 1408 1409 1410 1411 1412 1414 1415 1417 1418 1380 1381 1382 1383 1385 1386 1388 1389 1390 1392 1393 1394 1395 1396 1397 1398 1399 1400 1402 1405 
1405: 1408 1409 1410 1412 1413 1414 1415 1416 1417 1418 1381 1382 1383 1385 1386 1387 1388 1391 1393 1394 1395 1397 1399 1400 1401 1402 1403 1404 
1406: 1408 1409 1410 1411 1412 1413 1414 1415 1416 1417 1418 1419 1380 1382 1383 1384 1386 1387 1390 1391 1393 1394 1395 1399 1401 1403 1407 
1407: 1408 1409 1410 1412 1413 1414 1416 1417 1418 1419 1381 1382 1384 1386 1387 1388 1389 1395 1396 1398 1400 1401 1402 1403 1406 
1420: 676 1111 1423 1424 1425 1427 1428 1429 1430 1431 1435 1437 1438 1439 1440 1442 1444 1445 1446 1447 1448 1449 1450 1451 1452 1453 1454 1455 1456 1457 1458 1459 
1421: 715 1422 1423 1424 1426 1427 1429 1430 1431 1432 1433 1434 1435 1436 1438 1441 1442 1443 1445 1446 1447 1449 1450 1451 1452 1454 1457 1459 
1422: 718 1421 1423 1424 1425 1427 1428 1429 1430 1431 1432 1433 1434 1435 1438 1439 1440 1442 1444 1445 1446 1447 1448 1449 1450 1451 1452 1454 1456 1457 1459 
1423: 678 700 1420 1421 1422 1424 1425 1427 1430 1431 1432 1434 1435 1437 1438 1439 1441 1442 1443 1444 1450 1451 1452 1453 1454 1455 1457 1458 1459 
1424: 697 1133 1420 1421 1422 1423 1425 1426 1427 1428 1429 1430 1431 1433 1434 1436 1437 1441 1442 1443 1444 1445 1446 1447 1450 1451 1452 1453 1454 1455 1456 1457 1458 1459 
1425: 707 1123 1147 1420 1422 1423 1424 1426 1428 1429 1430 1431 1433 1435 1436 1437 1438 1439 1440 1441 1442 1443 1444 1445 1446 1447 1448 1450 1451 1452 1453 1454 1455 1457 1458 1459 
1426: 1113 1121 1421 1424 1425 1427 1428 1429 1430 1431 1432 1437 1438 1439 1441 1442 1443 1444 1445 1446 1447 1448 1449 1450 1451 1452 1453 1458 1459 
1427: 1420 1421 1422 1423 1424 1426 1428 1430 1431 1432 1433 1434 1435 1436 1437 1438 1439 1440 1443 1446 1448 1449 1450 1451 1453 1454 1455 1456 1459 
1428: 737 1145 1420 1422 1424 1425 1426 1427 1429 1431 1432 1433 1434 1435 1436 1437 1438 1439 1440 1441 1443 1447 1449 1450 1452 1453 1454 1456 1457 1458 1459 
1429: 693 735 1123 1420 1421 1422 1424 1425 1426 1428 1430 1431 1432 1433 1434 1435 1436 1438 1439 1441 1442 1443 1445 1447 1448 1449 1450 1452 1453 1454 1455 1456 1458 
1430: 1137 1420 1421 1422 1423 1424 1425 1426 1427 1429 1433 1434 1435 1436 1438 1439 1440 1441 1443 1444 1446 1448 1451 1452 1454 1455 1456 1458 
1431: 725 1119 1420 1421 1422 1423 1424 1425 1426 1427 1428 1429 1432 1434 1435 1436 1438 1439 1441 1443 1444 1445 1446 1447 1448 1449 1450 1451 1452 1453 1454 1456 1457 1458 1459 
1432: 1421 1422 1423 1426 1427 1428 1429 1431 1434 1435 1436 1437 1438 1439 1440 1442 1444 1445 1446 1447 1448 1449 1450 1451 1453 1454 1455 1456 1457 1459 
1433: 1421 1422 1424 1425 1427 1428 1429 1430 1434 1435 1437 1438 1440 1441 1442 1443 1445 1446 1450 1451 1452 1454 1455 1456 1457 1458 1459 
1434: 726 1421 1422 1423 1424 1427 1428 1429 1430 1431 1432 1433 1435 1437 1438 1440 1442 1445 1447 1448 1449 1450 1451 1453 1454 1455 1456 1457 1459 
1435: 1420 1421 1422 1423 1425 1427 1428 1429 1430 1431 1432 1433 1434 1437 1439 1441 1442 1443 1444 1447 1448 1449 1450 1451 1452 1453 1454 1455 1456 1457 1458 1459 
1436: 1421 1424 1425 1427 1428 1429 1430 1431 1432 1437 1438 1441 1443 1444 1445 1446 1447 1449 1451 1452 1455 1456 1457 1458 
1437: 715 1420 1423 1424 1425 1426 1427 1428 1432 1433 1434 1435 1436 1439 1440 1441 1442 1443 1444 1445 1446 1447 1448 1449 1450 1451 1452 1453 1455 1456 1457 1458 1459 
1438: 1141 1420 1421 1422 1423 1425 1426 1427 1428 1429 1430 1431 1432 1433 1434 1436 1439 1440 1442 1443 1444 1447 1449 1451 1452 1453 1456 1458 1459 
1439: 710 1420 1422 1423 1425 1426 1427 1428 1429 1430 1431 1432 1435 1437 1438 1440 1441 1442 1443 1444 1445 1447 1448 1450 1451 1452 1453 1454 1456 1457 1458 1459 
1440: 1420 1422 1425 1427 1428 1430 1432 1433 1434 1437 1438 1439 1441 1443 1444 1445 1447 1448 1449 1450 1451 1452 1453 1454 1455 1456 1457 1458 1459 
1441: 685 691 1421 1423 1424 1425 1426 1428 1429 1430 1431 1433 1435 1436 1437 1439 1440 1443 1444 1445 1446 1447 1448 1449 1451 1453 1454 1455 1456 1457 1458 1459 
1442: 711 1144 1146 1420 1421 1422 1423 1424 1425 1426 1429 1432 1433 1434 1435 1437 1438 1439 1446 1447 1449 1450 1453 1454 1456 1458 1459 
1443: 724 1421 1423 1424 1425 1426 1427 1428 1429 1430 1431 1433 1435 1436 1437 1438 1439 1440 1441 1445 1446 1447 1449 1450 1451 1453 1454 1455 1456 1457 1459 
1444: 738 1420 1422 1423 1424 1425 1426 1430 1431 1432 1435 1436 1437 1438 1439 1440 1441 1445 1446 1447 1448 1449 1450 1451 1452 1453 1454 1455 1456 1457 1458 1459 
1445: 1420 1421 1422 1424 1425 1426 1429 1431 1432 1433 1434 1436 1437 1439 1440 1441 1443 1444 1446 1447 1448 1449 1451 1452 1453 1454 1455 1456 1457 1458 
1446: 680 718 1112 1420 1421 1422 1424 1425 1426 1427 1430 1431 1432 1433 1436 1437 1441 1442 1443 1444 1445 1448 1449 1451 1452 1453 1454 1457 1458 1459 
1447: 691 1420 1421 1422 1424 1425 1426 1428 1429 1431 1432 1434 1435 1436 1437 1438 1439 1440 1441 1442 1443 1444 1445 1448 1449 1450 1451 1452 1453 1454 1455 1456 1457 1458 1459 
1448: 1420 1422 1425 1426 1427 1429 1430 1431 1432 1434 1435 1437 1439 1440 1441 1444 1445 1446 1447 1449 1450 1451 1452 1453 1454 1455 1456 1457 1458 1459 
1449: 704 728 736 1420 1421 1422 1426 1427 1428 1429 1431 1432 1434 1435 1436 1437 1438 1440 1441 1442 1443 1444 1445 1446 1447 1448 1451 1452 1454 1455 1456 1457 1458 1459 
1450: 1112 1420 1421 1422 1423 1424 1425 1426 1427 1428 1429 1431 1432 1433 1434 1435 1437 1439 1440 1442 1443 1444 1447 1448 1451 1454 1455 1457 1458 
1451: 1112 1420 1421 1422 1423 1424 1425 1426 1427 1430 1431 1432 1433 1434 1435 1436 1437 1438 1439 1440 1441 1443 1444 1445 1446 1447 1448 1449 1450 1454 1455 1456 1457 1458 
1452: 1420 1421 1422 1423 1424 1425 1426 1428 1429 1430 1431 1433 1435 1436 1437 1438 1439 1440 1444 1445 1446 1447 1448 1449 1454 1456 1457 1458 1459 
1453: 726 1420 1423 1424 1425 1426 1427 1428 1429 1431 1432 1434 1435 1437 1438 1439 1440 1441 1442 1443 1444 1445 1446 1447 1448 1454 1455 1456 1458 1459 
1454: 1120 1420 1421 1422 1423 1424 1425 1427 1428 1429 1430 1431 1432 1433 1434 1435 1439 1440 1441 1442 1443 1444 1445 1446 1447 1448 1449 1450 1451 1452 1453 1455 1457 1458 1459 
1455: 1420 1423 1424 1425 1427 1429 1430 1432 1433 1434 1435 1436 1437 1440 1441 1443 1444 1445 1447 1448 1449 1450 1451 1453 1454 1456 1457 1458 1459 
1456: 1420 1422 1424 1427 1428 1429 1430 1431 1432 1433 1434 1435 1436 1437 1438 1439 1440 1441 1442 1443 1444 1445 1447 1448 1449 1451 1452 1453 1455 1457 1458 1459 
1457: 1420 1421 1422 1423 1424 1425 1428 1431 1432 1433 1434 1435 1436 1437 1439 1440 1441 1443 1444 1445 1446 1447 1448 1449 1450 1451 1452 1454 1455 1456 1458 
1458: 677 688 711 1124 1146 1420 1423 1424 1425 1426 1428 1429 1430 1431 1433 1435 1436 1437 1438 1439 1440 1441 1442 1444 1445 1446 1447 1448 1449 1450 1451 1452 1453 1454 1455 1456 1457 1459 
1459: 682 1420 1421 1422 1423 1424 1425 1426 1427 1428 1431 1432 1433 1434 1435 1437 1438 1439 1440 1441 1442 1443 1444 1446 1447 1448 1449 1452 1453 1454 1455 1456 1458 
1460: 316 372 617 1056 1461 1463 1464 1467 1468 1469 1470 1472 1473 1474 1476 1477 1478 1479 1480 1482 1483 1484 1485 1486 1487 1488 1489 1490 1491 1492 1493 1495 1496 1497 1498 1499 
1461: 304 320 459 838 920 967 1047 989 1244 1246 1460 1464 1465 1466 1467 1468 1469 1470 1471 1472 1474 1475 1476 1477 1478 1479 1480 1481 1482 1484 1485 1486 1487 1489 1492 1493 1494 1495 1496 1497 1498 
1462: 363 381 479 956 998 1464 1465 1466 1467 1468 1469 1470 1471 1472 1473 1475 1476 1478 1479 1481 1482 1483 1484 1485 1486 1488 1489 1490 1491 1492 1493 1495 1497 1499 
1463: 371 624 805 1460 1464 1465 1466 1467 1468 1469 1470 1473 1474 1475 1476 1478 1481 1482 1483 1484 1485 1486 1487 1488 1489 1490 1491 1492 1493 1494 1496 1497 1499 
1464: 322 356 479 813 963 983 1231 1460 1461 1462 1463 1465 1466 1467 1469 1470 1471 1472 1473 1474 1475 1476 1477 1478 1479 1480 1482 1483 1484 1485 1486 1487 1488 1489 1490 1491 1492 1493 1496 1497 1498 1499 
1465: 415 1036 988 1004 1241 1461 1462 1463 1464 1466 1467 1468 1469 1470 1471 1472 1473 1474 1475 1476 1477 1478 1479 1480 1481 1483 1484 1485 1486 1487 1488 1489 1490 1491 1493 1494 1495 1496 1497 1498 1499 
1466: 616 796 1047 1051 1228 1461 1462 1463 1464 1465 1467 1468 1469 1471 1472 1473 1474 1475 1476 1477 1478 1479 1481 1482 1485 1486 1487 1488 1489 1490 1494 1495 1497 1498 1499 
1467: 321 335 438 640 1034 1460 1461 1462 1463 1464 1465 1466 1469 1470 1471 1472 1473 1474 1475 1476 1478 1479 1480 1481 1482 1483 1484 1485 1487 1490 1491 1492 1493 1494 1495 1496 1497 1498 
1468: 380 436 1219 1460 1461 1462 1463 1465 1466 1469 1470 1471 1473 1474 1476 1477 1478 1479 1480 1481 1482 1483 1485 1486 1487 1489 1490 1492 1493 1494 1498 1499 
1469: 453 645 817 1460 1461 1462 1463 1464 1465 1466 1467 1468 1470 1473 1474 1475 1480 1481 1483 1485 1486 1487 1488 1490 1491 1492 1494 1495 1496 1497 1498 1499 
1470: 305 413 493 968 1011 1460 1461 1462 1463 1464 1465 1467 1468 1469 1471 1472 1473 1474 1475 1476 1477 1480 1481 1482 1484 1485 1486 1487 1488 1489 1490 1491 1492 1493 1494 1495 1496 1497 1498 1499 
1471: 607 976 1461 1462 1464 1465 1466 1467 1468 1470 1472 1473 1474 1475 1476 1477 1478 1480 1483 1485 1487 1488 1489 1490 1491 1494 1495 1496 1497 1498 1499 
1472: 446 658 601 929 1051 1006 1220 1460 1461 1462 1464 1465 1466 1467 1470 1471 1474 1475 1479 1480 1482 1483 1484 1485 1486 1487 1488 1489 1491 1493 1494 1495 1497 1498 1499 
1473: 484 618 628 825 925 1055 981 1460 1462 1463 1464 1465 1466 1467 1468 1469 1470 1471 1475 1476 1477 1478 1479 1480 1482 1483 1484 1486 1487 1488 1489 1490 1491 1492 1493 1494 1495 1496 1497 1498 1499 
1474: 316 1019 1245 1460 1461 1463 1464 1465 1466 1467 1468 1469 1470 1471 1472 1475 1477 1478 1479 1480 1481 1483 1486 1487 1488 1491 1492 1493 1494 1496 1497 1499 
1475: 361 473 490 601 800 804 938 942 1228 1461 1462 1463 1464 1465 1466 1467 1469 1470 1471 1472 1473 1474 1476 1477 1478 1479 1480 1481 1482 1483 1484 1485 1487 1488 1489 1490 1491 1492 1493 1494 1495 1498 
1476: 301 323 346 493 961 969 1236 1460 1461 1462 1463 1464 1465 1466 1467 1468 1470 1471 1473 1475 1477 1478 1479 1480 1481 1482 1483 1484 1485 1487 1488 1489 1490 1491 1492 1493 1494 1496 1497 1498 1499 
1477: 395 410 437 1048 1204 1231 1460 1461 1464 1465 1466 1468 1470 1471 1473 1474 1475 1476 1478 1480 1481 1482 1483 1484 1486 1488 1489 1491 1492 1493 1495 1496 1497 1498 
1478: 466 975 1003 1247 1460 1461 1462 1463 1464 1465 1466 1467 1468 1471 1473 1474 1475 1476 1477 1479 1480 1482 1483 1484 1485 1486 1487 1488 1489 1491 1492 1493 1494 1495 1496 1497 1498 
1479: 351 814 837 1051 1192 1460 1461 1462 1464 1465 1466 1467 1468 1472 1473 1474 1475 1476 1478 1480 1481 1482 1483 1485 1487 1488 1489 1491 1492 1493 1495 1496 1497 1498 1499 
1480: 972 978 1052 1460 1461 1464 1465 1467 1468 1469 1470 1471 1472 1473 1474 1475 1476 1477 1478 1479 1481 1482 1483 1485 1486 1487 1488 1489 1491 1492 1493 1494 1495 1496 1497 1498 1499 
1481: 334 637 940 1051 1461 1462 1463 1465 1466 1467 1468 1469 1470 1474 1475 1476 1477 1479 1480 1482 1483 1484 1485 1486 1487 1489 1490 1492 1493 1494 1495 1496 1497 1499 
1482: 642 791 913 1054 1021 1227 1460 1461 1462 1463 1464 1466 1467 1468 1470 1472 1473 1475 1476 1477 1478 1479 1480 1481 1483 1484 1485 1490 1491 1492 1493 1494 1495 1496 1497 1498 
1483: 362 471 485 825 834 1219 1460 1462 1463 1464 1465 1467 1468 1469 1471 1472 1473 1474 1475 1476 1477 1478 1479 1480 1481 1482 1485 1487 1488 1489 1490 1491 1493 1494 1495 1496 1497 1498 1499 
1484: 1214 1460 1461 1462 1463 1464 1465 1467 1470 1472 1473 1475 1476 1477 1478 1481 1482 1485 1487 1488 1489 1492 1493 1494 1495 1496 1497 1499 
1485: 355 419 439 456 1198 1460 1461 1462 1463 1464 1465 1466 1467 1468 1469 1470 1471 1472 1475 1476 1478 1479 1480 1481 1482 1483 1484 1486 1487 1488 1489 1490 1491 1492 1494 1495 1496 1497 1499 
1486: 389 394 423 1032 1460 1461 1462 1463 1464 1465 1466 1468 1469 1470 1472 1473 1474 1477 1478 1480 1481 1485 1487 1488 1489 1490 1491 1492 1493 1494 1495 1497 1498 1499 
1487: 355 390 461 669 958 1237 1460 1461 1463 1464 1465 1466 1467 1468 1469 1470 1471 1472 1473 1474 1475 1476 1478 1479 1480 1481 1483 1484 1485 1486 1488 1489 1490 1491 1492 1493 1494 1495 1496 1497 1498 1499 
1488: 320 324 386 484 915 1460 1462 1463 1464 1465 1466 1469 1470 1471 1472 1473 1474 1475 1476 1477 1478 1479 1480 1483 1484 1485 1486 1487 1491 1492 1494 1495 1496 1497 1499 
1489: 345 356 420 1032 1460 1461 1462 1463 1464 1465 1466 1468 1470 1471 1472 1473 1475 1476 1477 1478 1479 1480 1481 1483 1484 1485 1486 1487 1490 1491 1492 1493 1494 1496 1499 
1490: 367 473 652 614 636 828 1045 1460 1462 1463 1464 1465 1466 1467 1468 1469 1470 1471 1473 1475 1476 1481 1482 1483 1485 1486 1487 1489 1491 1492 1493 1494 1495 1496 1497 1498 1499 
1491: 321 372 610 825 960 1005 1011 1199 1460 1462 1463 1464 1465 1467 1469 1470 1471 1472 1473 1474 1475 1476 1477 1478 1479 1480 1482 1483 1485 1486 1487 1488 1489 1490 1492 1493 1494 1495 1496 1497 1498 
1492: 380 492 656 1008 1229 1460 1461 1462 1463 1464 1467 1468 1469 1470 1473 1474 1475 1476 1477 1478 1479 1480 1481 1482 1484 1485 1486 1487 1488 1489 1490 1491 1493 1494 1495 1496 1497 
1493: 663 1009 1460 1461 1462 1463 1464 1465 1467 1468 1470 1472 1473 1474 1475 1476 1477 1478 1479 1480 1481 1482 1483 1484 1486 1487 1489 1490 1491 1492 1494 1495 1496 1497 1498 1499 
1494: 428 937 959 989 1461 1463 1465 1466 1467 1468 1469 1470 1471 1472 1473 1474 1475 1476 1478 1480 1481 1482 1483 1484 1485 1486 1487 1488 1489 1490 1491 1492 1493 1495 1496 1497 1498 1499 
1495: 363 414 455 610 611 638 927 969 1236 1460 1461 1462 1465 1466 1467 1469 1470 1471 1472 1473 1475 1477 1478 1479 1480 1481 1482 1483 1484 1485 1486 1487 1488 1490 1491 1492 1493 1494 1497 1499 
1496: 363 1005 1460 1461 1463 1464 1465 1467 1469 1470 1471 1473 1474 1476 1477 1478 1479 1480 1481 1482 1483 1484 1485 1487 1488 1489 1490 1491 1492 1493 1494 1497 1498 
1497: 649 795 1460 1461 1462 1463 1464 1465 1466 1467 1469 1470 1471 1472 1473 1474 1476 1477 1478 1479 1480 1481 1482 1483 1484 1485 1486 1487 1488 1490 1491 1492 1493 1494 1495 1496 1498 1499 
1498: 831 1057 1195 1460 1461 1464 1465 1466 1467 1468 1469 1470 1471 1472 1473 1475 1476 1477 1478 1479 1480 1482 1483 1486 1487 1490 1491 1493 1494 1496 1497 1499 
1499: 827 840 1047 1243 1460 1462 1463 1464 1465 1466 1468 1469 1470 1471 1472 1473 1474 1476 1479 1480 1481 1483 1484 1485 1486 1487 1488 1489 1490 1493 1494 1495 1497 1498 
