1000
0: 1 3 4 5 6 9 11 12 13 14 15 16 17 19 21 22 23 24 25 26 27 28 29 30 38 39 41 44 45 46 47 48 51 52 55 59 61 62 64 65 67 68 69 70 71 74 75 76 77 79 80 82 86 88 89 90 91 92 93 94 96 99 100 101 102 103 104 105 106 107 109 112 113 114 115 116 117 118 119 121 122 123 124 127 129 130 132 133 134 135 136 137 139 140 141 142 144 146 148 149 150 151 153 154 155 156 158 159 161 164 165 169 171 172 174 176 177 179 180 181 182 183 185 186 187 188 189 190 193 194 196 197 198 199 421 
1: 0 2 3 6 7 8 9 10 11 12 13 14 16 17 18 19 20 21 22 24 26 27 28 31 33 34 35 36 39 40 43 44 45 46 47 48 49 53 54 55 56 58 59 60 61 62 63 66 69 70 71 72 74 76 77 79 81 83 84 85 86 88 90 91 92 93 94 95 96 97 98 100 101 103 105 106 108 111 113 114 117 118 119 120 122 124 125 126 128 129 130 131 134 135 136 137 139 140 142 143 145 146 147 148 149 150 151 152 153 154 155 157 159 160 161 162 163 164 165 167 168 170 172 176 177 178 179 180 182 183 184 185 187 189 190 191 192 194 195 196 197 198 
2: 1 3 8 9 10 11 12 13 14 16 17 18 19 21 23 24 25 26 27 28 29 30 31 33 34 35 36 37 38 40 41 42 43 44 46 47 49 50 51 53 54 55 56 57 58 59 60 61 62 64 65 68 69 71 72 73 74 77 78 79 80 81 83 84 86 87 88 89 90 91 92 97 98 99 101 102 103 105 106 107 108 109 110 112 113 114 115 117 118 119 120 121 123 124 126 127 128 129 131 132 133 134 135 137 138 142 143 146 147 148 149 150 152 153 155 156 157 159 160 161 162 163 166 167 169 170 171 172 173 174 175 177 178 179 180 183 184 186 187 190 191 192 195 197 199 476 
3: 0 1 2 4 5 7 8 9 10 11 13 14 15 16 17 19 20 22 23 24 25 26 28 30 34 35 36 37 41 42 43 44 48 49 52 53 54 55 56 57 59 60 63 64 65 68 71 72 74 75 78 79 80 84 87 88 90 95 96 99 100 101 103 104 105 106 107 109 110 114 117 118 119 120 122 123 124 127 129 131 132 133 134 135 137 138 139 140 141 142 143 144 145 146 147 148 149 151 153 154 158 160 161 162 163 164 165 166 167 168 170 171 172 174 175 176 177 178 179 180 181 183 184 188 189 190 191 192 194 195 196 197 198 199 432 458 
4: 0 3 6 8 10 11 12 15 17 19 21 22 23 24 25 26 27 30 31 32 33 34 36 37 38 41 42 43 44 45 46 47 48 49 51 52 53 54 55 58 60 61 63 64 65 66 67 68 69 70 71 74 75 76 77 78 79 80 82 84 86 87 88 89 91 92 93 94 95 96 98 100 101 102 103 105 106 107 108 109 111 112 114 116 117 118 119 121 122 123 124 126 127 129 130 131 132 133 134 136 140 141 142 144 145 149 150 151 153 154 155 156 157 159 160 161 162 163 164 165 167 168 170 171 172 173 174 175 176 178 180 181 183 184 185 186 187 191 193 195 196 197 199 
5: 0 3 7 9 11 12 13 14 16 17 19 20 22 23 24 26 27 28 29 32 33 35 36 39 40 41 42 43 44 46 47 48 49 50 51 52 53 60 62 63 66 67 69 70 71 72 73 74 76 77 79 80 81 82 83 87 88 89 90 91 92 93 94 95 96 97 99 100 103 105 106 108 109 112 113 114 115 119 121 123 124 125 126 127 129 131 132 134 136 137 138 140 141 142 143 144 145 146 147 149 150 151 152 154 155 158 159 160 161 162 163 165 166 167 169 171 172 173 176 178 179 180 181 182 183 184 185 186 189 191 192 194 195 196 197 199 534 
6: 0 1 4 7 9 10 11 12 14 15 17 19 22 23 24 25 26 27 28 29 30 31 32 33 35 36 37 38 40 41 42 43 44 46 47 48 49 50 51 52 53 54 55 57 58 60 61 64 65 66 67 68 71 73 74 78 79 80 81 82 83 87 89 92 95 96 99 101 102 103 104 106 107 109 111 112 113 115 116 117 118 120 121 122 124 125 126 127 128 129 130 133 134 137 138 139 140 141 142 143 144 145 146 147 148 149 150 152 154 155 156 157 160 162 163 164 165 166 167 168 171 172 173 174 175 178 179 180 181 184 185 186 187 188 189 190 191 192 193 194 195 196 197 551 
7: 1 3 5 6 8 10 11 12 13 14 15 16 17 19 20 21 22 23 25 26 27 28 29 30 31 33 34 39 41 43 45 46 48 52 53 54 55 56 60 61 63 65 67 69 71 72 74 76 77 80 81 82 84 86 87 88 90 92 95 96 97 99 100 101 102 103 106 107 109 110 112 113 114 115 116 118 119 120 122 124 125 126 127 128 129 130 132 134 137 138 139 140 141 143 144 146 147 149 150 151 153 154 155 156 157 158 160 161 162 164 165 166 167 168 170 171 172 173 174 175 176 178 180 182 184 185 186 187 188 190 193 196 197 198 199 
8: 1 2 3 4 7 11 12 14 17 18 19 21 22 23 24 28 29 30 31 32 33 34 35 36 37 42 43 46 47 48 49 51 52 53 54 55 56 57 59 61 63 66 68 69 70 74 76 77 78 79 80 81 84 85 87 88 90 91 92 93 94 95 96 98 100 101 104 105 106 107 111 112 113 115 117 118 119 120 121 124 125 126 127 128 129 130 131 132 133 134 135 136 139 140 142 144 146 148 149 151 152 153 154 155 156 157 159 160 161 164 165 166 168 169 170 171 172 173 174 175 176 179 180 181 183 185 189 191 192 193 195 198 199 445 
9: 0 1 2 3 5 6 10 12 13 14 16 17 18 19 21 22 23 25 26 27 29 30 32 33 34 35 36 37 38 40 43 44 45 46 47 48 49 50 51 52 53 57 59 60 61 63 64 66 68 71 72 73 74 75 76 79 80 81 82 83 85 86 87 89 93 95 96 97 98 99 100 103 104 106 108 109 110 111 114 116 117 119 120 121 122 123 124 125 128 129 130 131 132 134 135 136 137 138 139 140 141 142 143 144 146 147 148 149 151 152 154 155 158 159 160 161 163 164 165 166 167 168 169 170 171 173 175 177 179 181 183 185 186 188 189 190 191 192 193 194 195 197 198 423 429 467 630 
10: 1 2 3 4 6 7 9 11 12 13 14 15 16 18 19 20 21 22 23 24 25 26 27 29 30 31 34 35 36 37 38 39 41 42 44 45 46 47 49 51 53 54 55 56 57 58 59 60 63 64 66 68 69 70 71 72 73 76 77 78 80 81 82 83 84 86 87 89 93 94 96 97 98 99 103 104 105 107 110 111 112 114 116 117 119 120 121 122 123 125 129 130 131 132 133 134 135 136 138 139 140 141 142 144 146 147 148 149 150 151 152 153 154 155 157 158 160 161 162 163 164 167 168 169 170 172 173 174 176 177 178 179 180 182 183 184 186 187 189 190 191 193 195 196 199 413 414 481 
11: 0 1 2 3 4 5 6 7 8 10 13 14 16 18 20 23 24 25 28 29 30 32 33 35 36 38 40 41 43 44 46 47 48 52 53 54 57 58 59 60 61 63 67 68 70 72 73 74 75 76 77 78 79 81 82 83 84 85 86 87 88 90 91 92 93 95 96 97 98 100 102 103 104 105 106 107 108 109 111 114 115 117 118 119 120 121 122 124 125 126 128 130 131 132 133 134 135 137 142 143 144 145 146 147 148 149 150 151 152 153 154 155 156 157 158 160 161 163 165 167 169 170 171 174 175 177 178 179 180 181 182 186 187 188 189 190 191 193 194 195 196 197 198 199 
12: 0 1 2 4 5 6 7 8 9 10 15 16 20 21 23 25 26 28 29 30 31 32 33 34 35 36 39 40 43 44 47 49 50 51 52 54 55 56 57 59 60 61 62 63 64 65 67 68 69 70 71 72 73 74 75 76 77 78 79 80 81 82 83 84 85 86 91 92 93 94 96 98 99 100 101 103 104 105 106 107 109 110 112 113 114 115 118 119 120 121 123 124 125 127 128 130 131 134 135 136 137 139 140 141 143 145 146 147 148 150 151 152 154 157 158 159 160 161 162 163 167 168 169 170 173 174 176 177 179 180 182 183 184 185 186 187 188 190 193 194 195 196 197 198 199 446 463 546 
13: 0 1 2 3 5 7 9 10 11 15 17 18 19 20 21 22 23 25 26 27 29 32 33 34 37 39 40 41 44 45 46 50 52 55 56 57 59 60 62 63 65 66 70 71 72 73 74 76 77 78 79 81 83 84 85 86 87 88 89 91 93 96 97 98 99 100 101 102 103 104 105 106 107 108 111 112 114 116 117 118 119 120 121 122 123 124 125 126 128 129 130 131 133 134 135 136 137 138 139 140 141 142 143 144 148 152 153 154 155 156 157 158 159 160 161 162 164 166 167 170 171 173 174 175 177 178 179 180 181 183 184 185 186 187 189 191 192 194 195 196 197 198 199 422 567 
14: 0 1 2 3 5 6 7 8 9 10 11 16 17 18 19 24 25 27 28 29 30 31 32 33 34 37 38 39 40 41 42 44 45 46 47 48 49 50 51 53 54 56 57 58 59 60 61 62 63 64 67 69 70 71 75 76 77 78 79 80 82 83 84 86 87 88 89 90 91 92 93 98 99 100 101 102 103 104 105 106 107 108 109 110 111 113 114 116 117 118 119 123 124 125 126 128 129 130 131 133 135 136 137 138 140 141 142 144 147 149 151 153 154 155 156 157 158 159 160 166 167 168 169 170 171 172 173 175 178 181 182 184 185 189 190 191 192 193 194 195 196 197 198 199 
15: 0 3 4 6 7 10 12 13 16 20 22 23 24 27 29 31 32 34 36 37 38 39 43 45 46 47 48 50 53 55 56 57 58 59 60 62 64 70 71 72 73 74 76 77 79 80 82 84 86 87 88 89 91 92 93 94 95 97 99 101 102 104 105 106 107 108 109 110 112 113 114 116 117 118 120 121 122 123 124 125 126 127 128 129 130 132 133 134 135 136 137 138 139 141 142 145 146 147 148 149 150 151 153 154 157 159 162 163 164 165 166 168 169 171 174 175 176 177 178 180 181 182 184 185 186 188 189 190 191 192 193 194 195 196 198 
16: 0 1 2 3 5 7 9 10 11 12 14 15 18 19 20 21 22 23 25 26 28 32 33 34 35 36 38 39 40 41 42 44 45 46 47 48 49 50 51 53 54 55 56 57 58 61 62 63 64 65 67 69 70 71 72 74 75 76 77 78 79 80 83 84 86 89 90 91 92 93 94 96 98 99 100 101 102 104 105 107 108 109 110 111 112 113 114 115 117 119 120 123 124 125 126 127 130 131 132 133 134 135 136 137 138 140 141 142 145 148 149 151 152 153 154 155 156 157 158 160 161 162 164 165 166 167 168 170 171 172 173 174 175 178 179 180 181 182 184 186 187 189 190 191 193 194 195 196 197 198 199 557 
17: 0 1 2 3 4 5 6 7 8 9 13 14 20 22 23 24 25 26 27 28 29 33 36 37 38 39 40 41 42 43 44 47 49 51 52 53 54 55 56 57 58 60 61 63 64 65 69 71 72 73 74 76 77 78 79 82 84 88 90 91 92 95 96 98 99 100 101 102 103 105 106 107 108 109 110 111 114 118 120 121 122 124 125 126 127 129 131 132 133 134 137 139 140 141 142 144 148 149 150 151 152 153 154 155 157 158 159 160 161 162 163 164 165 166 168 169 170 171 173 174 176 179 181 182 183 185 186 188 190 192 193 194 195 196 197 198 199 549 568 
18: 1 2 8 9 10 11 13 14 16 19 20 21 22 23 24 25 26 27 30 32 34 35 36 37 39 40 41 43 45 46 48 49 50 51 53 55 56 59 60 61 62 64 65 68 71 75 76 80 81 84 85 86 87 88 89 90 91 92 93 94 95 96 98 100 101 102 103 106 108 110 111 112 114 115 116 117 121 122 123 124 125 129 130 131 132 133 134 135 137 139 142 143 144 146 147 148 149 150 151 152 153 154 158 159 160 162 164 165 166 167 168 171 172 173 174 175 176 177 178 179 180 181 182 183 187 188 189 192 193 195 196 197 199 466 533 
19: 0 1 2 3 4 5 6 7 8 9 10 13 14 16 18 20 22 23 24 25 28 29 30 32 33 36 37 38 39 40 41 42 44 45 46 47 48 49 50 51 52 53 56 57 58 59 60 64 65 66 68 70 71 72 73 75 76 77 78 81 82 83 84 85 86 87 89 91 92 94 95 96 97 99 100 101 102 104 105 106 107 109 110 111 112 113 115 116 117 118 119 120 122 123 125 126 127 128 129 130 131 132 133 134 135 136 137 138 141 142 143 144 145 146 147 148 150 151 152 153 154 155 157 158 159 161 162 164 165 166 167 169 170 171 172 173 174 176 177 178 179 183 184 187 190 191 192 193 194 195 196 197 198 439 
20: 1 3 5 7 10 11 12 13 15 16 17 18 19 22 25 26 27 28 29 30 33 34 35 37 39 41 42 43 44 45 46 47 48 49 50 51 53 54 56 58 59 60 62 63 64 65 66 67 68 69 70 72 73 76 77 78 83 84 85 86 87 88 89 90 91 92 93 94 97 98 100 101 102 105 109 110 112 113 114 115 119 120 124 126 127 129 130 131 132 133 134 135 136 138 139 140 142 144 145 147 149 150 151 154 156 157 158 159 161 162 163 164 165 166 168 169 171 172 173 174 176 177 180 181 182 183 184 186 187 188 190 191 192 194 195 196 198 627 
21: 0 1 2 4 7 8 9 10 12 13 16 18 22 23 24 25 26 27 28 29 30 31 32 33 34 35 37 38 39 42 44 45 47 48 49 51 52 54 55 56 57 59 60 61 62 63 64 65 67 69 70 71 72 73 75 76 77 81 82 84 86 88 89 90 91 93 94 95 96 98 101 103 104 106 107 108 109 112 113 114 115 116 117 118 119 120 121 122 123 124 126 133 134 137 138 140 143 144 147 149 151 152 153 154 158 159 160 162 164 166 167 168 169 170 171 172 173 174 176 177 178 179 180 181 182 185 189 191 192 193 194 195 196 197 199 439 620 631 
22: 0 1 3 4 5 6 7 8 9 10 13 15 16 17 18 19 20 21 24 25 26 27 28 29 30 31 32 35 37 39 42 43 48 49 51 53 54 55 56 57 59 61 64 65 66 68 69 70 73 75 76 78 79 80 82 83 84 85 86 87 88 90 91 92 93 94 97 99 100 101 102 104 105 107 108 110 112 113 114 115 116 121 122 123 124 125 126 129 132 133 134 136 137 142 143 144 145 146 147 152 153 154 156 157 158 159 161 163 164 165 166 167 169 170 171 175 177 178 179 180 181 183 184 187 188 189 191 192 193 194 195 196 197 199 633 
23: 0 2 3 4 5 6 7 8 9 10 11 12 13 15 16 17 18 19 21 24 26 27 28 29 30 32 33 35 36 37 38 39 41 42 46 47 50 51 52 53 55 56 57 59 60 62 63 64 65 66 67 68 70 71 77 78 80 81 82 83 84 85 86 88 89 94 95 97 99 100 103 104 106 107 110 112 114 115 116 118 119 120 121 123 124 125 128 129 130 131 133 136 138 141 143 144 145 146 147 148 149 150 151 152 153 154 155 156 158 159 160 161 164 165 166 168 169 170 171 172 174 175 177 178 180 181 183 184 185 188 189 190 191 193 194 197 199 
24: 0 1 2 3 4 5 6 8 10 11 14 15 17 18 19 21 22 23 25 26 28 29 30 31 32 33 34 35 36 37 38 39 40 41 43 44 46 48 49 51 52 53 54 59 60 61 62 64 65 66 68 69 71 73 74 75 76 79 80 81 82 83 84 85 87 88 89 91 92 93 95 96 98 100 101 102 103 104 105 108 109 110 111 112 113 114 115 117 118 120 121 122 123 125 128 129 130 131 132 133 134 136 137 138 140 141 143 148 149 150 151 152 154 155 158 159 160 163 164 165 166 167 169 170 172 173 175 176 177 178 179 180 181 184 185 186 187 189 190 192 193 194 195 197 427 435 535 539 541 616 
25: 0 2 3 4 6 7 9 10 11 12 13 14 16 17 18 19 20 21 22 24 28 29 30 31 32 34 35 36 37 38 40 41 42 44 49 50 53 54 55 58 59 60 62 64 65 66 67 71 72 73 74 76 77 79 80 81 83 84 85 86 87 88 90 91 92 96 97 98 99 100 101 102 105 106 108 109 110 111 112 113 114 115 116 117 118 119 124 126 127 128 129 130 131 132 133 135 136 137 138 140 141 145 146 147 148 149 151 152 153 154 155 156 157 158 159 160 161 165 166 168 169 170 171 172 173 174 177 178 179 181 184 185 188 189 192 193 195 196 198 199 532 554 
26: 0 1 2 3 4 5 6 7 9 10 12 13 16 17 18 20 21 22 23 24 27 28 30 33 34 35 36 37 38 39 41 42 43 44 45 46 48 49 50 52 53 54 55 57 59 60 61 62 63 65 66 67 70 72 73 75 76 77 79 80 81 82 83 84 85 86 87 88 89 90 91 92 94 96 98 100 101 102 103 105 106 107 108 109 110 111 112 114 115 117 118 119 120 121 123 124 125 126 127 131 132 133 135 136 139 140 141 143 145 146 147 148 149 150 151 152 153 154 155 160 161 162 165 166 167 168 170 171 173 174 176 177 178 179 181 182 186 189 191 194 195 196 198 463 474 530 
27: 0 1 2 4 5 6 7 9 10 13 14 15 17 18 20 21 22 23 26 28 30 31 32 33 34 35 37 38 39 40 41 42 43 44 46 47 48 49 50 51 52 54 55 59 63 64 65 66 67 68 69 70 78 79 81 82 83 85 86 87 88 90 93 97 98 99 100 101 102 103 104 106 107 109 110 111 112 113 115 117 118 120 122 123 124 126 127 128 129 130 131 132 133 134 135 136 137 138 139 140 141 142 143 144 145 146 147 148 149 150 151 152 154 155 157 158 159 160 161 162 163 164 166 167 168 169 172 173 174 175 176 177 179 180 181 182 183 184 189 190 191 192 193 194 195 196 197 198 545 
28: 0 1 2 3 5 6 7 8 11 12 14 16 17 19 20 21 22 23 24 25 26 27 30 32 33 35 36 37 38 39 40 42 43 47 48 49 50 51 53 54 55 57 58 62 63 64 67 68 69 70 71 72 73 74 75 76 77 79 80 82 83 84 86 88 89 91 92 93 94 95 96 97 99 101 102 103 105 108 109 110 111 113 114 115 119 121 122 123 124 128 129 130 131 133 134 135 136 137 138 139 140 142 143 144 146 147 148 149 150 153 154 156 158 159 161 162 163 164 165 166 167 169 171 173 174 177 179 180 181 182 183 184 185 186 187 188 189 190 192 194 195 196 197 199 442 635 
29: 0 2 5 6 7 8 9 10 11 12 13 14 15 17 19 20 21 22 23 24 25 30 32 33 34 35 36 37 38 39 40 41 44 45 46 47 48 49 50 51 52 54 55 56 57 58 59 60 61 62 63 64 65 66 67 68 69 70 71 72 74 75 77 78 82 83 84 85 88 89 91 92 95 96 97 98 99 100 102 104 106 107 108 110 112 113 114 115 116 117 118 119 120 121 123 124 126 127 129 134 135 139 141 143 145 146 147 148 149 151 152 153 154 155 156 157 158 159 161 163 164 165 166 167 169 171 172 174 175 176 178 179 180 182 183 184 185 186 187 188 190 191 193 195 196 198 199 439 
30: 0 2 3 4 6 7 8 9 10 11 12 14 18 19 20 21 22 23 24 25 26 27 28 29 31 33 34 35 36 37 38 39 40 41 43 44 45 46 47 49 50 52 53 54 55 56 57 58 60 61 63 64 65 67 68 70 72 73 75 76 77 80 81 82 83 84 85 86 87 88 90 95 96 98 100 101 103 104 108 110 114 116 117 119 120 121 123 125 126 128 129 130 132 133 135 136 137 138 140 143 145 146 150 151 152 154 156 158 159 160 161 162 163 164 165 166 170 171 172 176 178 179 180 181 182 183 184 185 186 187 189 190 191 193 195 196 198 
31: 1 2 4 6 7 8 10 12 14 15 21 22 24 25 27 30 32 33 34 35 36 38 39 40 41 42 43 44 45 46 47 50 51 52 53 54 55 57 58 59 60 61 63 64 65 67 68 69 70 71 73 74 75 77 79 80 81 82 86 87 88 89 90 92 93 94 95 96 97 98 99 100 102 104 105 107 108 109 110 111 112 114 115 117 118 119 120 121 122 123 125 126 127 128 129 130 131 132 133 134 135 136 137 139 140 141 142 145 146 148 149 150 157 160 161 162 163 164 165 166 167 170 174 180 181 185 186 188 189 190 191 192 193 195 196 198 199 446 
32: 4 5 6 8 9 11 12 13 14 15 16 18 19 21 22 23 24 25 27 28 29 31 33 34 35 36 37 38 39 42 43 47 48 49 51 52 53 54 55 56 57 58 60 61 63 64 65 66 67 69 70 71 72 73 75 76 78 80 81 82 83 84 85 87 89 90 91 92 93 94 95 97 98 100 102 103 104 106 107 109 110 112 113 115 116 119 120 121 122 125 127 128 130 131 132 134 135 136 137 139 140 141 142 145 146 147 148 149 151 152 154 155 156 157 158 159 161 162 163 164 166 167 168 169 170 171 172 173 174 175 176 177 178 179 182 183 184 185 186 187 188 189 191 193 194 195 196 197 198 199 
33: 1 2 4 5 6 7 8 9 11 12 13 14 16 17 19 20 21 23 24 26 27 28 29 30 31 32 34 35 36 37 38 40 43 45 46 48 49 50 51 55 56 57 59 60 61 62 63 64 68 69 70 71 72 73 74 75 76 77 78 79 80 83 86 87 89 91 92 97 100 102 104 105 106 108 109 112 113 114 115 116 117 118 119 120 121 123 124 125 126 127 128 129 130 131 133 134 135 136 137 138 140 143 144 145 146 147 148 149 150 151 152 153 155 156 157 158 159 160 161 163 164 166 167 168 169 171 172 173 177 178 179 181 182 184 185 188 189 190 192 193 194 197 198 199 616 631 
34: 1 2 3 4 7 8 9 10 12 13 14 15 16 18 20 21 24 25 26 27 29 30 31 32 33 36 37 38 41 42 43 49 50 51 52 53 54 55 59 60 61 62 63 64 65 66 67 69 70 71 73 75 76 78 79 80 81 82 84 85 86 87 88 90 91 92 93 94 97 99 100 101 102 103 104 105 106 107 108 109 110 112 113 115 116 117 118 119 121 122 123 124 125 126 128 129 130 131 132 133 134 137 138 139 140 141 143 144 145 146 147 148 153 155 157 158 159 161 162 163 166 168 169 170 171 172 173 174 175 177 178 179 181 182 183 184 187 190 192 193 194 195 196 199 559 
35: 1 2 3 5 6 8 9 10 11 12 16 18 20 21 22 23 24 25 26 27 28 29 30 31 32 33 36 37 38 39 40 41 43 47 48 50 52 53 56 57 59 60 61 62 63 64 67 68 69 70 71 72 73 74 75 77 79 80 81 82 85 86 88 89 91 92 93 94 95 96 97 99 101 102 104 105 106 107 108 109 110 111 112 113 114 116 117 120 122 123 124 127 128 129 130 132 133 135 136 137 138 139 141 143 144 145 148 150 152 153 155 158 159 163 164 166 167 168 169 170 173 175 176 177 178 179 180 181 182 183 186 187 188 189 190 192 193 194 195 198 199 629 631 
36: 1 2 3 4 5 6 8 9 10 11 12 15 16 17 18 19 23 24 25 26 28 29 30 31 32 33 34 35 37 38 39 40 41 42 43 45 47 48 49 51 53 55 59 60 63 64 65 66 67 69 70 73 74 76 77 78 79 80 82 83 84 85 86 87 88 90 91 92 94 95 96 97 101 102 104 105 106 108 109 110 112 113 114 115 116 117 119 120 121 122 123 125 126 127 129 130 131 132 133 134 135 136 137 138 139 140 141 142 143 146 148 149 151 152 154 155 156 157 158 159 161 162 163 166 169 171 173 175 176 179 180 181 184 185 187 189 192 193 194 195 196 197 198 199 616 
37: 2 3 4 6 8 9 10 13 14 15 17 18 19 20 21 22 23 24 25 26 27 28 29 30 32 33 34 35 36 38 39 40 41 43 44 46 47 49 50 51 52 53 54 55 57 59 60 61 62 64 66 67 68 70 71 74 75 76 77 78 80 83 90 91 92 93 95 96 97 98 99 100 101 102 103 105 106 107 109 110 111 113 115 117 120 121 122 123 124 125 127 128 129 130 131 132 133 135 136 137 138 140 141 142 144 145 146 147 148 149 154 156 157 158 159 160 161 163 164 165 166 167 168 169 170 171 173 175 176 177 178 179 180 182 183 184 187 188 191 192 194 196 197 427 432 489 545 547 
38: 0 2 4 6 9 10 11 14 15 16 17 19 21 23 24 25 26 27 28 29 30 31 32 33 34 35 36 37 42 43 44 47 48 51 53 54 55 56 57 58 59 60 61 63 64 65 66 67 69 70 71 72 74 75 76 77 78 79 80 81 82 83 84 85 86 87 88 89 90 92 93 94 95 96 98 100 101 102 104 106 109 111 112 113 114 115 116 117 118 119 120 121 122 124 126 127 129 130 131 134 135 137 139 143 144 148 149 150 152 153 154 155 156 157 159 160 161 162 163 166 169 171 172 173 176 177 178 179 181 182 186 187 189 190 191 193 195 196 197 198 199 531 532 
39: 0 1 5 7 10 12 13 14 15 16 17 18 19 20 21 22 23 24 26 27 28 29 30 31 32 35 36 37 40 41 42 43 44 45 48 51 52 53 54 55 56 58 60 61 62 63 64 66 67 68 71 72 73 74 75 77 81 82 83 86 88 93 94 95 96 98 99 100 102 103 104 105 106 108 110 111 112 113 114 118 119 120 121 122 124 125 126 127 128 129 130 131 132 133 136 137 139 141 142 143 144 145 149 150 151 152 153 154 155 158 160 161 162 163 166 167 168 170 171 172 173 174 175 176 177 178 179 182 184 185 186 187 188 189 190 191 192 194 195 196 197 198 
40: 1 2 5 6 9 11 12 13 14 16 17 18 19 24 25 27 28 29 30 31 33 35 36 37 39 41 43 45 46 47 48 49 52 53 56 57 58 60 61 62 63 64 65 67 69 70 71 72 74 75 77 78 79 80 82 83 86 87 90 91 92 93 94 96 97 98 100 101 102 103 104 105 106 107 108 109 110 111 112 114 115 116 117 118 119 120 121 122 123 124 125 126 127 128 129 130 131 136 137 138 139 140 141 145 147 148 150 151 152 154 156 157 158 161 162 163 165 166 168 169 170 171 172 173 174 176 177 178 179 180 181 183 184 185 188 189 190 191 192 193 194 195 196 197 198 199 
41: 0 2 3 4 5 6 7 10 11 13 14 16 17 18 19 20 23 24 25 26 27 29 30 31 34 35 36 37 39 40 45 46 47 48 50 53 54 55 56 58 59 60 62 64 66 67 68 69 71 74 75 76 77 79 80 81 82 83 84 89 90 91 92 94 96 100 102 103 104 105 106 107 108 109 110 112 113 116 117 118 119 120 125 127 128 129 130 131 132 133 135 136 138 139 140 142 143 144 146 148 149 150 151 153 154 155 158 159 161 162 163 165 166 167 170 171 172 173 175 176 177 178 179 180 182 183 184 185 186 188 189 191 192 193 195 196 197 199 424 552 
42: 2 3 4 5 6 8 10 14 16 17 19 20 21 22 23 25 26 27 28 31 32 34 36 38 39 43 45 46 47 49 50 51 52 53 54 55 56 57 59 60 61 63 64 65 66 67 69 71 73 74 75 76 77 78 79 80 81 82 83 84 86 87 88 92 93 94 96 97 99 100 102 103 105 109 110 112 113 114 115 116 117 118 119 120 122 123 124 125 126 127 128 129 130 131 132 133 134 136 137 138 139 140 141 142 143 144 147 149 150 151 153 154 155 156 159 161 162 163 164 166 168 169 171 172 173 174 175 176 177 178 183 184 185 186 187 189 190 191 192 193 194 195 196 639 
43: 1 2 3 4 5 6 7 8 9 11 12 15 17 18 20 22 24 26 27 28 30 31 32 33 34 35 36 37 38 39 40 42 44 45 46 48 49 51 53 54 56 57 58 59 60 61 62 63 64 65 66 67 70 71 72 73 74 75 76 77 80 81 83 85 90 92 93 94 95 97 104 107 108 109 112 113 114 115 116 118 119 120 121 122 123 124 125 126 127 128 130 131 132 135 136 137 138 141 142 143 145 147 148 149 150 152 153 154 155 156 158 163 164 165 166 167 168 169 170 171 173 174 175 176 177 178 179 180 181 183 184 185 186 187 188 189 190 191 193 195 196 198 199 447 485 549 614 
44: 0 1 2 3 4 5 6 9 10 11 12 13 14 16 17 19 20 21 24 25 26 27 29 30 31 37 38 39 43 45 46 47 48 49 50 51 52 53 54 55 57 59 60 62 65 67 69 72 73 74 75 76 77 78 80 81 82 85 86 87 88 90 91 92 94 98 99 102 103 105 106 107 108 109 110 111 113 114 117 119 121 122 125 127 128 129 132 133 134 135 136 137 138 142 144 147 149 150 151 153 154 155 157 158 159 161 162 164 166 168 170 171 172 173 174 175 177 179 180 183 184 185 187 189 190 192 194 195 198 199 626 
45: 0 1 4 7 9 10 13 14 15 16 18 19 20 21 26 29 30 31 33 36 39 40 41 42 43 44 46 48 51 52 54 55 56 58 59 60 63 64 65 66 67 68 70 71 72 73 75 76 77 78 79 81 82 83 84 85 86 87 88 89 90 93 94 95 96 98 99 100 101 102 103 109 110 111 114 115 118 120 121 122 123 127 128 129 130 131 132 133 134 135 137 139 141 142 143 144 145 147 148 149 150 151 152 153 154 156 157 158 159 161 162 164 165 167 168 169 170 171 172 174 175 176 177 178 179 180 181 182 183 185 187 188 189 190 191 192 194 196 197 198 199 
46: 0 1 2 4 5 6 7 8 9 10 11 13 14 15 16 18 19 20 23 24 26 27 29 30 31 33 37 40 41 42 43 44 45 47 49 51 52 53 54 55 57 58 59 60 62 64 67 68 69 71 72 73 75 76 77 78 80 81 82 83 84 85 86 88 89 90 92 93 94 95 96 97 99 100 101 104 105 108 110 112 113 117 118 120 121 122 123 124 126 127 128 129 132 133 134 135 140 142 144 146 147 148 149 151 156 159 160 161 162 164 166 167 169 170 171 172 173 174 175 177 179 180 183 185 188 191 192 195 196 197 199 
47: 0 1 2 4 5 6 8 9 10 11 12 14 15 16 17 19 20 21 23 27 28 29 30 31 32 35 36 37 38 40 41 42 44 46 48 49 50 51 52 54 56 58 59 60 61 62 65 73 74 76 77 78 80 82 83 84 85 86 87 88 90 92 93 95 96 100 101 103 105 106 107 109 110 111 112 113 114 116 117 118 119 120 123 124 125 127 128 131 132 133 134 135 136 137 141 142 144 146 147 148 149 151 153 154 162 163 164 165 166 168 169 171 172 174 175 176 177 178 179 180 183 185 186 187 188 190 191 192 193 197 198 199 414 420 482 532 636 
48: 0 1 3 4 5 6 7 8 9 11 14 15 16 18 19 20 21 22 24 26 27 28 29 32 33 35 36 38 39 40 41 43 44 45 47 49 50 51 52 55 56 59 60 61 63 65 68 70 72 73 74 75 76 77 79 81 84 86 87 88 90 92 93 94 95 96 97 98 99 100 102 103 105 106 107 108 109 110 112 114 115 116 118 119 120 121 122 124 126 127 128 129 130 131 133 134 135 137 139 140 141 142 143 144 145 146 147 148 149 153 156 157 158 160 161 162 164 165 166 168 169 170 172 173 174 176 178 180 182 183 184 185 186 187 188 190 192 193 194 195 196 197 198 199 530 
49: 1 2 3 4 5 6 8 9 10 12 14 16 17 18 19 20 21 22 24 25 26 27 28 29 30 32 33 34 36 37 40 42 43 44 46 47 48 50 51 52 54 56 59 60 62 65 66 68 69 70 73 74 75 76 78 79 81 83 84 85 86 87 88 89 90 91 92 95 97 98 100 101 102 103 104 105 106 107 108 109 111 117 118 120 123 125 127 129 130 132 133 134 136 137 138 140 141 142 144 145 147 149 151 152 154 155 156 157 158 159 160 161 162 163 166 167 168 169 171 172 174 175 176 178 180 182 183 185 187 188 189 190 191 192 194 195 196 199 
50: 2 5 6 9 12 13 14 15 16 18 19 20 23 25 26 27 28 29 30 31 33 34 35 37 41 42 44 47 48 49 52 54 55 56 57 61 64 66 67 68 69 70 72 73 74 75 76 77 79 80 82 83 84 85 86 87 88 89 90 92 93 94 95 96 97 99 100 101 102 103 104 105 106 107 108 110 111 112 113 115 116 117 118 119 120 123 124 125 128 129 132 134 135 136 137 138 140 141 143 144 146 147 148 149 150 151 152 154 155 156 157 160 162 165 166 168 169 172 173 174 175 177 181 182 183 184 185 187 188 189 191 192 193 195 197 198 199 420 539 564 
51: 0 2 4 5 6 8 9 10 12 14 16 17 18 19 20 21 22 23 24 27 28 29 31 32 33 34 36 37 38 39 42 43 44 45 46 47 48 49 52 53 55 56 58 59 60 61 62 63 64 67 68 69 70 71 72 73 74 76 78 80 81 82 84 86 87 88 89 90 92 94 95 96 97 98 99 101 103 104 105 106 107 110 111 112 113 114 115 116 117 118 120 121 123 124 126 127 128 129 132 133 134 135 138 139 141 144 146 148 149 151 152 153 154 155 157 160 161 162 163 165 169 170 171 172 173 174 175 176 177 178 179 181 182 184 185 187 189 190 191 192 193 194 195 196 197 198 199 449 
52: 0 3 4 5 6 7 8 9 11 12 13 17 19 21 23 24 26 27 29 30 31 32 34 35 37 39 40 42 44 45 46 47 48 49 50 51 53 54 58 60 62 63 64 65 66 68 69 70 71 72 73 74 75 76 77 79 80 82 84 86 88 90 91 93 95 97 98 99 100 101 104 105 108 109 110 111 112 113 115 116 117 118 119 121 122 123 126 127 129 130 132 134 135 138 139 141 142 145 147 150 151 152 154 158 159 160 162 163 164 165 167 168 169 170 173 174 175 176 181 184 185 187 192 194 195 196 199 447 568 
53: 1 2 3 4 5 6 7 8 9 10 11 14 15 16 17 18 19 20 22 23 24 25 26 28 30 31 32 34 35 36 37 38 39 40 41 42 43 44 46 51 52 54 55 56 58 59 63 64 65 66 67 69 70 71 72 74 75 77 79 80 82 83 84 85 86 87 88 89 90 91 92 94 96 98 99 101 102 103 104 106 107 108 109 111 112 113 114 115 116 117 118 120 124 125 128 129 131 132 134 135 137 138 139 140 142 143 145 146 149 151 152 153 154 155 156 159 160 161 162 163 165 166 167 169 170 171 172 173 175 176 178 179 180 182 183 185 186 187 188 189 190 192 195 196 197 198 199 
54: 1 2 3 4 6 7 8 10 11 12 14 16 17 20 21 22 24 25 26 27 28 29 30 31 32 34 37 38 39 41 42 43 44 45 46 47 49 50 52 53 56 57 58 60 61 63 64 65 66 67 69 70 72 73 74 75 76 78 79 82 83 85 86 87 90 91 93 94 96 97 99 101 102 105 107 108 112 113 114 115 118 119 120 121 124 125 126 127 128 130 131 132 134 135 136 137 138 139 140 141 142 143 144 147 149 151 156 157 158 159 161 162 163 164 165 166 167 172 173 175 176 177 178 179 181 183 184 185 186 187 188 190 191 192 195 196 197 198 199 566 
55: 0 1 2 3 4 6 7 8 10 12 13 15 16 17 18 21 22 23 25 26 27 28 29 30 31 32 33 34 36 37 38 39 41 42 44 45 46 48 50 51 53 56 58 59 61 62 64 65 66 70 71 73 74 75 76 78 79 80 83 84 85 86 87 89 90 91 92 93 94 96 98 99 101 102 103 104 106 107 109 111 112 113 114 115 116 117 119 120 124 126 128 129 130 131 132 133 134 136 138 139 140 141 142 143 144 145 146 148 151 155 156 157 158 159 160 163 164 165 167 168 169 172 174 175 176 178 181 183 185 187 188 189 192 193 194 195 196 198 199 418 427 470 
56: 1 2 3 7 8 10 12 13 14 15 16 17 18 19 20 21 22 23 29 30 32 33 35 38 39 40 41 42 43 45 47 48 49 50 51 53 54 55 58 59 60 63 66 67 69 71 72 74 76 77 78 79 80 81 82 83 85 86 87 88 89 90 91 92 93 96 97 98 100 101 102 104 105 106 108 110 111 113 116 117 118 120 121 122 124 125 126 127 128 129 130 132 133 135 139 140 141 142 144 145 146 147 149 150 151 152 153 154 155 157 158 159 161 163 165 166 167 168 169 170 171 173 174 176 177 179 181 182 183 184 185 187 188 189 190 191 192 193 194 195 197 198 199 
57: 2 3 6 8 9 10 11 12 13 14 15 16 17 19 21 22 23 26 28 29 30 31 32 33 35 37 38 40 42 43 44 46 50 54 59 60 61 62 63 64 65 68 69 70 73 74 75 78 79 80 81 82 83 87 88 89 90 91 93 94 95 96 97 98 99 100 102 103 108 110 112 113 115 116 118 121 124 127 128 129 131 132 134 135 136 137 141 142 144 145 148 149 150 151 152 153 154 155 157 158 159 161 163 165 168 171 173 174 175 177 178 179 180 183 185 187 188 189 190 191 192 193 195 197 199 449 
58: 1 2 4 6 10 11 14 15 16 17 19 20 25 28 29 30 31 32 38 39 40 41 43 45 46 47 51 52 53 54 55 56 59 60 61 62 64 65 68 69 70 73 74 78 80 81 82 83 84 85 87 88 89 90 92 93 94 95 96 98 100 101 105 107 110 111 113 114 115 117 118 120 122 123 125 126 127 130 131 133 136 137 138 139 140 141 143 144 145 146 148 149 152 153 154 156 158 159 161 162 164 165 166 167 169 170 171 172 173 175 176 177 180 181 183 184 185 186 187 188 189 190 191 192 195 196 197 198 199 421 457 614 
59: 0 1 2 3 8 9 10 11 12 13 14 15 18 19 20 21 22 23 24 25 26 27 29 31 33 34 35 36 37 38 41 42 43 44 45 46 47 48 49 51 53 55 56 57 58 61 62 63 66 67 68 69 71 72 73 74 76 78 80 81 82 83 84 86 87 89 91 92 94 95 100 101 102 103 104 105 106 109 110 111 113 114 115 116 118 119 120 121 122 123 124 126 127 128 129 130 131 135 136 137 140 144 146 150 151 153 155 156 157 158 159 161 162 163 165 166 168 169 171 173 174 175 176 177 178 179 181 182 183 184 186 187 190 191 192 193 194 195 198 559 610 
60: 1 2 3 4 5 6 7 9 10 11 12 13 14 15 17 18 19 20 21 23 24 25 26 29 30 31 32 33 34 35 36 37 38 39 40 41 42 43 44 45 46 47 48 49 51 52 54 56 57 58 61 62 64 65 66 67 68 69 71 72 73 74 75 77 78 79 82 83 84 85 87 88 89 90 91 92 93 94 95 96 99 100 101 102 103 104 106 108 110 111 113 114 115 118 119 120 121 124 126 127 128 129 130 131 134 135 136 138 139 142 143 144 145 146 147 149 151 152 153 154 155 156 157 158 159 160 161 163 164 166 168 171 172 173 175 176 177 178 179 180 181 182 183 184 186 187 190 192 194 195 197 
61: 0 1 2 4 6 7 8 9 11 12 14 16 17 18 21 22 24 26 29 30 31 32 33 34 35 37 38 39 40 42 43 47 48 50 51 54 55 57 58 59 60 62 63 65 66 67 69 70 72 73 74 76 77 78 79 80 81 83 84 85 86 87 90 92 93 94 95 97 100 101 102 103 104 105 108 109 110 111 113 114 115 116 117 119 120 121 123 124 126 127 128 130 131 132 133 134 136 139 140 141 142 143 144 145 146 147 148 150 151 152 153 155 157 158 160 162 164 168 169 170 172 173 174 176 177 178 179 181 182 183 184 185 186 187 188 189 190 191 193 194 195 196 197 198 199 545 629 633 
62: 0 1 2 5 12 13 14 15 16 18 20 21 23 24 25 26 28 29 33 34 35 37 39 40 41 43 44 46 47 49 51 52 55 57 58 59 60 61 64 65 66 67 68 69 70 71 72 73 76 77 79 81 82 83 84 85 86 88 89 90 91 96 97 98 99 105 106 107 109 110 111 112 113 114 115 116 118 119 122 123 125 127 130 131 132 133 134 135 136 139 140 142 143 144 145 146 147 148 151 152 154 157 158 161 163 166 167 168 169 170 173 174 175 176 177 178 181 182 183 185 186 187 188 189 190 191 192 193 194 195 196 197 198 476 628 
63: 1 3 4 5 7 8 9 10 11 12 13 14 16 17 20 21 23 26 27 28 29 30 31 32 33 34 35 36 38 39 40 42 43 45 48 51 52 53 54 56 57 59 61 65 66 67 70 72 73 74 78 79 80 81 83 84 85 87 90 93 94 96 97 100 101 102 103 104 106 108 109 111 112 113 114 115 116 117 119 120 122 124 126 127 128 129 132 133 134 136 137 140 141 142 143 144 146 148 149 150 152 153 154 155 156 160 162 163 164 165 166 169 170 171 172 173 174 175 176 179 180 181 184 185 186 187 188 190 191 193 196 197 198 199 425 559 
64: 0 2 3 4 6 9 10 12 14 15 16 17 18 19 20 21 22 23 24 25 27 28 29 30 31 32 33 34 35 36 37 38 39 40 41 42 43 45 46 50 51 52 53 54 55 57 58 60 62 66 67 70 72 73 74 75 76 78 80 82 85 86 87 89 90 91 92 93 94 96 97 99 100 101 102 103 104 105 107 109 110 112 113 114 115 116 117 118 123 124 125 127 128 129 131 133 134 135 137 139 140 142 143 144 145 147 148 149 150 151 152 153 155 156 157 158 159 160 162 164 165 166 167 168 170 172 174 175 176 177 178 179 180 181 182 184 185 186 187 188 192 193 194 196 197 411 441 559 
65: 0 2 3 4 6 7 12 13 16 17 18 19 20 21 22 23 24 25 26 27 29 30 31 32 34 36 38 40 42 43 44 45 47 48 49 52 53 54 55 57 58 60 61 62 63 66 67 68 70 72 76 77 79 80 81 82 83 85 86 87 88 91 93 95 96 97 98 99 102 103 105 106 107 108 110 111 113 115 116 117 118 119 120 121 124 125 126 128 130 131 133 134 137 138 139 140 141 142 144 148 149 150 151 153 154 155 156 158 159 160 161 162 165 166 167 169 174 176 177 178 179 181 182 183 184 185 186 188 189 190 191 192 193 194 195 196 197 198 566 
66: 1 4 5 6 8 9 10 13 19 20 22 23 24 25 26 27 29 32 34 36 37 38 39 41 42 43 45 49 50 52 53 54 55 56 59 60 61 62 63 64 65 67 68 69 70 71 72 73 74 75 76 77 78 79 80 83 84 85 86 87 88 89 90 91 92 93 94 95 96 97 98 99 100 101 102 103 107 108 110 112 113 115 116 117 119 120 121 124 125 126 127 129 131 134 136 137 138 139 140 142 143 146 148 149 150 151 154 155 156 157 158 159 161 162 163 164 165 167 168 169 170 171 172 173 175 178 179 180 181 182 183 184 187 188 190 191 192 193 195 196 197 199 540 568 
67: 0 4 5 6 7 11 12 14 16 20 21 23 25 26 27 28 29 30 31 32 34 35 36 37 38 39 40 41 42 43 44 45 46 50 51 53 54 56 59 60 61 62 63 64 65 66 68 69 70 72 74 75 78 80 81 82 83 85 87 89 90 91 93 94 95 96 97 98 99 100 101 104 105 106 107 108 110 111 112 114 115 116 120 123 124 125 126 127 129 130 131 134 135 136 138 139 140 141 142 144 145 147 148 154 155 156 157 158 159 160 161 162 163 164 165 166 168 169 171 172 175 176 179 180 181 182 184 185 186 188 189 191 192 193 194 196 197 198 199 
68: 0 2 3 4 6 8 9 10 11 12 18 19 20 22 23 24 27 28 29 30 31 33 35 37 39 41 45 46 48 49 50 51 52 57 58 59 60 62 65 66 67 71 72 73 74 75 76 77 78 79 81 83 84 85 86 87 88 89 91 95 96 97 99 100 103 104 105 106 107 108 109 110 111 112 113 114 115 117 119 121 122 123 124 125 126 131 132 134 135 136 137 138 139 140 141 143 144 145 146 148 149 150 151 152 153 154 156 157 159 161 163 164 165 167 168 169 170 171 173 180 181 184 186 187 188 189 191 192 193 195 196 197 198 556 
69: 0 1 2 4 5 7 8 10 12 14 16 17 20 21 22 24 27 28 29 31 32 33 34 35 36 38 40 41 42 44 46 49 50 51 52 53 54 56 57 58 59 60 61 62 66 67 70 71 72 73 74 75 76 77 78 80 81 82 83 84 85 89 90 91 92 95 96 99 100 101 102 103 104 105 106 107 108 109 110 112 114 115 117 118 119 122 123 125 126 128 129 130 131 132 133 134 135 136 137 140 141 142 143 144 145 147 148 149 150 152 154 156 157 158 159 160 161 162 163 167 168 169 170 172 173 175 176 177 178 181 183 185 186 187 188 189 190 191 192 193 195 196 198 199 483 
70: 0 1 4 5 8 10 11 12 13 14 15 16 19 20 21 22 23 26 27 28 29 30 31 32 33 34 35 36 37 38 40 43 45 48 49 50 51 52 53 54 55 57 58 61 62 63 64 65 66 67 69 71 72 75 76 78 79 80 81 84 85 86 87 88 89 90 91 92 95 96 97 99 100 101 102 103 108 109 110 111 112 113 114 115 117 119 120 122 123 124 125 126 127 128 129 130 131 132 133 134 135 136 137 138 139 141 146 147 153 154 155 156 157 159 160 161 162 164 165 166 167 168 169 170 172 175 177 179 180 182 183 184 185 186 187 188 189 190 191 192 195 197 198 199 632 
71: 0 1 2 3 4 5 6 7 9 10 12 13 14 15 16 17 18 19 21 23 24 25 28 29 31 32 33 34 35 37 38 39 40 41 42 43 45 46 51 52 53 55 56 59 60 62 66 68 69 70 73 74 75 80 81 82 84 87 90 91 94 95 97 98 100 101 102 104 106 108 109 110 111 112 113 114 115 116 117 118 120 121 122 123 125 126 127 128 129 131 132 133 134 138 139 140 141 142 143 144 145 146 147 149 151 152 153 154 155 156 157 158 160 161 162 163 165 166 167 169 171 172 174 176 177 178 179 180 181 182 183 185 188 190 191 192 194 195 196 197 198 199 487 533 
72: 1 2 3 5 7 9 10 11 12 13 15 16 17 19 20 21 25 26 28 29 30 32 33 35 38 39 40 43 44 45 46 48 50 51 52 53 54 56 59 60 61 62 63 64 65 66 67 68 69 70 73 76 77 78 80 81 82 83 84 85 87 88 89 90 92 93 94 95 96 97 98 100 101 103 104 105 106 107 110 111 112 113 115 117 118 120 121 122 127 129 130 131 132 133 135 136 138 140 141 142 143 144 145 146 147 148 149 150 152 153 154 155 157 158 161 162 165 166 167 168 169 170 171 173 174 175 176 177 179 181 183 187 188 189 190 191 192 193 194 195 
73: 2 5 6 9 10 11 12 13 15 17 19 20 21 22 24 25 26 28 30 31 32 33 34 35 36 39 42 43 44 45 46 47 48 49 50 51 52 54 55 57 58 59 60 61 62 63 64 66 68 69 71 72 74 75 76 77 78 79 80 81 82 83 84 85 86 87 88 90 91 92 93 94 95 97 98 99 101 102 103 105 106 108 109 114 115 116 118 120 121 122 123 124 125 126 127 129 130 132 133 134 135 136 138 139 140 141 142 143 144 145 146 148 150 151 152 153 154 155 157 158 159 160 161 162 163 164 165 166 167 170 171 172 178 180 181 182 184 186 187 188 189 191 192 193 195 196 197 198 
74: 0 1 2 3 4 5 6 7 8 9 11 12 13 15 16 17 24 25 28 29 31 33 35 36 37 38 39 40 41 42 43 44 47 48 49 50 51 52 53 54 55 56 57 58 59 60 61 63 64 66 67 68 69 71 73 75 76 77 79 81 82 84 85 87 88 90 91 92 93 96 97 98 99 100 101 102 103 104 105 106 107 109 110 112 113 114 116 117 118 119 120 121 122 123 124 125 126 128 129 130 131 132 133 134 135 136 137 138 139 140 141 142 143 145 146 147 149 150 151 152 156 159 160 161 162 163 164 165 166 168 170 171 172 173 174 175 176 177 178 181 182 183 184 185 191 195 196 198 199 632 
75: 0 3 4 9 11 12 14 16 18 19 21 22 24 26 28 29 30 31 32 33 34 35 37 38 39 40 41 42 43 44 45 46 48 49 50 52 53 54 55 57 60 64 66 67 68 69 70 71 73 74 77 79 80 84 85 86 87 88 89 90 91 94 95 96 97 98 99 102 103 104 106 108 110 111 112 113 114 115 116 117 118 119 120 121 124 125 127 128 129 130 131 132 133 134 135 136 137 138 139 141 142 143 145 146 147 148 152 153 154 155 158 159 160 161 163 164 165 166 167 168 169 170 171 172 173 174 176 177 178 180 181 185 186 187 189 190 191 192 193 195 196 197 198 199 420 448 
76: 0 1 4 5 7 8 9 10 11 12 13 14 15 16 17 18 19 20 21 22 24 25 26 28 30 32 33 34 36 37 38 41 42 43 44 45 46 47 48 49 50 51 52 54 55 56 59 61 62 64 65 66 68 69 70 72 73 74 78 79 82 85 87 89 90 91 92 94 96 100 102 103 104 105 107 108 109 110 111 112 113 114 115 116 121 123 124 126 127 129 130 132 133 135 137 138 139 140 141 142 143 144 145 146 148 150 151 152 153 154 155 156 157 158 159 160 161 162 163 164 165 167 168 169 170 171 173 175 178 181 184 185 187 188 190 191 192 193 194 195 196 197 198 199 472 
77: 0 1 2 4 5 7 8 10 11 12 13 14 15 16 17 19 20 21 23 25 26 28 29 30 31 33 35 36 37 38 39 40 41 42 43 44 45 46 47 48 50 52 53 56 60 61 62 65 66 68 69 72 73 74 75 78 79 80 83 85 86 87 88 90 91 92 93 94 95 96 99 100 102 103 105 106 107 108 109 110 111 113 114 115 116 118 120 121 122 123 125 127 128 129 130 132 133 135 137 138 139 140 141 142 143 144 145 147 148 150 151 153 154 155 156 157 159 160 161 162 164 165 166 168 170 172 173 174 177 178 179 181 182 183 184 186 187 188 189 191 192 194 196 197 198 199 417 449 478 639 
78: 2 3 4 6 8 10 11 12 13 14 16 17 19 20 22 23 27 29 32 33 34 36 37 38 40 42 44 45 46 47 49 51 54 55 56 57 58 59 60 61 63 64 66 67 68 69 70 72 73 76 77 79 80 82 83 84 85 87 88 92 94 96 97 98 99 100 101 102 105 107 108 110 111 112 113 115 116 117 118 119 121 122 124 128 129 131 133 136 138 140 141 142 143 144 145 148 150 151 152 153 154 155 156 157 159 160 165 167 168 169 170 171 172 173 174 175 176 177 178 179 180 182 187 188 189 191 192 194 196 199 436 448 
79: 0 1 2 3 4 5 6 8 9 11 12 13 14 15 16 17 22 24 25 26 27 28 31 33 34 35 36 38 40 41 42 45 48 49 50 52 53 54 55 56 57 60 61 62 63 65 66 68 70 73 74 75 76 77 78 80 83 84 85 87 88 91 92 93 95 96 97 98 99 100 101 102 103 105 106 107 108 109 110 111 112 113 114 115 117 119 120 121 122 124 127 128 129 131 132 133 134 136 137 138 139 140 141 142 144 145 146 147 148 149 150 151 152 154 156 157 158 159 160 161 163 164 165 167 168 173 174 175 176 177 179 180 181 184 187 188 189 192 193 195 196 197 198 478 
80: 0 2 3 4 5 6 7 8 9 10 12 14 15 16 18 22 23 24 25 26 28 30 31 32 33 34 35 36 37 38 40 41 42 43 44 46 47 50 51 52 53 55 56 57 58 59 61 63 64 65 66 67 69 70 71 72 73 75 77 78 79 82 83 84 85 87 88 89 90 91 93 94 95 96 97 98 99 100 101 103 105 107 108 109 110 112 113 114 115 116 117 118 119 120 121 122 123 124 125 126 127 128 129 130 131 132 139 141 142 143 144 148 150 151 153 154 155 156 158 159 160 161 162 163 164 165 167 168 169 172 174 175 176 177 180 181 183 185 188 189 191 192 194 197 558 
81: 1 2 5 6 7 8 9 10 11 12 13 18 19 21 23 24 25 26 27 30 31 32 34 35 38 39 41 42 43 44 45 46 48 49 51 56 57 58 59 61 62 63 65 67 68 69 70 71 72 73 74 82 83 85 86 87 89 90 91 92 94 95 96 98 99 100 101 103 104 105 106 107 108 109 114 116 117 118 119 120 122 123 124 125 126 130 131 132 133 134 135 136 137 138 139 140 141 145 146 148 149 151 152 153 154 155 156 157 158 159 160 161 163 164 165 169 170 171 173 175 176 177 180 184 185 187 188 189 190 191 192 193 194 196 197 198 530 
82: 0 4 5 6 7 9 10 11 12 14 15 17 19 21 22 23 24 26 27 28 29 30 31 32 34 35 36 38 39 40 41 42 44 45 46 47 50 51 52 53 54 56 57 58 59 60 62 64 65 67 69 71 72 73 74 76 78 80 81 83 85 87 88 90 91 92 94 95 96 97 98 100 101 103 105 108 109 110 112 113 114 115 116 117 119 120 121 122 125 128 129 130 131 132 133 134 135 138 139 142 148 149 152 155 156 157 158 159 160 162 163 164 165 167 168 170 171 172 174 175 176 178 179 180 182 185 188 189 190 191 192 193 194 196 198 569 
83: 1 2 5 6 9 10 11 12 13 14 16 19 20 22 23 24 25 26 27 28 29 30 32 33 36 37 38 39 40 41 42 43 45 46 47 49 50 53 54 55 56 57 58 59 60 61 62 63 65 66 67 68 69 72 73 77 78 79 80 81 82 84 85 89 92 93 94 96 97 99 102 103 104 105 107 109 111 112 113 114 115 116 118 119 120 123 125 127 128 129 130 131 132 133 134 135 136 137 139 141 142 143 144 145 147 148 149 150 152 153 154 156 158 159 160 164 165 166 167 169 171 172 173 175 179 180 181 182 183 184 185 186 187 188 189 191 192 194 195 196 197 198 199 633 
84: 1 2 3 4 7 8 10 11 12 13 14 15 16 17 18 19 20 21 22 23 24 25 26 28 29 30 32 34 36 38 41 42 45 46 47 48 49 50 51 52 53 55 58 59 60 61 62 63 66 68 69 70 71 72 73 74 75 78 79 80 83 85 86 87 88 89 90 92 93 95 98 99 100 101 102 103 104 105 106 108 109 112 113 114 115 116 117 118 121 122 123 129 131 132 133 134 135 138 140 141 142 143 145 146 147 148 151 152 153 154 157 158 159 160 161 163 164 165 166 167 168 169 170 171 174 175 176 177 178 179 180 183 184 185 186 187 188 189 191 194 195 196 197 198 199 
85: 1 8 9 11 12 13 18 19 20 22 23 24 25 26 27 29 30 32 34 35 36 38 43 44 45 46 47 49 50 53 54 55 56 58 60 61 62 63 64 65 66 67 68 69 70 72 73 74 75 76 77 78 79 80 81 82 83 84 87 88 89 90 91 93 94 95 96 97 98 100 101 104 108 109 110 112 113 114 116 117 118 119 120 121 122 125 126 128 130 131 132 133 134 135 136 137 138 139 140 141 142 144 145 147 148 149 151 152 153 154 158 159 160 161 162 163 164 165 166 168 169 170 171 173 174 175 176 177 180 185 186 187 188 190 191 192 193 194 195 196 198 199 629 
86: 0 1 2 4 7 9 10 11 12 13 14 15 16 18 19 20 21 22 23 25 26 27 28 30 31 33 34 35 36 38 39 40 42 44 45 46 47 48 49 50 51 52 53 54 55 56 59 61 62 64 65 66 68 70 73 75 77 81 84 89 91 92 93 94 95 99 101 102 103 104 106 108 109 111 112 113 114 116 119 120 121 122 124 126 127 129 131 132 133 134 136 137 140 141 143 144 145 146 147 148 150 151 152 153 156 157 158 159 160 163 164 166 168 169 170 171 172 173 174 175 176 177 180 181 183 184 188 189 190 191 192 193 195 197 199 639 
87: 2 3 4 5 6 7 8 9 10 11 13 14 15 18 19 20 22 24 25 26 27 30 31 32 33 34 36 38 40 42 44 45 47 48 49 50 51 53 54 55 56 57 58 59 60 61 63 64 65 66 67 68 70 71 72 73 74 75 76 77 78 79 80 81 82 84 85 89 90 94 96 97 98 99 100 102 103 106 107 108 109 110 111 113 114 115 116 117 118 119 120 121 122 123 124 125 127 128 129 130 131 133 135 137 138 140 141 144 145 146 148 149 150 151 154 157 158 159 163 165 166 167 169 170 171 173 174 176 177 179 182 183 184 188 189 191 192 193 194 196 197 198 199 475 
88: 0 1 2 3 4 5 7 8 11 13 14 15 17 18 20 21 22 23 24 25 26 27 28 29 30 31 34 35 36 38 39 42 44 45 46 47 48 49 50 51 52 53 56 57 58 60 62 65 66 68 70 72 73 74 75 77 78 79 80 82 84 85 89 90 92 96 97 98 99 100 101 103 104 105 106 107 108 109 110 111 112 113 114 116 118 120 121 123 124 125 126 127 129 132 133 134 135 136 137 139 140 141 142 143 145 146 148 149 150 153 154 155 157 159 160 161 162 165 166 167 168 169 170 171 172 174 175 176 178 179 181 182 183 185 187 188 189 190 191 192 193 196 197 198 199 623 
89: 0 2 4 5 6 9 10 13 14 15 16 18 19 20 21 23 24 26 28 29 31 32 33 35 38 41 45 46 49 50 51 53 55 56 57 58 59 60 62 64 66 67 68 69 70 72 75 76 80 81 83 84 85 86 87 88 90 93 94 95 96 97 98 100 101 103 104 105 107 109 110 111 112 113 114 115 117 119 120 122 124 126 127 128 132 133 134 136 137 141 142 144 145 147 148 150 151 152 153 155 156 158 159 160 163 164 166 167 168 169 170 171 172 173 174 175 178 180 181 183 184 185 186 187 188 190 191 193 194 196 198 199 622 628 
90: 0 1 2 3 5 7 8 11 14 16 17 18 20 21 22 25 26 27 30 31 32 34 36 37 38 40 41 43 44 45 46 47 48 49 50 51 52 53 54 55 56 57 58 60 61 62 63 64 66 67 69 70 71 72 73 74 75 76 77 80 81 82 84 85 87 88 89 92 93 95 96 97 101 102 105 106 108 110 113 114 115 117 118 121 122 124 125 127 128 129 130 132 133 134 135 137 139 141 142 143 144 145 147 148 150 151 152 153 154 155 156 157 158 159 160 161 162 163 164 165 166 168 169 170 171 172 174 175 176 177 178 180 182 186 187 188 189 190 191 192 193 194 196 476 535 
91: 0 1 2 4 5 8 11 12 13 14 15 16 17 18 19 20 21 22 24 25 26 28 29 32 33 34 35 36 37 40 41 44 49 52 53 54 55 56 57 59 60 62 64 65 66 67 68 69 70 71 73 74 75 76 77 79 80 81 82 85 86 93 94 95 96 97 98 100 102 103 104 109 110 113 114 115 118 119 120 121 122 123 124 126 127 128 130 131 132 133 134 136 137 138 139 140 141 142 143 145 146 147 149 152 153 154 155 156 157 158 159 161 162 163 165 166 167 168 169 170 173 175 176 179 180 182 184 185 186 187 188 191 194 195 196 197 198 199 623 
92: 0 1 2 4 5 6 7 8 11 12 14 15 16 17 18 19 20 22 24 25 26 28 29 31 32 33 34 35 36 37 38 40 41 42 43 44 46 47 48 49 50 51 53 55 56 58 59 60 61 64 66 69 70 72 73 74 76 77 78 79 81 82 83 84 86 88 90 93 94 95 96 97 100 102 103 104 106 108 109 110 112 114 115 118 119 120 121 122 123 124 127 129 131 134 135 140 141 143 144 145 147 148 151 152 153 154 155 156 157 158 160 162 164 166 167 168 169 170 171 173 174 176 177 178 179 180 182 186 187 188 189 192 193 194 196 547 
93: 0 1 4 5 8 9 10 11 12 13 14 15 16 18 20 21 22 24 27 28 31 32 34 35 37 38 39 40 42 43 45 46 47 48 50 52 54 55 56 57 58 60 61 63 64 65 66 67 72 73 74 77 79 80 83 84 85 86 89 90 91 92 95 96 97 98 99 100 101 102 103 104 105 106 107 108 112 113 114 115 117 118 119 121 122 123 124 126 127 128 129 130 131 132 134 135 136 139 140 141 142 145 146 147 148 149 151 152 153 154 158 159 162 163 164 165 171 172 174 175 176 177 178 180 184 185 187 188 191 192 193 194 195 196 197 199 416 559 623 
94: 0 1 4 5 8 10 12 15 16 18 19 20 21 22 23 26 28 31 32 34 35 36 38 39 40 41 42 43 44 45 46 48 50 51 53 54 55 57 58 59 60 61 63 64 66 67 71 72 73 75 76 77 78 80 81 82 83 85 86 87 89 91 92 95 96 97 99 101 103 106 107 108 110 111 114 115 116 118 119 122 124 125 126 127 128 131 132 133 134 136 138 139 140 142 146 148 149 152 154 155 156 158 159 160 161 162 164 165 166 168 169 171 172 173 175 176 177 178 179 180 181 182 183 184 185 186 188 189 190 191 192 193 195 199 
95: 1 3 4 5 6 7 8 9 11 15 17 18 19 21 23 24 28 29 30 31 32 35 36 37 38 39 43 45 46 47 48 49 50 51 52 57 58 59 60 61 65 66 67 68 69 70 71 72 73 75 77 79 80 81 82 84 85 86 89 90 91 92 93 94 97 99 100 101 103 104 105 107 108 111 112 113 114 116 118 119 120 121 122 123 125 127 129 130 131 132 133 134 136 138 139 140 141 142 143 144 145 146 147 148 149 152 153 155 158 159 160 161 162 165 166 169 170 171 172 174 175 177 178 179 180 181 182 183 184 185 186 189 190 191 192 194 195 196 198 199 638 
96: 0 1 3 4 5 6 7 8 9 10 11 12 13 16 17 18 19 21 24 25 26 28 29 30 31 35 36 37 38 39 40 41 42 45 46 47 48 50 51 53 54 55 56 57 58 60 62 63 64 65 66 67 68 69 70 72 74 75 76 77 78 79 80 81 82 83 85 87 88 89 90 91 92 93 94 97 98 99 101 102 103 104 106 107 108 111 115 119 120 122 123 124 125 126 127 128 129 130 131 132 135 136 137 138 139 143 144 146 147 148 149 150 152 154 155 156 157 160 161 162 163 165 166 167 168 169 171 172 173 174 175 176 178 179 180 181 182 185 186 187 188 189 190 191 192 193 195 196 197 198 199 
97: 1 2 5 7 9 10 11 13 15 19 20 22 23 25 27 28 29 31 32 33 34 35 36 37 40 42 43 46 48 49 50 51 52 54 56 57 61 62 63 64 65 66 67 68 70 71 72 73 74 75 78 79 80 82 83 85 87 88 89 90 91 92 93 94 95 96 99 101 102 103 104 105 106 109 110 112 114 116 117 119 120 122 123 125 126 129 130 132 133 134 135 136 137 139 140 145 146 148 149 150 151 152 153 154 155 156 157 158 160 161 162 163 165 167 168 170 171 172 173 174 175 179 181 183 184 185 186 187 189 190 191 192 194 196 197 199 548 
98: 1 2 4 8 9 10 11 12 13 14 16 17 18 20 21 24 25 26 27 29 30 31 32 37 38 39 40 44 45 48 49 51 52 53 55 56 57 58 62 65 66 67 71 72 73 74 75 78 79 80 81 82 84 85 87 88 89 91 93 96 101 103 104 105 107 108 109 110 112 114 115 117 118 119 120 121 124 126 127 129 131 132 133 134 135 136 139 142 143 145 146 147 148 149 150 151 152 153 154 158 159 160 162 164 165 166 168 169 170 171 173 175 176 177 178 180 181 182 183 184 187 188 189 190 196 198 624 
99: 0 2 3 5 6 7 9 10 12 13 14 15 16 17 19 22 23 25 27 28 29 31 34 35 37 39 42 44 45 46 48 50 51 52 53 54 55 57 60 62 64 65 66 67 68 69 70 73 74 75 77 78 79 80 81 83 84 86 87 88 93 94 95 96 97 100 104 105 106 107 110 111 112 114 115 118 119 120 122 124 126 127 128 131 132 133 134 135 136 139 141 142 143 144 149 150 152 153 154 155 156 157 158 161 163 167 168 169 170 171 172 174 175 176 178 179 183 185 187 188 189 190 191 192 193 194 195 197 198 448 449 
100: 0 1 3 4 5 7 8 9 11 12 13 14 16 17 18 19 20 22 23 24 25 26 27 29 30 31 32 33 34 37 38 39 40 41 42 45 46 47 48 49 50 52 56 57 58 59 60 61 63 64 66 67 68 69 70 71 72 74 76 77 78 79 80 81 82 84 85 87 88 89 91 92 93 95 99 102 105 109 110 111 113 114 115 119 120 121 123 125 126 127 130 131 132 134 136 137 139 140 141 142 145 146 147 148 149 150 151 152 153 155 157 158 159 160 161 162 163 164 166 167 168 169 171 174 175 177 178 179 180 182 183 184 185 191 192 193 194 195 197 199 483 552 565 
101: 0 1 2 3 4 6 7 8 12 13 14 15 16 17 18 19 20 21 22 24 25 26 27 28 30 34 35 36 37 38 40 45 46 47 49 50 51 52 53 54 55 56 58 59 60 61 63 64 66 67 69 70 71 72 73 74 78 79 80 81 82 84 85 86 88 89 90 93 94 95 96 97 98 102 103 104 105 106 107 108 110 111 113 114 115 116 117 118 119 121 123 124 125 126 127 130 131 132 136 138 140 141 143 144 145 147 149 151 152 154 155 156 157 158 159 160 161 162 163 167 169 171 172 174 176 180 181 182 184 185 186 187 190 195 196 197 199 439 629 
102: 0 2 4 6 7 11 13 14 15 16 17 18 19 20 22 24 25 26 27 28 29 31 32 33 34 35 36 37 38 39 40 41 42 44 45 48 49 50 53 54 55 56 57 59 60 61 63 64 65 66 69 70 71 73 74 75 76 77 78 79 83 84 86 87 90 91 92 93 96 97 100 101 104 106 107 108 109 111 113 115 116 117 119 121 122 123 124 125 126 127 128 131 133 135 136 137 140 141 142 145 146 147 150 151 152 153 154 156 159 160 161 162 163 166 167 168 169 172 174 175 177 179 180 183 184 187 189 190 191 192 193 195 198 199 487 
103: 0 1 2 3 4 5 6 7 9 10 11 12 13 14 17 18 21 23 24 26 27 28 30 32 34 37 39 40 41 42 44 45 47 48 49 50 51 53 55 57 59 60 61 63 64 65 66 68 69 70 72 73 74 75 76 77 79 80 81 82 83 84 86 87 88 89 91 92 93 94 95 96 97 98 101 104 106 108 109 111 112 113 115 116 117 118 119 120 121 122 123 124 126 127 128 129 130 132 133 134 135 137 138 141 142 144 145 146 147 148 149 151 152 153 155 159 160 161 162 164 168 169 170 171 174 176 178 180 181 182 183 187 189 190 191 192 193 194 195 197 476 546 563 
104: 0 3 6 8 9 10 11 12 13 14 15 16 19 21 22 23 24 27 29 30 31 32 33 34 35 36 38 39 40 41 43 46 49 50 51 52 53 55 56 59 60 61 63 64 67 68 69 71 72 74 75 76 81 83 84 85 86 88 89 91 92 93 95 96 97 98 99 101 102 103 108 109 111 112 114 115 116 117 119 120 123 124 127 128 129 130 132 133 135 138 139 143 144 145 146 147 151 152 153 155 156 157 158 159 161 162 163 165 166 167 168 171 173 174 177 179 181 182 184 185 186 187 188 190 191 192 198 199 628 
105: 0 1 2 3 4 5 8 10 11 12 13 14 15 16 17 19 20 22 24 25 26 28 31 33 34 35 36 37 39 40 41 42 44 46 47 48 49 50 51 52 54 56 58 59 61 62 64 65 67 68 69 72 73 74 76 77 78 79 80 81 82 83 84 88 89 90 93 95 97 98 99 100 101 106 107 109 110 112 113 118 119 120 124 126 127 128 130 131 135 136 137 139 140 142 143 144 148 150 151 152 154 155 156 158 159 160 161 162 165 166 167 169 170 171 172 173 174 175 176 177 178 180 181 182 183 184 185 186 187 192 194 196 198 430 452 560 613 619 
106: 0 1 2 3 4 5 6 7 8 9 11 12 13 14 15 17 18 19 21 23 25 26 27 29 32 33 34 35 36 37 38 39 40 41 44 47 48 49 50 51 53 55 56 59 60 62 63 65 67 68 69 71 72 73 74 75 77 79 81 84 86 87 88 90 92 93 94 96 97 99 101 102 103 105 107 108 109 111 112 113 114 117 118 119 120 121 123 124 125 128 129 130 132 133 134 135 136 137 138 142 143 145 146 147 149 150 151 152 153 154 156 157 158 159 160 161 163 164 165 167 168 169 170 172 174 175 176 177 178 179 180 181 183 184 185 186 187 188 189 190 191 193 195 196 197 199 
107: 0 2 3 4 6 7 8 10 11 12 13 14 15 16 17 19 21 22 23 26 27 29 31 32 34 35 37 40 41 43 44 47 48 49 50 51 53 54 55 58 62 64 65 66 67 68 69 72 74 76 77 78 79 80 81 83 87 88 89 93 94 95 96 98 99 101 102 105 106 108 110 111 112 115 117 118 119 120 122 123 125 126 127 128 129 131 133 134 135 138 140 141 142 143 144 145 147 148 151 152 154 155 157 158 160 162 163 165 168 170 172 173 174 175 176 177 178 180 181 182 184 185 186 187 188 189 192 194 196 197 198 199 423 
108: 1 2 4 5 9 11 13 14 15 16 17 18 21 22 24 25 26 28 29 30 31 33 34 35 36 39 40 41 43 44 46 48 49 50 52 53 54 56 57 60 61 63 65 66 67 68 69 70 71 73 75 76 77 78 79 80 81 82 84 85 86 87 88 90 92 93 94 95 96 98 101 102 103 104 106 107 109 110 111 112 113 114 116 117 118 119 120 121 122 123 124 125 126 127 128 129 130 131 132 134 135 136 137 139 141 143 149 151 152 153 154 155 157 158 160 161 162 164 165 166 167 169 172 173 174 177 178 180 181 182 184 185 186 188 190 191 193 194 195 196 198 199 
109: 0 2 3 4 5 6 7 9 11 12 14 15 16 17 19 20 21 24 25 26 27 28 31 32 33 34 35 36 37 38 40 41 42 43 44 45 47 48 49 52 53 55 59 61 62 63 64 68 69 70 71 73 74 76 77 79 80 81 82 83 84 85 86 87 88 89 91 92 97 98 100 102 103 104 105 106 108 111 113 114 115 116 117 118 119 120 123 124 125 126 128 129 130 131 132 133 134 136 137 138 139 140 141 146 147 148 149 150 151 152 153 155 156 158 159 160 161 163 164 166 167 168 169 170 171 172 173 174 175 176 177 178 179 180 181 182 183 184 185 187 193 194 195 196 197 199 536 
110: 2 3 7 9 10 12 14 15 16 17 18 19 20 22 23 24 25 26 27 28 29 30 31 32 34 35 36 37 39 40 41 42 44 45 46 47 48 50 51 52 56 57 58 59 60 61 62 64 65 66 67 68 69 70 71 72 74 75 76 77 78 79 80 82 85 87 88 89 90 91 92 94 97 98 99 100 101 105 107 108 111 112 113 114 116 117 118 119 120 121 122 123 124 125 126 128 130 131 132 133 136 138 139 141 143 144 146 147 149 154 155 156 157 158 159 161 163 164 165 166 167 168 169 170 171 172 173 175 176 177 179 181 182 183 184 185 188 190 191 192 193 194 196 197 454 616 635 
111: 1 4 6 8 9 10 11 13 14 16 17 18 19 24 25 26 27 28 31 35 37 38 39 40 44 45 47 49 50 51 52 53 55 56 58 59 60 61 62 63 65 67 68 70 71 72 75 76 77 78 79 83 86 87 88 89 94 95 96 99 100 101 102 103 104 106 107 108 109 110 112 113 114 115 116 117 118 119 120 122 123 124 125 126 128 130 131 133 135 136 138 139 140 141 142 143 144 145 146 147 150 153 155 156 157 158 159 160 161 162 163 164 166 169 170 171 173 174 175 177 178 179 181 182 183 187 188 189 190 191 192 193 195 196 197 198 613 
112: 0 2 4 5 6 7 8 10 12 13 15 16 18 19 20 21 22 23 24 25 26 27 29 31 32 33 34 35 36 38 39 40 41 42 43 46 47 48 50 51 52 53 54 55 57 62 63 64 66 67 68 69 70 71 72 74 75 76 78 79 80 82 83 84 85 86 88 89 92 93 95 97 98 99 103 104 105 106 107 108 110 111 113 114 115 117 119 120 121 122 123 124 125 127 129 130 131 133 134 135 136 138 143 144 145 146 147 148 150 152 153 156 158 160 162 163 164 165 168 170 171 172 173 175 176 177 178 179 181 182 183 185 186 187 188 190 194 195 196 197 198 199 
113: 0 1 2 5 6 7 8 12 14 15 16 19 20 21 22 24 25 27 28 29 32 33 34 35 36 37 38 39 41 42 43 44 46 47 50 51 52 53 54 55 56 57 58 59 60 61 62 63 64 65 66 68 70 71 72 74 75 76 77 78 79 80 82 83 84 85 86 87 88 89 90 91 93 95 100 101 102 103 105 106 108 109 110 111 112 116 117 119 120 121 123 125 127 128 129 131 132 133 134 135 137 138 140 141 142 143 144 145 147 148 150 152 153 154 155 156 157 159 160 162 163 164 166 168 169 171 172 174 175 177 178 180 181 182 183 184 185 186 188 189 190 191 192 193 194 195 197 198 199 
114: 0 1 2 3 4 5 7 9 10 11 12 13 14 15 16 17 18 20 21 22 23 24 25 26 28 29 30 31 33 35 36 38 39 40 42 43 44 45 47 48 51 53 54 55 58 59 60 61 62 63 64 67 68 69 70 71 73 74 75 76 77 79 80 81 82 83 84 85 86 87 88 89 90 91 92 93 94 95 97 98 99 100 101 104 106 108 109 110 111 112 116 118 119 120 121 125 126 127 128 129 131 132 133 134 135 136 137 138 139 140 141 143 145 146 148 150 151 153 156 157 159 160 161 162 163 165 166 167 168 169 170 171 172 173 175 176 177 179 181 183 184 185 186 187 189 190 191 192 193 196 199 530 618 
115: 0 2 5 6 7 8 11 12 16 18 19 20 21 22 23 24 25 26 27 28 29 31 32 33 34 36 37 38 40 42 43 45 48 50 51 52 53 54 55 57 58 59 60 61 62 63 64 65 66 67 68 69 70 71 72 73 75 76 77 78 79 80 82 83 84 87 89 90 91 92 93 94 96 98 99 100 101 102 103 104 107 109 111 112 116 117 118 119 120 123 125 126 127 129 130 131 132 133 137 138 140 142 143 144 146 147 148 150 151 152 154 155 156 157 160 161 162 163 164 166 167 169 170 172 173 179 180 181 182 183 184 187 188 189 192 193 197 199 434 473 
116: 0 4 6 7 9 10 13 14 15 18 19 21 22 23 25 29 30 32 33 34 35 36 38 40 41 42 43 47 48 50 51 52 53 55 56 57 59 61 62 63 64 65 66 67 71 73 74 75 76 77 78 80 81 82 83 84 85 86 87 88 94 95 97 101 102 103 104 108 109 110 111 113 114 115 117 120 121 122 123 124 125 126 127 130 131 132 133 134 135 136 137 138 140 141 144 145 146 148 149 153 156 159 160 161 162 163 164 165 166 167 168 170 171 172 173 174 175 176 177 178 182 183 185 186 187 188 190 191 192 193 194 195 196 197 199 
117: 0 1 2 3 4 6 8 9 10 11 13 14 15 16 18 19 21 24 25 26 27 29 30 31 33 34 35 36 37 38 40 41 42 44 46 47 49 50 51 52 53 55 56 58 61 63 64 65 66 68 69 70 71 72 74 75 78 79 80 81 82 84 85 87 89 90 93 97 98 101 102 103 104 106 107 108 109 110 111 112 113 115 116 118 119 121 122 123 124 125 126 127 128 129 130 131 132 133 134 135 136 137 138 139 140 141 143 145 148 150 152 153 154 155 156 157 158 160 162 163 164 165 166 167 168 169 171 172 174 176 178 179 180 182 183 184 186 187 188 190 191 195 197 199 417 486 
118: 0 1 2 3 4 6 7 8 11 12 13 14 15 17 19 21 23 24 25 26 27 29 31 33 34 38 39 40 41 42 43 45 46 47 48 49 50 51 52 53 54 56 57 58 59 60 62 64 65 69 71 72 73 74 75 77 78 80 81 83 84 85 87 88 90 91 92 93 94 95 98 99 101 103 105 106 107 108 109 110 111 114 115 117 119 120 121 122 123 126 127 128 129 130 131 132 133 134 135 136 138 139 140 141 142 143 144 145 146 147 149 151 152 153 154 155 156 157 158 160 161 162 164 167 170 171 173 174 175 176 177 178 179 181 182 183 184 185 186 188 189 191 194 195 196 198 199 
119: 0 1 2 3 4 5 7 8 9 10 11 12 13 14 16 19 20 21 23 25 26 28 29 30 31 32 33 34 36 38 39 40 41 42 43 44 47 48 50 52 54 55 59 60 61 62 63 65 66 68 69 70 74 75 78 79 80 81 82 83 85 86 87 89 91 92 93 94 95 96 97 98 99 100 101 102 103 104 105 106 107 108 109 110 111 112 113 114 115 117 118 120 121 123 124 126 127 129 130 131 132 133 134 135 137 138 139 140 141 142 143 144 145 146 147 148 149 150 151 153 155 156 160 161 162 163 164 167 169 172 173 175 176 177 178 179 180 181 182 184 185 187 188 189 190 191 192 193 194 196 197 198 199 421 541 559 
120: 1 2 3 6 7 8 9 10 11 12 13 15 16 17 19 20 21 23 24 26 27 29 30 31 32 33 35 36 37 38 39 40 41 42 43 45 46 47 48 49 50 51 53 54 55 56 58 59 60 61 63 65 66 67 70 71 72 73 74 75 77 79 80 81 82 83 85 86 87 88 89 91 92 95 96 97 98 99 100 103 104 105 106 107 108 109 110 111 112 113 114 115 116 118 119 124 126 127 129 130 132 133 134 135 136 138 139 141 142 143 144 145 147 149 151 152 153 154 155 156 158 159 161 163 164 165 166 167 171 173 174 175 176 177 179 180 183 185 186 187 189 190 191 192 195 196 197 198 441 
121: 0 2 4 5 6 8 9 10 11 12 13 15 17 18 21 22 23 24 26 28 29 30 31 32 33 34 36 37 38 39 40 43 44 45 46 48 51 52 54 56 57 59 60 61 65 66 68 71 72 73 74 75 76 77 78 79 80 82 84 85 86 87 88 90 91 92 93 95 98 100 101 102 103 106 108 110 112 113 114 116 117 118 119 122 123 124 126 128 129 130 133 134 135 137 139 140 142 144 145 146 147 148 149 151 152 153 155 156 157 158 163 164 165 166 167 168 169 171 172 173 174 175 176 177 178 179 180 181 182 183 184 185 186 190 191 192 194 195 196 198 199 463 
122: 0 1 3 4 6 7 9 10 11 13 15 17 18 19 21 22 24 27 28 31 32 34 35 36 37 38 39 40 42 43 44 45 46 48 52 56 58 59 62 63 68 69 70 71 72 73 74 77 78 79 80 81 82 84 85 86 87 89 90 91 92 93 94 95 96 97 99 102 103 107 108 110 111 112 116 117 118 121 125 126 127 128 129 130 131 133 134 136 138 139 140 141 142 146 147 149 150 152 153 154 155 156 157 158 159 160 162 163 164 168 169 172 173 175 176 178 179 182 183 184 185 186 187 188 189 190 192 193 194 196 199 411 412 457 
123: 0 2 3 4 5 9 10 12 13 14 15 16 18 19 21 22 23 24 26 27 28 29 30 31 33 34 35 36 37 40 42 43 45 46 47 49 50 51 52 58 59 61 62 64 67 68 69 70 71 73 74 76 77 80 81 83 84 87 88 91 92 93 95 96 97 100 101 102 103 104 106 107 108 109 110 111 112 113 115 116 117 118 119 121 124 125 127 128 129 131 132 133 134 136 137 138 139 140 141 142 143 144 149 150 151 152 154 155 156 158 159 160 161 162 164 165 166 168 169 171 172 174 175 176 177 178 181 182 183 186 187 188 191 193 194 196 197 198 199 635 
124: 0 1 2 3 4 5 6 7 8 9 11 12 13 14 15 16 17 18 20 21 22 23 25 26 27 28 29 33 34 35 37 38 39 40 42 43 46 47 48 50 51 53 54 55 56 57 59 60 61 63 64 65 66 67 68 70 73 74 75 76 78 79 80 81 86 87 88 89 90 91 92 93 94 96 98 99 101 102 103 104 105 106 108 109 110 111 112 116 117 119 120 121 123 127 128 129 130 131 132 133 135 137 138 139 140 141 145 146 147 148 149 151 152 154 155 158 161 162 163 165 167 169 170 174 175 176 178 179 180 181 183 184 185 187 188 189 192 195 196 197 198 447 488 540 614 632 
125: 1 5 6 7 8 9 10 11 12 13 14 15 16 17 18 19 22 23 24 26 30 31 32 33 34 36 37 39 40 41 42 43 44 47 49 50 53 54 56 58 62 64 65 66 67 68 69 70 71 73 74 75 77 80 81 82 83 85 87 88 90 94 95 96 97 100 101 102 106 107 108 109 110 111 112 113 114 115 116 117 122 123 127 128 129 131 132 133 134 136 137 138 144 145 147 148 150 151 152 154 155 157 158 159 160 161 162 164 165 167 168 169 170 171 173 174 175 176 177 178 180 182 185 187 188 191 192 193 194 195 196 473 
126: 1 2 4 5 6 7 8 11 13 14 15 16 17 19 20 21 22 25 26 27 29 30 31 33 34 36 38 39 40 42 43 46 48 51 52 54 55 56 58 59 60 61 63 65 66 67 68 69 70 71 73 74 76 80 81 85 86 88 89 91 93 94 96 97 98 99 100 101 102 103 105 107 108 109 110 111 114 115 116 117 118 119 120 121 122 127 129 130 131 132 134 135 136 138 141 143 145 146 147 151 153 154 156 158 159 160 161 162 164 165 168 169 172 174 175 176 179 180 182 183 188 189 190 191 192 193 194 195 196 197 198 199 537 
127: 0 2 3 4 5 6 7 8 12 15 16 17 19 20 25 26 27 29 31 32 33 35 36 37 38 39 40 41 42 43 44 45 46 47 48 49 51 52 54 56 57 58 59 60 61 62 63 64 66 67 70 71 72 73 75 76 77 79 80 83 86 87 88 89 90 91 92 93 94 95 96 98 99 100 101 102 103 104 105 107 108 112 113 114 115 116 117 118 119 120 122 123 124 125 126 128 131 132 133 134 135 136 137 138 139 140 142 143 146 148 150 152 154 155 156 157 158 159 160 162 164 165 166 168 169 170 172 173 174 175 176 177 178 180 181 182 183 186 187 188 189 190 192 193 194 195 196 198 199 451 
128: 1 2 6 7 8 9 11 12 13 14 15 19 23 24 25 27 28 30 31 32 33 34 35 37 39 40 41 42 43 44 45 46 47 48 50 51 53 54 55 56 57 59 60 61 63 64 65 69 70 71 74 75 77 78 79 80 82 83 85 87 89 90 91 93 94 96 99 102 103 104 105 106 107 108 109 110 111 113 114 117 118 121 122 123 124 125 127 130 131 133 137 138 139 140 141 142 144 146 147 149 150 151 152 153 154 155 156 157 159 160 161 162 163 165 167 168 169 170 171 172 173 174 175 176 177 178 179 181 182 183 185 186 187 190 191 192 195 196 198 199 417 
129: 0 1 2 3 4 5 6 7 8 9 10 13 14 15 17 18 19 20 22 23 24 25 27 28 29 30 31 33 34 35 36 37 38 39 40 41 42 44 45 46 48 49 50 51 52 53 55 56 57 59 60 63 64 66 67 69 70 71 72 73 74 75 76 77 78 79 80 82 83 84 86 87 88 90 92 93 95 96 97 98 103 104 106 107 108 109 112 113 114 115 117 118 119 120 121 122 123 124 125 126 131 133 134 138 139 141 143 144 145 146 147 148 149 151 154 156 157 159 160 161 162 163 164 165 166 167 168 169 170 171 172 174 177 178 179 180 181 182 183 184 185 186 187 188 189 190 191 192 193 194 195 197 198 199 439 547 618 
130: 0 1 4 6 7 8 9 10 11 12 13 14 15 16 18 19 20 23 24 25 27 28 30 31 32 33 34 35 36 37 38 39 40 41 42 43 45 48 49 52 54 55 56 58 59 60 61 62 65 67 69 70 72 73 74 75 76 77 80 81 82 83 85 87 90 91 93 95 96 97 100 101 103 104 105 106 108 109 110 111 112 115 116 117 118 119 120 121 122 124 126 128 134 136 137 138 139 140 141 143 144 145 146 149 152 153 154 155 156 157 158 162 163 165 166 167 168 170 171 172 173 174 175 177 179 180 181 183 184 185 186 187 188 189 190 195 196 197 198 199 
131: 1 2 3 4 5 8 9 10 11 12 13 14 16 17 18 19 20 23 24 25 26 27 28 31 32 33 34 36 37 38 39 40 41 42 43 45 47 48 53 54 55 57 58 59 60 61 62 64 65 66 67 68 69 70 71 72 74 75 78 79 80 81 82 83 84 85 86 87 91 92 93 94 95 96 98 99 100 101 102 105 107 108 109 110 111 112 113 114 115 116 117 118 119 122 123 124 125 126 127 128 129 132 134 135 136 137 138 139 140 141 142 144 147 149 151 152 154 156 159 160 161 163 164 165 167 168 169 172 173 174 175 176 178 179 180 182 184 185 186 187 188 189 190 191 192 193 194 195 197 198 199 465 
132: 0 2 3 4 5 7 8 9 10 11 15 16 17 18 19 20 22 24 25 26 27 30 31 32 34 35 36 37 39 41 42 43 44 45 46 47 49 50 51 52 53 54 55 56 57 61 62 63 68 69 70 71 72 73 74 75 76 77 79 80 81 82 83 84 85 86 88 89 90 91 93 94 95 96 97 98 99 100 101 103 104 106 108 109 110 113 114 115 116 117 118 119 120 123 124 125 126 127 131 133 134 135 136 137 138 141 142 143 144 145 146 147 148 149 150 151 152 153 154 155 156 157 160 161 162 164 168 169 172 173 175 176 177 178 179 180 181 185 187 190 192 194 195 196 197 198 199 449 567 617 
133: 0 2 3 4 6 8 10 11 13 14 15 16 17 18 19 20 21 22 23 24 25 26 27 28 30 31 33 34 35 36 37 39 41 42 44 45 46 47 48 49 51 55 56 58 61 62 63 64 65 69 70 71 72 73 74 75 76 77 78 79 81 82 83 84 85 86 87 88 89 90 91 94 95 97 98 99 102 103 104 106 107 109 110 111 112 113 114 115 116 117 118 119 120 121 122 123 124 125 127 128 129 132 135 137 138 139 140 141 142 143 144 145 146 148 149 151 152 154 155 156 161 162 164 165 166 168 169 170 171 172 173 174 177 178 180 184 186 187 190 191 192 193 194 195 196 198 199 
134: 0 1 2 3 4 5 6 7 8 9 10 11 12 13 15 16 17 18 19 20 21 22 24 27 28 29 31 32 33 34 36 38 42 44 45 46 47 48 49 50 51 52 53 54 55 57 60 61 62 63 64 65 66 67 68 69 70 71 73 74 75 79 81 82 83 84 85 86 88 89 90 91 92 93 94 95 97 98 99 100 103 106 107 108 109 112 113 114 116 117 118 119 120 121 122 123 125 126 127 129 130 131 132 135 139 140 141 142 144 145 147 149 150 152 153 154 156 157 158 159 160 161 163 164 165 166 167 169 172 173 174 175 176 178 179 180 181 182 183 184 185 187 189 191 192 193 195 196 198 199 472 480 612 636 
135: 0 1 2 3 8 9 10 11 12 13 14 15 16 18 19 20 25 26 27 28 29 30 31 32 33 35 36 37 38 41 43 44 45 46 47 48 50 51 52 53 54 56 57 59 60 62 64 67 68 69 70 72 73 74 75 76 77 81 82 83 84 85 87 88 90 92 93 96 97 98 99 102 103 104 105 106 107 108 111 112 113 114 116 117 118 119 120 121 124 126 127 131 132 133 134 136 138 139 140 142 143 144 145 146 147 149 151 153 154 156 157 158 159 160 161 162 164 165 167 168 169 170 172 173 174 179 180 181 182 183 184 189 191 193 196 197 199 429 
136: 0 1 4 5 8 9 10 12 13 14 15 16 19 20 22 23 24 25 26 27 28 30 31 32 33 35 36 37 39 40 41 42 43 44 47 49 50 54 55 57 58 59 60 61 62 63 66 67 68 69 70 72 73 74 75 78 79 81 83 85 86 88 89 91 93 94 95 96 97 98 99 100 101 102 105 106 108 109 110 111 112 114 116 117 118 120 122 123 125 126 127 130 131 132 135 137 138 140 142 143 146 150 151 152 153 154 155 157 158 159 162 164 168 169 171 172 173 174 176 177 178 180 181 183 184 185 186 187 188 191 192 193 195 196 197 198 199 
137: 0 1 2 3 5 6 7 9 11 12 13 14 15 16 17 18 19 21 22 24 25 27 28 30 31 32 33 34 35 36 37 38 39 40 42 43 44 45 47 48 49 50 53 54 57 58 59 63 64 65 66 68 69 70 74 75 76 77 79 81 83 85 86 87 88 89 90 91 96 97 100 102 103 105 106 108 109 113 114 115 116 117 119 121 123 124 125 127 128 130 131 132 133 136 138 139 141 142 143 146 147 148 149 151 152 153 154 158 160 162 163 164 165 166 167 168 169 170 171 172 178 179 180 181 184 185 186 187 191 193 195 196 197 198 199 
138: 2 3 5 6 7 9 10 13 14 15 16 19 20 21 23 24 25 27 28 30 33 34 35 36 37 40 41 42 43 44 49 50 51 52 53 54 55 58 60 65 66 67 68 70 71 72 73 74 75 76 77 78 79 81 82 84 85 87 91 94 95 96 101 103 104 106 107 109 110 111 112 113 114 115 116 117 118 119 120 122 123 124 125 126 127 128 129 130 131 132 133 135 136 137 139 140 141 142 144 145 146 147 149 150 152 153 154 155 157 158 159 160 163 164 168 169 170 171 172 175 176 177 178 179 180 181 182 183 184 187 188 189 194 196 197 198 199 483 555 
139: 0 1 3 6 7 8 9 10 12 13 15 17 18 20 26 27 28 29 31 32 34 35 36 38 39 40 41 42 45 48 51 52 53 54 55 56 58 60 61 62 64 65 66 67 68 70 71 73 74 75 76 77 79 80 81 82 83 85 88 90 91 93 94 95 96 97 98 99 100 104 105 108 109 110 111 114 117 118 119 120 121 122 123 124 127 128 129 130 131 133 134 135 137 138 140 141 145 146 147 148 149 151 152 156 159 160 161 162 163 164 165 166 167 168 169 172 173 174 176 178 179 180 182 184 185 186 187 189 190 193 194 196 415 
140: 0 1 3 4 5 6 7 8 9 10 12 13 14 16 17 20 21 24 25 26 27 28 30 31 32 33 34 36 37 40 41 42 46 48 49 50 53 54 55 56 58 59 61 62 63 64 65 66 67 68 69 71 72 73 74 76 77 78 79 81 84 85 86 87 88 91 92 93 94 95 97 100 101 102 105 107 109 111 113 114 115 116 117 118 119 121 122 123 124 127 128 130 131 133 134 135 136 138 139 141 142 144 145 146 147 148 149 150 151 152 154 155 157 158 160 161 162 164 165 166 167 170 171 173 176 177 179 181 182 184 185 186 187 193 194 195 196 199 564 
141: 0 3 4 5 6 7 9 10 12 13 14 15 16 17 19 23 24 25 26 27 29 31 32 34 35 36 37 39 40 42 43 45 47 48 49 50 51 52 54 55 56 57 58 61 63 65 67 68 69 70 71 72 73 74 75 76 77 78 79 80 81 83 84 85 86 87 88 89 90 91 92 93 95 99 100 101 102 103 107 108 109 110 111 113 114 116 117 118 119 120 122 123 124 126 128 129 130 131 132 133 134 137 138 139 140 142 144 146 148 149 150 151 155 156 159 160 163 164 165 167 168 169 170 171 173 174 175 177 178 179 180 181 182 184 185 186 187 189 190 193 195 196 198 199 551 620 633 
142: 0 1 2 3 4 5 6 8 9 10 11 13 14 15 16 17 18 19 20 22 27 28 31 32 36 37 39 41 42 43 44 45 46 47 48 49 52 53 54 55 56 57 60 61 62 63 64 65 66 67 69 71 72 73 74 75 76 77 78 79 80 82 83 84 85 88 89 90 91 93 94 95 98 99 100 102 103 105 106 107 111 113 115 118 119 120 121 122 123 127 128 131 132 133 134 135 136 137 138 140 141 145 146 147 148 149 150 151 152 153 155 157 159 160 161 162 163 164 165 166 167 168 169 173 174 176 177 178 179 180 181 183 184 185 187 188 189 190 192 193 195 197 198 199 418 446 455 470 
143: 1 2 3 5 6 7 9 11 12 13 18 19 21 22 23 24 26 27 28 29 30 33 34 35 36 38 39 41 42 43 45 48 50 53 54 55 58 60 61 62 63 64 66 68 69 71 72 73 74 75 76 77 78 80 83 84 86 88 90 91 92 95 96 98 99 101 104 105 106 107 108 110 111 112 113 114 115 117 118 119 120 123 126 127 129 130 132 133 135 136 137 144 145 146 147 148 149 150 151 152 153 156 157 158 159 161 162 163 166 167 168 169 170 171 172 174 176 177 178 180 181 186 187 190 191 193 194 195 196 197 198 417 
144: 0 3 4 5 6 7 8 9 10 11 13 14 17 18 19 20 21 22 23 27 28 33 34 35 37 38 39 41 42 44 45 46 47 48 49 50 51 54 55 56 57 58 59 60 61 62 63 64 65 67 68 69 71 72 73 76 77 78 79 80 83 85 86 87 89 90 92 95 96 99 101 103 104 105 107 110 111 112 113 115 116 118 119 120 121 123 125 128 129 130 131 132 133 134 135 138 140 141 143 145 149 150 152 153 154 156 157 159 160 161 163 164 165 166 167 169 170 171 172 173 175 177 178 179 181 182 183 185 186 187 189 190 194 199 436 545 553 
145: 1 3 4 5 6 11 12 15 16 19 20 22 23 25 26 27 29 30 31 32 33 34 35 37 39 40 43 45 48 49 52 53 55 56 57 58 60 61 62 64 67 68 69 71 72 73 74 75 76 77 78 79 81 83 84 85 86 87 88 89 90 91 92 93 95 97 98 100 101 102 103 104 106 107 111 112 113 114 116 117 118 119 120 121 124 125 126 129 130 132 133 134 135 138 139 140 142 143 144 146 147 148 149 150 151 153 154 155 160 164 170 171 174 176 177 178 181 182 183 185 188 189 190 191 193 194 196 197 198 199 555 
146: 0 1 2 3 5 6 7 8 9 10 11 12 15 18 19 22 23 25 26 27 28 29 30 31 32 33 34 36 37 41 46 47 48 50 51 53 55 56 58 59 60 61 62 63 66 68 70 71 72 73 74 75 76 79 81 84 86 87 88 91 93 94 95 96 97 98 100 102 103 104 106 109 110 111 112 114 115 116 118 119 121 122 124 126 127 128 129 130 132 133 135 136 137 138 139 140 141 142 143 145 147 149 150 155 156 157 159 160 161 165 166 168 170 172 173 174 175 177 178 179 180 183 184 185 187 190 192 196 197 199 422 
147: 1 2 3 5 6 7 9 10 11 12 14 15 18 19 20 21 22 23 25 26 27 28 29 32 33 34 37 40 42 43 44 45 46 47 48 49 50 52 54 56 60 61 62 64 67 69 70 71 72 74 75 77 79 83 84 85 86 89 90 91 92 93 95 96 98 100 101 102 103 104 106 107 109 110 111 112 113 115 118 119 120 121 122 124 125 126 128 129 131 132 134 135 137 138 139 140 142 143 145 146 148 149 150 152 153 154 155 156 158 159 162 163 164 166 167 168 169 170 171 172 173 175 176 177 178 179 180 181 187 188 190 191 192 193 194 196 197 198 199 431 486 622 
148: 0 1 2 3 6 8 9 10 11 12 13 15 16 17 18 19 23 24 25 26 27 28 29 31 32 33 34 35 36 37 38 40 41 43 45 46 47 48 50 51 55 57 58 61 62 63 64 65 66 67 68 69 72 73 75 76 77 78 79 80 81 82 83 84 85 86 87 88 89 90 92 93 94 95 96 97 98 100 103 105 107 109 112 113 114 115 116 117 119 121 124 125 127 129 132 133 137 139 140 141 142 143 145 147 149 151 152 153 155 156 160 161 162 164 167 169 171 172 173 175 176 177 178 180 181 182 185 188 189 190 191 192 194 195 197 198 552 
149: 0 1 2 3 4 5 6 7 8 9 10 11 14 15 16 17 18 20 21 23 24 25 26 27 28 29 31 32 33 36 37 38 39 41 42 43 44 45 46 47 48 49 50 51 53 54 56 57 58 60 63 64 65 66 68 69 71 72 74 79 81 82 83 85 87 88 91 93 94 95 96 97 98 99 100 101 103 106 108 109 110 116 118 119 120 121 122 123 124 128 129 130 131 132 133 134 135 137 138 139 140 141 142 143 144 145 146 147 148 150 151 152 153 154 155 156 157 158 159 161 162 163 167 168 169 170 171 173 174 175 176 182 184 185 186 188 190 191 192 193 195 196 197 198 199 436 542 
150: 0 1 2 4 5 6 7 10 11 12 15 17 18 19 20 23 24 26 27 28 30 31 33 35 38 39 40 41 42 43 44 45 50 52 56 57 59 61 63 64 65 66 68 69 72 73 74 76 77 78 79 80 83 86 87 88 89 90 96 97 98 99 100 102 105 106 109 111 112 113 114 115 117 119 122 123 125 127 128 132 134 136 138 140 141 142 143 144 145 146 147 149 151 152 153 154 155 156 158 159 160 161 163 164 165 166 168 169 170 171 172 173 175 176 178 179 181 182 186 188 189 191 194 196 198 199 536 
151: 0 1 3 4 5 7 8 9 10 11 12 14 15 16 17 18 19 20 21 23 24 25 26 27 29 30 32 33 36 39 40 41 42 44 45 46 47 49 50 51 52 53 54 55 56 57 59 60 61 62 64 65 66 68 71 73 74 76 77 78 79 80 81 84 85 86 87 89 90 92 93 97 98 100 101 102 103 104 105 106 107 108 109 114 115 118 119 120 121 123 124 125 126 128 129 131 132 133 135 136 137 139 140 141 142 143 145 148 149 150 153 156 157 158 160 161 163 164 165 167 169 170 171 172 173 175 177 178 179 180 181 182 183 184 185 187 189 190 192 193 194 195 196 198 629 
152: 1 2 5 6 8 9 10 11 12 13 16 17 18 19 21 22 23 24 25 26 27 29 30 32 33 35 36 38 39 40 43 45 49 50 51 52 53 56 57 58 60 61 62 63 64 68 69 71 72 73 74 75 76 78 79 81 82 83 84 85 86 89 90 91 92 93 94 95 96 97 98 99 100 101 102 103 104 105 106 107 108 109 112 113 115 117 118 120 121 122 123 124 125 127 128 130 131 132 133 134 136 137 138 139 140 142 143 144 147 148 149 150 153 154 156 159 160 162 163 164 166 167 169 170 171 173 174 175 177 178 182 183 184 188 189 190 192 194 195 196 197 198 199 626 
153: 0 1 2 3 4 7 8 10 11 13 14 15 16 17 18 19 21 22 23 25 26 28 29 33 34 35 38 39 41 42 43 44 45 47 48 51 53 56 57 58 59 60 61 63 64 65 68 70 71 72 73 75 76 77 78 80 81 83 84 85 86 88 89 90 91 92 93 95 97 98 99 100 102 103 104 106 108 109 111 112 113 114 116 117 118 119 120 121 122 126 128 130 132 134 135 136 137 138 142 143 144 145 147 148 149 150 151 152 157 158 159 160 163 165 166 168 170 171 172 173 174 177 178 179 180 181 182 183 186 187 188 189 190 192 193 195 196 197 198 199 
154: 0 1 3 4 5 6 7 8 9 10 11 12 13 14 15 16 17 18 19 20 21 22 23 24 25 26 27 28 29 30 32 36 37 38 39 40 41 42 43 44 45 47 49 50 51 52 53 56 57 58 60 62 63 65 66 67 68 69 70 71 72 73 75 76 77 78 79 80 81 83 84 85 87 88 90 91 92 93 94 96 97 98 99 101 102 105 106 107 108 110 113 115 117 118 120 122 123 124 125 126 127 128 129 130 131 132 133 134 135 136 137 138 140 144 145 147 149 150 152 155 156 157 159 160 161 164 166 167 169 170 171 174 176 177 179 181 182 183 184 186 187 188 189 191 194 195 199 
155: 0 1 2 4 5 6 7 8 9 10 11 13 14 16 17 19 23 24 25 26 27 29 32 33 34 35 36 38 39 41 42 43 44 49 50 51 53 55 56 57 59 60 61 63 64 65 66 67 70 71 72 73 75 76 77 78 80 81 82 88 89 90 91 92 94 95 96 97 99 100 101 103 104 105 107 108 109 110 111 113 115 117 118 119 120 121 122 123 124 125 127 128 130 132 133 136 138 140 141 142 145 146 147 148 149 150 154 157 158 159 160 162 163 164 165 166 167 169 170 171 172 173 175 176 177 179 182 183 186 187 188 189 190 191 192 195 196 197 198 487 
156: 0 2 4 6 7 8 11 13 14 16 20 22 23 25 28 29 30 32 33 36 37 38 40 42 43 45 46 48 49 50 53 54 55 58 59 60 63 64 65 66 67 68 69 70 71 74 76 77 78 79 80 81 82 83 86 89 90 91 92 94 96 97 99 101 102 104 105 106 109 110 111 112 113 114 115 116 117 118 119 120 121 122 123 126 127 128 129 130 131 132 133 134 135 139 141 143 144 146 147 148 149 150 151 152 154 158 160 161 163 164 166 167 168 170 171 172 173 174 175 176 177 178 179 180 183 186 190 191 193 195 196 199 610 616 
157: 1 2 4 6 7 8 10 11 12 13 14 15 16 17 19 20 22 25 27 29 31 32 33 34 36 37 38 40 44 45 48 49 50 51 54 55 56 57 59 60 61 62 64 66 67 68 69 70 71 72 73 76 77 78 79 81 82 84 86 87 88 90 91 92 96 97 99 100 101 104 106 107 108 110 111 113 114 115 117 118 121 122 125 127 128 129 130 132 134 135 136 138 140 142 143 144 146 149 151 153 154 155 158 159 160 161 164 165 166 167 168 170 171 172 173 175 176 177 178 179 180 182 183 184 185 186 187 192 197 199 485 553 619 
158: 0 3 5 7 9 10 11 12 13 14 16 17 18 19 20 21 22 23 24 25 27 28 29 30 32 33 34 35 36 37 39 40 41 43 44 45 48 49 52 54 55 56 57 58 59 60 61 62 64 65 66 67 69 71 72 73 75 76 79 80 81 82 83 84 85 86 87 89 90 91 92 93 94 95 97 98 99 100 101 104 105 106 107 108 109 110 111 112 117 118 120 121 122 123 124 125 126 127 130 134 135 136 137 138 140 143 147 149 150 151 153 155 156 157 160 161 162 165 166 167 168 170 171 172 173 174 175 176 177 178 180 181 183 184 185 186 187 188 189 191 192 193 197 199 542 
159: 0 1 2 4 5 8 9 12 13 14 15 17 18 19 20 21 22 23 24 25 27 28 29 30 32 33 34 35 36 37 38 41 42 44 45 46 49 52 53 54 55 56 57 58 59 60 64 65 66 67 68 69 70 73 74 75 76 77 78 79 80 81 82 83 84 85 86 87 88 89 90 91 93 94 95 98 100 101 102 103 104 105 106 109 110 111 113 114 116 120 122 123 125 126 127 128 129 131 134 135 136 138 139 141 142 143 144 146 147 149 150 152 153 154 155 157 160 161 162 166 170 171 172 175 178 180 181 183 184 186 187 188 189 190 191 192 193 195 196 197 411 538 
160: 1 2 3 4 5 6 7 8 9 10 11 12 13 14 16 17 18 21 23 24 25 26 27 30 31 33 37 38 39 46 48 49 50 51 52 53 55 60 61 63 64 65 67 69 70 71 73 74 75 76 77 78 79 80 81 82 83 84 85 86 88 89 90 92 94 95 96 97 98 100 101 102 103 105 106 107 108 109 111 112 113 114 115 116 117 118 119 122 123 125 126 127 128 129 131 132 134 135 137 138 139 140 141 142 144 145 146 148 150 151 152 153 154 155 156 157 158 159 161 164 165 166 167 168 169 172 174 176 177 178 179 180 181 182 183 185 186 187 189 190 191 192 194 195 196 197 198 199 
161: 0 1 2 3 4 5 7 8 9 10 11 12 13 16 17 19 20 22 23 25 26 27 28 29 30 31 32 33 34 36 37 38 39 40 41 42 44 45 46 48 49 51 53 54 56 57 58 59 60 62 65 66 67 68 69 70 71 72 73 74 75 76 77 79 80 81 84 85 88 90 91 94 95 96 97 99 100 101 102 103 104 105 106 108 109 110 111 114 115 116 118 119 120 123 124 125 126 128 129 131 132 133 134 135 139 140 142 143 144 146 148 149 150 151 154 156 157 158 159 160 162 163 164 165 167 169 170 171 172 173 174 175 176 178 179 180 181 182 183 185 186 188 191 192 194 195 196 197 198 
162: 1 2 3 4 5 6 7 10 12 13 15 16 17 18 19 20 21 26 27 28 30 31 32 34 36 38 39 40 41 42 44 45 46 47 48 49 50 51 52 53 54 58 59 61 63 64 65 66 67 69 70 71 72 73 74 76 77 80 82 85 88 90 91 92 93 94 95 96 97 98 100 101 102 103 104 105 107 108 111 112 113 114 115 116 117 118 119 122 123 124 125 126 127 128 129 130 132 133 135 136 137 139 140 142 143 147 148 149 152 155 158 159 161 163 164 165 166 167 169 170 171 174 176 179 183 184 185 186 187 188 189 190 191 193 194 195 197 198 426 
163: 1 2 3 4 5 6 9 10 11 12 15 17 20 22 24 27 28 29 30 31 32 33 34 35 36 37 38 39 40 41 42 43 47 49 51 52 53 54 55 56 57 59 60 62 63 66 67 68 69 71 73 74 75 76 79 80 81 82 84 85 86 87 89 90 91 93 96 97 99 100 101 102 104 106 107 109 110 111 112 113 114 115 116 117 119 120 121 122 124 128 129 130 131 134 137 138 139 141 142 143 144 147 149 150 151 152 153 155 156 161 162 165 167 168 171 174 175 176 177 178 179 180 181 182 183 184 185 188 190 191 193 194 195 197 198 199 548 
164: 0 1 3 4 6 7 8 9 10 13 15 16 17 18 19 20 21 22 23 24 27 28 29 30 31 32 33 35 37 42 43 44 45 46 47 48 52 54 55 58 60 61 63 64 66 67 68 70 73 74 75 76 77 79 80 81 82 83 84 85 86 89 90 92 93 94 98 100 103 106 108 109 110 111 112 113 115 116 117 118 119 120 121 122 123 125 126 127 129 131 132 133 134 135 136 137 138 139 140 141 142 144 145 147 148 150 151 152 154 155 156 157 160 161 162 165 166 167 168 171 173 174 176 178 179 181 182 183 184 185 186 188 189 190 191 192 193 194 195 196 199 484 
165: 0 1 3 4 5 6 7 8 9 11 15 16 17 18 19 20 22 23 24 25 26 28 29 30 31 37 40 41 43 45 47 48 50 51 52 53 54 55 56 57 58 59 63 64 65 66 67 68 70 71 72 73 74 75 76 77 78 79 80 81 82 83 84 85 87 88 90 91 93 94 95 96 97 98 104 105 106 107 108 110 112 114 116 117 120 121 123 124 125 126 127 128 129 130 131 133 134 135 137 139 140 141 142 144 146 150 151 153 155 157 158 160 161 162 163 164 166 167 168 169 170 172 173 174 176 179 180 181 183 184 185 186 188 189 190 191 192 193 194 195 198 199 475 551 
166: 2 3 5 6 7 8 9 13 14 15 16 17 18 19 20 21 22 23 24 25 26 27 28 29 30 31 32 33 34 35 36 37 38 39 40 41 42 43 44 46 47 48 49 50 53 54 56 58 59 60 62 63 64 65 67 70 71 72 73 74 75 77 83 84 85 86 87 88 89 90 91 92 94 95 96 98 100 102 104 105 108 109 110 111 113 114 115 116 117 120 121 123 127 129 130 133 134 137 139 140 142 143 144 146 147 150 152 153 154 155 156 157 158 159 160 162 164 165 168 170 171 173 174 175 177 178 179 181 182 183 184 185 186 188 189 190 192 193 196 197 198 447 543 
167: 1 2 3 4 5 6 7 9 10 11 12 13 14 16 18 19 21 22 24 26 27 28 29 31 32 33 35 37 39 41 43 45 46 49 52 53 54 55 56 58 62 64 65 66 68 69 70 71 72 73 75 76 78 79 80 82 83 84 87 88 89 91 92 96 97 99 100 101 102 104 105 106 108 109 110 114 115 116 117 118 119 120 121 124 125 128 129 130 131 134 135 137 139 140 141 142 143 144 147 148 149 151 152 154 155 156 157 158 160 161 162 163 164 165 168 169 171 172 174 176 177 178 180 181 182 183 185 187 191 192 194 195 196 198 199 415 444 458 
168: 1 3 4 6 7 8 9 10 12 14 15 16 17 18 20 21 23 25 26 27 32 33 34 35 37 39 40 42 43 44 45 47 48 49 50 52 55 56 57 59 60 61 62 64 66 67 68 69 70 72 74 75 76 77 78 79 80 82 84 85 86 88 89 90 91 92 94 96 97 98 99 100 102 103 104 106 107 109 110 112 113 114 116 117 121 122 123 125 126 127 128 129 130 131 132 133 135 136 137 138 139 141 142 143 146 147 149 150 153 156 157 158 160 163 164 165 166 167 172 174 175 178 180 181 182 183 184 186 187 189 190 191 192 193 194 195 196 198 199 427 439 441 470 547 
169: 0 2 5 8 9 10 11 12 14 15 17 19 20 21 22 23 24 25 27 28 29 32 33 34 35 36 37 38 40 42 43 45 46 47 48 49 50 51 52 53 55 56 58 59 61 62 63 65 66 67 68 69 70 71 72 75 76 78 80 81 83 84 85 86 87 88 89 90 91 92 94 95 96 98 99 100 101 102 103 105 106 108 109 110 111 113 114 115 117 119 121 122 123 124 125 126 127 128 129 131 132 133 134 135 136 137 138 139 141 142 143 144 147 148 149 150 151 152 154 155 160 161 162 165 167 170 172 173 174 177 178 179 180 181 182 183 186 187 189 192 193 194 195 196 197 198 199 
170: 1 2 3 4 7 8 9 10 11 12 13 14 16 17 19 21 22 23 24 25 26 30 31 32 34 35 37 39 40 41 43 44 45 46 48 51 52 53 56 58 61 62 63 64 66 68 69 70 72 73 74 75 76 77 78 81 82 84 85 86 87 88 89 90 91 92 95 97 98 99 103 105 106 107 109 110 111 112 114 115 116 118 124 125 127 128 129 130 133 135 137 138 140 141 143 144 145 146 147 149 150 151 152 153 154 155 156 157 158 159 161 162 165 166 169 171 172 173 176 179 180 182 183 184 186 188 189 190 193 194 195 196 198 199 440 478 619 
171: 0 2 3 4 5 6 7 8 9 11 13 14 15 16 17 18 19 20 21 22 23 25 26 28 29 30 32 33 34 36 37 38 39 40 41 42 43 44 45 46 47 49 51 53 56 57 58 59 60 63 66 67 68 71 72 73 74 75 76 78 81 82 83 84 85 86 87 88 89 90 92 93 94 95 96 97 98 99 100 101 103 104 105 109 110 111 112 113 114 116 117 118 120 121 123 125 128 129 130 133 136 137 138 140 141 143 144 145 147 148 149 150 151 152 153 154 155 156 157 158 159 161 162 163 164 166 167 170 172 173 175 176 177 178 181 182 187 188 190 191 192 194 197 415 419 438 564 
172: 0 1 2 3 4 5 6 7 8 10 14 16 18 19 20 21 23 24 25 27 29 30 32 33 34 38 39 40 41 42 44 45 46 47 48 49 50 51 53 54 55 58 60 61 63 64 66 67 69 70 71 73 74 75 77 78 80 82 83 86 88 89 90 93 94 95 96 97 99 101 102 105 106 107 108 109 110 112 113 114 115 116 117 119 121 122 123 126 127 128 129 130 131 132 133 134 135 136 137 138 139 143 144 146 147 148 150 151 153 155 156 157 158 159 160 161 165 167 168 169 170 171 174 175 177 178 183 184 185 187 188 190 191 193 194 195 197 198 199 433 446 551 
173: 2 4 5 6 7 8 9 10 12 13 14 16 17 18 19 20 21 24 25 26 27 28 32 33 34 35 36 37 38 39 40 41 42 43 44 46 48 50 51 52 53 54 56 57 58 59 60 61 62 63 66 68 69 72 74 75 76 77 78 79 81 83 85 86 87 89 91 92 94 96 97 98 104 105 107 108 109 110 111 112 114 115 116 118 119 120 121 122 125 127 128 130 131 132 133 134 135 136 139 140 141 142 144 146 147 148 149 150 151 152 153 155 156 157 158 161 164 165 166 169 170 171 174 176 177 179 182 183 185 187 188 189 190 192 194 195 199 
174: 0 2 3 4 6 7 8 10 11 12 13 15 16 17 18 19 20 21 23 25 26 27 28 29 31 32 34 39 40 42 43 44 45 46 47 48 49 50 51 52 55 56 57 59 61 62 63 64 65 71 72 74 75 77 78 79 80 82 84 85 86 87 88 89 90 92 93 95 96 97 99 100 101 102 103 104 105 106 107 108 109 111 113 116 117 118 120 121 123 124 125 126 127 128 129 130 131 133 134 135 136 139 141 142 143 145 146 149 152 153 154 156 158 160 161 162 163 164 165 166 167 168 169 172 173 175 176 177 179 180 181 183 184 186 187 188 189 190 192 194 197 198 199 627 
175: 2 3 4 6 7 8 9 11 13 14 15 16 18 22 23 24 27 29 32 34 35 36 37 39 41 42 43 44 45 46 47 49 50 51 52 53 54 55 57 58 59 60 62 63 64 66 67 69 70 72 74 76 78 79 80 81 82 83 84 85 86 88 89 90 91 93 94 95 96 97 98 99 100 102 105 106 107 109 110 111 112 113 114 116 118 119 120 121 122 123 124 125 126 127 128 130 131 132 134 138 141 144 146 147 148 149 150 151 152 155 156 157 158 159 161 163 166 168 171 172 174 176 178 179 180 181 185 186 187 188 189 190 191 193 194 195 197 198 199 540 
176: 0 1 3 4 5 7 8 10 12 15 17 18 19 20 21 24 26 27 29 30 32 35 36 37 38 39 40 41 42 43 45 47 48 49 51 52 53 54 55 56 58 59 60 61 62 63 64 65 67 69 71 72 74 75 78 79 80 81 82 84 85 86 87 88 90 91 92 93 94 96 98 99 101 103 105 106 107 109 110 112 114 116 117 118 119 120 121 122 123 124 125 126 127 128 131 132 134 136 138 139 140 142 143 145 147 148 149 150 154 155 156 157 158 160 161 162 163 164 165 167 170 171 173 174 175 177 178 180 181 182 183 184 186 187 188 189 191 192 194 195 197 198 479 486 
177: 0 1 2 3 9 10 11 12 13 15 18 19 20 21 22 23 24 25 26 27 28 32 33 34 35 37 38 39 40 41 42 43 44 45 46 47 50 51 54 56 57 58 59 60 61 62 64 65 69 70 71 72 74 75 77 78 79 80 81 84 85 86 87 90 92 93 94 95 98 100 102 104 105 106 107 108 109 110 111 112 113 114 116 118 119 120 121 123 125 127 128 129 130 132 133 136 138 140 141 142 143 144 145 146 147 148 151 152 153 154 155 156 157 158 160 163 166 167 169 171 172 173 174 176 178 179 182 184 186 187 188 189 190 191 192 193 194 195 197 199 418 
178: 1 2 3 4 5 6 7 10 11 13 14 15 16 18 19 21 22 23 24 25 26 29 30 32 33 34 35 37 38 39 40 41 42 43 45 47 48 49 51 53 54 55 57 59 60 61 62 64 65 66 69 71 73 74 75 76 77 78 82 84 88 89 90 92 93 94 95 96 98 99 100 103 105 106 107 108 109 111 112 113 116 117 118 119 121 122 123 124 125 127 128 129 131 132 133 134 136 137 138 139 141 142 143 144 145 146 147 148 150 151 152 153 156 157 158 159 160 161 163 164 166 167 168 169 171 172 175 176 177 179 181 182 184 186 187 188 189 191 192 195 198 199 444 448 
179: 0 1 2 3 5 6 8 9 10 11 12 13 16 17 18 19 21 22 24 25 26 27 28 29 30 32 33 34 35 36 37 38 39 40 41 43 44 45 46 47 51 53 54 56 57 59 60 61 63 64 65 66 67 70 71 72 77 78 79 82 83 84 87 88 91 92 94 95 96 97 99 100 102 104 106 109 110 111 112 114 115 117 118 119 120 121 122 124 126 128 129 130 131 132 134 135 137 138 139 140 141 142 144 146 147 150 151 153 154 155 156 157 160 161 162 163 164 165 166 169 170 173 174 175 177 178 180 181 183 185 187 188 190 191 192 193 194 195 198 419 
180: 0 1 2 3 4 5 6 7 8 10 11 12 13 15 16 18 20 21 22 23 24 27 28 29 30 31 35 36 37 40 41 43 44 45 46 47 48 49 53 57 58 60 63 64 66 67 68 70 71 73 75 78 79 80 81 82 83 84 85 86 89 90 91 92 93 94 95 96 98 100 101 102 103 105 106 107 108 109 113 115 117 119 120 121 124 125 126 127 129 130 131 132 133 134 135 136 137 138 139 141 142 143 146 147 148 151 153 156 157 158 159 160 161 163 165 167 168 169 170 174 175 176 179 183 184 185 186 187 188 190 191 192 194 195 196 197 199 417 
181: 0 3 4 5 6 8 9 11 13 14 15 16 17 18 20 21 22 23 24 25 26 27 28 30 31 33 34 35 36 38 40 43 45 50 51 52 54 55 56 58 59 60 61 62 63 64 65 66 67 68 69 71 72 73 74 75 76 77 79 80 83 86 88 89 94 95 96 97 98 101 103 104 105 106 107 108 109 110 111 112 113 114 115 118 119 121 123 124 127 128 129 130 132 134 135 136 137 138 140 141 142 143 144 145 147 148 150 151 153 154 158 159 160 161 163 164 165 166 167 168 169 171 174 175 176 178 179 184 185 186 187 189 190 194 195 196 197 198 412 420 540 566 
182: 0 1 5 7 10 11 12 14 15 16 17 18 20 21 26 27 28 29 30 32 33 34 35 37 38 39 41 45 48 49 50 51 53 56 59 60 61 62 64 65 66 67 70 71 73 74 77 78 82 83 87 88 90 91 92 94 95 96 98 100 101 103 104 105 107 108 109 110 111 112 113 115 116 117 118 119 121 122 123 125 126 127 128 129 131 134 135 138 139 140 141 144 145 148 149 150 151 152 153 154 155 157 160 161 163 164 166 167 168 169 170 171 173 176 177 178 184 185 187 189 190 191 192 196 197 199 465 564 
183: 0 1 2 3 4 5 8 9 10 12 13 17 18 19 20 22 23 27 28 29 30 32 34 35 37 40 41 42 43 44 45 46 47 48 49 50 53 54 55 56 57 58 59 60 61 62 65 66 69 70 71 72 74 77 80 83 84 86 87 88 89 94 95 97 98 99 100 102 103 105 106 109 110 111 112 113 114 115 116 117 118 120 121 122 123 124 126 127 128 129 130 134 135 136 138 142 144 145 146 151 152 153 154 155 156 157 158 159 160 161 162 163 164 165 166 167 168 169 170 172 173 174 176 179 180 184 185 186 189 192 193 195 196 197 199 440 470 540 630 
184: 1 2 3 4 5 6 7 10 12 13 14 15 16 19 20 22 23 24 25 27 28 29 30 32 33 34 36 37 39 40 41 42 43 44 48 50 51 52 54 56 58 59 60 61 63 64 65 66 67 68 70 73 74 76 77 79 81 83 84 86 87 89 91 93 94 95 97 98 100 101 102 104 105 106 107 108 109 110 113 114 115 117 118 119 121 122 124 129 130 131 133 134 135 136 137 138 139 140 141 142 146 149 151 152 154 157 158 159 162 163 164 165 166 168 170 172 174 176 177 178 180 181 182 183 185 186 189 190 191 192 194 195 196 198 199 
185: 0 1 4 5 6 7 8 9 12 13 14 15 17 21 23 24 25 28 29 30 31 32 33 36 39 40 41 42 43 44 45 46 47 48 49 50 51 52 53 54 55 56 57 58 61 62 63 64 65 67 69 70 71 74 75 76 80 81 82 83 84 85 88 89 91 93 94 95 96 97 99 100 101 104 105 106 107 108 109 110 112 113 114 116 118 119 120 121 122 124 125 128 129 130 131 132 134 136 137 139 140 141 142 144 145 146 148 149 151 157 158 160 161 162 163 164 165 166 167 172 173 175 179 180 181 182 183 184 186 188 190 191 192 193 195 196 197 198 478 638 
186: 0 2 4 5 6 7 9 10 11 12 13 15 16 17 20 24 26 28 29 30 31 32 35 38 39 41 42 43 47 48 53 54 58 59 60 61 62 63 64 65 67 68 69 70 73 75 77 83 84 85 89 90 91 92 94 95 96 97 101 104 105 106 107 108 112 113 114 116 117 118 120 121 122 123 127 128 129 130 131 133 136 137 139 140 141 143 144 149 150 153 154 155 156 157 158 159 160 161 162 164 165 166 168 169 170 174 175 176 177 178 180 181 183 184 185 187 188 189 190 191 192 193 195 196 197 199 482 
187: 0 1 2 4 6 7 10 11 12 13 16 18 19 20 22 24 28 29 30 32 34 35 36 37 38 39 42 43 44 45 47 48 49 50 51 52 53 54 55 56 57 58 59 60 61 62 63 64 66 68 69 70 72 73 75 76 77 78 79 81 83 84 85 88 89 90 91 92 93 96 97 98 99 101 102 103 104 105 106 107 109 111 112 114 115 116 117 119 120 122 123 124 125 127 128 129 130 131 132 133 134 136 137 138 139 140 141 142 143 144 146 147 151 153 154 155 157 158 159 160 162 167 168 169 171 172 173 174 175 176 177 178 179 180 181 182 186 189 190 192 193 196 197 198 199 481 
188: 0 3 6 7 9 11 12 15 17 18 20 22 23 25 28 29 31 32 33 35 37 39 40 41 43 45 46 47 48 49 50 53 54 55 56 57 58 61 62 63 64 65 66 67 68 69 70 71 72 73 76 77 78 79 80 81 82 83 84 85 86 87 88 89 90 91 92 93 94 96 98 99 104 106 107 108 110 111 112 113 115 116 117 118 119 122 123 124 125 126 127 129 130 131 136 138 142 145 147 148 149 150 152 153 154 155 158 159 161 162 163 164 165 166 170 171 172 173 174 175 176 177 178 179 180 185 186 189 191 192 193 196 197 198 199 453 481 
189: 0 1 3 5 6 8 9 10 11 13 14 15 16 18 21 22 23 24 25 26 27 28 30 31 32 33 35 36 38 39 40 41 42 43 44 45 49 50 51 53 55 56 57 58 61 62 65 67 68 69 70 72 73 75 77 78 79 80 81 82 83 84 86 87 88 90 92 94 95 96 97 98 99 102 103 106 107 111 113 114 115 118 119 120 122 124 126 127 129 130 131 134 135 138 139 141 142 144 145 148 150 151 152 153 154 155 158 159 160 162 164 165 166 168 169 170 173 174 175 176 177 178 181 182 183 184 186 187 188 191 192 193 194 195 196 197 199 439 
190: 0 1 2 3 6 7 9 10 11 12 14 15 16 17 19 20 23 24 27 28 29 30 31 33 34 35 38 39 40 42 43 44 45 47 48 49 51 53 54 56 57 58 59 60 61 62 63 65 66 69 70 71 72 75 76 81 82 85 86 88 89 90 94 95 96 97 98 99 101 102 103 104 106 108 110 111 112 113 114 116 117 119 120 121 122 126 127 128 129 130 131 132 133 139 141 142 143 144 145 146 147 148 149 151 152 153 155 156 159 160 162 163 164 165 166 168 170 171 172 173 174 175 177 179 180 181 182 184 185 186 187 191 193 194 195 197 198 199 420 458 
191: 1 2 3 4 5 6 8 9 10 11 13 14 15 16 19 20 21 22 23 26 27 29 30 31 32 37 38 39 40 41 42 43 45 46 47 49 50 51 54 56 57 58 59 61 62 63 65 66 67 68 69 70 71 72 73 74 75 76 77 78 80 81 82 83 84 85 86 87 88 89 90 91 93 94 95 96 97 99 100 102 103 104 106 108 110 111 113 114 116 117 118 119 120 121 123 125 126 128 129 131 133 134 135 136 137 143 145 147 148 149 150 154 155 156 158 159 160 161 162 163 164 165 167 168 171 172 175 176 177 178 179 180 182 184 185 186 188 189 190 192 193 194 196 197 198 199 419 569 
192: 1 2 3 5 6 8 9 13 14 15 17 18 19 20 21 22 24 25 27 28 31 33 34 35 36 37 39 40 41 42 44 45 46 47 48 49 50 51 52 53 54 55 56 57 58 59 60 62 64 65 66 67 68 69 70 71 72 73 75 76 77 78 79 80 81 82 83 85 86 87 88 90 92 93 94 95 96 97 99 100 102 103 104 105 107 110 111 113 114 115 116 119 120 121 122 124 125 126 127 128 129 131 132 133 134 136 142 146 147 148 149 151 152 153 155 157 158 159 160 161 164 165 166 167 168 169 171 173 174 176 177 178 179 180 182 183 184 185 186 187 188 189 191 193 195 196 198 199 437 452 637 
193: 0 4 6 7 8 9 10 11 12 14 15 16 17 18 19 21 22 23 24 25 27 29 30 31 32 33 34 35 36 38 40 41 42 43 47 48 50 51 55 56 57 59 61 62 63 64 65 66 67 68 69 72 73 75 76 79 81 82 85 86 87 88 89 90 92 93 94 96 99 100 102 103 106 108 109 110 111 113 114 115 116 119 122 123 125 126 127 129 131 133 134 135 136 137 139 140 141 142 143 145 147 149 151 153 156 158 159 162 163 164 165 166 168 169 170 172 175 177 179 183 185 186 187 188 189 190 191 192 194 195 196 197 198 199 462 530 
194: 0 1 3 5 6 9 11 12 13 14 15 16 17 19 20 21 22 23 24 26 27 28 32 33 34 35 36 37 39 40 42 44 45 48 49 51 52 55 56 59 60 61 62 64 65 67 71 72 76 77 78 80 81 82 83 84 85 87 89 90 91 92 93 95 97 99 100 103 105 107 108 109 110 112 113 116 118 119 121 122 123 125 126 127 129 131 132 133 138 139 140 143 144 145 147 148 150 151 152 154 160 161 162 163 164 165 167 168 169 170 171 172 173 174 175 176 177 179 180 181 184 189 190 191 193 196 197 198 199 428 476 547 
195: 1 2 3 4 5 6 8 9 10 11 12 13 14 15 16 17 18 19 20 21 22 24 25 26 27 28 29 30 31 32 34 35 36 38 39 40 41 42 43 44 46 48 49 50 51 52 53 54 55 56 57 58 59 60 61 62 65 66 68 69 70 71 72 73 74 75 76 79 83 84 85 86 91 93 94 95 96 99 100 101 102 103 106 108 109 111 112 113 116 117 118 120 121 124 125 126 127 128 129 130 131 132 133 134 136 137 140 141 142 143 148 149 151 152 153 154 155 156 159 160 161 162 163 164 165 167 168 169 170 172 173 175 176 177 178 179 180 181 183 184 185 186 189 190 192 193 196 197 199 567 
196: 0 1 3 4 5 6 7 10 11 12 13 14 15 16 17 18 19 20 21 22 25 26 27 28 29 30 31 32 34 36 37 38 39 40 41 42 43 45 46 48 49 51 52 53 54 55 58 61 62 63 64 65 66 67 68 69 71 73 74 75 76 77 78 79 81 82 83 84 85 87 88 89 90 91 92 93 95 96 97 98 101 105 106 107 108 109 110 111 112 114 116 118 119 120 121 122 123 124 125 126 127 128 130 132 133 134 135 136 137 138 139 140 141 143 145 146 147 149 150 151 152 153 155 156 159 160 161 164 166 167 168 169 170 180 181 182 183 184 185 186 187 188 189 191 192 193 194 195 197 198 199 
197: 0 1 2 3 4 5 6 7 9 11 12 13 14 16 17 18 19 21 22 23 24 27 28 32 33 36 37 38 39 40 41 45 46 47 48 50 51 53 54 56 57 58 60 61 62 63 64 65 66 67 68 70 71 73 75 76 77 79 80 81 83 84 86 87 88 91 93 96 97 99 100 101 103 106 107 109 110 111 112 113 115 116 117 119 120 123 124 126 129 130 131 132 135 136 137 138 142 143 145 146 147 148 149 152 153 155 157 158 159 160 161 162 163 166 169 171 172 174 175 176 177 180 181 182 183 185 186 187 188 189 190 191 193 194 195 196 198 199 
198: 0 1 3 7 8 9 11 12 13 14 15 16 17 19 20 25 26 27 29 30 31 32 33 35 36 38 39 40 43 44 45 47 48 50 51 53 54 55 56 58 59 61 62 63 65 67 68 69 70 71 73 74 75 76 77 79 81 82 83 84 85 87 88 89 91 95 96 98 99 102 104 105 107 108 111 112 113 118 119 120 121 123 124 126 127 128 129 130 131 132 133 134 136 137 138 141 142 143 145 147 148 149 150 151 152 153 155 160 161 162 163 165 166 167 168 169 170 172 174 175 176 178 179 181 184 185 187 188 190 191 192 193 194 196 197 426 
199: 0 2 3 4 5 7 8 10 11 12 13 14 16 17 18 21 22 23 25 28 29 31 32 33 34 35 36 38 40 41 43 44 45 46 47 48 49 50 51 52 53 54 55 56 57 58 61 63 66 67 69 70 71 74 75 76 77 78 83 84 85 86 87 88 89 91 93 94 95 96 97 100 101 102 104 106 107 108 109 112 113 114 115 116 117 118 119 121 122 123 126 127 128 129 130 131 132 133 134 135 136 137 138 140 141 142 144 145 146 147 149 150 152 153 154 156 157 158 160 163 164 165 167 168 169 170 172 173 174 175 177 178 180 182 183 184 186 187 188 189 190 191 192 193 194 195 196 197 566 635 
200: 201 203 204 205 207 208 209 210 212 213 214 215 217 219 220 222 224 226 227 229 230 231 232 233 234 235 236 237 238 239 240 241 244 245 246 247 249 250 251 252 253 255 258 259 262 263 264 267 268 269 271 272 273 276 277 279 280 281 282 283 284 285 286 287 288 289 359 796 
201: 200 202 204 205 206 207 209 210 212 213 214 215 216 219 220 222 223 224 225 226 227 229 230 231 235 236 237 238 239 241 242 245 246 247 249 250 252 253 254 255 256 257 258 261 263 264 265 266 267 268 270 271 274 275 276 278 280 281 282 283 284 286 287 288 289 
202: 201 203 204 206 207 211 212 214 215 217 218 219 221 223 224 225 228 230 231 232 233 235 236 238 239 240 241 242 244 245 246 247 252 253 254 256 257 258 259 262 263 264 265 266 267 268 269 270 271 272 273 274 275 276 277 278 279 280 281 282 286 288 289 361 
203: 200 202 204 205 206 207 208 209 210 211 213 215 216 217 218 219 220 221 222 223 224 225 227 229 230 231 234 237 239 240 241 242 244 246 247 248 253 254 255 257 258 259 260 261 263 264 266 267 269 272 273 274 275 278 281 282 283 284 286 288 289 623 798 864 
204: 200 201 202 203 205 206 209 210 211 212 213 214 215 217 219 221 222 223 224 226 227 228 232 233 234 235 238 242 243 244 245 246 247 249 250 251 252 253 254 255 256 257 259 260 261 262 263 265 266 267 270 271 272 273 274 275 276 277 278 279 280 284 285 286 288 289 
205: 200 201 203 204 206 207 208 209 211 214 215 216 217 218 219 220 222 223 225 226 227 228 230 231 232 233 235 237 238 241 242 244 246 247 248 249 250 251 253 254 255 256 257 258 260 261 262 264 265 266 267 268 269 270 271 274 275 276 278 280 282 283 284 285 286 287 288 498 500 504 
206: 201 202 203 204 205 207 208 209 210 212 213 214 215 216 219 220 221 222 223 227 228 230 231 233 235 236 237 238 240 242 243 245 246 247 248 249 252 253 254 255 256 257 258 259 261 262 264 265 266 268 269 270 271 272 274 275 276 277 278 279 280 281 284 286 289 353 
207: 200 201 202 203 205 206 209 210 211 213 214 215 216 217 218 219 221 223 226 227 228 230 231 232 233 235 236 237 238 239 240 241 242 244 245 246 248 250 251 252 253 254 255 256 258 259 260 261 263 265 266 267 271 272 273 276 277 278 281 282 284 286 287 288 289 611 
208: 200 203 205 206 211 212 214 215 216 217 219 220 222 223 225 226 227 228 230 233 234 235 236 237 238 239 240 241 242 243 244 245 246 247 248 249 250 251 252 254 255 256 257 258 259 262 263 265 267 268 269 270 272 273 274 277 278 279 280 281 283 284 285 287 289 620 878 
209: 200 201 203 204 205 206 207 210 211 212 214 215 217 218 219 220 221 223 224 225 226 227 228 229 230 231 232 233 234 235 236 237 238 239 241 242 244 245 247 248 249 250 251 253 255 258 260 261 262 263 264 266 267 268 269 271 273 274 275 276 277 278 281 282 283 284 285 286 287 288 289 
210: 200 201 203 204 206 207 209 211 213 214 215 216 218 219 220 222 224 225 226 228 229 230 231 232 233 234 236 238 239 240 243 244 245 246 247 248 249 250 251 252 253 255 257 258 259 261 262 263 264 266 267 270 272 273 275 276 277 279 280 281 283 284 285 287 288 289 614 
211: 202 203 204 205 207 208 209 210 212 213 215 216 218 221 222 223 225 226 227 228 229 230 231 232 233 235 237 238 239 241 245 248 249 250 253 254 255 256 257 258 260 261 264 265 266 267 268 269 270 271 272 273 274 276 278 280 281 282 285 286 287 288 500 
212: 200 201 202 204 206 208 209 211 214 215 218 219 220 221 222 223 224 225 226 228 231 234 235 238 241 242 243 244 245 247 248 249 252 253 254 256 257 258 259 261 262 264 265 266 267 268 271 275 277 278 279 281 282 284 285 286 287 288 289 351 366 507 
213: 200 201 203 204 206 207 210 211 215 217 218 219 220 221 222 223 224 226 227 230 231 232 233 234 235 236 237 238 240 241 243 244 245 248 249 250 251 252 253 255 257 258 259 260 261 262 263 264 265 266 267 268 269 270 271 273 274 276 277 278 279 280 283 285 287 288 612 867 
214: 200 201 202 204 205 206 207 208 209 210 212 215 216 217 218 220 221 222 223 224 225 226 227 228 229 230 231 232 236 237 238 239 242 245 246 247 249 250 251 252 253 254 255 256 259 260 261 263 265 266 271 272 273 274 275 276 277 278 279 280 281 284 285 287 288 289 792 
215: 200 201 202 203 204 205 206 207 208 209 210 211 212 213 214 216 217 218 219 220 221 222 224 226 227 228 230 231 232 235 236 237 238 240 241 242 243 244 245 246 247 248 250 251 252 253 254 255 256 257 258 260 261 263 264 265 266 268 269 270 271 272 273 274 278 279 281 283 284 285 286 287 288 289 492 799 
216: 201 203 205 206 207 208 210 211 214 215 217 218 219 220 221 222 223 224 225 226 227 228 229 233 234 235 236 237 245 247 248 249 250 251 252 253 254 256 257 258 259 261 262 263 265 266 267 268 269 270 271 272 273 276 279 280 281 282 285 286 289 333 335 506 809 868 
217: 200 202 203 204 205 207 208 209 213 214 215 216 219 220 221 222 223 224 225 226 227 228 229 231 232 233 237 238 239 240 241 242 243 244 246 247 249 250 251 252 253 254 255 256 257 258 259 261 263 264 265 267 268 269 270 272 273 274 275 276 277 278 279 280 283 287 288 633 897 882 
218: 202 203 205 207 209 210 211 212 213 214 215 216 219 220 223 224 225 228 229 231 232 235 236 237 238 240 241 242 243 244 246 247 248 249 252 253 257 258 259 261 264 265 266 269 270 271 272 274 277 278 280 281 283 285 286 287 289 790 898 
219: 200 201 202 203 204 205 206 207 208 209 210 212 213 215 216 217 218 221 222 223 224 225 226 227 228 229 231 232 233 234 235 236 237 238 239 240 242 243 244 246 248 251 252 253 254 255 256 258 259 260 262 263 267 269 270 271 272 273 274 275 276 277 280 282 284 285 287 338 507 627 897 
220: 200 201 203 205 206 208 209 210 212 213 214 215 216 217 218 224 225 226 230 231 232 233 234 235 236 237 238 240 241 242 243 244 245 246 247 248 249 251 253 254 255 256 258 259 260 262 263 264 267 268 269 270 271 272 273 275 276 277 278 280 281 283 284 285 286 288 780 894 
221: 202 203 204 206 207 209 211 212 213 214 215 216 217 219 224 226 228 229 232 233 235 238 239 240 241 242 247 248 249 252 254 255 256 258 259 260 261 262 264 265 267 268 270 272 273 276 278 280 282 283 285 286 287 288 289 343 523 615 
222: 200 201 203 204 205 206 208 210 211 212 213 214 215 216 217 219 226 229 230 231 233 234 235 236 237 238 239 240 241 242 244 245 246 247 248 249 250 251 252 254 255 258 259 260 261 262 263 264 265 266 268 269 271 272 273 274 275 276 277 278 279 281 282 283 284 285 286 287 358 369 
223: 201 202 203 204 205 206 207 208 209 211 212 213 214 216 217 218 219 224 225 226 227 228 230 231 234 236 237 238 239 240 241 242 245 246 248 249 250 252 253 254 256 257 258 259 260 262 263 265 267 268 270 272 274 275 277 279 280 281 282 283 285 287 288 289 351 
224: 200 201 202 203 204 209 210 212 213 214 215 216 217 218 219 220 221 223 225 227 228 229 231 232 233 235 237 239 241 242 243 247 249 250 251 252 253 254 255 256 257 258 259 260 261 262 263 264 267 268 269 270 271 272 273 274 275 276 278 279 280 281 282 283 284 286 287 289 866 
225: 201 202 203 205 208 209 210 211 212 214 216 217 218 219 220 223 224 226 227 228 230 231 232 234 235 237 238 239 241 242 243 244 245 246 247 248 250 251 252 253 256 257 259 260 262 263 264 265 266 268 270 271 273 274 275 276 277 278 279 281 282 283 285 286 287 288 289 889 
226: 200 201 204 205 207 208 209 210 211 212 213 214 215 216 217 219 220 221 222 223 225 227 228 230 231 232 233 235 236 237 239 242 243 245 246 247 249 250 251 253 254 255 256 257 258 259 260 262 263 264 266 267 268 269 272 273 274 275 278 279 280 281 282 283 285 286 288 340 498 617 
227: 200 201 203 204 205 206 207 208 209 211 213 214 215 216 217 219 223 224 225 226 228 229 230 231 232 234 235 236 237 239 241 243 245 246 247 249 250 253 254 255 257 258 260 263 264 266 267 268 270 272 274 275 276 277 278 279 280 283 285 286 366 
228: 202 204 205 206 207 208 209 210 211 212 214 215 216 217 218 219 221 223 224 225 226 227 229 230 231 232 233 234 236 237 239 240 241 242 243 244 245 246 247 250 251 253 254 255 256 257 258 259 260 261 262 263 265 266 268 270 271 272 273 277 279 280 281 282 283 284 287 288 498 610 780 
229: 200 201 203 209 210 211 214 216 217 218 219 221 222 224 227 228 230 231 234 235 236 237 238 239 241 243 244 245 246 247 249 250 251 253 254 255 256 257 258 259 260 261 262 263 264 265 267 268 269 270 271 272 273 274 275 276 277 278 279 280 281 283 284 285 286 287 289 628 
230: 200 201 202 203 205 206 207 208 209 210 211 213 214 215 220 222 223 225 226 227 228 229 231 232 234 235 236 237 238 239 240 241 242 243 245 246 247 249 250 252 254 257 258 259 261 262 263 264 265 266 267 269 270 271 274 277 278 279 280 281 282 286 287 288 289 345 781 899 876 
231: 200 201 202 203 205 206 207 209 210 211 212 213 214 215 217 218 219 220 222 223 224 225 226 227 228 229 230 235 237 238 240 241 242 243 245 246 247 248 249 250 253 256 258 259 261 262 263 264 265 266 267 270 271 273 275 276 277 278 279 281 282 283 286 287 288 289 880 
232: 200 202 204 205 207 209 210 211 213 214 215 217 218 219 220 221 224 225 226 227 228 230 234 235 237 238 240 243 244 245 249 250 251 252 253 255 256 257 258 260 261 262 263 264 266 267 268 269 270 271 272 274 276 277 278 279 280 282 283 284 285 286 287 289 340 780 
233: 200 202 204 205 206 207 208 209 210 211 213 216 217 219 220 221 222 224 226 228 234 235 236 237 239 240 241 242 243 244 245 246 247 249 250 251 252 253 254 255 256 257 258 259 261 262 263 264 265 266 267 269 270 272 273 274 276 277 279 280 281 282 283 284 285 286 287 288 289 871 
234: 200 203 204 208 209 210 212 213 216 219 220 222 223 225 227 228 229 230 232 233 236 237 238 239 240 243 245 246 247 248 250 251 252 254 255 258 261 262 263 264 265 269 270 271 273 275 276 279 281 282 284 285 286 287 288 289 362 862 894 
235: 200 201 202 204 205 206 207 208 209 211 212 213 215 216 218 219 220 221 222 224 225 226 227 229 230 231 232 233 237 238 239 240 241 242 245 246 248 249 250 252 254 256 258 259 260 262 263 264 265 266 267 268 269 270 271 274 275 276 277 278 279 280 282 283 284 285 286 287 289 
236: 200 201 202 206 207 208 209 210 213 214 215 216 218 219 220 222 223 226 227 228 229 230 233 234 238 240 241 242 245 246 247 248 249 251 253 254 255 256 259 261 262 263 264 265 266 268 269 270 271 272 273 274 275 277 278 279 280 284 288 289 366 632 
237: 200 201 203 205 206 207 208 209 211 213 214 215 216 217 218 219 220 222 223 224 225 226 227 228 229 230 231 232 233 234 235 238 239 240 241 242 243 244 246 247 248 249 250 251 252 253 254 256 257 258 260 262 264 267 268 269 270 271 273 274 275 277 279 280 281 282 285 286 287 289 353 624 782 
238: 200 201 202 204 205 206 207 208 209 210 211 212 213 214 215 217 218 219 220 221 222 223 225 229 230 231 232 234 235 236 237 239 240 242 243 245 248 249 250 251 253 255 256 257 258 259 260 261 262 263 264 267 272 273 275 276 277 278 281 283 285 287 288 289 331 490 503 
239: 200 201 202 203 207 208 209 210 211 214 217 219 221 222 223 224 225 226 227 228 229 230 233 234 235 237 238 241 244 246 247 248 249 250 251 252 253 255 257 258 259 260 261 262 264 266 267 268 269 271 272 273 274 275 276 277 278 280 281 282 283 284 285 288 289 783 787 879 
240: 200 202 203 206 207 208 210 213 215 217 218 219 220 221 222 223 228 230 231 232 233 234 235 236 237 238 241 244 245 246 247 248 249 250 252 253 254 255 256 257 258 259 260 261 262 263 264 266 267 268 269 270 271 272 273 275 279 280 281 283 284 286 287 289 
241: 200 201 202 203 205 207 208 209 211 212 213 215 217 218 220 221 222 223 224 225 227 228 229 230 231 233 235 236 237 239 240 243 244 245 247 248 249 250 253 255 256 258 259 260 261 262 263 265 267 268 269 271 272 277 278 280 281 283 284 285 287 288 289 334 495 
242: 201 202 203 204 205 206 207 208 209 212 214 215 217 218 219 220 221 222 223 224 225 226 228 230 231 233 235 236 237 238 244 246 247 254 255 256 257 258 259 260 261 262 263 264 265 266 267 268 269 270 271 272 273 275 277 278 279 280 281 282 283 284 286 287 288 289 
243: 204 206 208 210 212 213 215 217 218 219 220 224 225 226 227 228 229 230 231 232 233 234 237 238 241 245 247 248 249 250 251 252 253 258 259 262 263 264 265 266 269 270 271 272 273 274 275 277 278 279 280 282 284 286 287 289 355 369 
244: 200 202 203 204 205 207 208 209 210 212 213 215 217 218 219 220 222 225 228 229 232 233 237 239 240 241 242 245 246 247 248 249 250 251 252 253 254 255 256 257 258 259 260 261 262 263 264 265 266 268 269 270 271 272 273 274 275 276 277 278 279 281 282 283 284 285 287 517 889 
245: 200 201 202 204 206 207 208 209 210 211 212 213 214 215 216 220 222 223 225 226 227 228 229 230 231 232 233 234 235 236 238 240 241 243 244 246 247 249 250 251 252 254 257 258 259 263 267 268 269 270 271 272 273 274 277 278 282 283 284 286 287 289 638 795 
246: 200 201 202 203 204 205 206 207 208 210 214 215 217 218 219 220 222 223 225 226 227 228 229 230 231 233 234 235 236 237 239 240 242 244 245 247 248 250 251 252 254 255 257 259 260 262 263 264 265 266 267 268 269 270 271 272 274 275 278 279 280 281 284 285 289 508 799 
247: 200 201 202 203 204 205 206 208 209 210 212 214 215 216 217 218 220 221 222 224 225 226 227 228 229 230 231 233 234 236 237 239 240 241 242 243 244 245 246 249 251 252 253 254 257 258 259 260 262 263 265 266 268 269 270 272 277 278 280 281 283 284 286 289 336 804 861 
248: 203 205 206 207 208 209 210 211 212 213 215 216 218 219 220 221 222 223 225 231 234 235 236 237 238 239 240 241 243 244 246 249 251 252 253 255 256 257 258 260 261 264 265 266 267 270 271 272 273 274 275 276 277 280 281 284 285 286 289 340 519 
249: 200 201 204 205 206 208 209 210 211 212 213 214 216 217 218 220 221 222 223 224 226 227 229 230 231 232 233 235 236 237 238 239 240 241 243 244 245 247 248 250 251 253 254 255 256 257 258 260 262 263 265 266 267 268 270 271 272 273 275 277 278 280 281 282 283 284 285 288 526 789 
250: 200 201 204 205 207 208 209 210 211 213 214 215 216 217 222 223 224 225 226 227 228 229 230 231 232 233 234 235 237 238 239 240 241 243 244 245 246 249 251 255 258 259 261 262 263 265 266 268 270 271 272 273 274 275 276 278 279 280 281 282 284 285 286 287 288 289 519 
251: 200 204 205 207 208 209 210 213 214 215 216 217 219 220 222 224 225 226 228 229 232 233 234 236 237 238 239 243 244 245 246 247 248 249 250 253 254 255 256 257 259 261 263 264 265 266 267 268 269 270 271 274 275 277 279 281 282 283 284 285 286 287 288 363 785 
252: 200 201 202 204 206 207 208 210 212 213 214 215 216 217 218 219 221 222 223 224 225 230 232 233 234 235 237 239 240 243 244 245 246 247 248 253 255 256 257 258 259 260 261 262 263 264 265 266 267 268 269 270 272 273 274 275 276 277 278 279 280 281 282 284 285 289 
253: 200 201 202 203 204 205 206 207 209 210 211 212 213 214 215 216 217 218 219 220 223 224 225 226 227 228 229 231 232 233 236 237 238 239 240 241 243 244 247 248 249 251 252 254 255 256 257 258 259 262 263 265 266 267 268 269 271 274 275 276 277 278 279 280 283 284 285 286 287 288 330 348 497 509 797 
254: 201 202 203 204 205 206 207 208 211 212 214 215 216 217 219 220 221 222 223 224 226 227 228 229 230 233 234 235 236 237 240 242 244 245 246 247 249 251 253 256 260 261 262 265 267 268 270 271 272 275 276 277 279 280 281 282 283 284 286 358 638 
255: 200 201 203 204 205 206 207 208 209 210 211 213 214 215 217 219 220 221 222 224 226 227 228 229 232 233 234 236 238 239 240 241 242 244 246 248 249 250 251 252 253 256 257 258 259 260 261 262 263 264 266 268 269 270 271 273 274 276 277 279 280 281 283 287 288 289 339 
256: 201 202 204 205 206 207 208 211 212 214 215 216 217 219 220 221 223 224 225 226 228 229 231 232 233 235 236 237 238 240 241 242 244 248 249 251 252 253 254 255 257 258 259 260 261 262 265 267 268 269 270 271 272 274 277 281 282 283 285 286 288 289 347 894 
257: 201 202 203 204 205 206 208 210 211 212 213 215 216 217 218 223 224 225 226 227 228 229 230 232 233 237 238 239 240 242 244 245 246 247 248 249 251 252 253 255 256 259 261 262 263 264 266 267 268 269 271 272 275 276 278 280 281 284 285 287 288 
258: 200 201 202 203 205 206 207 208 209 210 211 212 213 215 216 217 218 219 220 221 222 223 224 226 227 228 229 230 231 232 233 234 235 237 238 239 240 241 242 243 244 245 247 248 249 250 252 253 255 256 259 260 263 264 265 266 267 269 270 271 272 278 279 281 282 283 284 285 286 287 289 340 627 
259: 200 202 203 204 206 207 208 210 212 213 214 216 217 218 219 220 221 222 223 224 225 226 228 229 230 231 233 235 236 238 239 240 241 242 243 244 245 246 247 250 251 252 253 255 256 257 258 260 261 262 263 265 266 267 268 269 270 271 272 273 274 275 276 278 279 280 281 282 283 284 285 286 287 289 369 864 
260: 203 204 205 207 209 211 213 214 215 219 220 221 222 223 224 225 226 227 228 229 232 235 237 238 239 240 241 242 244 246 247 248 249 252 254 255 256 258 259 261 262 263 264 265 266 267 268 269 270 273 274 275 278 279 281 284 286 287 288 514 624 797 
261: 201 203 204 205 206 207 209 210 211 212 213 214 215 216 217 218 221 222 224 228 229 230 231 232 233 234 236 238 239 240 241 242 244 248 250 251 252 254 255 256 257 259 260 262 265 268 269 270 271 272 273 275 276 278 280 281 282 285 287 289 516 
262: 200 202 204 205 206 208 209 210 212 213 216 219 220 221 222 223 224 225 226 228 229 230 231 232 233 234 235 236 237 238 239 240 241 242 243 244 246 247 249 250 252 253 254 255 256 257 259 260 261 263 264 265 266 267 268 271 272 273 274 275 276 279 280 282 283 284 285 286 287 288 289 490 616 618 800 
263: 200 201 202 203 204 207 208 209 210 213 214 215 216 217 219 220 222 223 224 225 226 227 228 229 230 231 232 233 234 235 236 238 240 241 242 243 244 245 246 247 249 250 251 252 253 255 257 258 259 260 262 265 267 269 270 271 272 273 274 275 276 277 278 279 282 285 286 288 289 523 873 893 
264: 200 201 202 203 205 206 209 210 211 212 213 215 217 218 220 221 222 224 225 226 227 229 230 231 232 233 234 235 236 237 238 239 240 242 243 244 246 248 251 252 255 257 258 260 262 266 267 268 269 272 274 276 277 278 280 281 282 284 286 287 288 526 619 875 
265: 201 202 204 205 206 207 208 211 212 213 214 215 216 217 218 221 222 223 225 228 229 230 231 233 234 235 236 241 242 243 244 246 247 248 249 250 251 252 253 254 256 258 259 260 261 262 263 266 267 268 269 272 273 277 278 279 282 283 284 286 287 288 289 364 
266: 201 202 203 204 205 206 207 209 210 211 212 213 214 215 216 218 222 225 226 227 228 230 231 232 233 235 236 239 240 242 243 244 246 247 248 249 250 251 252 253 255 257 258 259 260 262 264 265 267 268 269 270 272 276 277 278 280 282 283 284 285 286 287 288 337 355 356 525 
267: 200 201 202 203 204 205 207 208 209 210 211 212 213 216 217 219 220 221 223 224 226 227 229 230 231 232 233 235 237 238 239 240 241 242 245 246 248 249 251 252 253 254 256 257 258 259 260 262 263 264 265 266 269 270 271 272 273 274 275 276 277 278 279 280 281 283 285 286 287 288 289 
268: 200 201 202 205 206 208 209 211 212 213 215 216 217 220 221 222 223 224 225 226 227 228 229 232 235 236 237 239 240 241 242 244 245 246 247 249 250 251 252 253 254 255 256 257 259 260 261 262 264 265 266 269 270 271 272 273 274 275 277 278 279 280 283 284 285 286 287 288 363 
269: 200 202 203 205 206 208 209 211 213 215 216 217 218 219 220 222 224 226 229 230 232 233 234 235 236 237 239 240 241 242 243 244 245 246 247 251 252 253 255 256 257 258 259 260 261 263 264 265 266 267 268 272 273 275 276 277 278 279 280 281 282 284 286 287 866 
270: 201 202 204 205 206 208 210 211 213 215 216 217 218 219 220 221 223 224 225 227 228 229 230 231 232 233 234 235 236 237 240 242 243 244 245 246 247 248 249 250 251 252 254 255 256 258 259 260 261 263 266 267 268 271 272 274 275 276 278 279 281 282 283 284 285 286 287 289 350 890 
271: 200 201 202 204 205 206 207 209 211 212 213 214 215 216 218 219 220 222 224 225 228 229 230 231 232 234 235 236 237 239 240 241 242 243 244 245 246 248 249 250 251 253 254 255 256 257 258 259 261 262 263 267 268 270 273 274 275 276 277 278 280 281 282 283 285 286 287 288 625 
272: 200 202 203 204 206 207 208 210 211 214 215 216 217 218 219 220 221 222 223 224 226 227 228 229 232 233 236 238 239 240 241 242 243 244 245 246 247 248 249 250 252 254 256 257 258 259 261 262 263 264 265 266 267 268 269 270 273 274 275 276 279 281 282 283 284 285 286 287 288 527 
273: 200 202 203 204 207 208 209 210 211 213 214 215 216 217 219 220 221 222 224 225 226 228 229 231 233 234 236 237 238 239 240 242 243 244 245 248 249 250 252 255 259 260 261 262 263 265 267 268 269 271 272 274 275 276 277 278 279 280 281 282 283 284 285 286 287 289 513 638 781 802 
274: 201 202 203 204 205 206 208 209 211 213 214 215 217 218 219 222 223 224 225 226 227 229 230 232 233 235 236 237 239 243 244 245 246 248 250 251 252 253 255 256 259 260 262 263 264 267 268 270 271 272 273 275 276 277 278 280 282 283 284 285 286 287 289 330 335 517 
275: 201 202 203 204 205 206 209 210 212 214 217 219 220 222 223 224 225 226 227 229 231 234 235 236 237 238 239 240 242 243 244 246 248 249 250 251 252 253 254 257 259 260 261 262 263 267 268 269 270 271 272 273 274 276 277 278 279 280 281 282 283 284 285 286 287 331 
276: 200 201 202 204 205 206 207 209 210 211 213 214 216 217 219 220 221 222 224 225 227 229 231 232 233 234 235 238 239 244 248 250 252 253 254 255 257 259 261 262 263 264 266 267 269 270 271 272 273 274 275 277 279 280 281 282 283 285 286 287 
277: 200 202 204 206 207 208 209 210 212 213 214 217 218 219 220 222 223 225 227 228 229 230 231 232 233 235 236 237 238 239 241 242 243 244 245 247 248 249 251 252 253 254 255 256 263 264 265 266 267 268 269 271 273 274 275 276 278 280 282 283 284 285 288 333 346 
278: 201 202 203 204 205 206 207 208 209 211 212 213 214 215 217 218 220 221 222 224 225 226 227 229 230 231 232 235 236 238 239 241 242 243 244 245 246 247 249 250 252 253 257 258 259 260 261 263 264 265 266 267 268 269 270 271 273 274 275 277 279 280 282 283 284 285 286 287 288 289 367 799 
279: 200 202 204 206 208 210 212 213 214 215 216 217 222 223 224 225 226 227 228 229 230 231 232 233 234 235 236 237 240 242 243 244 246 250 251 252 253 254 255 258 259 260 262 263 265 267 268 269 270 272 273 275 276 278 280 281 283 284 286 288 289 335 
280: 200 201 202 204 205 206 208 210 211 213 214 216 217 218 219 220 221 223 224 226 227 228 229 230 232 233 235 236 237 239 240 241 242 243 246 247 248 249 250 252 253 254 255 257 259 261 262 264 266 267 268 269 271 273 274 275 276 277 278 279 281 282 283 284 285 286 287 344 809 896 
281: 200 201 202 203 206 207 208 209 210 211 212 214 215 216 218 220 222 223 224 225 226 228 229 230 231 233 234 237 238 239 240 241 242 244 246 247 248 249 250 251 252 254 255 256 257 258 259 260 261 264 267 269 270 271 272 273 275 276 279 280 283 284 286 288 289 528 865 878 885 
282: 200 201 202 203 205 207 209 211 212 216 219 221 222 223 224 225 226 228 230 231 232 233 234 235 237 239 242 243 244 245 249 250 251 252 254 256 258 259 261 262 263 264 265 266 269 270 271 272 273 274 275 276 277 278 280 285 287 288 289 347 875 883 
283: 200 201 203 205 208 209 210 213 215 217 218 220 221 222 223 224 225 226 227 228 229 231 232 233 235 238 239 240 241 242 244 245 247 249 251 253 254 255 256 258 259 262 265 266 267 268 270 271 272 273 274 275 276 277 278 279 280 281 284 285 286 287 288 289 
284: 200 201 203 204 205 206 207 208 209 210 212 214 215 219 220 222 224 228 229 232 233 234 235 236 239 240 241 242 243 244 245 246 247 248 249 250 251 252 253 254 257 258 259 260 262 264 265 266 268 269 270 272 273 274 275 277 278 279 280 281 283 285 286 288 289 522 496 502 611 630 
285: 200 204 205 208 209 210 211 212 213 214 215 216 218 219 220 221 222 223 225 226 227 229 232 233 234 235 237 238 239 241 244 246 248 249 250 251 252 253 256 257 258 259 261 262 263 266 267 268 270 271 272 273 274 275 276 277 278 280 282 283 284 288 289 524 496 630 
286: 200 201 202 203 204 205 206 207 209 211 212 215 216 218 220 221 222 224 225 226 227 229 230 231 232 233 234 235 237 240 242 243 245 247 248 250 251 253 254 256 258 259 260 262 263 264 265 266 267 268 269 270 271 272 273 274 275 276 278 279 280 281 283 284 287 289 796 886 
287: 200 201 205 207 208 209 210 211 212 213 214 215 217 218 219 221 222 223 224 225 228 229 230 231 232 233 234 235 237 238 240 241 242 243 244 245 250 251 253 255 257 258 259 260 261 262 264 265 266 267 268 269 270 271 272 273 274 275 276 278 280 282 283 286 288 289 
288: 200 201 202 203 204 205 207 209 210 211 212 213 214 215 217 220 221 223 225 226 228 230 231 233 234 236 238 239 241 242 249 250 251 253 255 256 257 260 262 263 264 265 266 267 268 271 272 277 278 279 281 282 283 284 285 287 289 357 
289: 200 201 202 203 204 206 207 208 209 210 212 214 215 216 218 221 223 224 225 229 230 231 232 233 234 235 236 237 238 239 240 241 242 243 245 246 247 248 250 252 255 256 258 259 261 262 263 265 267 270 273 274 278 279 281 282 283 284 285 286 287 288 368 513 872 
290: 293 294 295 296 298 299 300 303 304 305 306 307 308 309 311 312 315 316 319 320 321 322 323 325 326 328 329 452 752 
291: 292 293 294 295 296 305 306 308 309 310 311 312 313 314 315 317 319 321 324 325 326 327 328 440 
292: 291 293 294 295 297 299 300 301 303 304 306 307 308 309 310 311 313 314 316 317 320 321 322 324 325 326 327 328 329 420 530 
293: 290 291 292 294 295 298 299 301 302 303 304 305 306 307 308 309 313 314 315 316 318 320 321 322 324 325 326 327 328 329 466 542 561 
294: 290 291 292 293 295 296 297 299 300 301 302 303 304 305 307 309 310 311 312 313 314 315 317 318 319 320 322 324 326 328 329 441 530 552 
295: 290 291 292 293 294 296 298 299 300 301 304 305 308 309 310 311 313 315 316 318 320 322 323 324 325 327 328 329 
296: 290 291 294 295 297 298 300 301 302 303 304 305 306 307 308 309 310 311 312 313 314 315 316 317 318 321 322 325 326 327 329 461 
297: 292 294 296 298 299 300 302 304 307 308 309 310 311 312 314 315 316 317 318 319 320 323 325 326 327 329 451 459 
298: 290 293 295 296 297 299 300 301 302 303 304 306 307 308 310 311 314 315 316 317 318 319 320 321 323 324 326 327 329 
299: 290 292 293 294 295 297 298 300 301 302 303 304 305 307 308 309 311 314 315 316 317 318 319 320 321 324 325 327 328 329 466 476 893 
300: 290 292 294 295 296 297 298 299 301 302 303 306 307 309 310 311 312 313 316 317 318 320 322 325 326 327 328 415 740 
301: 292 293 294 295 296 298 299 300 302 304 305 306 307 308 311 312 313 314 315 318 319 320 321 322 323 325 326 327 328 481 777 
302: 293 294 296 297 298 299 300 301 303 304 305 310 311 312 313 314 315 316 319 320 322 323 324 325 326 327 328 329 474 896 889 
303: 290 292 293 294 296 298 299 300 302 305 306 308 309 312 313 314 315 316 318 319 320 322 323 324 325 326 327 328 451 729 
304: 290 292 293 294 295 296 297 298 299 301 302 305 306 307 308 309 310 311 312 313 314 316 317 318 319 320 322 324 326 327 328 329 542 543 
305: 290 291 293 294 295 296 299 301 302 303 304 306 307 308 309 310 311 312 313 314 315 318 319 320 322 324 326 327 328 329 443 477 897 871 
306: 290 291 292 293 296 298 300 301 303 304 305 307 310 311 313 314 315 317 318 319 321 323 324 325 326 327 328 449 532 
307: 290 292 293 294 296 297 298 299 300 301 304 305 306 308 309 311 312 313 314 315 316 317 318 319 321 322 325 327 328 329 459 
308: 290 291 292 293 295 296 297 298 299 301 303 304 305 307 309 310 311 313 314 316 317 318 319 320 321 322 323 324 325 326 327 328 434 468 
309: 290 291 292 293 294 295 296 297 299 300 303 304 305 307 308 310 311 312 313 314 316 317 318 320 321 322 323 324 325 326 327 328 329 421 
310: 291 292 294 295 296 297 298 300 302 304 305 306 308 309 311 312 313 316 317 318 320 322 323 324 325 327 328 569 766 
311: 290 291 292 294 295 296 297 298 299 300 301 302 304 305 306 307 308 309 310 312 313 315 318 320 321 323 325 326 327 328 411 441 452 481 487 725 
312: 290 291 294 296 297 300 301 302 303 304 305 307 309 310 311 313 315 316 319 322 323 324 325 326 327 329 445 456 537 885 
313: 291 292 293 294 295 296 300 301 302 303 304 305 306 307 308 309 310 311 312 314 315 316 318 319 321 322 323 324 325 326 327 328 329 465 487 535 561 725 
314: 291 292 293 294 296 297 298 299 301 302 303 304 305 306 307 308 309 313 315 317 318 319 320 321 323 324 325 724 868 
315: 290 291 293 294 295 296 297 298 299 301 302 303 305 306 307 311 312 313 314 316 317 318 319 320 321 324 327 328 329 566 
316: 290 292 293 295 296 297 298 299 300 302 303 304 307 308 309 310 312 313 315 317 320 322 323 325 326 327 328 329 774 754 875 
317: 291 292 294 296 297 298 299 300 304 306 307 308 309 310 314 315 316 320 321 322 323 325 326 327 328 329 774 738 
318: 293 294 295 296 297 298 299 300 301 303 304 305 306 307 308 309 310 311 313 314 315 319 321 322 324 325 328 329 553 568 756 898 
319: 290 291 294 297 298 299 301 302 303 304 305 306 307 308 312 313 314 315 318 322 323 325 327 328 329 762 881 
320: 290 292 293 294 295 297 298 299 300 301 302 303 304 305 308 309 310 311 314 315 316 317 322 323 324 325 328 329 428 759 888 
321: 290 291 292 293 296 298 299 301 306 307 308 309 311 313 314 315 317 318 322 323 324 327 328 541 875 
322: 290 292 293 294 295 296 300 301 302 303 304 305 307 308 309 310 312 313 316 317 318 319 320 321 323 324 326 327 329 487 
323: 290 295 297 298 301 302 303 306 308 309 310 311 312 313 314 316 317 319 320 321 322 324 325 326 327 328 329 454 533 883 
324: 291 292 293 294 295 298 299 302 303 304 305 306 308 309 310 312 313 314 315 318 320 321 322 323 327 328 465 748 
325: 290 291 292 293 295 296 297 299 300 301 302 303 306 307 308 309 310 311 312 313 314 316 317 318 319 320 323 326 327 328 329 453 772 
326: 290 291 292 293 294 296 297 298 300 301 302 303 304 305 306 308 309 311 312 313 316 317 322 323 325 327 328 568 
327: 291 292 293 295 296 297 298 299 300 301 302 303 304 305 306 307 308 309 310 311 312 313 315 316 317 319 321 322 323 324 325 326 328 329 868 
328: 290 291 292 293 294 295 299 300 301 302 303 304 305 306 307 308 309 310 311 313 315 316 317 318 319 320 321 323 324 325 326 327 329 
329: 290 292 293 294 295 296 297 298 299 302 304 305 307 309 312 313 315 316 317 318 319 320 322 323 325 327 328 
330: 253 274 331 334 337 338 339 342 343 344 346 348 349 350 351 352 353 355 356 358 359 363 364 365 366 368 369 
331: 238 275 330 332 334 335 336 337 338 340 341 343 344 345 346 347 349 350 351 352 353 354 355 358 359 361 363 365 366 367 554 803 
332: 331 333 335 336 338 339 340 341 343 345 346 347 349 352 353 354 356 357 361 363 364 365 366 368 
333: 216 277 332 335 336 337 339 340 341 343 345 346 348 351 353 354 356 357 359 360 362 363 364 365 366 368 369 826 
334: 241 330 331 335 336 337 339 340 344 345 346 348 349 350 351 352 353 355 356 358 359 362 363 365 366 367 368 
335: 216 274 279 331 332 333 334 336 337 338 339 340 341 342 343 344 345 347 348 350 351 354 355 359 360 361 362 363 367 368 369 
336: 247 331 332 333 334 335 337 338 339 340 341 342 343 344 345 348 349 350 352 353 354 355 357 358 359 362 363 364 366 367 368 369 812 
337: 266 330 331 333 334 335 336 338 339 340 341 342 344 348 351 352 353 354 355 356 357 359 361 365 367 368 369 538 
338: 219 330 331 332 335 336 337 339 340 341 342 343 344 345 346 348 349 350 351 352 353 354 355 357 360 364 365 366 368 369 531 532 797 821 
339: 255 330 332 333 334 335 336 337 338 340 341 343 344 345 346 347 348 349 350 351 352 353 354 355 357 358 359 360 362 363 366 367 368 369 543 
340: 226 232 248 258 331 332 333 334 335 336 337 338 339 342 344 345 348 351 354 355 357 358 359 360 361 364 367 369 805 851 
341: 331 332 333 335 336 337 338 339 342 345 346 347 349 350 351 352 353 354 355 356 358 359 360 361 366 367 368 
342: 330 335 336 337 338 340 341 343 344 345 347 348 349 351 352 354 355 356 357 358 359 360 362 363 364 365 366 368 369 560 859 
343: 221 330 331 332 333 335 336 338 339 342 345 346 347 349 350 351 352 353 354 355 356 358 359 360 361 362 364 365 367 368 369 827 
344: 280 330 331 334 335 336 337 338 339 340 342 347 348 349 350 351 354 355 356 357 359 360 361 362 363 364 366 367 369 852 
345: 230 331 332 333 334 335 336 338 339 340 341 342 343 346 348 349 350 351 353 354 355 356 357 359 361 363 365 366 368 369 
346: 277 330 331 332 333 334 338 339 341 343 345 349 350 351 353 355 358 359 361 362 363 364 365 368 369 
347: 256 282 331 332 335 339 341 342 343 344 348 349 350 351 352 355 356 358 359 360 361 362 363 364 365 366 367 368 369 807 
348: 253 330 333 334 335 336 337 338 339 340 342 344 345 347 349 350 351 352 353 354 355 356 358 359 360 361 362 363 364 365 366 367 368 783 
349: 330 331 332 334 336 338 339 341 342 343 344 345 346 347 348 351 356 357 360 361 362 363 365 366 368 
350: 270 330 331 334 335 336 338 339 341 343 344 345 346 347 348 351 352 354 355 356 359 360 361 362 363 364 365 366 369 555 831 838 
351: 212 223 330 331 333 334 335 337 338 339 340 341 342 343 344 345 346 347 348 349 350 352 355 357 358 359 360 361 362 363 364 366 367 368 530 838 846 
352: 330 331 332 334 336 337 338 339 341 342 343 347 348 350 351 353 354 355 356 358 359 361 363 364 365 366 834 844 
353: 206 237 330 331 332 333 334 336 337 338 339 341 343 345 346 348 352 355 356 358 360 362 365 366 367 368 
354: 331 332 333 335 336 337 338 339 340 341 342 343 344 345 348 350 352 355 357 358 360 361 363 364 365 366 367 368 369 
355: 243 266 330 331 334 335 336 337 338 339 340 341 342 343 344 345 346 347 348 350 351 352 353 354 356 357 361 362 363 366 367 369 
356: 266 330 332 333 334 337 341 342 343 344 345 347 348 349 350 352 353 355 357 358 360 361 363 364 365 366 368 369 830 
357: 288 332 333 336 337 338 339 340 342 344 345 349 351 354 355 356 358 359 360 362 366 367 369 
358: 222 254 330 331 334 336 339 340 341 342 343 346 347 348 351 352 353 354 356 357 359 360 361 363 364 365 366 367 368 825 845 
359: 200 330 331 333 334 335 336 337 339 340 341 342 343 344 345 346 347 348 350 351 352 357 358 360 361 362 363 364 365 366 367 368 369 840 
360: 333 335 338 339 340 341 342 343 344 347 348 349 350 351 353 354 356 357 358 359 361 362 367 368 369 
361: 202 331 332 335 337 340 341 343 344 345 346 347 348 349 350 351 352 354 355 356 358 359 360 364 365 367 368 369 533 
362: 234 333 334 335 336 339 342 343 344 346 347 348 349 350 351 353 355 357 359 360 363 364 365 366 368 369 565 
363: 251 268 330 331 332 333 334 335 336 339 342 344 345 346 347 348 349 350 351 352 354 355 356 358 359 362 364 365 367 368 369 546 837 839 
364: 265 330 332 333 336 338 340 342 343 344 346 347 348 350 351 352 354 356 358 359 361 362 363 367 806 
365: 330 331 332 333 334 337 338 342 343 345 346 347 348 349 350 352 353 354 356 358 359 361 362 363 366 367 368 369 562 
366: 212 227 236 330 331 332 333 334 336 338 339 341 342 344 345 347 348 349 350 351 352 353 354 355 356 357 358 359 362 365 367 368 369 827 856 
367: 278 331 334 335 336 337 339 340 341 343 344 347 348 351 353 354 355 357 358 359 360 361 363 364 365 366 369 550 834 
368: 289 330 332 333 334 335 336 337 338 339 341 342 343 345 346 347 348 349 351 353 354 356 358 359 360 361 362 363 365 366 369 562 809 
369: 222 243 259 330 333 335 336 337 338 339 340 342 343 344 345 346 347 350 354 355 356 357 359 360 361 362 363 365 366 367 368 544 
384: 386 388 390 393 394 395 396 399 401 402 404 406 409 370 372 373 374 375 376 378 379 380 381 382 383 811 845 
385: 386 387 388 389 392 393 394 397 398 399 400 402 403 404 405 406 407 409 370 373 374 375 378 379 380 381 867 895 
386: 384 385 387 388 389 393 395 396 397 398 399 400 401 402 403 404 406 407 408 409 371 374 375 377 378 379 381 382 383 821 951 
387: 385 386 392 394 395 396 398 399 400 401 402 405 406 407 408 409 370 371 372 374 376 378 379 380 381 383 626 628 746 
388: 384 385 386 389 390 391 392 393 395 396 398 399 400 401 402 404 405 406 409 370 373 375 376 378 381 382 383 
389: 385 386 388 390 391 392 393 394 395 396 400 401 402 405 406 407 370 372 373 374 376 377 378 380 381 382 383 752 761 
390: 384 388 389 391 392 393 394 396 397 398 399 400 401 404 405 407 408 409 370 371 372 373 376 377 378 380 381 382 383 632 841 865 880 
391: 388 389 390 392 393 394 395 396 397 398 399 400 401 403 404 370 373 374 377 378 379 380 382 383 628 776 723 
392: 385 387 388 389 390 391 394 396 398 400 401 402 403 405 407 408 370 371 372 373 375 376 377 378 379 380 382 383 935 
393: 384 385 386 388 389 390 391 394 395 397 398 399 401 402 406 408 370 374 375 376 377 378 379 380 381 382 383 850 
394: 384 385 387 389 390 391 392 393 395 397 398 399 401 402 403 404 405 406 407 408 409 370 371 372 373 374 375 376 378 379 380 381 383 720 725 840 863 940 
395: 384 386 387 388 389 391 393 394 396 397 399 402 404 406 407 408 409 370 371 372 373 375 377 378 381 728 899 
396: 384 386 387 388 389 390 391 392 395 397 398 400 403 404 405 406 407 409 370 371 375 378 379 380 381 383 737 738 
397: 385 386 390 391 393 394 395 396 399 401 402 403 404 405 406 407 408 409 370 371 372 373 374 375 378 379 380 381 382 383 836 
398: 385 386 387 388 390 391 392 393 394 396 399 400 402 405 407 370 372 373 374 375 376 377 378 379 380 381 382 748 
399: 384 385 386 387 388 390 391 393 394 395 397 398 401 402 404 405 406 407 408 370 372 373 374 375 376 377 378 379 381 383 
400: 385 386 387 388 389 390 391 392 396 398 401 402 403 405 406 408 370 371 372 373 375 376 377 378 380 381 382 383 733 842 897 863 933 
401: 384 386 387 388 389 390 391 392 393 394 397 399 400 402 406 407 408 409 370 371 373 374 376 377 378 379 381 382 
402: 384 385 386 387 388 389 392 393 394 395 397 398 399 400 401 405 408 370 371 373 376 377 378 379 381 382 383 933 
403: 385 386 391 392 394 396 397 400 404 405 406 407 408 409 373 375 377 378 379 380 382 947 
404: 384 385 386 388 390 391 394 395 396 397 399 403 406 407 409 370 371 372 373 374 376 379 380 381 383 
405: 385 387 388 389 390 392 394 396 397 398 399 400 402 403 406 409 370 371 372 374 375 376 377 379 380 381 383 832 
406: 384 385 386 387 388 389 393 394 395 396 397 399 400 401 403 404 405 408 409 370 376 378 379 380 382 383 739 810 844 
407: 385 386 387 389 390 392 394 395 396 397 398 399 401 403 404 408 409 371 372 375 376 377 379 380 383 750 815 823 895 
408: 386 387 390 392 393 394 395 397 399 400 401 402 403 406 407 409 371 376 378 379 380 381 382 383 617 942 
409: 384 385 386 387 388 390 394 395 396 397 401 403 404 405 406 407 408 371 372 374 375 378 383 768 945 
370: 384 385 387 388 389 390 391 392 393 394 395 396 397 398 399 400 401 402 404 405 406 373 374 375 376 377 378 379 380 381 634 768 776 758 
371: 386 387 390 392 394 395 396 397 400 401 402 404 405 407 408 409 372 373 374 375 376 377 379 382 383 
372: 384 387 389 390 392 394 395 397 398 399 400 404 405 407 409 371 373 375 376 378 379 380 382 383 779 721 823 
373: 384 385 388 389 390 391 392 394 395 397 398 399 400 401 402 403 404 370 371 372 374 375 377 378 379 380 381 382 834 
374: 384 385 386 387 389 391 393 394 397 398 399 401 404 405 409 370 371 373 376 378 379 380 382 735 747 761 880 
375: 384 385 386 388 392 393 394 395 396 397 398 399 400 403 405 407 409 370 371 372 373 376 377 378 379 380 381 616 726 
376: 384 387 388 389 390 392 393 394 398 399 400 401 402 404 405 406 407 408 370 371 372 374 375 379 381 740 945 
377: 386 389 390 391 392 393 395 398 399 400 401 402 403 405 407 370 371 373 375 379 380 845 869 
378: 384 385 386 387 388 389 390 391 392 393 394 395 396 397 398 399 400 401 402 403 406 408 409 370 372 373 374 375 380 381 610 726 765 875 878 891 
379: 384 385 386 387 391 392 393 394 396 397 398 399 401 402 403 404 405 406 407 408 370 371 372 373 374 375 376 377 380 382 383 775 836 879 
380: 384 385 387 389 390 391 392 393 394 396 397 398 400 403 404 405 406 407 408 370 372 373 374 375 377 378 379 382 885 
381: 384 385 386 387 388 389 390 393 394 395 396 397 398 399 400 401 402 404 405 408 370 373 375 376 378 382 383 859 872 
382: 384 386 388 389 390 391 392 393 397 398 400 401 402 403 406 408 371 372 373 374 379 380 381 383 620 745 760 
383: 384 386 387 388 389 390 391 392 393 394 396 397 399 400 402 404 405 406 407 408 409 371 372 379 381 382 616 626 639 894 959 
410: 412 413 415 416 417 419 421 422 423 424 427 428 429 430 431 432 433 434 435 437 438 440 442 443 444 445 446 448 540 543 804 825 
411: 64 122 159 311 413 414 415 416 418 419 420 421 422 423 424 426 427 430 431 432 434 435 436 438 439 440 442 443 446 448 449 549 647 673 
412: 122 181 410 413 416 417 418 421 423 424 425 426 428 429 433 434 435 436 437 438 439 440 441 442 443 444 445 446 447 449 636 645 
413: 10 410 411 412 414 416 417 418 419 421 423 426 427 428 429 431 432 433 435 436 437 438 440 441 442 443 444 445 446 448 561 643 662 814 
414: 10 47 411 413 415 416 417 418 419 421 422 423 425 426 427 430 431 434 435 436 438 440 441 443 444 445 446 448 449 809 
415: 139 167 171 300 410 411 414 417 418 419 420 421 422 423 424 425 429 430 432 433 435 436 437 439 440 442 443 444 445 446 447 448 783 
416: 93 410 411 412 413 414 417 419 420 421 422 423 424 425 427 428 429 430 432 433 434 439 440 441 442 443 446 447 448 
417: 77 117 128 143 180 410 412 413 414 415 416 420 422 424 427 428 429 431 432 433 434 435 436 437 438 439 440 441 442 443 445 447 449 830 
418: 55 142 177 411 412 413 414 415 420 422 423 424 425 427 428 431 432 433 435 437 438 439 440 442 444 445 446 447 448 449 554 
419: 171 179 191 410 411 413 414 415 416 420 421 423 424 425 428 429 430 431 432 434 435 436 437 438 441 442 443 445 446 447 448 449 560 
420: 47 50 75 181 190 292 411 415 416 417 418 419 421 422 424 425 426 427 428 429 430 431 432 433 434 435 436 437 438 439 440 441 442 443 444 446 447 449 541 849 
421: 0 58 119 309 410 411 412 413 414 415 416 419 420 422 423 424 425 426 427 428 430 431 433 434 436 437 438 441 443 444 445 446 447 448 449 
422: 13 146 410 411 414 415 416 417 418 420 421 423 424 425 426 427 428 429 430 431 432 433 434 435 436 437 438 439 440 443 444 445 447 448 791 
423: 9 107 410 411 412 413 414 415 416 418 419 421 422 424 425 427 428 429 430 431 432 433 434 435 437 438 439 443 445 446 449 
424: 41 410 411 412 415 416 417 418 419 420 421 422 423 425 428 429 431 432 435 436 437 438 439 440 441 442 443 444 445 446 447 448 655 
425: 63 412 414 415 416 418 419 420 421 422 423 424 427 428 429 430 431 432 434 435 436 437 438 439 440 442 443 444 445 446 447 448 449 550 625 854 856 
426: 162 198 411 412 413 414 420 421 422 427 429 431 432 433 435 436 437 438 441 443 444 446 447 448 676 825 
427: 24 37 55 168 410 411 413 414 416 417 418 420 421 422 423 425 426 428 429 431 432 434 435 437 438 439 441 442 443 444 445 446 447 448 449 612 
428: 194 320 410 412 413 416 417 418 419 420 421 422 423 424 425 427 429 430 432 433 434 436 437 438 439 440 441 442 443 444 445 446 447 448 449 616 837 
429: 9 135 410 412 413 415 416 417 419 420 422 423 424 425 426 427 428 430 431 433 435 437 439 440 441 442 443 446 447 448 449 
430: 105 410 411 414 415 416 419 420 421 422 423 425 428 429 431 432 435 436 439 441 442 443 444 445 446 448 633 859 
431: 147 410 411 413 414 417 418 419 420 421 422 423 424 425 426 427 429 430 435 436 438 439 440 442 443 444 446 447 616 661 666 819 
432: 3 37 410 411 413 415 416 417 418 419 420 422 423 424 425 426 427 428 430 435 436 437 438 439 441 442 445 446 447 556 640 821 
433: 172 410 412 413 415 416 417 418 420 421 422 423 426 428 429 434 435 436 437 438 439 440 441 442 443 444 445 446 447 449 550 569 639 
434: 115 308 410 411 412 414 416 417 419 420 421 422 423 425 427 428 433 436 437 438 439 441 442 443 444 445 447 448 449 636 785 
435: 24 410 411 412 413 414 415 417 418 419 420 422 423 424 425 426 427 429 430 431 432 433 436 438 439 440 442 443 445 446 449 555 790 
436: 78 144 149 411 412 413 414 415 417 419 420 421 422 424 425 426 428 430 431 432 433 434 435 438 440 442 443 444 445 449 800 
437: 192 410 412 413 415 417 418 419 420 421 422 423 424 425 426 427 428 429 432 433 434 438 439 441 442 443 444 445 447 448 449 670 
438: 171 410 411 412 413 414 417 418 419 420 421 422 423 424 425 426 427 428 431 432 433 434 435 436 437 441 442 443 444 445 447 448 449 530 548 
439: 19 21 29 101 129 168 189 411 412 415 416 417 418 420 422 423 424 425 427 428 429 430 431 432 433 434 435 437 441 443 444 445 446 447 449 638 
440: 170 183 291 410 411 412 413 414 415 416 417 418 420 422 424 425 428 429 431 433 435 436 444 448 449 679 796 826 
441: 64 120 168 294 311 412 413 414 416 417 419 420 421 424 426 427 428 429 430 432 433 434 437 438 439 442 443 445 446 448 449 638 789 
442: 28 410 411 412 413 415 416 417 418 419 420 424 425 427 428 429 430 431 432 433 434 435 436 437 438 441 444 446 447 449 
443: 305 410 411 412 413 414 415 416 417 419 420 421 422 423 424 425 426 427 428 429 430 431 433 434 435 436 437 438 439 441 444 445 447 550 551 
444: 167 178 410 412 413 414 415 418 420 421 422 424 425 426 427 428 430 431 433 434 436 437 438 439 440 442 443 445 446 447 448 449 
445: 8 312 410 412 413 414 415 417 418 419 421 422 423 424 425 427 428 430 432 433 434 435 436 437 438 439 441 443 444 446 448 449 821 
446: 12 31 142 172 410 411 412 413 414 415 416 418 419 420 421 423 424 425 426 427 428 429 430 431 432 433 435 439 441 442 444 445 818 
447: 43 52 124 166 412 415 416 417 418 419 420 421 422 424 425 426 427 428 429 431 432 433 434 437 438 439 442 443 444 
448: 75 78 99 178 410 411 413 414 415 416 418 419 421 422 424 425 426 427 428 429 430 434 437 438 440 441 444 445 539 
449: 51 57 77 99 132 306 411 412 414 417 418 419 420 421 423 425 427 428 429 433 434 435 436 437 438 439 440 441 442 444 445 633 812 
450: 451 452 454 455 456 457 458 459 460 461 462 463 464 465 466 467 468 469 470 471 475 477 478 479 480 481 482 484 485 487 488 
451: 127 297 303 450 452 453 454 455 456 457 458 459 461 462 463 464 465 466 467 468 469 470 471 472 473 474 475 476 478 479 482 483 484 485 487 488 489 909 
452: 105 192 290 311 450 451 453 454 455 457 458 459 461 462 464 465 466 467 468 469 471 473 475 476 477 479 481 482 484 485 486 487 488 
453: 188 325 451 452 455 456 458 459 461 462 463 464 465 466 467 468 469 470 472 473 474 475 476 477 478 479 480 481 482 483 484 485 486 488 489 909 
454: 110 323 450 451 452 455 457 458 459 460 461 462 463 464 465 466 467 468 469 470 471 472 473 474 477 478 480 481 482 483 484 485 486 487 488 489 
455: 142 450 451 452 453 454 456 457 458 459 460 464 465 466 468 470 472 473 474 475 476 478 479 481 483 484 485 486 488 489 
456: 312 450 451 453 455 458 459 461 462 463 465 468 469 470 471 473 474 476 477 478 479 480 481 482 483 484 485 487 489 
457: 58 122 450 451 452 454 455 458 459 461 462 464 465 466 468 469 470 471 472 473 474 476 477 478 479 480 481 482 483 485 486 487 488 489 929 
458: 3 167 190 450 451 452 453 454 455 456 457 459 460 461 463 464 465 467 469 470 471 472 473 474 475 476 477 478 479 480 482 483 484 485 486 487 489 916 
459: 297 307 450 451 452 453 454 455 456 457 458 461 462 463 465 466 467 468 469 470 472 475 476 477 478 479 481 482 483 486 487 488 489 906 
460: 450 454 455 458 461 462 463 464 465 466 467 468 469 470 473 474 475 476 478 480 483 484 485 486 487 488 489 
461: 296 450 451 452 453 454 456 457 458 459 460 462 464 466 467 468 469 471 472 473 474 476 478 480 481 482 484 485 486 487 488 489 
462: 193 450 451 452 453 454 456 457 459 460 461 463 464 465 467 468 469 470 471 472 473 474 476 477 479 480 481 482 483 484 485 486 487 489 903 926 
463: 12 26 121 450 451 453 454 456 458 459 460 462 464 465 466 468 469 470 471 472 473 474 475 476 477 478 479 480 481 482 483 486 487 488 489 
464: 450 451 452 453 454 455 457 458 460 461 462 463 465 467 469 470 471 472 473 475 476 477 478 479 480 481 482 483 485 486 487 489 
465: 131 182 313 324 450 451 452 453 454 455 456 457 458 459 460 462 463 464 467 468 469 470 473 474 475 476 477 478 479 480 481 482 483 484 485 489 
466: 18 293 299 450 451 452 453 454 455 457 459 460 461 463 467 468 469 470 471 472 474 475 477 478 479 482 483 484 485 487 488 489 
467: 9 450 451 452 453 454 458 459 460 461 462 464 465 466 468 469 470 471 473 474 477 481 482 483 486 487 489 
468: 308 450 451 452 453 454 455 456 457 459 460 461 462 463 465 466 467 469 470 471 472 473 474 475 476 477 478 482 483 488 489 
469: 450 451 452 453 454 456 457 458 459 460 461 462 463 464 465 466 467 468 470 471 472 473 474 476 477 479 480 481 482 483 484 485 486 487 488 489 917 921 
470: 55 142 168 183 450 451 453 454 455 456 457 458 459 460 462 463 464 465 466 467 468 469 471 472 473 474 475 476 478 480 482 484 485 486 488 489 
471: 450 451 452 454 456 457 458 461 462 463 464 466 467 468 469 470 474 476 478 479 480 481 482 483 484 485 487 488 489 
472: 76 134 451 453 454 455 457 458 459 461 462 463 464 466 468 469 470 473 475 476 477 478 479 480 481 482 483 484 485 486 487 488 489 928 
473: 115 125 451 452 453 454 455 456 457 458 460 461 462 463 464 465 467 468 469 470 472 474 475 476 477 478 479 480 481 482 483 484 485 486 487 488 489 
474: 26 302 451 453 454 455 456 457 458 460 461 462 463 465 466 467 468 469 470 471 473 475 477 478 479 480 481 482 483 484 485 486 487 489 
475: 87 165 450 451 452 453 455 458 459 460 463 464 465 466 468 470 472 473 474 477 479 480 481 482 483 484 486 487 488 489 
476: 2 62 90 103 194 299 451 452 453 455 456 457 458 459 460 461 462 463 464 465 468 469 470 471 472 473 477 478 480 481 482 484 485 486 488 489 905 
477: 305 450 452 453 454 456 457 458 459 462 463 464 465 466 467 468 469 472 473 474 475 476 478 479 480 481 482 483 484 485 486 487 488 489 925 
478: 77 79 170 185 450 451 453 454 455 456 457 458 459 460 461 463 464 465 466 468 470 471 472 473 474 476 477 479 480 481 483 484 485 486 487 488 489 928 
479: 176 450 451 452 453 455 456 457 458 459 462 463 464 465 466 469 471 472 473 474 475 477 478 480 481 483 484 485 486 487 488 
480: 134 450 453 454 456 457 458 460 461 462 463 464 465 469 470 471 472 473 474 475 476 477 478 479 481 482 483 486 487 488 489 
481: 10 187 188 301 311 450 452 453 454 455 456 457 459 461 462 463 464 465 467 469 471 472 473 474 475 476 477 478 479 480 482 483 484 485 487 488 
482: 47 186 450 451 452 453 454 456 457 458 459 461 462 463 464 465 466 467 468 469 470 471 472 473 474 475 476 477 480 481 483 484 488 916 
483: 69 100 138 451 453 454 455 456 457 458 459 460 462 463 464 465 466 467 468 469 471 472 473 474 475 477 478 479 480 481 482 484 485 486 488 489 
484: 164 450 451 452 453 454 455 456 458 460 461 462 465 466 469 470 471 472 473 474 475 476 477 478 479 481 482 483 485 487 488 489 929 
485: 43 157 450 451 452 453 454 455 456 457 458 460 461 462 464 465 466 469 470 471 472 473 474 476 477 478 479 481 483 484 486 487 914 
486: 117 147 176 452 453 454 455 457 458 459 460 461 462 463 464 467 469 470 472 473 474 475 476 477 478 479 480 483 485 487 488 489 919 926 
487: 71 102 155 311 313 322 450 451 452 454 456 457 458 459 460 461 462 463 464 466 467 469 471 472 473 474 475 477 478 479 480 481 484 485 486 488 908 
488: 124 450 451 452 453 454 455 457 459 460 461 463 466 468 469 470 471 472 473 475 476 477 478 479 480 481 482 483 484 486 487 489 
489: 37 451 453 454 455 456 457 458 459 460 461 462 463 464 465 466 467 468 469 470 471 472 473 474 475 476 477 478 480 483 484 486 488 
512: 513 514 515 516 517 518 519 520 521 522 523 526 527 528 529 490 492 494 496 497 498 499 500 501 502 503 504 506 507 511 589 
513: 273 289 512 515 516 517 518 519 520 521 522 523 524 525 526 527 529 490 491 492 493 495 496 497 498 499 500 502 503 504 506 507 508 509 511 787 794 
514: 260 512 516 517 518 520 521 522 523 524 525 526 527 528 490 491 492 493 494 495 497 498 499 501 502 504 505 506 507 508 510 
515: 512 513 516 517 518 520 521 522 523 524 526 527 490 491 493 494 497 498 499 500 501 502 503 505 506 507 508 510 511 554 794 
516: 261 512 513 514 515 519 520 521 522 523 524 525 526 528 529 490 491 492 493 494 495 497 499 500 501 502 503 504 507 508 509 510 511 789 809 
517: 244 274 512 513 514 515 518 519 520 521 522 523 524 525 526 528 529 490 491 492 494 495 496 497 499 500 501 502 504 505 507 508 510 511 581 793 
518: 512 513 514 515 517 519 520 521 522 523 524 526 527 529 490 491 492 494 495 496 497 498 501 502 503 504 505 506 508 509 511 796 798 799 
519: 248 250 512 513 516 517 518 520 521 522 523 524 525 526 529 490 491 493 494 495 498 499 501 502 503 504 506 507 508 509 510 511 530 584 805 
520: 512 513 514 515 516 517 518 519 521 522 524 525 526 528 529 491 494 497 498 499 500 502 504 505 506 507 508 510 511 599 
521: 512 513 514 515 516 517 518 519 520 523 524 525 526 528 490 491 492 493 494 497 498 500 502 503 506 508 509 510 511 596 805 
522: 284 512 513 514 515 516 517 518 519 520 525 526 528 529 490 492 493 497 499 500 501 502 503 504 505 507 509 510 511 594 
523: 221 263 512 513 514 515 516 517 518 519 521 524 525 527 528 529 491 493 494 495 496 497 499 501 502 506 507 508 510 511 
524: 285 513 514 515 516 517 518 519 520 521 523 525 526 529 491 492 494 497 498 500 501 502 503 504 505 506 507 508 509 511 536 
525: 266 513 514 516 517 519 520 521 522 523 524 526 529 490 491 492 493 497 499 500 502 503 504 505 507 508 510 511 
526: 249 264 512 513 514 515 516 517 518 519 520 521 522 524 525 527 490 491 492 493 494 497 498 499 501 502 503 505 506 507 508 509 510 558 607 
527: 272 512 513 514 515 518 523 526 529 490 492 493 495 496 497 498 500 502 503 504 506 507 508 509 510 511 577 
528: 281 512 514 516 517 520 521 522 523 529 490 491 492 493 495 496 497 498 499 501 502 503 504 506 507 508 509 510 534 555 
529: 512 513 516 517 518 519 520 522 523 524 525 527 528 490 491 493 494 497 499 501 502 503 505 507 508 509 510 539 786 
490: 238 262 512 513 514 515 516 517 518 519 521 522 525 526 527 528 529 491 492 493 495 496 497 498 500 501 502 503 504 505 507 509 510 511 540 
491: 513 514 515 516 517 518 519 520 521 523 524 525 526 528 529 490 492 493 494 495 496 497 498 500 501 503 505 506 507 509 510 542 
492: 215 512 513 514 516 517 518 521 522 524 525 526 527 528 490 491 493 494 495 497 498 500 501 503 504 507 508 509 510 511 603 
493: 513 514 515 516 519 521 522 523 525 526 527 528 529 490 491 492 494 495 496 497 498 499 500 502 503 506 507 509 510 
494: 512 514 515 516 517 518 519 520 521 523 524 526 529 491 492 493 495 496 497 498 499 500 501 502 503 505 507 508 509 510 
495: 241 513 514 516 517 518 519 523 527 528 490 491 492 493 494 496 497 498 499 500 501 502 503 504 506 507 509 510 511 
496: 284 285 512 513 517 518 523 527 528 490 491 493 494 495 497 498 502 504 505 506 507 508 510 511 
497: 253 512 513 514 515 516 517 518 520 521 522 523 524 525 526 527 528 529 490 491 492 493 494 495 496 498 499 500 501 502 503 505 506 507 509 510 511 569 595 
498: 205 226 228 512 513 514 515 518 519 520 521 524 526 527 528 490 491 492 493 494 495 496 497 501 503 504 507 
499: 512 513 514 515 516 517 519 520 522 523 525 526 528 529 493 494 495 497 500 501 502 503 505 506 508 509 511 574 576 
500: 205 211 512 513 515 516 517 520 521 522 524 525 527 490 491 492 493 494 495 497 499 504 505 506 507 508 511 560 
501: 512 514 515 516 517 518 519 522 523 524 526 528 529 490 491 492 494 495 497 498 499 502 503 504 505 507 508 509 510 584 
502: 284 512 513 514 515 516 517 518 519 520 521 522 523 524 525 526 527 528 529 490 493 494 495 496 497 499 501 504 509 585 608 783 
503: 238 512 513 515 516 518 519 521 522 524 525 526 527 528 529 490 491 492 493 494 495 497 498 499 501 504 506 507 508 509 511 540 576 
504: 205 512 513 514 516 517 518 519 520 522 524 525 527 528 490 492 495 496 498 500 501 502 503 506 507 508 509 510 793 
505: 514 515 517 518 520 522 524 525 526 529 490 491 494 496 497 499 500 501 506 508 509 510 511 
506: 216 512 513 514 515 518 519 520 521 523 524 526 527 528 491 493 495 496 497 499 500 503 504 505 507 508 509 510 511 
507: 212 219 512 513 514 515 516 517 519 520 522 523 524 525 526 527 528 529 490 491 492 493 494 495 496 497 498 500 501 503 504 506 508 509 510 538 
508: 246 513 514 515 516 517 518 519 520 521 523 524 525 526 527 528 529 492 494 496 499 500 501 503 504 505 506 507 509 511 596 790 797 
509: 253 513 516 518 519 521 522 524 526 527 528 529 490 491 492 493 494 495 497 499 501 502 503 504 505 506 507 508 510 
510: 514 515 516 517 519 520 521 522 523 525 526 527 528 529 490 491 492 493 494 495 496 497 501 504 505 506 507 509 511 578 586 
511: 512 513 515 516 517 518 519 520 521 522 523 524 525 527 490 492 495 496 497 499 500 503 505 506 508 510 
530: 26 48 81 114 193 292 294 351 438 519 531 532 533 536 539 540 542 545 548 549 551 552 553 554 555 556 557 558 560 561 562 564 565 566 567 568 569 
531: 38 338 530 532 533 534 535 536 538 542 543 544 545 546 547 549 550 551 552 553 554 556 557 559 563 565 566 568 569 779 764 
532: 25 38 47 306 338 530 531 533 534 535 536 537 538 539 541 542 543 544 545 546 547 548 549 550 551 553 554 555 556 557 558 559 560 562 564 565 568 569 
533: 18 71 323 361 530 531 532 534 535 536 537 538 539 541 542 544 545 546 547 548 549 551 552 553 554 555 556 557 559 561 562 564 565 566 567 568 569 
534: 5 528 531 532 533 535 536 537 538 539 540 542 544 545 547 548 549 551 552 553 554 555 556 558 560 561 562 563 564 565 567 569 
535: 24 90 313 531 532 533 534 536 537 538 539 540 543 544 545 546 548 549 551 553 555 557 558 560 561 562 563 564 565 566 567 568 569 
536: 109 150 524 530 531 532 533 534 535 537 538 540 541 542 544 546 547 548 549 550 552 553 554 555 556 557 558 561 562 563 564 565 567 
537: 126 312 532 533 534 535 536 538 539 540 541 542 543 544 545 546 547 549 550 551 552 555 556 557 558 559 560 561 562 563 566 567 758 
538: 159 337 507 531 532 533 534 535 536 537 540 541 542 543 544 546 547 548 549 552 554 555 556 557 558 560 562 565 566 567 568 569 777 
539: 24 50 448 529 530 532 533 534 535 537 541 542 543 545 547 549 551 552 553 554 555 556 557 560 561 562 564 565 566 
540: 66 124 175 181 183 410 490 503 530 534 535 536 537 538 542 543 544 545 546 547 548 549 551 553 554 556 557 558 559 560 561 562 563 565 566 567 569 
541: 24 119 321 420 532 533 536 537 538 539 543 544 545 547 548 549 550 553 554 555 556 557 558 559 560 561 562 563 564 566 567 569 
542: 149 158 293 304 491 530 531 532 533 534 536 537 538 539 540 544 545 546 547 550 551 553 555 556 557 558 560 561 562 563 564 565 566 567 568 569 725 
543: 166 304 339 410 531 532 535 537 538 539 540 541 544 545 547 548 549 551 552 553 555 556 557 559 561 563 564 565 566 567 568 770 735 742 
544: 369 531 532 533 534 535 536 537 538 540 541 542 543 545 546 547 548 549 550 552 553 554 556 557 558 559 562 563 565 567 568 769 
545: 27 37 61 144 530 531 532 533 534 535 537 539 540 541 542 543 544 546 547 548 550 552 553 554 555 557 560 561 562 563 564 565 566 568 569 775 
546: 12 103 363 531 532 533 535 536 537 538 540 542 544 545 548 549 550 551 552 553 554 555 556 557 558 559 560 561 562 563 564 565 566 567 569 777 757 
547: 37 92 129 168 194 531 532 533 534 536 537 538 539 540 541 542 543 544 545 548 549 550 551 552 554 557 558 559 560 562 563 564 565 566 567 569 772 
548: 97 163 438 530 532 533 534 535 536 538 540 541 543 544 545 546 547 549 550 551 552 553 554 555 557 559 560 565 566 567 568 569 
549: 17 43 411 530 531 532 533 534 535 536 537 538 539 540 541 543 544 546 547 548 550 551 552 554 555 557 558 559 560 561 562 563 564 567 568 
550: 367 425 433 443 531 532 536 537 541 542 544 545 546 547 548 549 551 552 553 554 556 559 562 563 564 566 567 568 569 
551: 6 141 165 172 443 530 531 532 533 534 535 537 539 540 542 543 546 547 548 549 550 553 554 555 556 557 559 563 565 566 567 569 752 
552: 41 100 148 294 530 531 533 534 536 537 538 539 543 544 545 546 547 548 549 550 553 554 556 557 558 561 562 563 564 565 568 
553: 144 157 318 530 531 532 533 534 535 536 539 540 541 542 543 544 545 546 548 550 551 552 554 555 556 557 559 561 563 564 565 566 567 569 
554: 25 331 418 515 530 531 532 533 534 536 538 539 540 541 544 545 546 547 548 549 550 551 552 553 555 557 559 560 561 562 563 564 565 566 567 568 732 
555: 138 145 350 435 528 530 532 533 534 535 536 537 538 539 541 542 543 545 546 548 549 551 553 554 556 558 559 560 561 562 563 564 565 566 567 568 779 
556: 68 432 530 531 532 533 534 536 537 538 539 540 541 542 543 544 546 550 551 552 553 555 557 559 560 561 562 563 564 565 566 567 568 737 
557: 16 530 531 532 533 535 536 537 538 539 540 541 542 543 544 545 546 547 548 549 551 552 553 554 556 558 560 561 563 564 565 566 567 568 
558: 80 526 530 532 534 535 536 537 538 540 541 542 544 546 547 549 552 555 557 559 560 561 562 563 564 565 566 567 568 569 
559: 34 59 63 64 93 119 531 532 533 537 540 541 543 544 546 547 548 549 550 551 553 554 555 556 558 561 562 563 564 566 567 568 569 746 
560: 105 342 419 500 530 532 534 535 537 538 539 540 541 542 545 546 547 548 549 554 555 556 557 558 565 566 567 569 760 
561: 293 313 413 530 533 534 535 536 537 539 540 541 542 543 545 546 549 552 553 554 555 556 557 558 559 562 563 564 565 566 567 568 569 730 758 
562: 365 368 530 532 533 534 535 536 537 538 539 540 541 542 544 545 546 547 549 550 552 554 555 556 558 559 561 563 564 565 567 568 
563: 103 531 534 535 536 537 540 541 542 543 544 545 546 547 549 550 551 552 553 554 555 556 557 558 559 561 562 564 565 566 567 568 569 
564: 50 140 171 182 530 532 533 534 535 536 539 541 542 543 545 546 547 549 550 552 553 554 555 556 557 558 559 561 562 563 568 569 772 
565: 100 362 530 531 532 533 534 535 536 538 539 540 542 543 544 545 546 547 548 551 552 553 554 555 556 557 558 560 561 562 563 567 568 569 
566: 54 65 181 199 315 530 531 533 535 537 538 539 540 541 542 543 545 546 547 548 550 551 553 554 555 556 557 558 559 560 561 563 567 568 569 
567: 13 132 195 530 533 534 535 536 537 538 540 541 542 543 544 546 547 548 549 550 551 553 554 555 556 557 558 559 560 561 562 563 565 566 568 569 
568: 17 52 66 318 326 530 531 532 533 535 538 542 543 544 545 548 549 550 552 554 555 556 557 558 559 561 562 563 564 565 566 567 569 
569: 82 191 310 433 497 530 531 532 533 534 535 538 540 541 542 545 546 547 548 550 551 553 558 559 560 561 563 564 565 566 567 568 763 
570: 571 572 573 575 576 577 578 579 580 581 582 583 585 586 587 588 589 590 592 594 595 596 599 600 601 602 604 605 607 608 609 
571: 570 572 574 575 576 577 578 580 581 582 583 584 586 588 590 592 596 598 599 601 602 603 604 606 607 608 609 
572: 570 571 573 574 575 578 579 580 581 582 583 584 585 586 587 588 590 591 592 593 594 595 596 597 600 601 602 603 604 605 606 608 
573: 570 572 574 575 576 577 578 579 580 581 582 583 585 587 588 589 592 593 594 595 596 597 598 599 600 601 602 603 605 606 607 608 787 
574: 499 571 572 573 575 576 578 579 580 581 584 585 586 587 588 589 591 592 594 595 596 597 598 599 601 602 603 604 605 606 607 608 
575: 570 571 572 573 574 577 579 580 582 583 584 585 586 587 588 589 590 591 592 594 595 596 597 599 600 602 603 604 606 607 608 609 792 
576: 499 503 570 571 573 574 578 579 581 582 583 584 585 589 591 592 593 594 595 596 597 599 600 602 603 604 605 606 607 608 
577: 527 570 571 573 575 578 579 580 581 582 583 584 585 586 587 588 590 591 594 595 598 600 601 602 603 605 606 607 608 609 
578: 510 570 571 572 573 574 576 577 579 583 584 585 587 588 589 590 591 592 594 595 596 597 599 601 602 604 606 607 608 609 
579: 570 572 573 574 575 576 577 578 580 581 583 586 587 588 589 590 592 593 594 596 598 599 600 601 602 604 606 608 609 
580: 570 571 572 573 574 575 577 579 581 582 584 585 586 587 588 589 590 591 592 593 595 598 600 601 602 603 604 605 606 607 608 609 
581: 517 570 571 572 573 574 576 577 579 580 582 583 585 587 591 593 594 595 596 597 598 599 601 603 604 606 608 609 
582: 570 571 572 573 575 576 577 580 581 583 584 585 586 587 588 589 590 591 592 593 595 596 600 602 603 604 605 606 607 608 609 784 
583: 570 571 572 573 575 576 577 578 579 581 582 584 585 586 587 588 592 593 594 595 597 599 603 604 605 606 607 
584: 519 501 571 572 574 575 576 577 578 580 582 583 585 587 589 590 591 592 594 596 597 598 600 601 602 603 605 607 608 609 783 
585: 502 570 572 573 574 575 576 577 578 580 581 582 583 584 587 588 589 591 592 594 595 596 597 598 600 601 602 603 604 605 606 607 608 609 
586: 510 570 571 572 574 575 577 579 580 582 583 587 588 589 590 591 592 593 594 595 596 597 598 599 600 601 602 603 604 606 607 608 
587: 570 572 573 574 575 577 578 579 580 581 582 583 584 585 586 588 589 590 592 593 594 595 596 598 599 600 601 602 603 604 606 608 
588: 570 571 572 573 574 575 577 578 579 580 582 583 585 586 587 589 590 591 592 593 594 595 596 597 598 599 600 601 602 603 604 606 608 609 803 
589: 512 570 573 574 575 576 578 579 580 582 584 585 586 587 588 591 592 593 595 596 597 598 599 600 601 602 603 604 605 608 609 807 
590: 570 571 572 575 577 578 579 580 582 584 586 587 588 591 592 593 594 595 597 598 599 600 604 606 607 609 
591: 572 574 575 576 577 578 580 581 582 584 585 586 588 589 590 592 593 594 598 599 600 601 602 603 604 605 606 607 608 609 
592: 570 571 572 573 574 575 576 578 579 580 582 583 584 585 586 587 588 589 590 591 593 594 595 596 597 598 599 600 601 602 603 605 606 607 608 609 
593: 572 573 576 579 580 581 582 583 586 587 588 589 590 591 592 594 595 596 598 599 600 602 604 606 607 608 609 799 
594: 522 570 572 573 574 575 576 577 578 579 581 583 584 585 586 587 588 590 591 592 593 595 598 599 600 601 602 603 604 605 606 608 609 
595: 497 570 572 573 574 575 576 577 578 580 581 582 583 585 586 587 588 589 590 592 593 594 596 597 598 599 600 601 602 603 604 605 607 608 609 790 794 802 
596: 521 508 570 571 572 573 574 575 576 578 579 581 582 584 585 586 587 588 589 592 593 595 597 598 599 600 601 602 603 606 608 609 
597: 572 573 574 575 576 578 581 583 584 585 586 588 589 590 592 595 596 598 599 600 601 602 603 604 606 608 609 
598: 571 573 574 577 579 580 581 584 585 586 587 588 589 590 591 592 593 594 595 596 597 599 600 601 602 603 604 605 607 608 609 802 
599: 520 570 571 573 574 575 576 578 579 581 583 586 587 588 589 590 591 592 593 594 595 596 597 598 600 601 602 603 604 605 606 607 608 609 
600: 570 572 573 575 576 577 579 580 582 584 585 586 587 588 589 590 591 592 593 594 595 596 597 598 599 601 603 604 605 606 607 608 609 
601: 570 571 572 573 574 577 578 579 580 581 584 585 586 587 588 589 591 592 594 595 596 597 598 599 600 602 604 605 606 607 608 609 
602: 570 571 572 573 574 575 576 577 578 579 580 582 584 585 586 587 588 589 591 592 593 594 595 596 597 598 599 601 603 605 606 607 
603: 492 571 572 573 574 575 576 577 580 581 582 583 584 585 586 587 588 589 591 592 594 595 596 597 598 599 600 602 604 605 608 609 
604: 570 571 572 574 575 576 578 579 580 581 582 583 585 586 587 588 589 590 591 593 594 595 597 598 599 600 601 603 605 606 607 608 609 
605: 570 572 573 574 576 577 580 582 583 584 585 589 591 592 594 595 598 599 600 601 602 603 604 606 607 608 609 788 
606: 571 572 573 574 575 576 577 578 579 580 581 582 583 585 586 587 588 590 591 592 593 594 596 597 599 600 601 602 604 605 607 608 609 
607: 526 570 571 573 574 575 576 577 578 580 582 583 584 585 586 590 591 592 593 595 598 599 600 601 602 604 605 606 608 609 
608: 502 570 571 572 573 574 575 576 577 578 579 580 581 582 584 585 586 587 588 589 591 592 593 594 595 596 597 598 599 600 601 603 604 605 606 607 609 789 
609: 570 571 575 577 578 579 580 581 582 584 585 588 589 590 591 592 593 594 595 596 597 598 599 600 601 603 604 605 606 607 608 
610: 59 156 228 378 611 612 613 614 615 616 617 618 619 621 622 623 625 627 628 629 630 631 632 633 634 635 636 637 638 639 
611: 207 284 610 612 613 614 615 616 617 618 620 621 622 623 626 627 628 631 632 633 634 635 636 638 639 839 
612: 134 213 427 610 611 613 614 615 617 618 619 620 621 622 624 625 626 627 629 631 633 634 635 637 638 
613: 105 111 610 611 612 616 617 619 622 625 627 629 631 632 633 634 635 636 637 638 639 812 913 
614: 43 58 124 210 610 611 612 615 617 618 620 621 622 623 624 625 627 628 629 631 632 633 634 636 638 639 843 
615: 221 610 611 612 614 617 618 620 621 622 623 624 625 627 629 632 633 635 636 637 638 639 821 867 875 907 
616: 24 33 36 110 156 262 375 383 428 431 610 611 613 617 619 622 623 626 627 628 632 635 636 639 872 
617: 132 226 408 610 611 612 613 614 615 616 618 619 622 623 626 627 628 629 631 632 634 635 636 
618: 114 129 262 610 611 612 614 615 617 619 621 623 624 625 628 629 630 633 634 636 
619: 105 157 170 264 610 612 613 616 617 618 621 623 626 627 629 630 631 634 635 636 637 638 639 
620: 21 141 208 382 611 612 614 615 621 622 623 624 625 627 629 630 633 634 635 636 637 638 639 813 872 
621: 610 611 612 614 615 618 619 620 623 625 626 627 629 632 634 635 637 638 639 
622: 89 147 610 611 612 613 614 615 616 617 620 624 625 627 628 629 630 631 632 633 634 635 636 638 639 814 
623: 88 91 93 203 610 611 614 615 616 617 618 619 620 621 625 628 629 630 631 632 633 634 636 637 639 837 
624: 98 237 260 612 614 615 618 620 622 625 627 628 629 630 631 632 633 636 637 638 639 907 916 
625: 271 425 610 612 613 614 615 618 620 621 622 623 624 627 629 631 632 633 634 636 637 639 899 
626: 44 152 387 383 611 612 616 617 619 621 627 628 629 630 631 632 633 634 635 636 637 638 837 890 
627: 20 174 219 258 610 611 612 613 614 615 616 617 619 620 621 622 624 625 626 628 629 630 631 632 634 635 637 638 639 826 850 908 
628: 62 89 104 229 387 391 610 611 614 616 617 618 622 623 624 626 627 629 630 632 634 635 636 637 638 
629: 35 61 85 101 151 610 612 613 614 615 617 618 619 620 621 622 623 624 625 626 627 628 631 632 633 638 639 
630: 9 183 284 285 610 618 619 620 622 623 624 626 627 628 631 633 634 635 636 637 638 639 917 918 919 
631: 21 33 35 610 611 612 613 614 617 619 622 623 624 625 626 627 629 630 632 633 634 635 638 639 824 842 
632: 70 74 124 236 390 610 611 613 614 615 616 617 621 622 623 624 625 626 627 628 629 631 633 634 635 636 637 638 639 
633: 22 61 83 141 217 430 449 610 611 612 613 614 615 618 620 622 623 624 625 626 629 630 631 632 634 635 636 637 638 830 
634: 370 610 611 612 613 614 617 618 619 620 621 622 623 625 626 627 628 630 631 632 633 635 636 637 638 639 871 916 917 
635: 28 110 123 199 610 611 612 613 615 616 617 619 620 621 622 626 627 628 630 631 632 633 634 636 637 638 639 
636: 47 134 412 434 610 611 613 614 615 616 617 618 619 620 622 623 624 625 626 628 630 632 633 634 635 638 
637: 192 610 612 613 615 619 620 621 623 624 625 626 627 628 630 632 633 634 635 638 639 812 
638: 95 185 245 254 273 439 441 610 611 612 613 614 615 619 620 621 622 624 626 627 628 629 630 631 632 633 634 635 636 637 868 889 
639: 42 77 86 383 433 610 611 613 614 615 616 619 620 621 622 623 624 625 627 629 630 631 632 634 635 637 818 840 
640: 432 642 643 644 645 646 647 649 651 652 654 657 658 659 660 661 663 664 665 667 668 669 672 673 674 675 676 677 678 
641: 644 645 646 647 650 654 655 656 657 658 659 660 662 663 664 665 666 667 668 669 670 671 673 675 676 679 
642: 640 643 644 645 646 648 649 650 653 654 657 658 660 661 663 664 665 668 669 670 672 674 675 676 677 
643: 413 640 642 644 645 646 647 650 652 653 657 658 659 660 662 663 664 665 666 667 669 670 671 673 674 675 677 678 679 
644: 640 641 642 643 646 647 648 649 650 651 652 653 654 655 656 657 659 660 661 662 663 664 665 666 668 672 673 674 675 677 678 679 
645: 412 640 641 642 643 646 647 648 650 651 652 655 656 657 659 660 661 662 663 664 665 667 668 669 671 672 673 675 676 677 931 948 
646: 640 641 642 643 644 645 647 648 650 651 652 653 654 655 656 657 658 660 663 665 666 667 669 670 671 673 675 676 677 678 
647: 411 640 641 643 644 645 646 648 649 650 651 652 653 655 657 658 659 662 664 665 666 667 668 670 671 673 674 675 676 677 932 
648: 642 644 645 646 647 650 651 653 654 655 656 658 659 660 661 664 665 666 667 668 669 670 671 672 673 675 677 678 679 
649: 640 642 644 647 651 653 654 655 657 659 661 662 663 664 665 667 668 669 670 673 675 676 678 951 
650: 641 642 643 644 645 646 647 648 651 652 653 655 656 657 659 660 661 662 663 664 666 667 668 669 670 671 672 673 675 676 678 679 
651: 640 644 645 646 647 648 649 650 652 655 656 658 659 660 661 663 664 666 669 670 671 672 674 676 677 678 679 
652: 640 643 644 645 646 647 650 651 654 655 656 657 658 660 661 663 666 667 668 669 671 672 673 674 675 676 679 
653: 642 643 644 646 647 648 649 650 654 657 659 660 661 663 665 666 668 669 670 672 673 677 678 679 
654: 640 641 642 644 646 648 649 652 653 655 656 658 661 663 664 665 666 667 668 670 671 672 673 676 677 678 679 931 
655: 424 641 644 645 646 647 648 649 650 651 652 654 656 657 659 660 661 662 664 665 667 670 671 672 674 678 679 
656: 641 644 645 646 648 650 651 652 654 655 657 658 659 660 661 663 664 665 668 669 673 674 675 677 678 679 
657: 640 641 642 643 644 645 646 647 649 650 652 653 655 656 659 660 661 662 666 667 669 672 674 675 676 
658: 640 641 642 643 646 647 648 651 652 654 656 659 660 664 666 668 669 670 673 674 675 677 678 948 
659: 640 641 643 644 645 647 648 649 650 651 653 655 656 657 658 661 663 664 665 666 667 668 669 670 672 675 676 677 678 
660: 640 641 642 643 644 645 646 648 650 651 652 653 655 656 657 658 661 662 663 664 665 668 670 671 672 673 674 678 679 
661: 431 640 642 644 645 648 649 650 651 652 653 654 655 656 657 659 660 662 663 664 665 666 667 669 670 672 674 675 676 677 679 
662: 413 641 643 644 645 647 649 650 655 657 660 661 664 665 666 667 668 669 670 671 672 673 674 676 678 679 930 954 
663: 640 641 642 643 644 645 646 649 650 651 652 653 654 656 659 660 661 664 666 670 674 675 677 679 
664: 640 641 642 643 644 645 647 648 649 650 651 654 655 656 658 659 660 661 662 663 666 668 670 672 673 674 675 679 
665: 640 641 642 643 644 645 646 647 648 649 653 654 655 656 659 660 661 662 666 667 668 669 671 672 673 674 676 678 679 935 
666: 431 641 643 644 646 647 648 650 651 652 653 654 657 658 659 661 662 663 664 665 667 668 669 670 671 672 673 674 675 677 679 
667: 640 641 643 645 646 647 648 649 650 652 654 655 657 659 661 662 665 666 668 671 673 675 676 677 678 679 941 
668: 640 641 642 644 645 647 648 649 650 652 653 654 656 658 659 660 662 664 665 666 667 670 671 673 674 675 676 677 678 679 
669: 640 641 642 643 645 646 648 649 650 651 652 653 656 657 658 659 661 662 665 666 670 671 672 675 677 679 
670: 437 641 642 643 646 647 648 649 650 651 653 654 655 658 659 660 661 662 663 664 666 668 669 671 674 675 677 678 679 
671: 641 643 645 646 647 648 650 651 652 654 655 660 662 665 666 667 668 669 670 672 673 674 676 677 959 
672: 640 642 644 645 648 650 651 652 653 654 655 657 659 660 661 662 664 665 666 669 671 673 675 676 678 
673: 411 640 641 643 644 645 646 647 648 649 650 652 653 654 656 658 660 662 664 665 666 667 668 671 672 675 678 679 945 
674: 640 642 643 644 647 651 652 655 656 657 658 660 661 662 663 664 665 666 668 670 671 676 677 679 
675: 640 641 642 643 644 645 646 647 648 649 650 652 656 657 658 659 661 663 664 666 667 668 669 670 672 673 676 677 678 679 937 950 
676: 426 640 641 642 645 646 647 649 650 651 652 654 657 659 661 662 665 667 668 671 672 674 675 677 678 
677: 640 642 643 644 645 646 647 648 651 653 654 656 658 659 661 663 666 667 668 669 670 671 674 675 676 679 
678: 640 643 644 646 648 649 650 651 653 654 655 656 658 659 660 662 665 667 668 670 672 673 675 676 679 
679: 440 641 643 644 648 650 651 652 653 654 655 656 660 661 662 663 664 665 666 667 668 669 670 673 674 675 677 678 
680: 681 683 685 686 687 688 689 690 691 692 695 697 698 699 700 701 702 703 704 705 706 707 708 709 711 712 713 714 715 716 717 718 719 791 
681: 680 682 683 685 687 688 689 690 693 695 696 697 698 702 703 704 705 706 707 708 710 711 712 713 714 716 717 718 
682: 681 683 684 685 686 688 689 690 691 692 693 694 695 696 697 700 701 702 703 704 705 706 707 709 710 711 712 713 714 715 716 717 718 
683: 680 681 682 684 685 686 687 688 689 690 691 693 694 695 697 699 700 701 702 703 704 705 706 707 708 709 710 712 713 714 715 716 717 718 719 
684: 682 683 685 687 688 690 692 693 696 700 701 702 703 705 706 707 708 710 712 713 715 718 719 787 
685: 680 681 682 683 684 687 688 690 691 694 695 696 700 701 703 704 705 706 707 708 709 710 711 712 713 714 715 716 717 719 940 982 997 
686: 680 682 683 687 688 689 690 691 692 694 695 696 697 699 700 701 703 704 705 707 708 709 710 711 712 713 714 715 716 717 718 719 801 987 
687: 680 681 683 684 685 686 688 689 690 691 692 693 694 695 696 697 698 701 702 703 705 706 709 710 711 713 714 715 716 717 718 785 
688: 680 681 682 683 684 685 686 687 691 692 693 695 697 698 701 702 703 706 707 708 710 712 713 714 715 717 718 719 983 984 
689: 680 681 682 683 686 687 690 691 692 693 694 695 696 697 698 700 701 703 704 705 706 708 709 710 711 712 715 716 717 718 
690: 680 681 682 683 684 685 686 687 689 691 692 693 694 695 697 698 699 700 701 703 704 705 706 707 708 709 711 712 713 714 715 716 717 943 983 987 
691: 680 682 683 685 686 687 688 689 690 692 693 696 698 699 701 702 703 705 706 707 709 713 715 716 717 718 719 792 979 
692: 680 682 684 686 687 688 689 690 691 696 697 698 699 701 702 703 704 705 706 707 710 712 713 715 716 717 718 
693: 681 682 683 684 687 688 689 690 691 695 696 697 698 700 701 703 704 705 707 708 709 711 712 713 714 715 716 717 718 719 
694: 682 683 685 686 687 689 690 695 697 698 699 700 703 704 705 706 708 709 710 712 714 715 718 797 959 
695: 680 681 682 683 685 686 687 688 689 690 693 694 696 697 699 700 701 703 706 708 709 710 711 714 715 716 717 718 719 
696: 681 682 684 685 686 687 689 691 692 693 695 697 699 700 702 703 704 705 706 707 708 710 711 712 713 715 717 718 719 787 995 
697: 680 681 682 683 686 687 688 689 690 692 693 694 695 696 699 700 701 702 704 705 706 707 708 709 710 711 712 714 716 717 718 971 
698: 680 681 687 688 689 690 691 692 693 694 699 700 701 702 703 705 707 708 709 710 711 714 716 717 719 794 998 
699: 680 683 686 690 691 692 694 695 696 697 698 700 701 703 704 705 706 708 709 710 711 713 716 717 719 979 
700: 680 682 683 684 685 686 689 690 693 694 695 696 697 698 699 701 702 703 704 705 706 707 710 711 713 714 717 719 
701: 680 682 683 684 685 686 687 688 689 690 691 692 693 695 697 698 699 700 702 704 705 706 707 710 711 712 713 714 715 717 
702: 680 681 682 683 684 687 688 691 692 696 697 698 700 701 703 704 706 709 711 712 713 714 715 717 719 
703: 680 681 682 683 684 685 686 687 688 689 690 691 692 693 694 695 696 698 699 700 702 705 706 708 709 710 711 713 714 715 716 717 718 938 991 
704: 680 681 682 683 685 686 689 690 692 693 694 696 697 699 700 701 702 707 709 710 711 713 714 717 719 
705: 680 681 682 683 684 685 686 687 689 690 691 692 693 694 696 697 698 699 700 701 703 706 708 709 710 712 713 714 715 717 718 719 957 
706: 680 681 682 683 684 685 687 688 689 690 691 692 694 695 696 697 699 700 701 702 703 705 709 710 711 713 716 717 719 803 945 957 
707: 680 681 682 683 684 685 686 688 690 691 692 693 696 697 698 700 701 704 709 710 712 713 714 715 716 718 719 797 
708: 680 681 683 684 685 686 688 689 690 693 694 695 696 697 698 699 703 705 709 710 711 712 713 716 717 718 719 
709: 680 682 683 685 686 687 689 690 691 693 694 695 697 698 699 702 703 704 705 706 707 708 712 714 715 717 718 719 962 968 997 
710: 681 682 683 684 685 686 687 688 689 692 694 695 696 697 698 699 700 701 703 704 705 706 707 708 711 712 713 715 718 719 
711: 680 681 682 685 686 687 689 690 693 695 696 697 698 699 700 701 702 703 704 706 708 710 712 713 714 715 717 718 719 798 
712: 680 681 682 683 684 685 686 688 689 690 692 693 694 696 697 701 702 705 707 708 709 710 711 713 714 715 717 718 719 
713: 680 681 682 683 684 685 686 687 688 690 691 692 693 696 699 700 701 702 703 704 705 706 707 708 710 711 712 718 719 
714: 680 681 682 683 685 686 687 688 690 693 694 695 697 698 700 701 702 703 704 705 707 709 711 712 715 716 719 803 
715: 680 682 683 684 685 686 687 688 689 690 691 692 693 694 695 696 701 702 703 705 707 709 710 711 712 714 716 717 718 719 
716: 680 681 682 683 685 686 687 689 690 691 692 693 695 697 698 699 703 706 707 708 714 715 718 719 794 990 
717: 680 681 682 683 685 686 687 688 689 690 691 692 693 695 696 697 698 699 700 701 702 703 704 705 706 708 709 711 712 715 719 
718: 680 681 682 683 684 686 687 688 689 691 692 693 694 695 696 697 703 705 707 708 709 710 711 712 713 715 716 719 
719: 680 683 684 685 686 688 691 693 695 696 698 699 700 702 704 705 706 707 708 709 710 711 712 713 714 715 716 717 718 970 
768: 409 370 769 770 772 773 774 776 779 722 723 724 727 728 729 732 733 735 737 739 741 742 743 745 747 748 749 751 752 754 756 757 758 759 764 765 766 767 
769: 544 768 770 773 774 775 776 777 779 722 723 724 725 726 728 731 732 733 734 737 738 739 740 741 743 744 746 747 748 749 750 752 753 754 755 756 758 759 761 762 764 765 766 767 855 
770: 543 768 769 772 774 775 776 777 779 722 723 725 726 728 729 730 731 732 735 736 740 741 743 745 746 747 753 754 755 758 761 762 763 764 767 825 846 
771: 772 775 776 778 779 720 722 724 726 727 730 732 733 734 735 736 738 740 741 742 743 744 745 746 747 748 750 751 752 753 755 756 758 759 760 761 763 764 765 766 767 848 
772: 325 547 564 768 770 771 773 774 776 777 778 723 724 725 726 727 730 731 732 734 735 736 737 738 739 740 741 742 743 744 747 749 750 754 756 757 758 759 761 762 763 764 765 766 767 
773: 768 769 772 774 775 776 778 779 720 721 722 724 725 726 727 729 731 732 733 734 735 736 738 739 740 743 744 745 746 747 748 749 750 752 754 755 756 757 758 759 760 761 762 763 764 765 
774: 316 317 768 769 770 772 773 775 776 777 778 779 720 721 722 723 725 726 728 730 731 733 737 738 739 740 741 742 743 744 745 746 747 749 750 751 753 754 755 756 757 758 759 760 761 762 763 765 766 826 
775: 379 545 769 770 771 773 774 777 778 720 721 722 725 726 729 730 732 733 734 735 739 741 742 743 744 745 747 750 751 753 754 755 756 759 760 761 763 765 767 
776: 391 370 768 769 770 771 772 773 774 778 779 720 721 722 724 725 726 728 729 730 732 733 734 735 736 737 739 740 741 742 743 745 746 747 748 750 751 752 754 755 756 757 758 759 760 761 762 764 765 767 
777: 301 538 546 769 770 772 774 775 778 720 722 723 725 726 727 729 730 731 734 735 736 739 740 741 743 744 745 748 750 753 754 755 756 758 759 760 762 763 764 765 766 767 
778: 771 772 773 774 775 776 777 779 721 722 723 724 725 726 727 728 729 730 733 734 735 737 738 739 741 744 746 747 748 749 751 752 753 754 755 756 757 758 759 761 762 764 765 767 837 842 
779: 372 531 555 768 769 770 771 773 774 776 778 721 722 723 725 726 727 729 730 731 732 735 736 737 739 740 741 742 745 746 749 750 751 754 756 758 760 761 762 763 764 765 767 
720: 394 771 773 774 775 776 777 721 722 723 724 725 726 729 732 733 734 738 740 741 742 744 745 747 749 752 753 756 757 761 762 763 764 765 766 767 
721: 372 773 774 775 776 778 779 720 724 725 726 727 728 729 731 732 733 734 735 736 737 738 740 741 745 747 748 749 751 752 753 754 755 756 757 758 759 760 761 763 764 766 767 810 
722: 768 769 770 771 773 774 775 776 777 778 779 720 723 724 729 730 733 735 736 737 738 740 742 743 749 751 752 754 755 756 758 759 760 761 762 763 765 767 815 845 
723: 391 768 769 770 772 774 777 778 779 720 722 724 725 726 727 728 730 731 734 735 736 739 740 741 742 744 745 746 749 752 755 757 758 760 761 762 763 764 765 766 767 
724: 314 768 769 771 772 773 776 778 720 721 722 723 725 727 729 730 731 733 734 735 736 738 739 741 742 745 746 747 748 749 750 751 753 754 755 758 759 760 763 764 766 767 
725: 311 313 394 542 769 770 772 773 774 775 776 777 778 779 720 721 723 724 728 732 733 735 738 739 740 741 742 743 744 745 746 747 748 749 750 751 752 753 754 755 757 759 760 761 763 765 766 767 855 
726: 375 378 769 770 771 772 773 774 775 776 777 778 779 720 721 723 727 728 729 730 731 732 733 736 737 738 739 740 742 745 747 751 752 754 755 756 757 758 761 762 763 764 765 766 
727: 768 771 772 773 777 778 779 721 723 724 726 728 729 730 731 733 734 735 738 739 741 742 744 746 747 749 750 751 752 753 754 755 756 757 758 759 761 762 763 767 
728: 395 768 769 770 774 776 778 721 723 725 726 727 729 731 732 733 734 735 736 737 738 739 740 742 746 751 752 755 756 758 762 763 766 767 
729: 303 768 770 773 775 776 777 778 779 720 721 722 724 726 727 728 733 739 740 741 742 743 744 745 746 747 748 749 750 751 754 755 756 758 759 760 762 765 766 767 
730: 561 770 771 772 774 775 776 777 778 779 722 723 724 726 727 732 733 734 736 739 740 741 742 743 745 746 747 749 750 751 752 753 754 755 756 757 758 760 762 763 764 765 766 767 
731: 769 770 772 773 774 777 779 721 723 724 726 727 728 732 733 734 735 737 738 739 740 741 742 743 744 745 746 747 750 751 753 754 756 757 759 760 761 762 763 764 766 767 810 
732: 554 768 769 770 771 772 773 775 776 779 720 721 725 726 728 730 731 733 734 735 736 737 739 740 741 742 744 745 746 747 750 752 753 754 756 758 759 761 762 763 764 820 
733: 400 768 769 771 773 774 775 776 778 720 721 722 724 725 726 727 728 729 730 731 732 734 735 737 738 739 740 741 742 744 745 748 750 751 752 754 755 756 757 758 761 762 763 764 765 766 767 
734: 769 771 772 773 775 776 777 778 720 721 723 724 727 728 730 731 732 733 735 736 738 739 740 744 745 746 747 749 751 752 753 754 755 756 760 762 763 764 765 766 767 853 
735: 374 543 768 770 771 772 773 775 776 777 778 779 721 722 723 724 725 727 728 731 732 733 734 737 738 739 742 745 746 747 750 751 752 753 754 755 756 757 758 759 760 761 763 764 767 
736: 770 771 772 773 776 777 779 721 722 723 724 726 728 730 732 734 737 738 739 740 742 743 744 746 747 749 750 751 752 754 756 757 760 761 764 765 767 
737: 396 556 768 769 772 774 776 778 779 721 722 726 728 731 732 733 735 736 738 739 740 741 742 743 744 745 746 747 749 750 751 756 757 760 761 762 763 764 765 766 
738: 317 396 769 771 772 773 774 778 720 721 722 724 725 726 727 728 731 733 734 735 736 737 739 740 741 743 745 746 747 748 750 751 752 754 755 758 759 761 762 763 764 765 766 767 
739: 406 768 769 772 773 774 775 776 777 778 779 723 724 725 726 727 728 729 730 731 732 733 734 735 736 737 738 740 742 743 745 747 750 751 753 754 755 757 758 759 760 761 763 764 767 
740: 300 376 769 770 771 772 773 774 776 777 779 720 721 722 723 725 726 728 729 730 731 732 733 734 736 737 738 739 742 743 745 747 749 751 752 756 757 758 761 762 764 765 766 816 
741: 768 769 770 771 772 774 775 776 777 778 779 720 721 723 724 725 727 729 730 731 732 733 737 738 743 744 745 746 747 748 749 750 751 752 753 755 758 761 762 766 
742: 543 768 771 772 774 775 776 779 720 722 723 724 725 726 727 728 729 730 731 732 733 735 736 737 739 740 743 746 747 748 749 750 752 753 754 755 756 757 759 760 761 762 765 766 767 
743: 768 769 770 771 772 773 774 775 776 777 722 725 729 730 731 736 737 738 739 740 741 742 745 746 747 748 749 750 752 754 755 756 757 758 762 763 764 811 813 
744: 769 771 772 773 774 775 777 778 720 723 725 727 729 731 732 733 734 736 737 741 747 748 749 750 752 756 757 758 760 762 765 766 767 815 819 858 
745: 382 768 770 771 773 774 775 776 777 779 720 721 723 724 725 726 729 730 731 732 733 734 735 737 738 739 740 741 743 748 749 750 751 752 754 755 758 759 760 761 762 763 766 
746: 387 559 769 770 771 773 774 776 778 779 723 724 725 727 728 729 730 731 732 734 735 736 737 738 741 742 743 747 748 749 750 751 753 754 758 759 763 765 767 845 
747: 374 768 769 770 771 772 773 774 775 776 778 720 721 724 725 726 727 729 730 731 732 734 735 736 737 738 739 740 741 742 743 744 746 748 749 750 751 752 754 755 758 759 760 761 762 764 765 767 
748: 324 398 768 769 771 773 776 777 778 721 724 725 729 733 738 741 742 743 744 745 746 747 749 750 751 755 757 758 759 762 763 765 766 767 818 826 832 
749: 768 769 772 773 774 778 779 720 721 722 723 724 725 727 729 730 734 736 737 740 741 742 743 744 745 746 747 748 750 752 753 754 755 756 757 758 759 763 765 766 767 
750: 407 769 771 772 773 774 775 776 777 779 724 725 727 729 730 731 732 733 735 736 737 738 739 741 742 743 744 745 746 747 748 749 751 752 753 754 756 757 758 759 760 
751: 768 771 774 775 776 778 779 721 722 724 725 726 727 728 729 730 731 733 734 735 736 737 738 739 740 741 745 746 747 748 750 752 753 754 758 759 760 761 762 765 766 767 
752: 290 389 551 768 769 771 773 776 778 720 721 722 723 725 726 727 728 730 732 733 734 735 736 738 740 741 742 743 744 745 747 749 750 751 754 755 756 757 758 761 762 763 766 767 817 841 
753: 769 770 771 774 775 777 778 720 721 724 725 727 730 731 732 734 735 739 741 742 746 749 750 751 755 756 757 758 759 760 761 762 765 766 767 
754: 316 768 769 770 772 773 774 775 776 777 778 779 721 722 724 725 726 727 729 730 731 732 733 734 735 736 738 739 742 743 745 746 747 749 750 751 752 755 756 757 759 761 762 763 764 765 766 767 
755: 769 770 771 773 774 775 776 777 778 721 722 723 724 725 726 727 728 729 730 733 734 735 738 739 741 742 743 745 747 748 749 752 753 754 758 759 760 761 762 765 766 767 
756: 318 768 769 771 772 773 774 775 776 777 778 779 720 721 722 726 727 728 729 730 731 732 733 734 735 736 737 740 742 743 744 749 750 752 753 754 757 758 760 763 764 765 766 767 833 
757: 546 768 772 773 774 776 778 720 721 723 725 726 727 730 731 733 735 736 737 739 740 742 743 744 748 749 750 752 753 754 756 758 759 760 761 762 763 764 765 766 767 845 
758: 370 537 561 768 769 770 771 772 773 774 776 777 778 779 721 722 723 724 726 727 728 729 730 732 733 735 738 739 740 741 743 744 745 746 747 748 749 750 751 752 753 755 756 757 760 761 764 765 766 
759: 320 768 769 771 772 773 774 775 776 777 778 721 722 724 725 727 729 731 732 735 738 739 742 745 746 747 748 749 750 751 753 754 755 757 760 761 762 764 765 
760: 382 560 771 773 774 775 776 777 779 721 722 723 724 725 729 730 731 734 735 736 737 739 742 744 745 747 750 751 753 755 756 757 758 759 761 762 763 766 767 834 
761: 389 374 769 770 771 772 773 774 775 776 778 779 720 721 722 723 725 726 727 731 732 733 735 736 737 738 739 740 741 742 745 747 751 752 753 754 755 757 758 759 760 762 763 767 
762: 319 769 770 772 773 774 776 777 778 779 720 722 723 726 727 728 729 730 731 732 733 734 737 738 740 741 742 743 744 745 747 748 751 752 753 754 755 757 759 760 761 763 820 
763: 569 770 771 772 773 774 775 777 779 720 721 722 723 724 725 726 727 728 730 731 732 733 734 735 737 738 739 743 745 746 748 749 752 754 756 757 760 761 762 765 766 767 
764: 531 768 769 770 771 772 773 776 777 778 779 720 721 723 724 726 730 731 732 733 734 735 736 737 738 739 740 743 747 754 756 757 758 759 766 836 
765: 378 768 769 771 772 773 774 775 776 777 778 779 720 722 723 725 726 729 730 733 734 736 737 738 740 742 744 746 747 748 749 751 753 754 755 756 757 758 759 763 767 848 
766: 310 768 769 771 772 774 777 720 721 723 724 725 726 728 729 730 731 733 734 737 738 740 741 742 744 745 748 749 751 752 753 754 755 756 757 758 760 763 764 767 829 859 
767: 768 769 770 771 772 775 776 777 778 779 720 721 722 723 724 725 727 728 729 730 731 733 734 735 736 738 739 742 744 746 747 748 749 751 752 753 754 755 756 757 760 761 763 765 766 
780: 220 228 232 782 783 784 785 787 788 789 790 792 793 794 795 797 798 800 802 806 807 808 809 
781: 230 273 782 784 787 789 792 793 794 795 796 797 798 799 800 801 803 807 809 
782: 237 780 781 783 784 786 787 788 789 790 791 792 793 795 796 797 798 799 800 801 802 804 805 806 807 809 
783: 239 348 415 502 584 780 782 784 786 788 792 793 796 797 798 800 802 803 804 805 806 807 808 809 
784: 582 780 781 782 783 786 788 789 790 792 793 794 796 798 799 801 802 803 804 805 806 807 808 809 900 
785: 251 434 687 780 786 787 788 789 790 792 793 794 795 798 799 800 802 804 805 806 809 
786: 529 782 783 784 785 787 790 791 794 797 800 801 803 804 807 808 809 
787: 239 513 573 684 696 780 781 782 785 786 788 789 792 793 795 797 799 800 801 802 803 804 805 806 807 808 
788: 605 780 782 783 784 785 787 790 791 792 793 794 795 796 797 799 800 802 803 805 806 807 809 
789: 249 441 516 608 780 781 782 784 785 787 790 794 795 796 797 798 799 800 804 806 809 
790: 218 435 508 595 780 782 784 785 786 788 789 791 792 794 795 796 797 798 800 801 802 804 805 807 808 809 
791: 422 680 782 786 788 790 792 793 794 795 799 801 802 803 804 805 806 807 808 809 900 
792: 214 575 691 780 781 782 783 784 785 787 788 790 791 793 795 797 798 800 801 803 804 805 807 809 
793: 517 504 780 781 782 783 784 785 787 788 791 792 794 795 798 800 802 803 804 806 
794: 513 515 595 698 716 780 781 784 785 786 788 789 790 791 793 798 799 801 802 805 806 807 809 
795: 245 780 781 782 785 787 788 789 790 791 792 793 797 798 799 802 803 804 805 807 808 
796: 200 286 440 518 781 782 783 784 788 789 790 797 798 800 802 803 804 805 806 807 808 
797: 253 260 338 508 694 707 780 781 782 783 786 787 788 789 790 792 795 796 798 799 800 801 802 804 805 806 808 809 
798: 203 518 711 780 781 782 783 784 785 789 790 792 793 794 795 796 797 799 800 801 804 805 806 807 809 
799: 215 246 278 518 593 781 782 784 785 787 788 789 791 794 795 797 798 800 801 802 803 805 806 808 809 
800: 262 436 780 781 782 783 785 786 787 788 789 790 792 793 796 797 798 799 801 802 804 805 806 807 808 809 
801: 686 781 782 784 786 787 790 791 792 794 797 798 799 800 803 805 806 807 808 
802: 273 595 598 780 782 783 784 785 787 788 790 791 793 794 795 796 797 799 800 803 804 805 808 809 
803: 331 588 706 714 781 783 784 786 787 788 791 792 793 795 796 799 801 802 804 805 806 807 808 809 
804: 247 410 782 783 784 785 786 787 789 790 791 792 793 795 796 797 798 800 802 803 805 806 808 809 
805: 340 519 521 782 783 784 785 787 788 790 791 792 794 795 796 797 798 799 800 801 802 803 804 806 807 809 914 922 
806: 364 780 782 783 784 785 787 788 789 791 793 794 796 797 798 799 800 801 803 804 805 807 809 903 
807: 347 589 780 781 782 783 784 786 787 788 790 791 792 794 795 796 798 800 801 803 805 806 808 809 
808: 780 783 784 786 787 790 791 795 796 797 799 800 801 802 803 804 807 809 
809: 216 280 368 414 516 780 781 782 783 784 785 786 788 789 790 791 792 794 797 798 799 800 802 803 804 805 806 807 808 903 
810: 406 721 731 811 812 813 819 821 822 823 824 826 828 829 831 832 833 834 837 838 839 840 841 842 843 844 845 846 848 849 850 854 855 856 857 858 859 
811: 384 743 810 813 814 815 816 819 820 821 822 823 826 827 828 831 832 833 834 836 837 838 839 840 842 845 846 847 848 849 850 851 852 855 856 857 859 
812: 336 449 613 637 810 813 814 816 817 818 819 820 821 823 824 825 826 827 829 830 831 835 837 839 840 843 844 845 847 848 849 850 851 852 853 854 856 859 
813: 620 743 810 811 812 816 817 818 821 822 823 824 826 827 828 829 830 831 832 833 834 837 839 841 842 843 844 845 846 847 848 849 850 851 852 854 855 856 858 
814: 413 622 811 812 816 817 818 820 822 824 825 826 827 828 829 830 832 833 834 835 836 837 839 842 843 845 846 847 848 849 851 852 853 854 855 856 857 858 
815: 407 722 744 811 816 818 819 820 821 822 823 825 826 827 828 829 830 833 834 835 836 837 840 841 842 844 845 846 847 849 850 851 853 854 855 856 858 859 
816: 740 811 812 813 814 815 818 819 820 821 824 825 826 827 831 832 833 834 835 836 837 838 839 840 841 842 844 845 847 848 850 852 853 854 855 856 857 858 859 
817: 752 812 813 814 819 820 821 824 825 826 829 830 831 832 833 834 835 836 837 838 840 841 842 843 845 847 849 850 851 852 853 854 856 857 859 
818: 446 639 748 812 813 814 815 816 819 820 821 822 823 824 825 828 829 830 832 833 834 835 836 837 839 840 841 842 843 844 846 847 850 851 853 854 856 
819: 431 744 810 811 812 815 816 817 818 820 821 824 825 826 828 829 830 831 832 833 834 835 836 837 842 843 844 845 846 847 850 851 852 853 855 856 857 858 
820: 732 762 811 812 814 815 816 817 818 819 821 822 823 824 826 829 830 831 832 833 835 836 838 839 842 844 845 846 849 850 851 852 853 855 856 857 859 
821: 338 386 432 445 615 810 811 812 813 815 816 817 818 819 820 823 824 826 827 828 830 831 832 833 834 835 836 839 840 841 842 844 845 846 847 848 850 852 854 855 856 857 858 859 
822: 810 811 813 814 815 818 820 824 825 826 827 828 830 831 832 834 837 838 841 844 846 847 848 849 850 851 852 853 854 855 856 858 
823: 407 372 810 811 812 813 815 818 820 821 825 826 827 831 832 837 838 839 842 844 846 847 848 849 852 854 855 856 857 859 
824: 631 810 812 813 814 816 817 818 819 820 821 822 825 826 827 829 830 831 833 834 835 836 837 839 840 842 846 848 849 850 851 855 856 857 859 
825: 358 410 426 770 812 814 815 816 817 818 819 822 823 824 826 827 832 834 836 837 840 843 845 847 848 850 851 854 
826: 333 440 627 774 748 810 811 812 813 814 815 816 817 819 820 821 822 823 824 825 827 828 830 833 834 835 838 839 841 843 844 845 847 848 850 851 852 854 855 857 858 859 
827: 343 366 811 812 813 814 815 816 821 822 823 824 825 826 828 830 832 835 837 838 839 840 841 842 844 845 847 848 849 850 851 852 853 856 857 858 
828: 810 811 813 814 815 818 819 821 822 826 827 829 830 832 833 834 835 837 838 840 841 842 843 844 845 846 847 848 849 850 852 853 854 855 856 858 859 
829: 766 810 812 813 814 815 817 818 819 820 824 828 830 831 832 833 834 835 838 840 841 843 845 846 847 848 850 851 852 853 854 857 858 
830: 356 417 633 812 813 814 815 817 818 819 820 821 822 824 826 827 828 829 831 832 833 836 837 839 840 842 843 844 845 847 849 850 852 853 854 855 856 857 
831: 350 810 811 812 813 816 817 819 820 821 822 823 824 829 830 832 835 837 839 841 842 843 844 847 848 849 851 852 853 854 855 856 
832: 405 748 810 811 813 814 816 817 818 819 820 821 822 823 825 827 828 829 830 831 834 835 836 837 839 843 844 845 848 849 850 851 852 853 854 855 856 859 
833: 756 810 811 813 814 815 816 817 818 819 820 821 824 826 828 829 830 835 836 837 838 839 842 848 849 850 851 853 854 855 856 859 
834: 352 367 373 760 810 811 813 814 815 816 817 818 819 821 822 824 825 826 828 829 832 835 838 839 840 841 843 845 846 847 848 852 854 855 856 857 859 
835: 812 814 815 816 817 818 819 820 821 824 826 827 828 829 831 832 833 834 836 838 839 840 841 842 843 844 846 848 850 851 852 853 854 855 856 859 
836: 397 379 764 811 814 815 816 817 818 819 820 821 824 825 830 832 833 835 838 839 840 841 842 843 844 845 846 847 848 849 850 853 855 856 857 858 859 
837: 363 428 623 626 778 810 811 812 813 814 815 816 817 818 819 822 823 824 825 827 828 830 831 832 833 838 839 840 841 843 844 846 847 848 849 850 851 852 853 854 855 856 857 858 859 
838: 350 351 810 811 816 817 820 822 823 826 827 828 829 833 834 835 836 837 839 841 842 843 844 845 846 847 848 850 852 853 854 855 856 857 858 859 
839: 363 611 810 811 812 813 814 816 818 820 821 823 824 826 827 830 831 832 833 834 835 836 837 838 840 841 843 844 846 847 848 849 850 851 852 854 855 856 858 859 
840: 359 394 639 810 811 812 815 816 817 818 821 824 825 827 828 829 830 834 835 836 837 839 841 842 843 845 846 847 849 850 851 853 854 855 856 857 858 859 
841: 390 752 810 813 815 816 817 818 821 822 826 827 828 829 831 834 835 836 837 838 839 840 842 843 844 845 847 850 851 852 853 854 859 
842: 400 631 778 810 811 813 814 815 816 817 818 819 820 821 823 824 827 828 830 831 833 835 836 838 840 841 844 845 846 847 849 850 851 853 856 857 859 
843: 614 810 812 813 814 817 818 819 825 826 828 829 830 831 832 834 835 836 837 838 839 840 841 844 845 846 847 848 849 851 852 853 859 
844: 352 406 810 812 813 815 816 818 819 820 821 822 823 826 827 828 830 831 832 835 836 837 838 839 841 842 843 845 847 848 850 852 854 855 857 858 859 
845: 358 384 377 722 746 757 810 811 812 813 814 815 816 817 819 820 821 825 826 827 828 829 830 832 834 836 838 840 841 842 843 844 846 848 851 852 853 854 855 856 858 859 
846: 351 770 810 811 813 814 815 818 819 820 821 822 823 824 828 829 834 835 836 837 838 839 840 842 843 845 848 850 852 855 858 
847: 811 812 813 814 815 816 817 818 819 821 822 823 825 826 827 828 829 830 831 834 836 837 838 839 840 841 842 843 844 848 849 850 852 854 855 856 857 858 
848: 771 765 810 811 812 813 814 816 821 822 823 824 825 826 827 828 829 831 832 833 834 835 836 837 838 839 843 844 845 846 847 849 850 851 852 853 854 855 857 858 859 
849: 420 810 811 812 813 814 815 817 820 822 823 824 827 828 830 831 832 833 836 837 839 840 842 843 847 848 850 851 856 857 859 
850: 393 627 810 811 812 813 815 816 817 818 819 820 821 822 824 825 826 827 828 829 830 832 833 835 836 837 838 839 840 841 842 844 846 847 848 849 851 853 854 855 856 858 859 
851: 340 811 812 813 814 815 817 818 819 820 822 824 825 826 827 829 831 832 833 835 837 839 840 841 842 843 845 848 849 850 852 855 856 857 858 
852: 344 811 812 813 814 816 817 819 820 821 822 823 826 827 828 829 830 831 832 834 835 837 838 839 841 843 844 845 846 847 848 851 853 854 857 858 
853: 734 812 814 815 816 817 818 819 820 822 827 828 829 830 831 832 833 835 836 837 838 840 841 842 843 845 848 850 852 854 855 856 857 858 859 
854: 425 810 812 813 814 815 816 817 818 821 822 823 825 826 828 829 830 831 832 833 834 835 837 838 839 840 841 844 845 847 848 850 852 853 855 857 858 
855: 769 725 810 811 813 814 815 816 819 820 821 822 823 824 826 828 830 831 832 833 834 835 836 837 838 839 840 844 845 846 847 848 850 851 853 854 856 857 858 859 
856: 366 425 810 811 812 813 814 815 816 817 818 819 820 821 822 823 824 827 828 830 831 832 833 834 835 836 837 838 839 840 842 845 847 849 850 851 853 855 857 858 
857: 810 811 814 816 817 819 820 821 823 824 826 827 829 830 834 836 837 838 840 842 844 847 848 849 851 852 853 854 855 856 
858: 744 810 813 814 815 816 819 821 822 826 827 828 829 836 837 838 839 840 844 845 846 847 848 850 851 852 853 854 855 856 
859: 342 381 430 766 810 811 812 815 816 817 820 821 823 824 826 828 832 833 834 835 836 837 838 839 840 841 842 843 844 845 848 849 850 853 855 
896: 280 302 897 898 899 860 863 864 865 866 867 868 869 870 871 874 875 877 878 879 880 881 882 883 884 885 886 887 889 892 894 895 
897: 217 219 305 400 896 898 860 861 862 863 864 865 866 867 868 869 871 873 876 877 878 881 882 884 885 887 888 889 890 893 894 895 
898: 218 318 896 897 860 861 862 864 866 868 869 870 871 872 874 875 876 877 878 879 880 881 882 883 885 887 889 890 891 894 
899: 230 395 625 896 861 862 863 864 865 866 869 870 871 872 875 878 879 880 882 883 884 885 887 888 889 890 892 893 895 
860: 896 897 898 861 863 864 865 867 868 869 871 872 873 874 875 876 877 878 880 881 882 883 884 886 887 888 889 892 893 894 895 
861: 247 897 898 899 860 862 863 864 866 867 869 870 871 875 876 877 878 879 880 881 882 883 885 886 887 888 889 890 891 892 893 
862: 234 897 898 899 861 863 864 865 868 869 870 871 872 874 876 877 878 879 881 882 884 885 886 887 888 889 891 892 893 895 
863: 394 400 896 897 899 860 861 862 864 865 866 867 868 869 870 871 872 873 874 875 876 877 880 881 882 883 884 887 888 889 890 891 892 893 895 
864: 203 259 896 897 898 899 860 861 862 863 866 867 868 869 871 872 873 874 876 877 878 879 880 881 883 884 885 886 887 888 889 890 891 893 894 895 
865: 281 390 896 897 899 860 862 863 866 867 868 870 871 872 873 874 875 877 879 880 881 882 884 885 887 888 889 890 891 892 893 894 
866: 224 269 896 897 898 899 861 863 864 865 867 868 869 871 872 873 874 875 876 877 878 879 880 881 882 883 884 886 887 889 890 891 892 893 894 895 
867: 213 385 615 896 897 860 861 863 864 865 866 868 869 870 871 873 874 875 876 877 878 879 880 881 882 883 884 885 886 887 888 889 890 891 892 894 895 
868: 216 314 327 638 896 897 898 860 862 863 864 865 866 867 869 871 872 873 874 875 878 879 881 882 883 884 885 887 888 889 890 891 892 893 894 895 
869: 377 896 897 898 899 860 861 862 863 864 866 867 868 871 872 873 874 875 876 877 878 879 880 881 882 883 884 885 886 888 889 890 893 895 
870: 896 898 899 861 862 863 865 867 871 872 875 876 878 879 880 881 882 883 884 885 886 887 888 890 891 892 893 894 895 
871: 233 305 634 896 897 898 899 860 861 862 863 864 865 866 867 868 869 870 872 874 875 878 879 882 883 885 886 887 889 890 891 893 895 
872: 289 381 616 620 898 899 860 862 863 864 865 866 868 869 870 871 873 874 875 876 877 878 879 882 883 884 885 887 888 889 891 892 893 894 
873: 263 897 860 863 864 865 866 867 868 869 872 874 876 878 879 880 881 883 884 886 887 888 889 891 892 893 894 895 
874: 896 898 860 862 863 864 865 866 867 868 869 871 872 873 876 878 879 880 881 882 883 884 885 887 888 889 890 891 892 893 894 895 
875: 264 282 316 321 378 615 896 898 899 860 861 863 865 866 867 868 869 870 871 872 876 878 881 882 883 884 886 887 888 889 890 891 892 893 894 895 
876: 230 897 898 860 861 862 863 864 866 867 869 870 872 873 874 875 877 878 879 881 882 884 886 887 888 889 891 892 894 895 
877: 896 897 898 860 861 862 863 864 865 866 867 869 872 876 878 879 880 882 883 884 885 886 888 890 891 892 893 894 895 
878: 208 281 378 896 897 898 899 860 861 862 864 866 867 868 869 870 871 872 873 874 875 876 877 879 880 881 882 884 886 888 889 890 891 892 894 895 
879: 239 379 896 898 899 861 862 864 865 866 867 868 869 870 871 872 873 874 876 877 878 880 882 883 884 886 887 888 889 890 891 892 894 
880: 231 390 374 896 898 899 860 861 863 864 865 866 867 869 870 873 874 877 878 879 882 883 884 885 886 888 889 890 891 892 893 894 895 
881: 319 896 897 898 860 861 862 863 864 865 866 867 868 869 870 873 874 875 876 878 882 883 884 886 888 889 890 891 892 893 894 895 
882: 217 896 897 898 899 860 861 862 863 865 866 867 868 869 870 871 872 874 875 876 877 878 879 880 881 883 884 885 886 887 888 889 890 891 892 893 894 895 
883: 282 323 896 898 899 860 861 863 864 866 867 868 869 870 871 872 873 874 875 877 879 880 881 882 884 885 886 889 890 892 893 895 
884: 896 897 899 860 862 863 864 865 866 867 868 869 870 872 873 874 875 876 877 878 879 880 881 882 883 885 886 887 888 889 891 892 893 894 
885: 281 312 380 896 897 898 899 861 862 864 865 867 868 869 870 871 872 874 877 880 882 883 884 887 888 889 894 
886: 286 896 860 861 862 864 866 867 869 870 871 873 875 876 877 878 879 880 881 882 883 884 887 890 891 892 894 895 
887: 896 897 898 899 860 861 862 863 864 865 866 867 868 870 871 872 873 874 875 876 879 882 884 885 886 889 890 891 892 893 894 895 
888: 320 897 899 860 861 862 863 864 865 867 868 869 870 872 873 874 875 876 877 878 879 880 881 882 884 885 889 890 892 893 894 
889: 225 244 302 638 896 897 898 899 860 861 862 863 864 865 866 867 868 869 871 872 873 874 875 876 878 879 880 881 882 883 884 885 887 888 890 891 893 894 
890: 270 626 897 898 899 861 863 864 865 866 867 868 869 870 871 874 875 877 878 879 880 881 882 883 886 887 888 889 892 893 894 895 
891: 378 898 861 862 863 864 865 866 867 868 870 871 872 873 874 875 876 877 878 879 880 881 882 884 886 887 889 892 893 895 
892: 896 899 860 861 862 863 865 866 867 868 870 872 873 874 875 876 877 878 879 880 881 882 883 884 886 887 888 890 891 893 895 
893: 263 299 897 899 860 861 862 863 864 865 866 868 869 870 871 872 873 874 875 877 880 881 882 883 884 887 888 889 890 891 892 894 895 
894: 220 234 256 383 896 897 898 860 864 865 866 867 868 870 872 873 874 875 876 877 878 879 880 881 882 884 885 886 887 888 889 890 893 
895: 385 407 896 897 899 860 862 863 864 866 867 868 869 870 871 873 874 875 876 877 878 880 881 882 883 886 887 890 891 892 893 
900: 784 791 901 902 903 905 908 909 910 911 912 913 915 916 917 918 923 924 925 926 927 
901: 900 902 903 905 906 907 908 912 913 918 919 920 921 924 925 926 927 928 929 
902: 900 901 903 904 905 906 908 910 911 913 916 917 918 920 921 922 923 924 925 926 927 929 
903: 462 806 809 900 901 902 904 905 906 907 908 909 910 911 912 913 914 915 916 917 918 920 921 923 925 926 928 929 
904: 902 903 905 906 907 908 912 913 917 918 919 920 921 923 924 925 928 929 
905: 476 900 901 902 903 904 906 907 908 910 912 913 916 917 918 919 920 921 923 926 927 929 
906: 459 901 902 903 904 905 907 908 910 911 912 913 914 915 916 917 918 919 920 921 922 923 924 925 926 928 929 
907: 615 624 901 903 904 905 906 908 909 910 911 913 914 915 916 918 919 921 923 924 925 926 927 928 929 
908: 487 627 900 901 902 903 904 905 906 907 909 910 911 912 913 914 915 918 919 920 921 922 924 925 926 927 928 929 
909: 451 453 900 903 907 908 910 911 913 914 915 917 918 919 920 922 923 924 926 928 929 
910: 900 902 903 905 906 907 908 909 912 914 915 916 918 919 920 923 925 926 927 929 
911: 900 902 903 906 907 908 909 912 913 914 915 921 923 924 925 926 927 928 929 
912: 900 901 903 904 905 906 908 910 911 916 917 919 920 921 923 924 925 926 927 928 929 
913: 613 900 901 902 903 904 905 906 907 908 909 911 916 917 918 920 921 925 926 927 928 929 
914: 485 805 903 906 907 908 909 910 911 915 917 920 922 923 925 926 928 929 
915: 900 903 906 907 908 909 910 911 914 917 918 919 920 922 924 925 927 929 
916: 458 482 624 634 900 902 903 905 906 907 910 912 913 917 918 919 920 921 922 924 925 926 928 929 
917: 469 630 634 900 902 903 904 905 906 909 912 913 914 915 916 918 920 922 923 924 925 926 927 928 929 
918: 630 900 901 902 903 904 905 906 907 908 909 910 913 915 916 917 921 923 925 926 927 928 929 
919: 486 630 901 904 905 906 907 908 909 910 912 915 916 921 922 924 925 926 927 928 929 
920: 901 902 903 904 905 906 908 909 910 912 913 914 915 916 917 921 922 923 924 925 926 927 928 
921: 469 901 902 903 904 905 906 907 908 911 912 913 916 918 919 920 922 924 925 926 928 929 
922: 805 902 906 908 909 914 915 916 917 919 920 921 923 924 925 926 927 928 
923: 900 902 903 904 905 906 907 909 910 911 912 914 917 918 920 922 924 925 926 928 929 
924: 900 901 902 904 906 907 908 909 911 912 915 916 917 919 920 921 922 923 925 926 929 
925: 477 900 901 902 903 904 906 907 908 910 911 912 913 914 915 916 917 918 919 920 921 922 923 924 926 927 928 929 
926: 462 486 900 901 902 903 905 906 907 908 909 910 911 912 913 914 916 917 918 919 920 921 922 923 924 925 927 928 
927: 900 901 902 905 907 908 910 911 912 913 915 917 918 919 920 922 925 926 928 929 
928: 472 478 901 903 904 906 907 908 909 911 912 913 914 916 917 918 919 920 921 922 923 925 926 927 929 
929: 457 484 901 902 903 904 905 906 907 908 909 910 911 912 913 914 915 916 917 918 919 921 923 924 925 927 928 
930: 662 931 932 933 934 935 936 937 938 940 942 943 944 945 947 948 949 951 952 953 954 957 959 
931: 645 654 930 932 935 936 937 938 940 942 943 946 947 948 949 952 953 954 956 959 
932: 647 930 931 933 935 937 938 939 941 944 945 946 947 948 949 950 951 953 954 956 957 958 959 
933: 400 402 930 932 935 936 937 938 941 945 946 948 950 953 954 955 956 957 958 
934: 930 936 937 938 940 942 944 945 946 947 948 954 955 957 958 959 
935: 392 665 930 931 932 933 936 938 939 941 942 944 946 947 948 949 950 951 952 953 954 955 956 957 958 
936: 930 931 933 934 935 937 938 939 940 942 944 945 946 947 949 950 951 952 954 956 957 958 959 
937: 675 930 931 932 933 934 936 938 939 940 942 945 946 947 949 950 951 953 954 956 957 959 
938: 703 930 931 932 933 934 935 936 937 940 941 942 943 945 948 951 952 953 954 955 957 958 
939: 932 935 936 937 940 941 942 943 945 946 947 949 950 951 953 954 955 956 957 958 
940: 394 685 930 931 934 936 937 938 939 941 942 943 944 945 947 948 949 950 953 954 955 956 958 
941: 667 932 933 935 938 939 940 944 945 946 948 949 950 951 952 953 956 957 958 959 
942: 408 930 931 934 935 936 937 938 939 940 943 944 945 946 947 950 952 954 956 957 
943: 690 930 931 938 939 940 942 945 946 947 948 952 954 955 956 957 958 
944: 930 932 934 935 936 940 941 942 945 950 951 954 956 957 958 959 
945: 409 376 673 706 930 932 933 934 936 937 938 939 940 941 942 943 944 946 947 948 949 950 951 954 955 959 
946: 931 932 933 934 935 936 937 939 941 942 943 945 947 949 950 951 953 954 955 957 958 959 
947: 403 930 931 932 934 935 936 937 939 940 942 943 945 946 948 950 951 953 955 956 957 958 959 
948: 645 658 930 931 932 933 934 935 938 940 941 943 945 947 949 950 951 952 954 956 957 958 
949: 930 931 932 935 936 937 939 940 941 945 946 948 950 951 953 954 955 956 957 958 
950: 675 932 933 935 936 937 939 940 941 942 944 945 946 947 948 949 955 956 958 959 
951: 386 649 930 932 935 936 937 938 939 941 944 945 946 947 948 949 952 953 954 955 956 957 959 
952: 930 931 935 936 938 941 942 943 948 951 953 954 955 957 958 959 
953: 930 931 932 933 935 937 938 939 940 941 946 947 949 951 952 954 955 956 957 959 
954: 662 930 931 932 933 934 935 936 937 938 939 940 942 943 944 945 946 948 949 951 952 953 955 956 958 959 
955: 933 934 935 938 939 940 943 945 946 947 949 950 951 952 953 954 956 957 958 959 
956: 931 932 933 935 936 937 939 940 941 942 943 944 947 948 949 950 951 953 954 955 959 
957: 705 706 930 932 933 934 935 936 937 938 939 941 942 943 944 946 947 948 949 951 952 953 955 958 
958: 932 933 934 935 936 938 939 940 941 943 944 946 947 948 949 950 952 954 955 957 959 
959: 383 671 694 930 931 932 934 936 937 941 944 945 946 947 950 951 952 953 954 955 956 958 
960: 961 962 963 964 965 966 967 970 971 972 976 978 979 980 981 982 983 984 985 986 987 988 989 990 991 992 993 997 998 999 
961: 960 962 963 964 965 966 969 970 971 973 974 975 976 977 978 980 981 982 983 984 985 986 987 989 990 992 993 994 996 997 998 999 
962: 709 960 961 965 966 967 968 969 970 971 972 974 975 976 977 978 979 980 981 982 984 985 989 990 992 993 994 995 996 997 998 999 
963: 960 961 964 965 966 970 971 972 973 975 976 977 978 980 981 983 985 986 987 988 992 993 994 996 997 998 999 
964: 960 961 963 966 967 968 969 970 972 973 974 975 978 979 980 981 982 983 984 985 987 988 989 990 993 994 995 996 997 998 999 
965: 960 961 962 963 966 967 968 969 971 972 973 974 975 978 979 980 983 984 985 987 989 990 991 992 993 994 995 996 997 998 
966: 960 961 962 963 964 965 967 968 969 970 971 972 974 977 978 979 980 982 985 987 988 989 991 992 994 999 
967: 960 962 964 965 966 968 969 970 972 973 974 977 979 980 981 982 983 985 987 988 989 990 991 992 993 995 996 999 
968: 709 962 964 965 966 967 969 970 972 973 974 976 977 978 980 981 982 984 985 986 987 988 990 992 993 994 995 996 998 999 
969: 961 962 964 965 966 967 968 970 971 972 973 974 975 976 977 979 980 981 982 983 984 985 986 987 989 990 991 992 994 995 997 998 
970: 719 960 961 962 963 964 966 967 968 969 971 972 974 975 976 978 980 982 983 984 988 989 990 991 993 995 996 997 998 999 
971: 697 960 961 962 963 965 966 969 970 972 973 974 975 978 980 982 984 985 986 987 988 989 990 991 992 994 995 997 998 999 
972: 960 962 963 964 965 966 967 968 969 970 971 973 974 975 976 977 978 980 981 982 983 986 988 990 992 993 996 997 998 999 
973: 961 963 964 965 967 968 969 971 972 974 975 976 977 978 980 981 982 983 985 986 988 989 990 991 992 993 994 995 996 998 999 
974: 961 962 964 965 966 967 968 969 970 971 972 973 975 976 977 978 979 980 981 982 985 986 987 988 989 990 991 992 993 994 995 996 999 
975: 961 962 963 964 965 969 970 971 972 973 974 976 977 978 979 980 981 983 984 986 987 988 991 992 993 994 995 996 
976: 960 961 962 963 968 969 970 972 973 974 975 977 978 980 982 983 984 985 986 987 988 989 990 991 992 993 995 997 998 999 
977: 961 962 963 966 967 968 969 972 973 974 975 976 978 980 981 982 983 984 985 986 988 989 990 991 992 993 995 996 997 998 999 
978: 960 961 962 963 964 965 966 968 970 971 972 973 974 975 976 977 979 980 981 983 984 985 986 987 988 990 992 993 994 996 
979: 691 699 960 962 964 965 966 967 969 974 975 978 981 982 984 985 986 987 988 990 991 993 995 996 998 999 
980: 960 961 962 963 964 965 966 967 968 969 970 971 972 973 974 975 976 977 978 982 983 984 985 986 987 990 992 994 995 997 
981: 960 961 962 963 964 967 968 969 972 973 974 975 977 978 979 982 983 984 986 989 990 991 994 995 996 997 998 999 
982: 685 960 961 962 964 966 967 968 969 970 971 972 973 974 976 977 979 980 981 983 984 985 986 987 988 989 992 993 994 998 999 
983: 688 690 960 961 963 964 965 967 969 970 972 973 975 976 977 978 980 981 982 985 986 987 988 989 990 991 992 993 995 997 998 999 
984: 688 960 961 962 964 965 968 969 970 971 975 976 977 978 979 980 981 982 985 986 987 990 991 992 993 994 996 997 998 999 
985: 960 961 962 963 964 965 966 967 968 969 971 973 974 976 977 978 979 980 982 983 984 986 987 991 994 995 997 998 
986: 960 961 963 968 969 971 972 973 974 975 976 977 978 979 980 981 982 983 984 985 987 988 989 990 991 992 993 994 995 996 999 
987: 686 690 960 961 963 964 965 966 967 968 969 971 974 975 976 978 979 980 982 983 984 985 986 988 990 991 993 994 995 997 998 999 
988: 960 963 964 966 967 968 970 971 972 973 974 975 976 977 978 979 982 983 986 987 989 990 991 992 993 994 996 997 
989: 960 961 962 964 965 966 967 969 970 971 973 974 976 977 981 982 983 986 988 991 992 994 995 
990: 716 960 961 962 964 965 967 968 969 970 971 972 973 974 976 977 978 979 980 981 983 984 986 987 988 991 992 993 995 996 997 998 999 
991: 703 960 965 966 967 969 970 971 973 974 975 976 977 979 981 983 984 985 986 987 988 989 990 992 993 994 995 996 997 998 999 
992: 960 961 962 963 965 966 967 968 969 971 972 973 974 975 976 977 978 980 982 983 984 986 988 989 990 991 993 995 996 997 998 999 
993: 960 961 962 963 964 965 967 968 970 972 973 974 975 976 977 978 979 982 983 984 986 987 988 990 991 992 997 998 999 
994: 961 962 963 964 965 966 968 969 971 973 974 975 978 980 981 982 984 985 986 987 988 989 991 995 999 
995: 696 962 964 965 967 968 969 970 971 973 974 975 976 977 979 980 981 983 985 986 987 989 990 991 992 994 996 997 998 
996: 961 962 963 964 965 967 968 970 972 973 974 975 977 978 979 981 984 986 988 990 991 992 995 998 999 
997: 685 709 960 961 962 963 964 965 969 970 971 972 976 977 980 981 983 984 985 987 988 990 991 992 993 995 998 999 
998: 698 960 961 962 963 964 965 968 969 970 971 972 973 976 977 979 981 982 983 984 985 987 990 991 992 993 995 996 997 999 
999: 960 961 962 963 964 966 967 968 970 971 972 973 974 976 977 979 981 982 983 984 986 987 990 991 992 993 994 996 997 998 
