800
0: 2 3 4 5 8 9 10 11 13 14 15 16 17 18 19 21 22 23 24 26 27 28 30 31 32 33 35 36 37 38 39 42 43 44 46 47 48 51 53 54 55 56 57 59 60 61 62 64 65 66 67 68 71 72 73 75 77 79 80 82 84 85 86 87 88 89 90 91 93 94 95 96 97 98 101 102 104 105 106 107 108 109 110 111 112 113 114 115 116 121 122 127 129 135 136 137 138 141 142 143 144 145 146 147 148 149 150 151 152 153 156 157 158 159 166 167 168 169 171 172 176 178 179 180 181 182 183 185 186 187 188 190 192 193 195 198 199 219 255 306 326 334 344 727 
1: 2 4 5 6 7 8 9 11 12 13 15 16 17 18 21 22 23 24 26 27 29 31 32 34 36 37 38 41 42 43 44 45 46 47 48 49 50 51 52 53 54 56 59 60 61 63 66 67 68 70 72 73 74 75 76 77 79 80 81 83 84 86 87 88 91 92 94 95 96 97 98 99 100 101 102 103 104 106 107 108 109 111 112 113 114 115 116 117 118 120 123 125 127 128 129 133 135 136 137 139 141 142 143 144 145 146 149 150 154 155 156 157 159 160 161 163 164 165 166 167 168 169 170 171 172 173 174 175 176 180 182 183 184 185 186 187 191 192 193 194 195 196 197 198 
2: 0 1 5 7 8 9 10 11 12 13 14 19 20 22 23 28 30 31 32 33 34 37 41 43 44 45 48 49 51 52 53 55 57 58 59 61 62 63 64 65 66 69 70 71 72 73 74 75 76 77 78 79 80 81 82 83 84 86 87 88 89 90 92 94 96 97 99 100 101 102 103 104 105 106 107 112 113 114 115 116 118 120 121 122 123 124 125 126 127 129 130 132 133 134 136 137 140 143 144 148 149 150 151 153 154 155 156 157 159 160 163 164 165 166 167 168 169 170 171 173 174 177 179 182 184 185 186 188 189 192 194 196 209 703 710 711 725 
3: 0 4 5 6 7 8 9 10 11 12 13 16 18 19 22 25 26 27 28 31 32 33 34 35 37 39 41 42 45 49 50 52 54 55 56 58 59 60 62 63 67 68 69 72 74 76 78 79 82 84 86 87 89 90 92 93 94 96 97 99 100 102 103 104 108 112 113 114 115 116 117 119 121 122 123 124 125 126 128 129 131 132 133 134 135 137 139 140 141 142 145 146 147 148 149 150 151 155 156 159 163 164 165 166 167 172 173 174 175 176 179 180 182 183 184 185 186 187 191 192 193 194 195 196 262 390 396 749 
4: 0 1 3 7 8 9 10 13 14 16 17 18 19 20 23 24 25 26 27 28 29 30 31 32 33 34 37 38 39 40 41 42 44 45 48 49 50 51 53 55 56 58 60 62 63 64 65 66 68 69 70 71 72 73 74 75 76 78 80 81 82 84 86 87 88 91 92 94 98 99 103 105 107 108 109 110 112 113 115 116 118 119 121 122 123 124 125 127 128 129 130 131 133 134 135 141 143 144 145 146 147 149 150 151 152 153 155 156 157 159 162 163 164 165 166 168 169 171 172 173 178 179 180 181 182 183 185 186 188 189 190 192 193 194 195 197 198 281 742 
5: 0 1 2 3 6 7 8 9 10 11 13 14 15 16 18 19 22 23 24 28 29 30 31 32 33 34 35 36 37 38 41 42 43 44 45 46 47 48 49 51 53 54 55 57 59 61 62 63 64 65 66 67 68 69 70 71 72 73 76 78 80 81 82 83 85 86 88 90 91 93 94 96 97 98 101 103 109 110 111 112 113 115 116 119 120 122 123 124 125 126 127 129 130 131 133 134 135 136 137 138 139 141 145 146 147 148 149 150 152 153 154 155 156 157 158 159 160 161 162 165 168 169 172 173 174 175 176 178 179 180 181 182 183 184 185 187 188 189 191 192 193 196 197 198 288 314 386 705 725 735 741 748 
6: 1 3 5 7 8 9 11 12 13 14 16 17 19 20 22 23 24 25 26 28 29 31 32 34 35 36 37 39 43 44 45 46 47 48 50 51 52 53 54 55 56 57 58 60 61 62 63 64 65 68 70 71 72 73 75 76 77 78 79 81 82 83 84 85 88 89 90 91 92 93 94 96 97 98 99 100 102 103 104 107 110 112 114 115 116 117 119 120 122 125 127 129 130 131 133 135 136 138 139 141 142 144 145 146 147 148 151 153 154 155 157 161 163 164 166 167 168 169 170 172 174 175 177 178 179 181 184 185 187 188 190 191 192 197 199 204 317 344 366 
7: 1 2 3 4 5 6 9 11 12 15 16 19 20 21 22 24 26 27 29 30 31 32 33 34 35 36 37 38 40 41 43 45 46 47 49 50 51 52 53 54 55 56 58 60 62 63 68 69 70 71 72 73 74 75 79 80 82 83 85 87 89 90 91 92 93 94 95 96 97 98 99 101 102 103 104 105 106 107 108 109 111 112 113 114 115 116 117 119 121 122 123 124 126 127 128 129 131 132 133 136 137 138 139 140 141 142 143 144 145 146 149 151 153 154 155 157 158 160 161 162 163 165 166 167 168 172 173 175 176 179 180 182 184 187 188 189 190 191 192 194 195 196 197 198 199 310 
8: 0 1 2 3 4 5 6 11 12 13 14 15 17 18 20 21 23 25 26 27 28 29 30 31 33 34 35 40 41 45 46 47 48 49 50 51 52 54 55 57 58 60 62 64 65 66 68 69 70 71 72 73 74 75 76 77 78 79 80 81 82 83 84 85 86 87 88 89 90 92 93 95 96 97 99 103 104 106 108 111 112 114 115 117 118 119 121 122 123 127 128 130 131 132 133 135 136 138 140 141 142 143 144 145 146 151 152 156 157 158 159 160 162 163 166 167 168 170 171 172 173 174 175 176 177 178 179 182 183 187 188 189 190 191 192 193 194 195 196 197 385 
9: 0 1 2 3 4 5 6 7 11 12 13 15 16 18 19 20 21 24 25 26 27 28 29 31 32 33 34 35 37 38 39 40 44 46 48 49 51 52 54 55 57 60 62 64 65 67 68 70 71 73 74 75 76 77 79 81 82 83 84 85 87 88 89 91 92 93 94 95 97 98 99 103 104 105 108 109 110 112 114 115 118 119 120 121 122 123 124 125 127 128 129 130 131 133 134 135 137 140 141 142 143 145 146 147 148 149 150 151 153 154 155 156 157 158 159 162 163 165 166 167 169 170 171 172 173 175 177 178 179 180 181 182 184 185 186 187 188 190 195 197 198 199 201 272 336 704 
10: 0 2 3 4 5 11 12 13 14 15 18 19 20 21 22 26 32 33 34 35 38 39 40 41 42 44 45 46 47 48 49 50 53 54 55 56 57 58 59 60 61 62 63 64 65 66 67 68 69 70 72 73 74 75 76 78 81 82 85 86 88 95 97 98 99 100 102 104 105 106 107 108 110 111 112 113 114 116 117 118 120 121 123 125 126 129 132 133 134 135 136 137 138 139 140 141 142 144 145 146 147 150 151 152 153 154 156 158 159 160 162 163 165 166 167 168 170 171 172 173 174 175 177 180 181 183 184 186 188 189 192 194 195 196 197 198 199 206 210 276 301 317 330 356 731 
11: 0 1 2 3 5 6 7 8 9 10 12 13 16 17 19 21 26 27 29 30 32 33 34 35 38 41 42 45 46 47 50 51 52 53 54 55 56 62 64 65 66 67 68 71 72 73 74 75 76 78 79 80 81 82 85 87 88 89 90 93 94 95 96 97 98 100 101 102 103 104 106 110 111 112 114 115 117 118 121 124 125 127 128 129 131 132 133 135 136 137 139 140 142 143 144 145 147 149 150 151 152 153 155 156 157 158 160 161 163 164 165 167 172 173 174 175 176 177 179 180 181 182 184 185 186 187 189 190 194 195 196 198 
12: 1 2 3 6 7 8 9 10 11 14 16 17 18 19 20 21 22 23 24 25 27 28 29 30 33 34 35 36 37 38 39 40 41 42 43 45 47 48 50 52 54 56 59 60 61 62 63 64 65 66 67 68 69 70 73 75 76 78 79 80 81 82 84 87 89 91 93 94 95 96 98 99 101 102 103 104 105 106 107 108 109 110 111 112 114 115 118 119 121 122 123 124 125 127 128 129 130 132 134 136 137 138 140 145 148 150 152 153 154 156 157 159 160 162 163 164 165 166 167 168 169 171 172 173 174 176 177 178 179 181 184 187 189 190 191 192 195 196 197 198 199 713 
13: 0 1 2 3 4 5 6 8 9 10 11 15 16 17 20 21 22 23 24 26 27 28 30 32 33 34 38 40 41 42 43 44 45 46 47 48 49 52 53 54 55 56 57 58 59 60 61 62 63 64 65 66 72 77 78 80 82 83 85 87 88 89 90 91 92 93 95 100 101 103 105 106 107 108 109 110 111 112 113 114 116 117 118 120 121 122 123 124 125 126 128 129 131 132 133 134 135 136 138 139 140 141 142 143 144 146 147 148 149 151 152 153 154 156 157 162 164 165 167 169 170 171 174 175 177 179 180 181 184 185 186 187 189 190 193 194 196 198 199 200 374 
14: 0 2 4 5 6 8 10 12 15 16 17 18 19 20 21 23 24 25 27 30 31 32 33 34 35 36 37 39 42 45 46 47 48 51 52 53 54 55 56 57 58 60 61 64 65 66 67 68 70 72 73 74 75 77 78 79 80 81 82 83 86 87 88 89 90 92 93 94 96 97 98 100 101 102 103 108 109 110 111 112 113 114 115 116 118 119 120 122 123 124 126 127 128 129 130 133 136 137 138 139 140 142 143 144 146 147 148 151 152 153 155 156 157 158 160 161 162 167 169 170 171 172 173 175 176 177 178 179 180 181 183 184 185 186 188 189 190 191 192 193 195 198 199 
15: 0 1 5 7 8 9 10 13 14 16 17 18 19 20 22 24 26 27 29 30 31 32 33 34 35 36 37 38 40 41 42 44 45 48 51 55 56 57 58 59 60 62 63 66 71 72 74 75 76 77 79 84 86 90 91 92 93 94 95 99 100 103 105 107 108 109 110 111 112 113 114 115 118 119 120 121 124 125 126 127 128 129 131 132 133 134 135 136 137 138 139 141 144 145 146 148 150 151 157 158 163 164 165 166 167 169 170 172 173 174 175 176 178 181 182 183 184 185 186 187 188 189 191 192 193 194 195 196 197 198 199 346 721 
16: 0 1 3 4 5 6 7 9 11 12 13 14 15 17 18 20 21 22 23 24 25 26 27 29 30 31 32 33 34 35 37 38 41 43 44 45 47 48 50 51 53 54 55 56 57 58 59 60 61 63 65 67 69 70 73 74 76 79 81 82 83 84 85 86 88 89 90 91 92 93 94 95 96 97 98 102 103 104 105 107 108 111 112 116 118 119 121 122 123 125 127 130 132 133 135 136 137 139 142 143 144 145 147 148 149 150 152 154 156 157 160 162 163 164 165 166 167 168 169 170 172 173 174 176 177 178 180 181 182 183 184 185 187 188 189 190 193 195 197 198 199 235 307 
17: 0 1 4 6 8 11 12 13 14 15 16 18 19 20 21 22 24 25 26 27 29 30 35 38 39 40 41 42 43 45 46 47 48 49 53 56 57 58 61 62 63 64 65 66 67 68 70 71 72 73 74 78 80 81 82 84 85 86 92 93 95 96 97 98 99 100 101 102 103 104 105 108 110 111 112 115 117 119 120 123 124 125 126 129 130 131 133 134 135 136 137 138 139 140 141 142 143 144 145 146 148 149 150 151 153 154 156 158 159 161 162 163 164 165 166 167 168 169 170 171 173 174 178 181 183 185 187 188 190 192 193 195 196 197 199 226 257 739 
18: 0 1 3 4 5 8 9 10 12 14 15 16 17 20 21 24 25 26 28 29 30 32 33 34 38 39 42 43 44 45 47 48 49 51 54 56 57 58 59 61 62 64 65 66 67 68 70 71 72 74 75 76 77 78 79 80 81 82 83 84 85 86 87 88 91 93 94 96 97 100 101 103 104 105 106 107 108 109 110 111 112 114 117 120 122 123 124 126 127 128 129 130 131 132 133 134 137 138 140 141 144 145 146 150 153 155 156 157 158 159 160 162 166 168 171 172 173 174 176 177 178 180 183 184 185 187 188 189 191 193 194 195 196 197 198 395 
19: 0 2 3 4 5 6 7 9 10 11 12 14 15 17 20 21 22 25 26 28 29 30 33 34 35 36 37 38 39 41 42 43 46 47 48 49 50 53 54 55 57 58 59 60 63 66 67 68 69 70 71 72 73 74 75 76 77 79 80 82 83 84 85 86 87 89 90 91 94 95 96 99 100 101 104 105 107 108 109 110 111 112 113 114 116 117 118 119 120 121 122 123 124 125 126 127 130 132 133 134 135 136 138 139 141 142 143 144 146 147 148 149 150 154 155 156 157 158 160 161 162 163 164 166 167 168 169 170 171 173 174 175 176 178 179 180 182 183 185 186 187 188 193 194 195 196 197 198 348 354 
20: 2 4 6 7 8 9 10 12 13 14 15 16 17 18 19 22 23 24 25 26 29 30 31 33 34 35 36 37 39 40 41 43 45 46 47 49 51 52 54 55 57 58 60 61 62 63 65 66 67 70 71 74 75 76 77 78 79 80 81 82 83 85 86 87 88 90 91 92 93 95 96 97 98 100 101 102 103 104 105 107 108 109 111 112 113 114 115 116 119 121 122 123 127 128 130 131 132 133 135 136 137 138 139 141 143 144 145 146 147 149 150 151 152 155 158 161 163 164 165 168 169 170 171 172 174 176 177 178 179 181 183 186 188 189 191 194 195 196 199 265 308 329 
21: 0 1 7 8 9 10 11 12 13 14 16 17 18 19 22 23 26 28 29 31 32 33 34 35 38 39 40 41 42 43 44 46 47 49 50 51 52 53 55 56 57 58 59 62 65 67 69 71 72 73 76 77 78 79 80 83 84 85 87 92 94 96 97 98 99 100 101 103 105 106 107 108 110 112 113 117 118 119 121 122 123 125 127 128 130 132 133 134 135 136 137 140 141 142 143 145 147 149 150 151 152 153 155 156 157 158 160 162 164 165 167 168 172 174 175 176 177 178 180 181 182 185 188 190 191 193 196 197 198 199 
22: 0 1 2 3 5 6 7 10 12 13 15 16 17 19 20 21 23 24 25 26 28 32 33 35 36 39 40 41 42 44 45 46 47 50 51 52 55 56 58 59 60 61 62 64 65 66 67 68 70 71 72 74 75 77 78 79 80 81 82 83 85 86 88 89 90 92 94 95 96 97 98 99 100 104 106 110 114 115 116 117 119 122 123 124 125 126 128 129 130 131 132 133 136 137 138 141 142 143 144 145 146 147 148 149 151 152 153 154 156 157 159 160 162 164 165 167 170 173 174 175 177 178 180 183 185 186 187 190 191 192 194 196 197 198 199 211 243 347 394 
23: 0 1 2 4 5 6 8 12 13 14 16 20 21 22 25 27 28 29 32 33 34 37 38 39 40 41 43 44 45 46 47 48 49 51 53 54 55 56 57 58 59 60 61 63 65 66 67 68 70 71 73 74 75 76 77 78 79 85 86 87 88 89 90 91 92 94 95 96 97 98 99 101 102 104 105 106 108 109 111 113 114 115 116 117 119 121 125 126 128 129 130 131 132 133 134 135 136 138 139 140 141 142 144 145 149 150 151 152 154 155 156 159 164 166 169 171 172 174 175 176 177 178 179 181 182 183 184 186 187 188 190 193 195 196 197 198 199 339 738 
24: 0 1 4 5 6 7 9 12 13 14 15 16 17 18 20 22 25 26 27 28 31 32 33 35 36 37 38 39 41 42 43 45 46 47 48 49 50 51 52 54 55 57 58 59 61 63 64 65 66 68 69 70 71 72 74 76 77 78 79 80 81 82 83 86 88 90 91 92 94 96 97 98 99 100 102 103 104 105 106 109 110 112 113 114 116 118 120 122 123 125 126 127 128 129 131 132 133 135 136 137 138 139 140 142 143 144 146 147 148 149 150 151 153 154 155 156 157 158 159 160 161 162 163 164 166 167 168 169 170 171 175 176 177 180 182 185 186 187 188 189 191 193 195 196 198 199 302 711 
25: 3 4 6 8 9 12 14 16 17 18 19 20 22 23 24 26 27 28 29 31 32 33 34 36 37 38 39 41 43 44 45 49 51 53 56 57 61 62 63 64 65 68 69 70 71 73 74 75 77 78 79 80 82 83 85 87 89 90 91 92 93 94 95 96 97 98 100 103 104 105 106 107 109 111 115 116 117 119 120 122 123 124 125 126 127 128 129 130 131 132 133 135 137 138 139 140 142 143 144 146 148 149 150 152 153 155 156 158 159 160 161 162 163 165 167 169 170 171 172 173 174 176 178 180 181 182 183 184 185 186 187 189 190 191 192 193 194 195 196 232 268 269 288 318 321 
26: 0 1 3 4 6 7 8 9 10 11 13 15 16 17 18 19 20 21 22 24 25 30 31 32 33 34 35 36 39 42 46 47 48 49 51 53 54 55 56 59 60 62 64 65 67 69 70 71 72 73 74 75 78 80 81 82 83 84 85 87 89 91 93 94 96 97 100 101 102 103 104 108 110 112 113 115 116 117 118 121 122 123 124 126 127 128 130 131 134 136 138 139 141 142 143 144 145 147 148 149 150 151 153 154 155 156 158 160 161 163 164 165 166 168 172 173 174 177 179 182 183 185 186 190 191 192 193 194 195 196 197 198 199 359 
27: 0 1 3 4 7 8 9 11 12 13 14 15 16 17 23 24 25 29 31 32 33 34 36 37 38 39 40 41 42 43 45 48 49 50 51 52 53 54 55 56 57 58 59 60 61 62 63 64 65 66 67 68 72 73 74 75 76 78 80 81 82 84 85 86 87 88 89 90 92 93 94 96 97 98 99 101 102 104 105 106 107 108 110 111 112 113 114 116 117 118 119 121 122 125 126 127 129 131 132 133 135 138 139 140 141 143 144 145 146 147 148 150 151 156 157 158 159 160 163 164 167 170 172 173 174 175 177 178 179 180 182 183 184 185 186 187 189 193 194 195 196 197 198 201 239 259 349 353 714 721 
28: 0 2 3 4 5 6 8 9 12 13 18 19 21 22 23 24 25 30 31 32 35 36 37 39 40 41 42 44 45 46 47 49 53 55 56 57 58 59 60 61 63 64 66 68 70 73 74 75 76 77 78 79 80 81 82 83 84 86 88 89 91 93 94 95 96 98 99 100 102 103 104 105 106 107 109 110 111 114 118 119 120 121 123 124 125 127 129 130 132 133 134 135 137 139 140 141 142 143 145 146 147 148 149 150 153 155 156 157 160 161 165 166 167 169 172 173 174 175 178 179 182 183 184 186 187 188 194 195 196 197 198 199 
29: 1 4 5 6 7 8 9 11 12 15 16 17 18 19 20 21 23 25 27 30 31 32 33 34 35 36 37 38 39 41 42 44 45 46 47 49 50 51 52 53 54 55 56 58 59 60 61 64 65 67 69 78 79 80 83 84 87 88 90 91 92 93 95 96 98 99 100 101 104 105 107 111 113 116 117 120 122 123 124 125 126 127 128 129 130 131 133 134 135 137 140 143 145 147 148 150 151 152 155 156 157 159 161 163 165 166 167 169 172 174 175 176 177 179 180 181 182 185 186 188 189 190 191 192 193 194 195 199 216 317 
30: 0 2 4 5 7 8 11 12 13 14 15 16 17 18 19 20 26 28 29 31 33 34 35 37 39 40 42 44 45 46 47 48 49 50 51 52 55 56 58 59 60 62 63 64 65 67 68 69 70 71 73 74 76 78 80 81 82 83 84 86 87 90 91 92 93 94 96 97 102 103 104 105 106 107 108 110 111 112 113 114 115 119 120 123 124 125 126 127 128 129 130 133 134 135 136 138 139 140 141 142 145 146 147 151 152 153 154 155 156 157 158 159 160 161 162 163 164 166 167 168 169 171 173 174 176 177 178 179 180 182 183 185 186 188 189 191 195 196 198 358 362 
31: 0 1 2 3 4 5 6 7 8 9 14 15 16 20 21 24 25 26 27 28 29 30 33 34 35 37 38 39 40 42 44 45 47 49 53 54 56 59 60 63 65 66 69 71 72 73 75 79 80 81 85 87 88 91 94 95 96 98 100 101 102 103 105 106 107 108 112 113 114 116 117 118 119 120 122 123 125 126 127 128 129 131 132 133 134 135 137 139 143 144 146 148 150 151 152 153 154 155 157 159 160 161 162 164 165 168 169 170 172 174 175 176 177 179 180 181 182 183 184 185 186 187 188 190 191 193 195 196 199 332 
32: 0 1 2 3 4 5 6 7 9 10 11 13 14 15 16 18 21 22 23 24 25 26 27 28 29 33 34 36 37 38 39 40 41 42 43 44 45 46 47 48 50 52 54 55 56 57 58 59 60 61 62 63 64 65 67 68 69 70 71 73 74 78 79 80 81 83 85 88 89 90 91 92 93 94 96 101 102 103 104 105 106 107 108 110 111 114 116 117 121 122 124 125 126 130 134 135 136 137 138 139 141 142 143 144 146 147 148 149 151 152 153 154 155 157 158 159 160 161 163 164 166 167 169 170 171 172 173 174 176 177 181 183 185 186 187 188 189 191 192 193 194 196 198 199 297 745 
33: 0 2 3 4 5 7 8 9 10 11 12 13 14 15 16 18 19 20 21 22 23 24 25 26 27 29 30 31 32 34 37 40 41 42 43 44 47 48 49 51 54 55 56 57 58 59 60 61 62 64 65 66 67 68 69 71 72 73 74 75 76 77 79 80 84 85 86 88 90 91 92 93 95 96 97 98 100 101 102 103 104 105 106 107 108 109 112 113 114 115 116 117 119 120 121 122 124 125 126 127 128 131 134 135 136 137 138 139 141 142 146 147 148 149 150 151 152 154 155 156 157 158 159 160 161 162 163 164 165 166 167 168 169 170 171 172 173 174 175 177 179 180 181 182 183 185 187 189 190 191 192 193 194 196 197 199 343 
34: 1 2 3 4 5 6 7 8 9 10 11 12 13 14 15 16 18 19 20 21 23 25 26 27 29 30 31 32 33 35 37 38 39 41 43 44 45 46 47 49 50 52 53 55 56 57 59 60 61 62 63 64 65 66 68 69 70 72 73 74 76 78 80 81 82 83 84 85 86 87 88 90 92 94 95 96 97 98 99 101 102 103 105 106 107 108 110 113 114 115 117 119 121 122 123 124 125 126 129 130 131 132 133 135 136 137 138 139 141 142 143 144 145 146 147 148 150 151 152 153 154 155 156 158 160 161 162 163 164 165 167 169 170 172 174 175 179 180 182 183 184 185 186 187 188 189 190 191 192 194 195 198 199 
35: 0 3 5 6 7 8 9 10 11 12 14 15 16 17 19 20 21 22 24 26 28 29 30 31 34 36 37 38 40 41 42 43 44 45 46 47 49 50 51 52 53 54 55 56 58 59 60 63 65 66 67 68 69 70 71 72 73 74 75 76 78 79 80 81 83 86 88 89 92 93 95 96 97 98 99 102 103 104 105 106 108 109 110 113 114 115 117 118 119 121 122 123 124 126 127 128 129 131 132 133 135 136 138 139 141 142 143 144 145 146 147 148 149 150 151 153 154 156 157 158 159 160 161 162 163 164 168 169 170 171 172 173 174 176 178 179 181 182 183 184 185 187 189 190 191 192 193 194 195 197 199 334 
36: 0 1 5 6 7 12 14 15 19 20 22 24 25 26 27 28 29 32 35 38 42 43 44 46 47 48 49 52 53 54 55 57 60 62 64 66 67 69 70 72 73 74 76 77 79 80 82 83 85 88 89 90 91 93 94 96 97 98 99 100 102 103 105 106 107 108 109 110 111 112 113 115 116 119 120 121 122 123 124 128 129 132 133 135 136 137 138 139 140 143 144 145 146 149 150 151 152 156 157 158 159 162 164 165 166 167 168 169 170 171 172 174 175 176 177 179 180 181 182 183 184 185 186 188 189 191 193 195 196 197 199 204 285 338 354 
37: 0 1 2 3 4 5 6 7 9 12 14 15 16 19 20 23 24 25 27 28 29 30 31 32 33 34 35 38 39 40 42 44 48 51 53 54 55 58 59 60 61 62 63 64 65 66 67 68 69 70 71 72 73 74 75 76 78 79 80 82 84 85 86 88 89 91 93 94 95 98 99 100 101 103 107 108 110 111 112 115 116 117 118 119 120 121 123 124 125 127 131 132 133 138 139 140 143 144 145 146 147 148 149 150 151 152 153 154 155 156 157 158 160 163 164 165 167 168 170 171 173 174 177 178 179 180 181 182 183 184 185 186 189 190 191 193 194 195 197 198 199 366 
38: 0 1 4 5 7 9 10 11 12 13 15 16 17 18 19 21 23 24 25 27 29 31 32 34 35 36 37 41 42 43 45 47 48 50 51 52 53 54 55 56 58 59 60 61 62 63 64 66 67 68 69 70 71 72 73 76 77 78 80 81 82 84 85 86 87 88 89 90 91 92 93 94 95 96 97 98 99 102 103 105 107 108 110 111 112 113 117 119 120 122 123 124 125 127 129 131 132 135 136 137 138 139 141 142 143 144 145 146 147 148 149 150 151 153 154 157 158 159 160 161 162 165 167 169 170 171 172 175 177 178 179 180 181 182 183 184 186 189 190 191 194 195 198 199 274 349 
39: 0 3 4 6 9 10 12 14 17 18 19 20 21 22 23 24 25 26 27 28 29 30 31 32 34 37 43 44 45 47 50 52 53 54 55 56 58 61 63 64 65 66 67 69 70 71 73 74 77 78 79 80 81 82 83 84 86 88 89 91 93 94 95 97 99 100 101 102 103 104 105 106 107 108 109 110 111 114 115 117 118 119 120 121 123 124 125 126 127 128 129 130 132 133 134 135 137 138 139 141 144 145 146 147 148 151 152 153 155 156 158 159 161 162 163 164 165 167 168 170 172 173 174 175 176 177 179 182 183 184 185 186 187 188 189 190 191 192 195 197 199 218 256 
40: 4 7 8 9 10 12 13 15 17 20 21 22 23 27 28 30 31 32 33 35 37 41 43 45 46 47 48 50 53 54 55 56 57 58 60 61 63 64 65 66 68 71 72 73 74 75 76 77 78 79 80 81 82 84 88 89 90 91 92 94 95 97 100 101 103 105 106 107 109 111 112 113 115 116 118 119 120 121 123 124 125 126 128 129 130 132 133 135 137 138 140 141 143 144 146 147 148 149 150 151 153 154 155 156 158 160 162 163 164 165 167 171 172 174 175 176 177 179 180 183 184 185 186 190 192 193 194 195 197 249 
41: 1 2 3 4 5 7 8 10 11 12 13 15 16 17 19 20 21 22 23 24 25 27 28 29 32 33 34 35 38 40 42 44 45 46 47 48 50 51 53 55 56 57 58 59 60 61 62 63 64 66 69 70 71 73 74 76 77 78 79 80 81 82 84 85 87 88 90 91 92 94 95 96 97 98 99 101 103 106 107 108 111 113 117 118 119 120 121 122 124 126 127 128 129 130 131 132 133 136 137 138 140 141 142 143 145 146 147 148 149 151 154 155 157 158 159 161 162 163 164 165 166 167 168 169 170 171 172 174 175 176 177 178 179 180 181 183 185 187 192 193 194 196 198 199 304 310 711 
42: 0 1 3 4 5 10 11 12 13 14 15 17 18 19 21 22 24 26 27 28 29 30 31 32 33 35 36 37 38 41 43 44 45 47 48 49 50 52 53 54 55 56 58 59 60 61 62 64 65 66 67 69 71 72 73 74 75 77 78 81 83 85 86 87 88 89 90 91 92 93 95 96 102 103 104 106 109 110 111 112 113 115 117 118 123 124 125 126 128 129 134 135 136 137 139 140 141 143 144 146 147 148 149 150 151 152 153 155 156 157 158 159 161 163 164 165 168 172 173 175 176 177 179 180 182 184 185 187 189 191 192 194 196 197 198 225 235 239 275 301 
43: 0 1 2 5 6 7 12 13 16 17 18 19 20 21 23 24 25 27 32 33 34 35 36 38 39 40 42 45 46 47 48 50 51 53 54 55 56 57 58 59 60 61 62 63 65 66 67 71 72 74 75 76 79 80 81 82 83 84 86 87 88 90 91 92 94 95 96 98 100 102 103 104 105 106 108 113 115 116 117 118 119 120 121 122 123 124 125 126 129 131 132 133 134 135 137 138 139 140 141 142 144 145 146 148 149 150 151 152 156 157 158 159 161 163 165 166 167 168 169 170 174 176 177 179 180 181 182 183 184 185 186 187 189 191 193 194 197 198 199 224 253 747 
44: 0 1 2 4 5 6 9 10 13 15 16 18 21 22 23 25 28 29 30 31 32 33 34 35 36 37 39 41 42 45 47 48 49 51 52 53 55 56 57 59 61 62 63 64 66 68 69 70 71 72 73 74 75 76 77 78 81 82 83 84 86 88 90 91 92 93 94 95 96 97 99 101 102 103 104 107 108 109 112 114 115 116 117 118 121 123 124 126 127 128 130 133 134 137 139 144 145 146 147 148 149 150 152 153 154 156 160 161 163 164 165 166 168 169 170 172 174 175 177 178 179 180 182 183 185 188 190 191 193 197 198 199 308 379 700 737 
45: 1 2 3 4 5 6 7 8 10 11 12 13 14 15 16 17 18 20 22 23 24 25 27 28 29 30 31 32 34 35 38 39 40 41 42 43 44 47 48 49 51 52 53 54 55 56 57 58 59 61 62 63 64 65 66 67 68 71 73 74 76 78 79 80 81 82 83 84 85 86 87 88 89 90 91 93 94 95 96 97 98 99 100 101 102 103 106 107 108 109 110 111 113 117 120 121 122 123 124 125 126 127 128 131 133 134 135 136 137 139 140 141 142 143 144 145 146 147 148 149 151 153 154 156 157 158 159 161 163 165 166 167 168 169 170 171 172 175 177 179 180 181 183 184 185 186 189 190 191 192 193 195 197 198 199 389 
46: 0 1 5 6 7 8 9 10 11 13 14 17 19 20 21 22 23 24 26 28 29 30 32 34 35 36 40 41 43 48 49 51 54 55 56 57 58 60 61 62 63 64 65 66 67 68 69 70 72 73 74 75 76 77 78 80 81 82 83 84 86 87 88 90 92 95 96 97 98 99 100 101 102 104 105 106 108 110 115 116 117 119 120 124 126 127 128 134 135 136 138 139 140 141 142 143 145 146 147 148 152 153 154 155 156 157 159 160 163 165 167 168 172 173 175 177 180 181 182 183 184 185 186 188 189 190 192 193 194 195 197 198 199 248 287 743 749 
47: 0 1 5 6 7 8 10 11 12 13 14 16 17 18 19 20 21 22 23 24 26 28 29 30 31 32 33 34 35 36 38 39 40 41 42 43 44 45 50 51 52 53 54 56 57 58 59 60 61 63 64 65 66 67 70 71 72 73 74 75 78 79 80 82 83 84 85 88 89 90 91 92 93 94 95 97 98 99 100 101 103 105 106 108 109 110 112 115 116 117 118 119 120 121 122 123 124 125 126 127 128 129 130 131 132 133 134 135 137 138 142 143 148 150 151 152 153 157 158 159 160 161 162 163 164 165 168 169 170 171 172 173 174 175 176 179 180 181 182 183 184 186 187 188 190 191 192 193 194 195 196 197 199 206 
48: 0 1 2 4 5 6 8 9 10 12 13 14 15 16 17 18 19 23 24 26 27 30 32 33 36 37 38 40 41 42 43 44 45 46 49 52 53 55 57 59 60 61 65 66 67 68 69 70 71 72 73 76 77 79 81 82 83 84 85 86 87 88 89 90 91 92 96 97 98 103 104 106 107 108 109 111 112 113 114 115 117 118 120 122 123 124 125 126 127 128 130 131 133 135 136 137 139 140 141 142 143 144 145 147 149 150 151 155 156 158 159 162 163 165 166 167 168 169 170 171 172 174 175 176 178 179 180 181 182 183 184 185 187 188 189 192 193 194 195 197 199 202 240 269 341 
49: 1 2 3 4 5 7 8 9 10 13 17 18 19 20 21 23 24 25 26 27 28 29 30 31 33 34 35 36 42 44 45 46 48 51 52 53 55 57 58 59 61 64 66 68 69 70 71 72 73 74 75 77 78 79 81 84 87 90 93 94 95 97 98 101 102 103 104 105 106 107 108 109 110 114 117 118 119 120 122 124 125 126 127 129 130 131 132 133 135 136 139 140 141 142 144 146 147 149 151 154 156 157 158 159 160 162 163 166 168 169 170 171 172 173 176 177 178 179 180 182 185 186 187 188 189 190 191 193 195 196 197 198 215 
50: 1 3 4 6 7 8 10 11 12 16 19 21 22 24 27 29 30 32 34 35 38 39 40 41 42 43 47 53 54 55 56 57 58 60 61 62 63 65 66 67 68 70 72 73 74 75 78 79 81 84 85 88 93 95 96 97 98 99 102 104 106 108 109 110 111 113 115 116 118 119 120 121 123 124 125 126 127 128 129 131 132 134 135 136 139 140 141 142 143 146 148 151 152 153 154 156 157 158 159 160 162 163 165 166 167 168 169 170 172 173 175 176 177 178 179 180 182 183 184 186 187 188 189 191 192 193 194 195 196 197 198 199 255 702 
51: 0 1 2 4 5 6 7 8 9 11 14 15 16 18 20 21 22 23 24 25 26 27 29 30 33 35 37 38 41 43 44 45 46 47 49 52 53 54 55 58 59 61 62 63 64 65 66 67 68 69 70 71 72 73 75 76 77 78 79 80 83 84 87 88 89 90 92 95 97 98 99 100 102 103 106 107 108 109 110 111 112 113 114 115 116 117 120 121 122 123 124 125 126 127 129 131 132 133 134 136 137 139 141 142 143 144 145 146 147 151 155 156 158 159 160 163 164 166 167 168 170 171 173 174 176 177 178 180 181 182 183 184 186 187 189 190 191 192 193 194 196 197 198 199 200 231 306 
52: 1 2 3 6 7 8 9 11 12 13 14 20 21 22 24 27 29 30 32 34 35 36 38 39 42 44 45 47 48 49 51 53 54 55 56 57 59 60 61 62 63 64 66 67 68 71 73 74 81 82 84 85 87 88 89 90 91 94 95 96 97 98 101 102 103 104 105 106 107 109 110 111 112 113 114 115 116 117 119 120 121 122 123 126 127 128 129 131 133 134 136 138 140 141 142 143 145 146 147 148 149 152 154 155 156 157 160 161 162 163 165 166 167 169 172 173 177 178 179 180 181 182 185 188 191 192 193 194 195 197 198 199 200 708 
53: 0 1 2 4 5 6 7 10 11 13 14 16 17 19 21 23 25 26 27 28 29 31 34 35 36 37 38 39 40 41 42 43 44 45 47 48 49 50 51 52 56 57 58 60 61 62 65 66 68 70 72 73 74 75 76 79 80 81 82 83 84 85 86 87 88 89 90 92 94 95 96 97 98 99 100 102 103 105 106 107 108 109 113 114 117 118 119 121 122 123 125 126 127 128 129 130 132 134 135 136 137 139 140 142 143 144 146 147 148 150 151 152 154 155 156 157 158 159 160 161 163 164 165 166 167 168 169 172 173 174 176 177 178 180 182 183 184 185 186 187 188 189 193 194 195 197 198 199 206 214 320 706 
54: 0 1 3 5 6 7 8 9 10 11 12 13 14 16 18 19 20 23 24 26 27 29 31 32 33 35 36 37 38 39 40 42 43 45 46 47 50 51 52 55 57 58 61 62 65 68 69 72 73 74 77 78 80 82 83 85 86 87 88 89 90 91 92 93 94 97 98 99 100 102 104 107 108 110 111 112 113 114 115 116 117 119 120 121 122 123 124 125 126 127 128 129 130 131 132 133 134 135 137 138 140 141 142 143 144 145 146 149 150 151 152 155 156 157 158 159 160 161 162 164 167 168 169 171 175 176 177 179 181 182 183 184 185 186 187 188 189 190 191 193 194 195 196 198 199 338 378 700 
55: 0 2 3 4 5 6 7 8 9 10 11 13 14 15 16 19 20 21 22 23 24 26 27 28 29 30 32 33 34 35 36 37 38 39 40 41 42 43 44 45 46 48 49 50 51 52 54 56 57 58 60 61 62 63 64 65 66 67 68 69 70 72 73 74 75 76 77 79 80 81 82 83 84 85 86 87 88 89 90 91 92 95 96 97 99 100 101 102 103 104 105 106 110 111 112 114 116 118 119 120 121 122 123 125 127 130 131 133 134 135 137 138 139 140 142 144 146 147 148 149 150 151 152 154 155 157 160 162 163 164 165 166 168 169 170 171 173 174 175 177 178 180 182 184 186 187 188 190 193 194 195 196 197 198 336 710 
56: 0 1 3 4 6 7 10 11 12 13 14 15 16 17 18 21 22 23 25 26 27 28 29 30 31 32 33 34 35 38 39 40 41 42 43 44 45 46 47 50 52 53 55 58 59 60 61 63 64 68 71 72 73 74 76 78 83 85 86 87 88 89 90 91 92 93 95 97 98 100 101 102 105 107 109 110 112 113 114 117 118 119 120 121 122 123 124 125 126 127 129 130 132 134 136 137 138 139 140 141 144 145 147 148 150 152 154 155 156 157 158 159 160 161 162 163 164 165 166 167 168 172 173 175 176 177 178 180 181 183 186 187 188 190 192 193 195 196 199 321 
57: 0 2 5 6 8 9 10 13 14 15 16 17 18 19 20 21 23 24 25 27 28 32 33 34 36 40 41 43 44 45 46 47 48 49 50 52 53 54 55 58 59 60 61 62 63 64 66 68 69 71 72 73 75 76 78 79 81 83 88 90 92 93 94 95 97 98 99 101 102 104 106 107 108 109 110 111 112 113 115 116 117 118 119 120 121 124 125 126 128 130 131 132 133 134 135 137 138 139 140 142 143 145 146 148 149 152 154 156 159 160 162 164 166 170 172 173 174 175 177 178 180 181 182 183 184 185 187 188 189 191 193 194 195 198 199 343 
58: 2 3 4 6 7 8 10 13 14 15 16 17 18 19 20 21 22 23 24 27 28 29 30 32 33 35 37 38 39 40 41 42 43 45 46 47 49 50 51 53 54 55 56 57 59 60 61 62 63 64 65 67 69 72 73 74 75 76 79 80 81 82 83 84 86 87 88 89 90 94 95 96 97 98 100 102 103 104 105 106 107 110 111 114 116 117 119 120 122 123 125 126 128 130 131 132 135 137 141 142 145 147 148 149 150 151 155 156 157 158 160 161 163 164 166 167 173 174 178 179 184 185 186 188 190 192 193 194 197 198 199 339 
59: 0 1 2 3 5 10 12 13 15 16 18 19 21 22 23 24 26 27 28 29 30 31 32 33 34 35 37 38 41 42 43 44 45 47 48 49 51 52 56 57 58 60 62 63 64 65 66 67 69 71 72 73 75 76 77 78 79 80 82 83 84 87 88 90 91 92 94 95 96 97 99 100 101 102 103 104 105 106 108 109 110 111 112 113 115 116 117 118 119 121 122 123 125 127 129 130 132 133 134 135 137 140 141 142 143 144 146 148 149 150 151 152 153 154 155 157 159 160 163 165 166 167 168 170 171 172 173 174 175 177 178 179 182 185 186 187 188 190 191 192 193 194 195 196 197 198 199 223 317 731 742 
60: 0 1 3 4 6 7 8 9 10 12 13 14 15 16 19 20 22 23 26 27 28 29 30 31 32 33 34 35 36 37 38 40 41 42 43 46 47 48 50 52 53 55 56 57 58 59 61 64 65 66 68 69 70 72 73 74 75 76 78 79 80 82 83 86 88 89 90 91 92 93 94 97 98 99 101 102 103 104 105 108 109 111 112 114 118 119 120 121 122 123 125 127 128 129 131 132 135 136 141 143 144 146 148 149 150 151 153 154 155 156 157 158 159 161 162 163 164 166 167 168 169 172 173 175 176 177 179 180 182 183 184 185 186 187 188 190 191 192 193 195 196 197 199 278 297 344 
61: 0 1 2 5 6 10 12 13 14 16 17 18 20 22 23 24 25 27 28 29 32 33 34 37 38 39 40 41 42 43 44 45 46 47 48 49 50 51 52 53 54 55 56 57 58 60 62 63 65 66 67 69 71 72 73 75 76 77 79 81 83 84 85 86 87 89 91 92 93 95 96 97 98 100 101 103 104 106 107 108 109 110 112 113 114 115 116 117 119 120 121 122 123 124 125 126 127 128 130 131 132 133 135 136 138 139 140 141 142 143 144 146 147 148 149 150 151 152 153 154 155 157 159 160 162 163 164 166 167 168 169 170 171 172 173 177 178 179 181 182 183 184 185 186 187 188 189 190 191 192 193 194 197 198 199 213 
62: 0 2 3 4 5 6 7 8 9 10 11 12 13 15 17 18 20 21 22 25 26 27 30 32 33 34 36 37 38 41 42 43 44 45 46 50 51 52 53 54 55 57 58 59 61 63 65 66 67 68 69 71 76 77 78 80 82 83 84 85 86 87 88 89 90 92 93 94 96 98 100 102 103 104 106 107 110 111 112 113 114 115 116 117 118 119 120 121 122 123 124 125 127 128 129 131 132 133 135 136 137 138 142 143 147 148 149 150 151 152 153 154 155 157 158 161 163 164 165 168 169 170 171 173 174 175 176 178 179 181 184 186 188 189 190 191 192 193 196 197 199 257 268 273 378 
63: 1 2 3 4 5 6 7 10 12 13 15 16 17 19 20 23 24 25 27 28 30 31 32 34 35 37 38 39 40 41 43 44 45 46 47 50 51 52 55 56 57 58 59 61 62 65 66 69 70 71 72 73 76 77 78 79 81 82 83 84 85 88 89 90 91 92 94 96 99 100 101 102 103 105 106 107 109 110 111 112 114 116 117 120 122 123 125 126 127 128 130 131 132 134 135 136 137 138 139 140 142 143 145 146 147 148 149 150 152 156 158 160 161 162 163 165 166 167 168 169 171 173 174 175 176 178 179 180 181 182 184 185 187 188 189 190 191 192 193 194 195 196 198 199 253 346 
64: 0 2 4 5 6 8 9 10 11 12 13 14 17 18 22 24 25 26 27 28 29 30 32 33 34 36 37 38 39 40 41 42 44 45 46 47 49 51 52 55 56 57 58 59 60 67 68 69 70 71 72 73 74 75 76 77 78 79 80 81 83 84 85 86 87 90 92 94 96 97 98 99 100 101 102 105 106 107 110 111 113 114 116 117 118 119 121 123 124 125 126 127 128 130 131 133 134 135 136 138 139 140 141 142 143 144 145 146 147 148 149 150 151 152 153 154 155 156 157 158 159 162 163 164 165 166 168 169 171 172 174 175 176 177 178 179 180 183 184 185 186 187 189 190 193 194 196 197 198 244 254 285 326 
65: 0 2 4 5 6 8 9 10 11 12 13 14 16 17 18 20 21 22 23 24 25 26 27 29 30 31 32 33 34 35 37 39 40 42 43 45 46 47 48 50 51 53 54 55 58 59 60 61 62 63 68 69 70 73 74 76 77 78 79 80 81 82 84 85 86 87 88 89 91 94 95 96 97 98 102 105 106 108 109 110 111 112 114 116 117 118 121 122 123 125 126 127 129 130 131 132 133 136 137 138 139 140 141 142 144 145 148 149 150 152 153 155 157 159 162 163 165 166 169 171 173 174 175 177 178 182 185 186 187 188 189 190 192 194 195 196 199 213 297 322 742 
66: 0 1 2 4 5 8 10 11 12 13 14 15 17 18 19 20 22 23 24 27 28 31 33 34 35 36 37 38 39 40 41 42 43 44 45 46 47 48 49 50 51 52 53 55 57 59 60 61 62 63 68 69 70 74 75 76 78 79 80 82 83 84 85 86 87 89 90 93 94 96 97 100 101 102 103 104 105 106 108 109 112 114 115 116 117 118 119 120 122 124 125 126 129 130 131 132 133 134 135 136 137 139 140 142 143 144 147 149 150 151 154 156 158 159 160 161 162 163 164 165 166 167 168 170 172 173 175 176 177 178 180 183 184 185 186 187 188 189 190 192 193 194 196 197 199 200 246 309 357 
67: 0 1 3 5 9 10 11 12 14 16 17 18 19 20 21 22 23 26 27 29 30 32 33 35 36 37 38 39 42 43 45 46 47 48 50 51 52 55 58 59 61 62 64 70 71 72 73 74 81 82 83 84 86 87 89 90 92 94 96 98 103 104 105 106 107 108 109 110 111 112 114 115 117 118 119 120 121 125 126 127 128 129 130 132 133 134 135 136 138 140 141 143 144 147 148 149 150 151 152 153 154 156 160 161 162 166 169 170 171 173 175 177 178 180 181 182 185 187 188 190 191 192 194 195 196 197 199 252 331 
68: 0 1 3 4 5 6 7 8 9 10 11 12 14 17 18 19 22 23 24 25 27 28 30 32 33 34 35 37 38 40 44 45 46 48 49 50 51 52 53 54 55 56 57 60 62 64 65 66 70 72 73 75 76 77 79 80 81 82 84 85 86 87 88 89 90 91 92 93 97 98 99 100 102 103 104 105 106 107 109 110 111 112 113 115 116 117 119 120 121 124 125 128 129 134 135 136 138 139 141 142 143 144 145 147 148 149 153 154 155 157 158 161 162 163 164 166 167 168 169 170 171 173 174 176 177 179 180 181 184 185 187 188 189 190 191 194 197 199 295 302 321 
69: 2 3 4 5 7 8 10 12 16 19 21 24 25 26 29 30 31 32 33 34 35 36 37 38 39 41 42 44 46 48 49 51 54 55 57 58 59 60 61 62 63 64 65 66 70 72 76 78 81 82 83 85 86 88 92 93 94 95 96 97 98 99 102 103 104 105 109 110 111 112 114 115 116 117 119 122 123 124 125 126 127 128 129 130 131 132 133 135 136 137 139 140 141 142 143 144 147 149 152 153 154 155 156 157 160 161 162 163 165 166 167 168 169 170 171 172 173 174 176 177 178 180 181 182 183 184 185 186 187 189 190 192 193 194 196 197 199 322 347 
70: 1 2 4 5 6 7 8 9 10 12 14 16 17 18 19 20 22 23 24 25 26 28 30 32 34 35 36 37 38 39 41 44 46 47 48 49 50 51 53 55 60 63 64 65 66 67 68 69 72 73 74 75 76 77 79 81 83 84 85 86 87 88 89 91 92 93 95 97 98 99 100 101 102 103 104 105 108 109 112 114 116 117 119 120 122 123 124 125 126 127 131 133 134 135 136 137 139 140 142 144 147 148 149 152 155 156 157 159 160 161 162 163 164 166 168 170 172 173 174 178 179 182 183 184 185 187 188 189 190 191 192 193 194 195 198 199 320 325 391 
71: 0 2 4 5 6 7 8 9 11 15 17 18 19 20 21 22 23 24 25 26 30 31 32 33 35 37 38 39 40 41 42 43 44 45 47 48 49 51 52 56 57 59 61 62 63 64 67 72 73 74 75 76 77 78 79 81 82 83 84 86 87 89 91 92 93 94 95 97 98 100 101 103 104 105 107 108 109 110 112 114 115 116 117 118 119 120 121 122 123 124 125 126 127 130 132 134 136 137 138 139 140 141 142 145 146 148 149 150 153 154 156 157 158 159 160 162 163 165 166 168 170 171 172 173 174 176 177 179 181 184 189 190 191 192 194 195 196 198 199 205 264 
72: 0 1 2 3 4 5 6 7 8 10 11 13 14 15 17 18 19 21 22 24 26 27 31 33 34 35 36 37 38 40 42 43 44 46 47 48 49 50 51 53 54 55 56 57 58 59 60 61 63 64 67 68 69 70 71 73 74 75 77 79 80 81 83 85 86 87 88 89 91 93 94 95 96 97 98 100 101 102 103 105 106 107 108 109 113 117 118 122 124 126 127 128 129 130 133 134 136 139 140 143 146 147 149 150 154 155 156 157 158 159 160 162 163 164 165 166 167 172 173 174 178 179 181 182 183 184 187 188 190 191 192 193 195 196 197 199 331 
73: 0 1 2 4 5 6 7 8 9 10 11 12 14 16 17 19 21 23 25 26 27 28 30 31 32 33 34 35 36 37 38 39 40 41 42 44 45 46 47 48 49 50 51 52 53 54 55 56 57 58 59 60 61 63 64 65 67 68 70 71 72 74 75 76 77 79 81 82 83 84 85 86 88 89 91 93 95 96 97 98 99 100 101 102 103 104 105 106 108 109 110 113 114 115 116 118 119 122 123 124 126 127 128 129 130 131 137 138 140 142 143 144 145 149 150 151 152 153 154 156 157 158 159 160 161 162 163 164 165 166 167 168 169 173 174 176 177 178 179 181 182 184 185 186 187 189 190 191 193 194 195 196 197 268 702 
74: 1 2 3 4 7 8 9 10 11 14 15 16 17 18 19 20 22 23 24 25 26 27 28 30 32 33 34 35 36 37 39 40 41 42 43 44 45 46 47 49 50 52 53 54 55 56 58 60 64 65 66 67 70 71 72 73 76 78 79 81 83 84 86 88 89 90 93 94 100 102 103 104 105 107 108 110 114 117 119 120 121 125 127 128 129 130 131 132 133 134 135 136 137 139 140 141 143 144 145 146 147 148 150 151 152 154 155 156 157 159 160 161 162 163 164 166 167 168 169 173 174 177 179 180 181 186 187 190 191 194 195 196 197 198 250 297 367 
75: 0 1 2 4 6 7 8 9 10 11 12 14 15 18 19 20 22 23 25 26 27 28 31 33 35 37 40 42 43 44 46 47 49 50 51 53 55 57 58 59 60 61 64 66 68 70 71 72 73 77 78 80 81 82 83 84 86 87 89 90 91 92 95 96 97 98 99 100 101 103 104 105 106 107 110 112 113 114 115 116 118 119 121 122 123 124 125 127 129 133 134 137 138 140 141 142 144 145 147 148 149 150 151 152 153 154 155 156 157 161 163 164 167 169 170 171 172 173 175 176 177 179 181 183 184 186 187 188 190 191 192 194 195 196 197 210 287 326 
76: 1 2 3 4 5 6 8 9 10 11 12 15 16 18 19 20 21 23 24 27 28 30 33 34 35 36 37 38 40 41 43 44 45 46 48 51 53 55 56 57 58 59 60 61 62 63 64 65 66 68 69 70 71 73 74 77 79 80 81 82 85 86 87 89 91 93 96 97 98 99 101 102 103 104 105 106 107 108 109 110 111 112 113 114 117 119 124 127 130 131 134 135 136 137 140 141 142 143 144 145 146 148 149 151 152 153 154 156 158 159 162 164 165 167 168 170 172 175 176 178 179 180 181 182 184 185 186 187 190 193 196 197 198 381 
77: 0 1 2 6 8 9 13 14 15 18 19 20 21 22 23 24 25 28 33 36 38 39 40 41 42 44 46 48 49 51 54 55 59 61 62 63 64 65 68 70 71 72 73 75 76 78 79 80 81 82 86 87 88 90 91 92 94 96 97 98 99 100 101 102 103 104 106 108 111 112 113 114 115 116 117 118 119 120 121 122 124 127 128 129 131 133 134 135 136 138 140 144 149 150 151 152 153 154 155 156 157 158 159 161 162 163 164 166 167 168 169 171 173 174 176 177 179 180 182 183 184 185 186 188 190 191 194 197 198 743 
78: 2 3 4 5 6 8 10 11 12 13 14 17 18 20 21 22 23 24 25 26 27 28 29 30 32 34 35 37 38 39 40 41 42 44 45 46 47 49 50 51 54 56 57 59 60 62 63 64 65 66 69 71 74 75 77 79 81 82 83 85 87 89 91 92 93 96 98 99 100 101 102 104 105 106 107 108 109 112 113 114 115 118 119 121 123 124 126 127 128 130 131 132 133 134 135 136 137 138 139 140 142 144 145 146 147 148 149 150 152 153 154 155 156 157 159 160 161 162 163 164 167 169 170 171 174 177 178 179 180 181 182 183 186 187 190 191 192 194 195 198 199 282 705 
79: 0 1 2 3 6 7 8 9 11 12 14 15 16 18 19 20 21 22 23 24 25 28 29 31 32 33 35 36 37 39 40 41 43 45 47 48 49 50 51 53 55 57 58 59 60 61 63 64 65 66 68 70 71 72 73 74 76 77 78 80 82 83 84 85 86 88 89 90 91 92 94 96 97 98 99 100 101 103 104 105 106 108 109 110 111 112 113 114 115 116 119 122 126 127 128 130 133 134 135 136 137 138 139 141 142 143 145 146 148 149 150 152 153 154 155 156 157 158 159 160 161 162 163 164 165 166 168 170 171 173 174 175 176 177 178 179 180 181 183 184 188 189 190 192 193 194 195 196 197 198 199 283 394 
80: 0 1 2 4 5 7 8 11 12 13 14 17 18 19 20 21 22 24 25 26 27 28 29 30 31 32 33 34 35 36 37 38 39 40 41 43 45 46 47 51 53 54 55 58 59 60 62 64 65 66 68 72 75 76 77 79 81 82 84 85 86 88 90 91 94 96 99 100 101 102 104 105 107 108 110 111 112 114 115 118 119 121 122 123 125 126 127 128 129 130 131 132 133 134 135 136 137 138 142 144 145 146 147 149 150 151 152 153 154 155 156 158 160 161 164 166 167 168 171 172 173 174 176 177 179 181 182 183 186 190 191 192 193 194 195 196 198 199 321 384 
81: 1 2 4 5 6 8 9 10 11 12 14 16 17 18 20 22 24 26 27 28 30 31 32 34 35 38 39 40 41 42 43 44 45 46 48 49 50 52 53 55 57 58 61 63 64 65 67 68 69 70 71 72 73 74 75 76 77 78 80 82 84 85 86 87 89 90 92 93 94 96 97 99 100 101 102 103 104 105 106 107 108 109 111 113 115 116 117 119 120 121 122 123 124 125 126 128 129 130 131 132 133 134 135 136 139 140 141 142 143 144 145 146 148 149 150 151 152 155 156 157 158 160 161 162 163 164 165 166 167 168 170 172 173 174 175 177 179 181 182 183 185 186 188 189 190 191 192 193 194 195 196 197 198 282 304 
82: 0 2 3 4 5 6 7 8 9 10 11 12 13 14 16 17 18 19 20 22 24 25 26 27 28 30 34 36 37 38 39 40 41 43 44 45 46 47 48 52 53 54 55 58 59 60 62 63 65 66 67 68 69 71 73 75 76 77 78 79 80 81 83 85 86 87 88 89 90 91 92 93 95 96 97 98 100 101 102 104 105 106 107 108 109 112 113 114 115 116 118 119 120 123 124 126 129 131 132 134 135 136 138 140 142 144 145 146 147 149 151 152 154 155 156 157 158 160 161 164 165 166 167 170 172 173 174 175 176 177 178 179 180 181 183 184 185 186 187 188 189 190 191 192 193 194 195 196 197 198 257 
83: 1 2 5 6 7 8 9 13 14 16 18 19 20 21 22 24 25 26 28 29 30 32 34 35 36 39 42 43 44 45 46 47 48 51 53 54 55 56 57 58 59 60 61 62 63 64 66 67 69 70 71 72 73 74 75 78 79 82 84 85 86 87 88 89 91 92 93 94 95 97 99 101 103 104 107 109 110 113 114 115 116 118 119 120 121 122 123 124 126 127 128 130 131 133 135 136 140 142 146 149 150 152 153 154 156 157 160 161 162 164 165 166 167 170 171 174 175 176 177 178 179 180 182 183 184 185 186 187 188 190 191 193 195 196 198 199 230 308 323 736 
84: 0 1 2 3 4 6 8 9 12 15 16 17 18 19 21 26 27 28 29 30 33 34 37 38 39 40 41 43 44 45 46 47 48 49 50 51 52 53 55 58 59 61 62 63 64 65 66 67 68 70 71 73 74 75 79 80 81 83 85 87 88 89 90 91 92 96 97 99 100 101 102 104 105 108 109 111 112 113 115 116 117 119 120 121 124 125 126 127 128 129 130 136 137 138 140 141 142 143 144 149 151 152 153 155 156 157 158 159 160 161 162 164 165 166 169 170 171 172 175 176 179 180 181 182 185 186 187 189 190 191 194 195 196 199 287 315 372 733 735 
85: 0 5 6 7 8 9 10 11 13 16 17 18 19 20 21 22 23 25 26 27 31 32 33 34 36 37 38 41 42 45 47 48 50 52 53 54 55 56 61 62 63 64 65 66 68 69 70 72 73 76 78 79 80 81 82 83 84 86 87 88 89 90 91 92 93 94 97 98 101 102 103 104 105 106 108 110 111 112 113 114 115 116 117 118 119 120 123 126 127 128 129 130 132 133 135 137 138 140 141 142 144 145 147 148 150 151 153 155 157 158 160 161 162 163 164 166 167 168 169 171 173 174 176 178 179 180 181 184 186 187 189 191 193 194 195 196 199 208 233 
86: 0 1 2 3 4 5 8 10 14 15 16 17 18 19 20 22 23 24 27 28 30 33 34 35 37 38 39 42 43 44 45 46 48 53 54 55 56 58 60 61 62 64 65 66 67 68 69 70 71 72 73 74 75 76 77 79 80 81 82 83 85 89 91 93 95 96 97 98 100 101 102 105 106 107 108 109 113 114 116 117 118 120 123 124 125 126 127 128 129 130 131 132 133 135 136 137 138 139 141 144 145 147 148 149 151 152 153 154 155 156 157 159 160 161 164 166 167 170 171 173 174 175 176 180 183 184 185 189 190 196 197 198 199 223 308 351 
87: 0 1 2 3 4 7 8 9 11 12 13 14 18 19 20 21 23 25 26 27 29 30 31 34 38 41 42 43 45 46 48 49 51 52 53 54 55 56 58 59 61 62 64 65 66 67 68 70 71 72 75 76 77 78 81 82 83 84 85 88 89 90 92 94 96 98 99 100 102 103 104 105 107 108 110 111 112 114 115 117 118 119 120 121 122 124 126 127 128 130 132 133 134 135 136 138 140 141 145 146 147 148 149 151 152 153 154 155 156 157 159 160 161 163 164 165 167 168 175 176 179 180 182 184 185 186 188 189 191 192 193 194 195 197 198 199 731 
88: 0 1 2 4 5 6 8 9 10 11 13 14 16 18 20 22 23 24 27 28 29 31 32 33 34 35 36 37 38 39 40 41 42 43 44 45 46 47 48 50 51 52 53 54 55 56 57 58 59 60 62 63 65 68 69 70 72 73 74 77 79 80 82 83 84 85 87 90 92 93 94 95 97 99 101 102 104 106 107 109 113 116 118 120 121 124 125 127 128 129 131 132 134 136 137 138 140 142 144 147 148 149 150 152 154 155 157 158 159 160 161 163 164 165 166 167 168 171 174 176 177 178 180 181 182 183 184 185 187 188 189 191 192 193 196 197 199 236 245 296 338 
89: 0 2 3 6 7 8 9 11 12 13 14 16 19 22 23 25 26 27 28 32 35 36 37 38 39 40 42 45 47 48 51 52 53 54 55 56 58 60 61 62 63 65 66 67 68 70 71 72 73 74 75 76 78 79 81 82 83 84 85 86 87 90 92 93 95 96 97 98 99 100 101 102 103 104 106 107 108 109 110 111 112 113 114 115 117 118 120 121 122 124 125 126 128 129 130 134 136 137 138 141 142 145 148 150 151 153 154 156 157 158 159 160 161 163 165 167 168 169 172 175 176 178 179 180 184 185 187 189 190 192 193 194 197 199 246 
90: 0 2 3 5 6 7 8 11 13 14 15 16 19 20 22 23 24 25 27 29 30 32 33 34 36 38 40 41 42 43 44 45 46 47 48 49 51 52 53 54 55 56 57 58 59 60 62 63 64 66 67 68 74 75 77 79 80 81 82 84 85 87 88 89 91 92 94 95 96 97 98 99 101 103 104 105 106 110 112 114 115 116 117 118 119 121 122 123 127 128 130 131 132 133 134 135 136 137 138 139 141 142 143 146 147 148 149 151 152 153 154 155 159 161 165 166 167 169 171 172 173 174 175 176 177 179 180 181 182 184 185 187 188 189 191 195 196 197 198 199 273 285 293 338 
91: 0 1 4 5 6 7 9 12 13 15 16 18 19 20 23 24 25 26 28 29 30 31 32 33 36 37 38 39 40 41 42 43 44 45 47 48 52 54 55 56 59 60 61 63 65 68 70 71 72 73 75 76 77 78 79 80 82 83 84 85 86 90 92 94 96 97 98 99 101 102 104 105 108 109 110 111 112 113 114 115 116 118 119 121 122 123 125 126 127 128 129 130 132 133 135 136 137 139 140 141 143 144 145 146 147 148 149 150 152 153 154 155 156 158 159 160 161 163 167 169 170 174 178 179 180 182 183 184 186 188 189 190 191 192 193 194 196 197 220 253 347 393 728 
92: 1 2 3 4 6 7 8 9 13 14 15 16 17 20 21 22 23 24 25 27 29 30 32 33 34 35 38 40 41 42 43 44 46 47 48 51 53 54 55 56 57 59 60 61 62 63 64 67 68 69 70 71 75 77 78 79 81 82 83 84 85 87 88 89 90 91 93 94 95 97 102 103 105 106 107 108 109 110 111 112 114 115 117 118 119 121 122 125 126 127 128 129 130 131 133 134 135 136 139 141 143 145 147 148 150 151 152 155 156 158 160 161 163 167 168 169 170 171 172 174 177 178 180 181 184 185 186 188 189 190 191 193 194 196 197 711 
93: 0 3 5 6 7 8 9 11 12 13 14 15 16 17 18 20 25 26 27 28 29 30 32 33 35 36 37 38 39 42 44 45 47 49 50 54 56 57 60 61 62 66 68 69 70 71 72 73 74 76 78 81 82 83 85 86 88 89 92 95 97 98 99 100 103 104 105 107 108 109 110 112 113 115 118 119 120 122 123 124 125 126 128 129 131 132 133 134 135 136 137 138 140 141 142 143 144 148 149 151 152 154 155 156 158 159 161 163 164 167 168 169 171 172 174 175 176 179 180 183 185 186 187 189 190 191 192 194 196 197 295 307 369 739 
94: 0 1 2 3 4 5 6 7 9 11 12 14 15 16 18 19 21 22 23 24 25 26 27 28 30 31 32 34 36 37 38 39 40 41 43 44 45 47 49 52 53 54 57 58 59 60 62 63 64 65 66 67 69 71 72 74 77 79 80 81 83 85 87 88 90 91 92 95 96 97 98 99 100 101 103 104 105 107 109 110 112 113 116 117 121 123 126 127 128 129 130 131 134 135 136 137 138 139 141 142 144 145 146 148 150 151 153 155 156 157 159 160 163 166 167 168 170 172 173 174 178 179 182 183 184 185 187 188 189 190 191 193 195 196 197 749 
95: 0 1 7 8 9 10 11 12 13 15 16 17 19 20 22 23 25 28 29 31 33 34 35 37 38 39 40 41 42 43 44 45 46 47 49 50 51 52 53 55 56 57 58 59 61 65 69 70 71 72 73 75 82 83 86 88 89 90 92 93 94 96 97 98 99 101 102 103 104 106 108 109 112 113 115 116 117 118 119 120 121 122 123 124 125 126 127 129 131 133 134 135 136 137 139 140 143 144 145 146 147 148 149 150 151 152 153 154 155 156 157 158 159 160 163 166 167 170 171 173 174 175 176 177 178 181 183 185 186 187 188 189 190 191 193 196 197 198 199 270 339 
96: 0 1 2 3 5 6 7 8 11 12 14 16 17 18 19 20 21 22 23 24 25 26 27 28 29 30 31 32 33 34 35 36 38 41 42 43 44 45 46 48 50 52 53 55 58 59 61 62 63 64 65 66 67 69 72 73 75 76 77 78 79 80 81 82 84 86 87 89 90 91 94 95 97 99 101 102 103 104 105 106 107 108 109 110 111 112 113 114 115 116 118 119 120 121 122 123 124 126 127 130 131 133 135 136 137 138 139 140 142 143 144 145 146 147 149 152 157 158 159 160 161 165 166 168 170 171 172 173 177 178 179 180 181 182 185 186 187 188 191 193 194 195 197 198 222 702 729 
97: 0 1 2 3 5 6 7 8 9 10 11 14 16 17 18 20 21 22 23 24 25 26 27 30 33 34 35 36 38 39 40 41 44 45 46 47 48 49 50 51 52 53 54 55 56 57 58 59 60 61 64 65 66 68 69 70 71 72 73 75 76 77 79 81 82 83 84 85 86 88 89 90 91 92 93 94 95 96 98 99 101 104 106 108 109 114 115 117 121 123 124 125 127 128 129 130 131 132 134 138 139 140 141 143 144 145 146 148 150 151 152 153 154 155 157 158 159 160 161 163 164 165 166 168 169 170 171 172 173 175 176 177 179 180 182 183 185 186 187 188 189 190 191 193 194 196 197 198 316 362 749 
98: 0 1 4 5 6 7 9 10 11 12 14 16 17 20 21 22 23 24 25 27 28 29 31 33 34 35 36 37 38 41 43 45 46 47 48 49 50 51 52 53 54 56 57 58 60 61 62 64 65 67 68 69 70 71 72 73 75 76 77 78 79 82 85 86 87 89 90 91 93 94 95 97 101 102 103 108 109 110 111 112 113 114 115 116 118 121 122 124 125 126 129 130 132 133 135 136 137 138 139 140 141 142 143 144 145 146 147 148 149 152 153 154 155 156 157 159 163 165 170 173 175 176 178 180 181 182 183 184 185 186 187 188 189 190 191 193 194 196 199 388 391 722 
99: 1 2 3 4 6 7 8 9 10 12 15 17 19 21 22 23 24 27 28 29 34 35 36 37 38 39 41 44 45 46 47 50 51 53 54 55 57 59 60 63 64 68 69 70 73 75 76 77 78 79 80 81 83 84 87 88 89 90 91 93 94 95 96 97 100 101 102 104 105 106 107 108 110 118 120 121 122 124 128 129 131 133 134 138 139 141 142 143 145 146 147 148 149 150 151 152 153 155 157 158 159 161 162 164 166 167 168 170 171 172 173 176 178 179 180 181 182 183 184 185 186 187 188 189 190 191 192 197 198 224 271 322 705 727 
100: 1 2 3 6 10 11 13 14 15 17 18 19 20 21 22 24 25 26 28 29 31 33 36 37 39 40 43 45 46 47 51 53 54 55 56 58 59 61 62 63 64 66 68 70 71 72 73 74 75 77 78 79 80 81 82 84 86 87 89 93 94 99 103 104 106 107 108 109 110 112 113 114 116 118 119 120 122 124 130 132 133 134 137 138 141 143 144 145 146 147 149 151 152 157 159 160 161 162 164 165 166 167 168 169 171 172 173 174 176 177 178 179 180 182 186 187 188 192 193 194 195 197 198 199 236 728 
101: 0 1 2 5 7 11 12 13 14 17 18 19 20 21 23 26 27 29 31 32 33 34 37 39 40 41 44 45 46 47 49 52 55 56 57 59 60 61 63 64 66 70 71 72 73 75 76 77 78 79 80 81 82 83 84 85 86 88 89 90 91 94 95 96 97 98 99 103 104 106 109 110 111 112 113 114 115 116 117 118 119 120 122 123 124 125 128 131 132 133 134 135 136 137 138 140 141 142 144 145 146 147 148 150 151 153 156 158 159 160 161 163 164 165 166 167 168 170 171 174 175 176 177 178 179 180 183 184 185 187 189 190 192 194 196 198 325 
102: 0 1 2 3 6 7 10 11 12 14 16 17 20 23 24 26 27 28 30 31 32 33 34 35 36 38 39 42 43 44 45 46 49 50 51 52 53 54 55 56 57 58 59 60 62 63 64 65 66 68 69 70 72 73 74 76 77 78 80 81 82 84 85 86 87 88 89 91 92 95 96 98 99 103 104 105 106 107 108 110 111 112 113 114 120 121 124 125 126 127 128 129 130 131 136 138 139 142 143 145 146 148 149 150 151 152 154 155 156 157 158 159 160 163 165 166 167 168 169 170 171 172 173 174 175 176 179 180 181 182 187 189 190 191 192 193 194 196 199 271 277 
103: 1 2 3 4 5 6 7 8 9 11 12 13 14 15 16 17 18 20 21 24 25 26 28 30 31 32 33 34 35 36 37 38 39 40 41 42 43 44 45 47 48 49 51 52 53 55 58 59 60 61 62 63 66 67 68 69 70 71 72 73 74 75 76 77 79 81 83 85 87 89 90 92 93 94 95 96 98 100 101 102 104 105 106 108 111 112 113 115 117 118 119 120 121 122 123 124 125 126 127 128 129 132 133 134 135 136 137 139 140 141 142 143 144 145 148 149 151 152 153 154 157 158 159 160 162 165 167 168 169 173 174 178 179 180 181 183 184 185 186 187 188 189 190 191 193 195 196 197 247 283 343 
104: 0 1 2 3 6 7 8 9 10 11 12 16 17 18 19 20 22 23 24 25 26 27 28 29 30 32 33 35 39 42 43 44 46 48 49 50 52 54 55 57 58 59 60 61 62 66 67 68 69 70 71 73 74 75 76 77 78 79 80 81 82 83 84 85 87 88 89 90 91 93 94 95 96 97 99 100 101 102 103 105 106 107 110 111 112 113 116 118 119 120 121 123 124 125 126 127 128 129 130 132 133 134 135 137 138 139 140 141 142 143 144 145 146 147 148 149 153 154 159 160 161 163 164 167 168 169 170 171 172 176 179 180 183 184 185 187 188 189 190 191 193 194 195 196 199 
105: 0 2 4 7 9 10 12 13 15 16 17 18 19 20 21 23 24 25 27 28 29 30 31 32 33 34 35 36 38 39 40 43 46 47 49 52 53 55 56 58 59 60 63 64 65 66 67 68 69 70 71 72 73 74 75 76 78 79 80 81 82 84 85 86 87 90 91 92 93 94 96 99 102 103 104 107 108 110 111 114 116 117 118 119 121 123 124 128 129 131 132 134 136 138 139 140 142 143 144 145 149 150 151 152 154 155 157 158 159 161 164 165 167 170 171 174 175 176 177 178 180 181 182 183 187 188 189 190 191 192 195 199 344 384 
106: 0 1 2 7 8 10 11 12 13 18 21 22 23 24 25 27 28 30 31 32 33 34 35 36 39 40 41 42 43 45 46 47 48 49 50 51 52 53 55 57 58 59 61 62 63 64 65 66 67 68 72 73 75 76 77 78 79 81 82 85 86 88 89 90 92 95 96 97 99 100 101 102 103 104 107 108 109 111 113 114 115 116 119 120 121 122 123 124 125 126 127 128 130 131 132 133 134 135 136 138 139 142 143 145 146 148 149 150 151 152 153 154 155 156 159 160 161 163 164 165 167 168 169 170 171 172 173 175 176 177 178 179 180 181 182 185 186 187 188 190 191 192 193 195 197 198 199 
107: 0 1 2 4 6 7 10 12 13 15 16 18 19 20 21 25 27 28 29 30 31 32 33 34 36 37 38 39 40 41 44 45 48 49 51 52 53 54 56 57 58 61 62 63 64 67 68 71 72 74 75 76 78 80 81 82 83 86 87 88 89 92 93 94 96 99 100 102 104 105 106 108 109 111 112 113 115 116 118 119 120 121 122 124 125 126 128 129 132 135 136 137 138 139 141 142 143 145 147 148 150 151 152 153 155 156 158 160 161 163 164 165 166 167 169 171 172 173 174 175 176 177 179 180 181 182 187 188 189 190 193 194 195 196 197 198 199 206 277 
108: 0 1 3 4 7 8 9 10 12 13 14 15 16 17 18 19 20 21 23 26 27 30 31 32 33 34 35 36 37 38 39 41 43 44 45 46 47 48 49 50 51 53 54 57 59 60 61 65 66 67 70 71 72 73 74 76 77 78 79 80 81 82 84 85 86 87 89 91 92 93 95 96 97 98 99 100 102 103 105 106 107 110 111 112 113 114 115 116 117 118 120 121 122 123 125 126 127 129 130 131 132 133 134 135 136 137 139 140 141 142 143 144 145 146 147 148 149 151 152 153 154 155 156 159 160 162 163 164 165 167 171 172 173 175 176 177 178 180 181 183 185 186 187 188 189 191 193 195 196 198 199 345 
109: 0 1 4 5 7 9 12 13 14 15 18 19 20 23 24 25 28 33 35 36 39 40 42 44 45 47 48 49 50 51 52 53 56 57 59 60 61 63 65 66 67 68 69 70 71 72 73 76 78 79 81 82 83 84 86 88 89 91 92 93 94 95 96 97 98 100 101 106 107 110 111 113 114 116 119 120 121 122 123 124 127 129 131 132 134 136 137 138 139 140 141 142 143 144 145 146 147 148 149 150 151 152 153 156 157 158 159 160 161 162 163 164 167 169 170 171 172 173 174 175 176 181 182 184 186 188 190 191 192 196 198 348 390 700 
110: 0 4 5 6 9 10 11 12 13 14 15 17 18 19 21 22 24 26 27 28 30 32 34 35 36 37 38 39 42 45 46 47 49 50 51 52 54 55 56 57 58 59 61 62 63 64 65 67 68 69 71 73 74 75 76 79 80 83 85 87 89 90 91 92 93 94 96 98 99 100 101 102 104 105 108 109 111 113 115 116 118 119 121 122 123 124 125 126 127 130 131 133 134 135 136 137 140 141 142 144 145 146 147 148 149 150 154 156 158 159 160 161 162 163 164 165 166 167 171 172 173 174 175 176 178 179 180 181 182 183 185 187 191 192 194 195 197 198 199 246 258 702 740 
111: 0 1 5 7 8 10 11 12 13 14 15 16 17 18 19 20 23 25 27 28 29 30 32 36 37 38 39 40 41 42 45 48 50 51 52 54 55 57 58 59 60 62 63 64 65 67 68 69 76 77 79 80 81 84 85 87 89 91 92 96 98 101 102 103 104 105 106 107 108 109 110 112 113 114 116 119 120 121 122 123 124 126 129 130 131 133 134 135 136 137 139 143 145 147 148 149 151 153 154 155 156 158 159 160 161 162 163 164 166 168 169 171 173 174 175 176 177 178 179 181 182 184 185 188 189 191 193 195 198 199 253 336 365 366 749 
112: 0 1 2 3 4 5 6 7 8 9 10 11 12 13 14 15 16 17 18 19 20 21 24 26 27 30 31 33 36 37 38 40 42 44 47 48 51 52 54 55 56 57 59 60 61 62 63 65 66 67 68 69 70 71 75 76 77 78 79 80 82 84 85 87 89 90 91 92 93 94 95 96 98 100 101 102 103 104 107 108 111 113 114 116 117 122 123 126 127 128 129 130 131 133 134 135 136 137 138 140 141 142 144 145 146 147 149 151 153 154 156 157 159 160 161 162 163 165 166 167 168 172 174 175 176 177 179 180 181 183 184 185 186 187 189 192 193 194 196 198 214 216 323 
113: 0 1 2 3 4 5 7 10 13 14 15 19 20 21 23 24 26 27 29 30 31 33 34 35 36 38 40 41 42 43 45 48 50 51 52 53 54 56 57 59 61 62 64 68 72 73 75 76 77 78 79 81 82 83 84 85 86 88 89 91 93 94 95 96 98 100 101 102 103 104 106 107 108 109 110 111 112 115 116 117 118 119 120 121 122 124 126 128 129 130 132 135 136 137 139 140 141 143 144 145 146 147 148 149 150 151 152 154 155 157 159 160 162 164 166 167 168 169 171 172 174 175 176 178 181 182 183 184 185 186 187 189 191 192 193 194 195 196 197 198 199 280 316 
114: 0 1 2 3 6 7 8 9 10 11 12 13 14 15 18 19 20 22 23 24 27 28 30 31 32 33 34 35 39 44 48 49 51 52 53 54 55 56 58 60 61 62 63 64 65 66 67 69 70 71 73 74 75 76 77 78 79 80 82 83 85 86 87 89 90 91 92 96 97 98 100 101 102 105 106 108 109 111 112 115 117 118 119 122 124 125 126 127 129 131 132 134 135 136 139 140 141 142 143 144 145 147 148 149 150 151 153 154 155 157 159 160 162 163 168 169 170 171 175 176 177 179 180 182 185 187 189 190 191 192 193 195 196 197 199 250 375 
115: 0 1 2 3 4 5 6 7 8 9 11 12 14 15 17 20 22 23 25 26 30 33 34 35 36 37 39 40 42 43 44 46 47 48 50 51 52 54 57 59 61 62 66 67 68 69 71 73 75 77 78 79 80 81 82 83 84 85 87 89 90 91 92 93 95 96 97 98 101 103 106 107 108 110 113 114 116 117 118 120 121 122 123 124 127 130 131 133 134 135 136 137 138 139 140 141 145 147 148 149 153 154 155 156 157 158 160 161 162 163 165 166 167 168 170 173 174 175 176 177 178 181 183 184 185 186 188 190 191 192 193 194 195 255 305 350 398 
116: 0 1 2 3 4 5 6 7 10 13 14 16 19 20 22 23 24 25 26 27 29 31 32 33 36 37 40 43 44 46 47 50 51 52 54 55 57 58 59 61 62 63 64 65 66 68 69 70 71 73 75 77 79 81 82 83 84 85 86 88 90 91 94 95 96 98 100 101 104 105 106 107 108 109 110 111 112 113 115 117 118 120 121 122 123 124 125 127 128 129 130 131 132 133 134 135 136 137 139 141 143 145 146 147 151 152 153 154 155 156 158 159 160 161 163 168 169 170 173 174 175 176 178 179 180 181 182 183 185 187 190 191 192 193 195 196 199 242 378 385 731 735 748 
117: 1 3 6 7 8 10 11 13 17 18 19 21 22 23 25 26 27 29 31 32 33 34 35 37 38 39 41 42 43 44 45 46 47 48 49 51 52 53 54 56 57 58 59 61 62 63 64 65 66 67 68 69 70 71 72 74 76 77 81 84 85 86 87 89 90 92 94 95 97 101 103 105 108 112 113 114 115 116 118 119 120 122 123 124 125 127 129 130 132 134 135 136 138 139 140 142 143 144 145 147 151 153 156 157 159 160 161 162 163 166 169 171 173 175 176 177 179 180 181 183 184 186 187 188 189 192 196 197 198 199 219 
118: 1 2 4 8 9 10 11 12 13 14 15 16 19 21 24 26 27 28 31 35 37 39 40 41 42 43 44 47 48 49 50 53 55 56 57 59 60 62 64 65 66 67 71 72 73 75 77 78 80 82 83 85 86 87 88 89 90 91 92 93 95 96 98 99 100 101 103 104 105 107 108 110 113 114 115 116 117 119 120 122 123 125 127 128 129 130 131 132 134 135 138 139 143 145 146 150 152 154 155 157 158 159 160 163 164 165 166 169 170 171 172 173 174 175 176 177 180 182 184 185 186 187 188 189 190 192 194 195 197 198 199 213 266 305 392 
119: 3 4 5 6 7 8 9 12 14 15 16 17 19 20 21 22 23 25 27 28 30 31 33 34 35 36 37 38 39 40 41 43 46 47 49 50 52 53 54 55 56 57 58 59 60 61 62 64 66 67 68 69 70 71 73 74 75 76 77 78 79 80 81 82 83 84 85 87 90 91 92 93 95 96 100 101 103 104 105 106 107 109 110 111 113 114 117 118 121 123 125 126 127 129 130 131 132 133 137 138 139 140 141 142 144 145 146 147 148 149 151 152 153 154 155 156 157 159 161 163 165 166 168 171 172 173 174 175 176 177 178 179 180 181 183 184 185 186 187 190 191 193 195 197 198 299 338 368 376 
120: 1 2 5 6 9 10 13 14 15 17 18 19 24 25 28 29 30 31 33 36 37 38 39 40 41 43 45 46 47 48 49 50 51 52 54 55 56 57 58 60 61 62 63 66 67 68 70 71 74 77 81 82 83 84 85 86 87 88 89 93 95 96 99 100 101 102 103 104 106 107 108 109 111 113 115 116 117 118 121 122 123 124 126 127 128 129 130 131 132 133 135 137 141 143 144 145 146 147 148 149 150 151 152 153 154 155 156 158 164 166 167 169 170 171 174 175 176 177 178 179 181 183 185 186 191 192 194 195 196 197 198 199 226 
121: 0 2 3 4 7 8 9 10 11 12 13 15 16 19 20 21 23 26 27 28 32 33 34 35 36 37 39 40 41 43 44 45 47 50 51 52 53 54 55 56 57 59 60 61 62 64 65 67 68 71 74 75 77 78 80 81 83 84 87 88 89 90 91 92 94 95 96 97 98 99 102 103 104 105 106 107 108 109 110 111 113 115 116 119 120 122 124 126 127 129 130 131 132 134 136 137 141 142 143 144 145 146 147 148 149 152 153 154 155 156 157 158 159 161 162 163 164 166 167 169 170 171 173 174 176 177 178 179 180 181 182 183 185 186 187 190 191 192 193 194 195 196 197 198 199 
122: 0 2 3 4 5 6 7 8 9 12 13 14 16 18 19 20 21 22 24 25 26 27 29 31 32 33 34 35 36 38 41 43 45 47 48 49 51 52 53 54 55 56 58 59 60 61 62 63 65 66 69 70 71 72 73 75 77 79 80 81 83 87 89 90 91 92 93 95 96 98 99 100 101 103 106 107 108 109 110 111 112 113 114 115 116 117 118 120 121 123 125 130 132 133 134 136 137 139 140 144 146 147 149 150 151 152 153 154 155 156 157 158 159 160 162 163 165 166 169 170 174 175 176 177 178 181 182 183 184 185 186 187 188 189 190 193 194 195 196 197 199 734 
123: 1 2 3 4 5 7 8 9 10 12 13 14 16 17 18 19 20 21 22 24 25 26 28 29 30 31 34 35 36 37 38 39 40 42 43 44 45 47 48 50 51 52 53 54 55 56 58 59 60 61 62 63 64 65 69 70 71 73 75 78 80 81 82 83 85 86 90 91 93 94 95 96 97 101 103 104 105 106 108 109 110 111 112 115 116 117 118 119 120 122 124 125 126 129 130 131 133 135 136 138 139 141 142 143 144 145 146 147 148 150 151 152 153 154 155 156 158 160 161 164 165 166 167 168 171 172 174 175 176 177 178 179 180 181 185 186 187 189 191 193 194 196 228 287 308 742 
124: 2 3 4 5 7 9 11 12 13 14 15 17 18 19 22 25 26 28 29 30 32 33 34 35 36 37 38 39 40 41 42 43 44 45 46 47 48 49 50 51 54 56 57 61 62 64 66 68 69 70 71 72 73 75 76 77 78 81 82 83 84 86 87 88 89 93 95 96 97 98 99 100 101 102 103 104 105 106 107 109 110 111 113 114 115 116 117 120 121 123 125 126 127 128 129 132 133 135 136 137 139 141 142 143 144 145 146 147 148 149 150 151 152 153 154 155 156 159 160 161 162 163 165 167 170 171 172 173 175 177 179 181 182 185 186 187 188 189 191 192 193 194 195 196 197 199 224 245 259 708 717 
125: 1 2 3 4 5 6 9 10 11 12 13 15 16 17 19 21 22 23 24 25 27 28 29 30 31 32 33 34 37 38 39 40 42 43 45 47 48 49 50 51 53 54 55 56 57 58 59 60 61 62 63 64 65 66 67 68 69 70 71 74 75 80 81 84 86 88 89 91 92 93 95 97 98 101 102 103 104 106 107 108 110 114 116 117 118 119 122 123 124 126 127 128 129 130 131 133 134 135 136 137 138 140 141 143 144 145 146 147 148 149 150 151 153 154 155 157 159 160 161 162 163 164 167 168 169 171 172 174 175 178 180 181 183 184 185 186 187 189 190 193 194 195 197 198 199 234 
126: 2 3 5 7 10 13 14 15 17 18 19 22 23 24 25 26 27 29 30 31 32 33 34 35 39 40 41 42 43 44 45 46 47 48 49 50 51 52 53 54 56 57 58 61 63 64 65 66 67 69 70 71 72 73 78 79 80 81 82 83 84 85 86 87 89 91 92 93 94 95 96 98 102 103 104 106 107 108 110 111 112 113 114 119 120 121 123 124 125 127 128 130 131 137 138 139 140 141 142 143 145 146 148 149 150 152 153 155 157 158 159 160 163 165 166 167 169 170 171 172 173 175 177 178 179 180 181 183 185 186 187 188 189 190 192 195 196 198 199 234 387 
127: 0 1 2 4 5 6 7 8 9 11 12 14 15 16 18 19 20 21 24 25 26 27 28 29 30 31 33 35 37 38 39 41 44 45 46 47 48 49 50 51 52 53 54 55 56 59 60 61 62 63 64 65 67 69 70 71 72 73 74 75 76 77 78 79 80 83 84 85 86 87 88 90 91 92 94 95 96 97 102 103 104 106 108 109 110 112 114 115 116 117 118 119 120 121 124 125 126 128 129 130 131 132 133 134 135 136 139 140 141 143 146 147 148 151 155 159 160 161 162 164 166 167 168 169 170 171 172 173 174 175 176 177 179 180 182 183 185 186 187 188 190 192 193 194 196 198 241 
128: 1 3 4 7 8 9 11 12 13 14 15 18 20 21 22 23 24 25 26 29 30 31 33 35 36 39 40 41 42 44 45 46 47 48 50 52 53 54 57 58 60 61 62 63 64 67 68 69 72 73 74 77 78 79 80 81 83 84 85 86 87 88 89 90 91 92 93 94 97 99 101 102 103 104 105 106 107 112 113 116 118 120 124 125 126 127 129 131 132 133 135 136 138 139 140 141 142 143 146 147 150 151 152 153 154 155 156 157 158 160 161 162 164 165 166 168 169 172 174 175 177 178 180 181 184 185 187 189 191 192 194 195 196 197 198 199 288 
129: 0 1 2 3 4 5 6 7 9 10 11 12 13 14 15 17 18 22 23 24 25 27 28 29 30 31 34 35 36 38 39 40 41 42 43 47 49 50 51 52 53 54 56 59 60 62 65 66 67 68 69 72 73 74 75 77 80 81 82 84 85 86 88 89 91 92 93 94 95 97 98 99 102 103 104 105 107 108 109 111 112 113 114 116 117 118 119 120 121 123 124 125 127 128 130 131 132 135 140 141 142 143 144 147 149 150 151 152 153 154 155 156 157 158 159 160 161 162 164 165 166 167 168 170 171 172 173 174 175 177 178 180 181 182 184 185 187 188 189 190 191 193 194 197 198 199 212 374 706 
130: 2 4 5 6 8 9 12 14 16 17 18 19 20 21 22 23 25 26 28 29 30 32 34 39 40 41 44 47 48 49 53 54 55 56 57 58 59 61 63 64 65 66 67 69 71 72 73 74 76 78 79 80 81 83 84 85 86 87 89 90 91 92 94 96 97 98 100 102 104 106 108 110 111 112 113 115 116 117 118 119 120 121 122 123 125 126 127 129 132 133 135 137 138 139 142 143 145 146 147 148 149 151 154 158 159 160 162 164 168 169 170 172 173 174 175 179 180 183 186 188 189 190 191 193 194 195 197 198 199 201 335 361 
131: 3 4 5 6 7 8 9 11 13 15 17 18 20 22 23 24 25 26 27 29 31 33 34 35 37 38 41 43 45 47 48 49 50 51 52 54 55 57 58 60 61 62 63 64 65 66 69 70 73 74 76 77 78 80 81 82 83 86 88 90 92 93 94 95 96 97 99 101 102 105 106 108 109 110 111 112 114 115 116 118 119 120 121 123 125 126 127 128 129 133 135 136 137 139 140 141 142 143 144 145 146 147 148 149 150 151 153 155 156 157 158 161 163 164 165 166 172 173 174 175 179 181 182 183 184 186 187 188 189 190 192 193 195 197 199 252 256 280 
132: 2 3 7 8 10 11 12 13 15 16 18 19 20 21 22 23 24 25 27 28 31 34 35 36 37 38 39 40 41 43 47 49 50 51 53 54 56 57 58 59 60 61 62 63 65 66 67 69 71 74 78 80 81 82 85 86 87 88 90 91 93 97 98 100 101 103 104 105 106 107 108 109 113 114 116 117 118 119 120 121 122 124 127 128 129 130 134 135 138 139 140 141 142 144 145 146 147 148 149 151 153 154 155 157 159 160 163 164 165 166 167 169 171 173 174 176 178 179 180 181 182 184 185 186 187 190 191 192 193 194 196 198 234 258 377 378 709 749 
133: 1 2 3 4 5 6 7 8 9 10 11 13 14 15 16 17 18 19 20 21 22 23 24 25 27 28 29 30 31 34 35 36 37 39 40 41 43 44 45 47 48 49 51 52 54 55 57 59 61 62 64 65 66 67 69 70 72 74 75 77 78 79 80 81 83 85 86 87 90 91 92 93 95 96 98 99 100 101 103 104 106 108 110 111 112 115 116 119 120 122 123 124 125 127 128 130 131 134 136 137 139 140 141 142 144 145 146 147 148 149 152 155 157 159 161 165 166 167 169 170 171 172 173 174 175 178 180 181 182 183 185 186 187 193 197 198 199 216 233 278 309 313 386 
134: 2 3 4 5 9 10 12 13 15 17 18 19 21 23 26 28 29 30 31 32 33 39 42 43 44 45 46 47 50 51 52 53 54 55 56 57 59 63 64 66 67 68 70 71 72 74 75 76 77 78 79 80 81 82 87 88 89 90 92 93 94 95 97 99 100 101 103 104 105 106 108 109 110 111 112 114 115 116 117 118 121 122 125 127 132 133 135 136 138 139 140 141 142 143 144 146 147 149 152 153 154 155 156 159 160 161 162 164 165 167 169 170 172 173 174 175 176 177 180 182 183 185 190 191 192 193 195 196 198 199 278 702 
135: 0 1 3 4 5 6 8 9 10 11 13 15 16 17 19 20 21 23 24 25 27 28 29 30 31 32 33 34 35 36 38 39 40 42 43 45 46 47 48 49 50 53 54 55 57 58 59 60 61 62 63 64 66 67 68 69 70 74 76 77 78 79 80 81 82 83 85 86 87 90 91 92 93 94 95 96 98 101 103 104 106 107 108 110 111 112 113 114 115 116 117 118 120 123 124 125 127 128 129 130 131 132 134 136 137 138 139 140 141 143 144 146 147 148 149 150 153 154 155 156 157 160 164 165 166 167 168 172 176 180 181 183 185 188 189 190 191 192 193 194 195 196 198 199 223 
136: 0 1 2 5 6 7 8 10 11 12 13 14 15 16 17 19 20 21 22 23 24 26 30 32 33 34 35 36 38 41 42 45 46 48 49 50 51 52 53 56 60 61 62 63 64 65 66 67 68 69 70 71 72 74 76 77 78 79 80 81 82 83 84 86 87 88 89 90 91 92 93 94 95 96 98 101 102 103 105 106 107 108 109 110 111 112 113 114 115 116 117 121 122 123 124 125 127 128 131 133 134 135 138 140 141 142 143 144 145 146 147 148 151 152 153 154 156 159 160 162 163 166 167 168 169 171 173 174 175 176 177 179 180 181 182 183 184 186 187 189 191 192 195 198 199 721 
137: 0 1 2 3 5 7 9 10 11 12 14 15 16 17 18 20 21 22 24 25 28 29 31 32 33 34 36 38 39 40 41 42 43 44 45 47 48 51 53 54 55 56 57 58 59 62 63 65 66 69 70 71 73 74 75 76 78 79 80 84 85 86 88 89 90 91 93 94 95 96 98 100 101 103 104 107 108 109 110 111 112 113 115 116 119 120 121 122 124 125 126 130 131 133 135 138 141 142 144 145 146 147 148 149 150 151 153 154 155 156 157 158 159 160 161 162 163 164 165 166 169 170 172 173 174 175 176 178 179 180 181 183 184 186 187 189 190 192 193 194 197 198 199 252 374 
138: 0 5 6 7 8 10 12 13 14 15 17 18 19 20 22 23 24 25 26 27 30 32 33 34 35 36 37 38 39 40 41 43 46 47 52 54 55 56 57 61 62 63 64 65 67 68 71 73 75 77 78 79 80 82 84 85 86 87 88 89 90 93 94 96 97 98 99 100 101 102 104 105 106 107 109 112 115 117 118 119 123 125 126 128 130 132 134 135 136 137 139 140 142 144 146 148 149 150 152 154 155 156 158 159 160 161 162 164 165 166 167 168 169 170 172 174 175 177 178 179 180 183 184 185 188 189 191 193 194 195 196 197 199 211 328 359 362 707 721 
139: 1 3 5 6 7 10 11 13 14 15 16 17 19 20 23 24 25 26 27 28 30 31 32 33 34 35 36 37 38 39 42 43 44 45 46 48 49 50 51 53 55 56 57 61 63 64 65 66 68 69 70 71 72 74 78 79 81 86 90 91 92 94 95 96 97 98 99 102 103 104 105 106 107 108 109 111 113 114 115 116 117 118 119 122 123 124 126 127 128 130 131 132 133 134 135 138 140 141 142 143 146 147 148 150 151 153 154 155 156 157 159 160 161 162 163 164 165 166 169 170 171 172 173 174 175 176 178 179 180 181 182 183 185 186 187 189 190 191 196 198 199 302 377 
140: 2 3 7 8 9 10 11 12 13 14 17 18 21 23 24 25 27 28 29 30 36 37 40 41 42 43 45 46 48 49 50 52 53 54 55 56 57 59 61 63 64 65 66 67 69 70 71 72 73 74 75 76 77 78 81 82 83 84 85 87 88 91 93 95 96 97 98 101 103 104 105 108 109 110 112 113 114 115 117 119 122 125 126 127 128 129 131 132 133 134 135 136 138 139 141 142 143 145 146 147 149 150 152 153 156 157 160 161 162 163 164 165 168 169 170 171 172 174 178 179 181 182 183 184 185 186 187 188 191 192 194 196 197 198 199 288 
141: 0 1 3 4 5 6 7 8 9 10 13 15 17 18 19 20 21 22 23 26 27 28 30 32 33 34 35 38 39 40 41 42 43 45 46 48 49 50 51 52 54 56 58 59 60 61 64 65 67 68 69 71 74 75 76 79 81 84 85 86 87 89 90 91 92 93 94 97 98 99 100 101 103 104 107 108 109 110 112 113 114 115 116 119 120 121 123 124 125 126 127 128 129 131 132 133 134 135 136 137 139 140 143 144 145 147 148 149 150 154 155 156 157 158 159 160 161 162 164 165 166 170 171 172 173 174 175 176 177 178 179 180 181 182 183 184 185 186 187 189 190 191 193 195 196 197 198 199 255 273 355 741 
142: 0 1 3 6 7 8 9 10 11 13 14 16 17 19 21 22 23 24 25 26 28 30 32 33 34 35 38 41 43 45 46 47 48 49 50 51 52 53 54 55 57 58 59 61 62 63 64 65 66 68 69 70 71 73 75 76 78 79 80 81 82 83 84 85 88 89 90 93 94 96 98 99 101 102 103 104 105 106 107 108 109 110 112 114 117 119 121 123 124 126 128 129 130 131 132 133 134 136 137 138 139 140 144 145 147 148 149 150 151 152 153 155 157 158 160 161 162 163 164 165 167 168 171 172 173 176 177 181 184 185 188 190 193 195 199 265 279 705 
143: 0 1 2 4 7 8 9 11 13 14 16 17 19 20 21 22 24 25 26 27 28 29 31 32 34 35 36 37 38 40 41 42 45 46 47 48 50 51 52 53 54 57 59 60 61 62 63 64 66 67 68 69 72 73 74 76 79 81 84 90 91 92 93 95 96 97 98 99 100 102 103 104 105 106 107 108 109 111 113 114 116 117 118 120 121 123 124 125 126 127 128 129 130 131 134 135 136 139 140 141 144 145 146 148 149 150 151 152 154 156 157 158 159 160 161 162 163 166 168 169 170 171 172 173 174 176 177 178 179 180 185 187 188 190 191 192 194 195 196 197 198 199 293 339 707 
144: 0 1 2 4 6 7 8 10 11 13 14 15 16 17 18 19 20 22 23 24 25 26 27 31 32 34 35 36 37 38 39 40 42 43 44 45 48 49 51 53 54 55 56 59 60 61 64 65 66 67 68 69 70 73 74 75 76 77 78 80 81 82 84 85 86 88 91 93 94 95 96 97 98 100 101 103 104 105 108 109 110 112 113 114 117 119 120 121 122 123 124 125 129 131 132 133 134 135 136 137 138 141 142 143 145 147 148 150 153 154 155 156 157 159 160 161 164 166 167 168 170 171 173 174 175 177 180 181 183 184 185 187 188 189 190 191 194 196 197 198 199 239 251 386 
145: 0 1 3 4 5 6 7 8 9 10 11 12 15 16 17 18 20 21 22 23 26 27 28 29 30 34 35 36 37 38 39 41 43 44 45 46 48 51 52 54 56 57 58 63 64 65 68 71 73 74 75 76 78 79 80 81 82 85 86 87 89 91 92 94 95 96 97 98 99 100 101 102 103 104 105 106 107 108 109 110 111 112 113 114 115 116 117 118 119 120 121 123 124 125 126 130 131 132 133 136 137 140 141 142 143 144 146 147 149 150 151 152 157 158 160 161 162 163 164 165 166 167 168 169 171 172 173 178 180 182 183 184 185 186 188 190 191 193 194 196 198 199 223 242 250 261 268 319 
146: 0 1 3 4 5 6 7 8 9 10 13 14 15 17 18 19 20 22 24 25 27 28 30 31 32 33 34 35 36 37 38 39 40 41 42 43 44 45 46 49 50 51 52 53 54 55 57 59 60 61 63 64 71 72 74 76 78 79 80 81 82 83 87 90 91 94 95 96 97 98 99 100 101 102 104 106 108 109 110 112 113 116 118 119 120 121 122 123 124 125 126 127 128 130 131 132 133 134 135 136 137 138 139 140 143 145 147 149 150 151 152 153 154 156 158 160 161 162 163 164 165 166 167 168 170 171 172 173 174 175 176 177 178 179 180 181 184 185 186 187 188 189 190 191 192 193 196 197 198 199 258 322 360 713 728 
147: 0 3 4 5 6 9 10 11 13 14 16 19 20 21 22 24 26 27 28 29 30 32 33 34 35 37 38 39 40 41 42 44 45 46 48 49 51 52 53 55 56 58 61 62 63 64 66 67 68 69 70 72 74 75 78 80 82 85 86 87 88 90 91 92 95 96 98 99 100 101 104 107 108 109 110 111 112 113 114 115 116 117 119 120 121 122 123 124 125 127 128 129 130 131 132 133 134 135 136 137 139 140 141 142 144 145 146 149 151 152 153 158 159 161 162 164 165 167 168 171 172 173 174 175 176 178 179 182 184 186 187 188 189 191 192 194 195 196 197 198 199 309 732 743 
148: 0 2 3 5 6 9 12 13 14 15 16 17 19 22 24 25 26 27 28 29 31 32 33 34 35 37 38 39 40 41 42 43 44 45 46 47 50 52 53 55 56 57 58 59 60 61 62 63 64 65 67 68 70 71 74 75 76 78 79 81 85 86 87 88 89 90 91 92 93 94 95 97 98 99 101 102 103 104 106 107 108 109 110 111 113 114 115 119 120 121 123 124 125 126 127 130 131 132 133 135 136 137 138 139 141 142 143 144 149 151 153 154 155 156 157 158 159 160 161 162 163 164 165 167 169 170 171 172 173 174 176 179 180 181 182 183 184 185 186 187 190 191 194 195 196 197 198 199 268 277 300 334 
149: 0 1 2 3 4 5 7 9 11 13 16 17 19 20 21 22 23 24 25 26 28 32 33 35 36 37 38 40 41 42 43 44 45 48 49 52 54 55 57 58 59 60 61 62 63 64 65 66 67 68 69 70 71 72 73 75 76 77 78 79 80 81 82 83 84 86 87 88 90 91 93 95 96 98 99 100 102 103 104 105 106 108 109 110 111 112 113 114 115 119 120 121 122 124 125 126 129 130 131 132 133 134 135 137 138 140 141 142 143 145 146 147 148 150 151 153 155 157 158 159 160 161 164 165 166 168 169 170 171 172 173 175 177 178 179 180 181 184 185 186 187 188 189 192 193 195 196 197 198 714 
150: 0 1 2 3 4 5 9 10 11 12 15 16 17 18 19 20 21 23 24 25 26 27 28 29 31 33 34 35 36 37 38 40 42 43 44 47 48 53 54 55 56 58 59 60 61 62 63 64 65 66 67 71 72 73 74 75 77 78 79 80 81 83 85 88 89 91 92 94 95 97 99 101 102 105 106 107 109 110 113 114 118 120 122 123 124 125 126 128 129 131 135 137 138 139 140 141 142 143 144 145 146 149 153 154 156 159 160 161 162 163 164 165 168 169 170 171 177 178 179 180 181 183 184 185 190 191 192 193 195 197 198 199 269 703 
151: 0 2 3 4 6 7 8 9 10 11 13 14 15 17 20 21 22 23 24 26 27 29 30 31 32 33 34 35 36 37 38 39 40 41 42 43 45 47 48 49 50 51 53 54 55 58 59 60 61 62 64 66 67 73 74 75 76 77 80 81 82 84 85 86 87 89 90 92 93 94 95 97 99 100 101 102 103 105 106 107 108 109 111 112 113 114 116 117 119 120 122 123 124 125 127 128 129 130 131 132 136 137 139 142 143 145 146 147 148 149 152 153 155 158 159 161 162 163 164 165 168 169 171 172 173 174 175 176 177 180 181 183 184 185 186 187 188 190 191 193 195 196 197 198 
152: 0 4 5 8 10 11 12 13 14 16 20 21 22 23 25 29 30 31 32 33 34 36 37 39 42 43 44 46 47 50 52 53 54 55 56 57 59 61 62 63 64 65 67 69 70 73 74 75 76 77 78 79 80 81 82 83 84 86 87 88 90 91 92 93 95 96 97 98 99 100 102 103 105 106 107 108 109 113 116 118 119 120 121 122 123 124 126 128 129 133 134 136 138 140 142 143 145 146 147 151 153 155 156 159 161 162 163 164 165 166 168 169 170 171 172 173 174 176 177 178 179 180 181 183 184 185 188 189 190 192 195 196 197 199 211 213 316 
153: 0 2 4 5 6 7 9 10 11 12 13 14 17 18 21 22 24 25 26 28 30 31 32 34 35 37 38 39 40 42 44 45 46 47 50 59 60 61 62 64 65 67 68 69 71 73 75 76 77 78 79 80 83 84 85 86 87 89 90 91 94 95 97 98 99 101 103 104 106 107 108 109 111 112 114 115 116 117 119 120 121 122 123 124 125 126 128 129 131 132 134 135 136 137 139 140 142 144 146 147 148 149 150 151 152 154 156 157 160 161 162 163 165 166 167 168 170 171 174 176 177 179 180 181 182 183 185 186 187 190 191 192 193 195 198 294 
154: 1 2 5 6 7 9 10 12 13 16 17 19 22 23 24 26 30 31 32 33 34 35 37 38 40 41 44 45 46 49 50 52 53 55 56 57 59 60 61 62 64 66 67 68 69 71 72 73 74 75 76 77 78 79 80 82 83 86 87 88 89 90 91 93 95 97 98 102 103 104 105 106 108 110 111 112 113 114 115 116 118 119 120 121 122 123 124 125 128 129 130 132 134 135 136 137 138 139 141 143 144 146 148 150 153 155 157 159 160 161 162 164 166 167 168 171 172 175 178 180 181 182 184 185 186 187 189 190 191 194 195 196 197 198 199 
155: 1 2 3 4 5 6 7 9 11 14 18 19 20 21 23 24 25 26 28 29 30 31 32 33 34 37 39 40 41 42 46 48 51 52 53 54 55 56 58 59 60 61 62 64 65 68 69 70 72 74 75 77 78 79 80 81 82 84 85 86 87 88 90 91 92 93 94 95 97 98 99 102 105 106 107 108 111 113 114 115 116 118 119 120 121 122 123 124 125 126 127 128 129 131 132 133 134 135 137 138 139 141 142 144 148 149 151 152 154 156 157 158 159 160 161 162 163 164 166 168 169 172 173 174 176 177 178 179 180 181 182 185 187 188 190 191 192 196 198 199 221 328 335 
156: 0 1 2 3 4 5 8 9 10 11 12 13 14 16 17 18 19 21 22 23 24 25 26 27 28 29 30 33 34 35 36 37 39 40 42 43 44 45 46 48 49 50 51 52 53 54 56 57 58 60 63 64 66 67 69 70 71 72 73 74 75 76 77 78 79 80 81 82 83 84 86 87 89 91 92 93 94 95 98 101 102 106 107 108 109 110 111 112 115 116 117 119 120 121 122 123 124 128 129 131 134 135 136 137 138 139 140 141 143 144 146 148 150 152 153 155 157 158 159 160 161 162 163 164 166 167 168 169 170 172 173 174 176 177 178 181 183 187 188 189 191 193 194 196 197 198 199 226 388 
157: 0 1 2 4 5 6 7 8 9 11 12 13 14 15 16 18 19 21 22 24 27 28 29 30 31 32 33 35 36 37 38 41 42 43 45 46 47 49 50 52 53 54 55 56 58 59 60 61 62 64 65 68 69 70 71 72 73 74 75 77 78 79 81 82 83 84 85 86 87 88 89 94 95 96 97 98 99 100 102 103 105 109 112 113 114 115 117 118 119 121 122 125 126 128 129 131 132 133 135 137 139 140 141 142 143 144 145 148 149 153 154 155 156 158 159 162 163 164 165 166 167 169 171 174 175 178 179 181 182 183 185 186 187 188 189 191 193 194 196 197 198 199 244 272 348 
158: 0 5 7 8 9 10 11 14 15 17 18 19 20 21 24 25 26 27 30 32 33 34 35 36 37 38 39 40 41 42 43 45 47 48 49 50 51 53 54 56 58 60 62 63 64 66 68 71 72 73 76 77 79 80 81 82 84 85 88 89 91 92 93 95 96 97 99 101 102 103 105 107 109 110 111 115 116 118 120 121 122 123 126 128 129 130 131 137 138 141 142 143 145 146 147 148 149 151 155 156 157 160 163 165 166 168 169 171 172 173 175 178 179 181 182 183 186 187 188 189 190 192 194 195 196 197 199 218 239 740 
159: 0 1 2 3 4 5 8 9 10 12 17 18 22 23 24 25 27 29 30 31 32 33 35 36 38 39 41 42 43 45 46 47 48 49 50 51 53 54 56 57 59 60 61 64 65 66 70 71 72 73 74 76 77 78 79 84 86 87 88 89 90 91 93 94 95 96 97 98 99 100 101 102 103 104 105 106 108 109 110 111 112 113 114 116 117 118 119 121 122 124 125 126 127 129 130 132 133 134 136 137 138 139 141 143 144 147 148 149 150 151 152 154 155 156 157 160 161 162 165 166 167 168 169 170 171 172 173 174 175 176 177 179 181 184 185 187 188 189 190 191 193 194 195 196 197 198 199 221 267 355 
160: 1 2 5 7 8 10 11 12 14 16 18 19 21 22 24 25 26 27 28 30 31 32 33 34 35 37 38 40 44 46 47 49 50 51 52 53 54 55 56 57 58 59 61 63 66 67 69 70 71 72 73 74 78 79 80 81 82 83 84 85 86 87 88 89 91 92 94 95 96 97 100 101 102 103 104 106 107 108 109 110 111 112 113 114 115 116 117 118 122 123 124 125 126 127 128 129 130 132 134 135 136 137 138 139 140 141 142 143 144 145 146 148 149 150 153 154 155 156 158 159 161 163 164 165 166 167 170 172 173 174 175 176 177 179 180 181 182 183 185 186 187 188 189 190 191 192 193 194 196 198 210 223 234 282 289 703 
161: 1 5 6 7 11 14 17 19 20 24 25 26 28 29 30 31 32 33 34 35 38 39 41 42 43 44 45 47 52 53 54 56 58 60 62 63 66 67 68 69 70 73 74 75 77 78 79 80 81 82 83 84 85 86 87 88 89 90 91 92 93 96 97 99 100 101 104 105 106 107 109 110 111 112 115 116 117 119 121 123 124 125 127 128 129 131 133 134 137 138 139 140 141 142 143 144 145 146 147 148 149 150 151 152 153 154 155 156 159 160 163 164 165 166 168 169 171 172 174 175 176 179 181 182 184 186 187 188 190 191 192 193 194 195 197 198 217 
162: 4 5 7 8 9 10 12 13 14 16 17 18 19 21 22 24 25 30 31 33 34 35 36 38 39 40 41 47 48 49 50 52 54 55 56 57 60 61 63 64 65 66 67 68 69 70 71 72 73 74 76 77 78 79 81 83 84 85 99 100 103 108 109 110 111 112 113 114 115 117 121 122 124 125 127 128 129 130 134 136 137 138 139 140 141 142 143 145 146 147 148 150 151 152 153 154 155 156 157 159 163 165 167 168 169 170 171 173 174 175 176 177 178 179 182 183 184 186 187 190 191 192 195 196 197 198 257 737 747 
163: 1 2 3 4 6 7 8 9 10 11 12 15 16 17 19 20 24 25 26 27 29 30 32 33 34 35 37 39 40 41 42 43 44 45 46 47 48 49 50 51 52 53 55 56 58 59 60 61 62 63 64 65 66 68 69 70 71 72 73 74 75 77 78 79 81 85 87 88 89 91 92 93 94 95 97 98 101 102 104 106 107 108 109 110 111 112 114 115 116 117 118 119 121 122 124 125 126 131 132 136 137 139 140 142 143 145 146 148 150 151 152 153 155 156 157 158 160 161 162 164 165 166 167 168 169 170 172 174 176 177 179 181 182 184 185 187 188 189 190 191 192 193 194 197 199 383 708 
164: 1 2 3 4 6 11 12 13 15 16 17 19 20 21 22 23 24 26 27 30 31 32 33 34 35 36 37 39 40 41 42 44 47 51 53 54 55 56 57 58 60 61 62 64 66 68 70 72 73 74 75 76 77 78 79 80 81 82 83 84 85 86 87 88 93 97 99 100 101 104 105 106 107 108 109 110 111 113 118 120 121 123 125 127 128 129 130 131 132 134 135 137 138 139 140 141 142 144 145 146 147 148 149 150 151 152 154 155 156 157 160 161 163 165 166 168 169 170 172 174 175 176 177 181 182 184 185 186 187 189 190 191 192 193 194 196 197 198 199 201 217 231 357 
165: 1 2 3 4 5 7 9 10 11 12 13 15 16 17 20 21 22 25 26 28 29 31 33 34 36 37 38 39 40 41 42 43 44 45 46 47 48 50 52 53 55 56 59 62 63 64 65 66 69 71 72 73 76 79 81 82 83 84 87 88 89 90 96 97 98 100 101 102 103 105 106 107 108 110 112 115 118 119 122 123 124 126 128 129 131 132 133 134 135 137 138 139 140 141 142 145 146 147 148 149 150 151 152 153 157 158 159 160 161 162 163 164 166 168 169 170 171 172 173 174 176 177 179 180 182 183 184 185 186 189 190 191 192 193 194 195 196 197 198 199 271 369 396 
166: 0 1 2 3 4 6 7 8 9 10 12 15 16 17 18 19 23 24 26 28 29 30 32 33 36 41 43 44 45 48 49 50 51 52 53 55 56 57 58 59 60 61 63 64 65 66 67 68 69 70 71 72 73 74 77 79 80 81 82 83 84 85 86 88 90 94 95 96 97 99 100 101 102 107 110 111 112 113 115 117 118 119 120 121 122 123 126 127 128 129 131 132 133 135 136 137 138 139 141 143 144 145 146 149 152 153 154 155 156 157 158 159 160 161 163 164 165 167 168 169 170 171 172 175 178 179 180 181 183 186 188 190 193 194 195 196 198 199 363 366 383 716 
167: 0 1 2 3 6 7 8 9 10 11 12 13 14 15 16 17 19 21 22 24 25 27 28 29 30 32 33 34 36 37 38 39 40 41 43 45 46 48 50 51 52 53 54 56 58 59 60 61 63 66 68 69 72 73 74 75 76 77 78 80 81 82 83 85 86 87 88 89 90 91 92 93 94 95 99 100 101 102 103 104 105 106 107 108 109 110 112 113 115 120 121 123 124 125 126 127 129 132 133 134 135 136 138 142 144 145 146 147 148 153 154 156 157 159 160 162 163 166 168 169 170 171 172 175 176 177 178 179 180 181 184 185 187 188 190 191 193 194 195 196 197 199 202 248 291 319 
168: 0 1 2 4 5 6 7 8 10 12 16 17 18 19 20 21 24 26 30 31 33 35 36 37 39 41 42 43 44 45 46 47 48 49 50 51 53 54 55 56 59 60 61 62 63 64 66 68 69 70 71 73 74 76 77 79 80 81 85 87 88 89 92 93 94 96 97 99 100 101 102 103 104 106 111 112 113 114 115 116 119 123 125 127 128 129 130 135 136 138 140 142 143 144 145 146 147 149 150 151 152 153 154 155 156 158 159 161 162 163 164 165 166 167 172 173 174 177 178 179 180 183 184 185 186 187 189 191 192 193 195 196 197 199 728 
169: 0 1 2 4 5 6 9 12 13 14 15 16 17 19 20 23 24 25 28 29 30 31 32 33 34 35 36 38 41 43 44 45 47 48 49 50 52 53 54 55 60 61 62 63 64 65 67 68 69 73 74 75 77 78 84 85 89 90 91 92 93 97 100 102 103 104 106 107 109 111 113 114 116 117 118 120 121 122 125 126 127 128 130 132 133 134 136 137 138 139 140 143 145 148 149 150 151 152 155 156 157 158 159 161 162 163 164 165 166 167 170 171 174 175 176 178 180 181 183 184 186 187 190 193 194 196 198 199 239 718 
170: 1 2 6 8 9 10 13 14 15 16 17 19 20 22 24 25 27 31 32 33 34 35 36 37 38 39 41 43 44 45 47 48 49 50 51 55 57 59 61 62 66 67 68 69 70 71 75 76 78 79 81 82 83 84 86 91 92 94 95 96 97 98 99 101 102 104 105 106 109 114 115 116 118 120 121 122 124 126 127 129 130 133 134 137 138 139 140 141 143 144 146 148 149 150 152 153 156 159 160 162 163 164 165 166 167 169 173 174 175 176 177 178 180 181 183 184 185 189 190 192 193 194 195 196 198 199 201 218 379 
171: 0 1 2 4 8 9 10 12 13 14 17 18 19 20 23 24 25 30 32 33 35 36 37 38 40 41 45 47 48 49 51 54 55 59 61 62 63 64 65 67 68 69 71 75 77 78 79 80 83 84 85 86 88 90 92 93 95 96 97 99 100 101 102 104 105 106 107 108 109 110 111 113 114 117 118 119 120 121 123 124 125 126 127 129 132 133 136 139 140 141 142 143 144 145 146 147 148 149 150 151 152 153 154 157 158 159 161 162 165 166 167 169 174 175 180 181 182 183 184 186 187 188 190 191 192 194 195 199 214 238 281 
172: 0 1 3 4 5 6 7 8 9 10 11 12 14 15 16 18 20 21 23 25 26 27 28 29 31 32 33 34 35 36 38 39 40 41 42 44 45 46 47 48 49 50 52 53 56 57 59 60 61 64 66 69 70 71 72 75 76 80 81 82 84 89 90 92 93 94 96 97 99 100 102 104 106 107 108 109 110 112 113 118 119 123 124 125 126 127 128 129 130 131 133 134 135 137 138 139 140 141 142 143 145 146 147 148 149 151 152 154 155 156 158 159 160 161 163 164 165 166 167 168 174 176 177 178 179 181 182 183 185 187 188 189 191 194 195 196 729 
173: 1 2 3 4 5 7 8 9 10 11 12 14 15 16 17 18 19 22 25 26 27 28 30 32 33 35 37 39 42 46 47 49 50 51 52 53 55 56 57 58 59 60 61 62 63 65 66 67 68 69 70 71 72 73 74 75 77 79 80 81 82 85 86 90 94 95 96 97 98 99 100 102 103 106 107 108 109 110 111 115 116 117 118 119 121 124 126 127 129 130 131 132 133 134 136 137 139 141 142 143 144 145 146 147 148 149 151 152 155 156 158 159 160 162 165 168 170 174 175 177 178 179 181 182 183 185 188 190 191 192 193 194 196 199 327 707 
174: 1 2 3 5 6 8 10 11 12 13 15 16 17 18 19 20 21 22 23 25 26 27 28 29 30 31 32 33 34 35 36 37 39 40 41 43 44 47 48 51 53 55 57 58 59 62 63 64 65 68 69 70 71 72 73 74 77 78 79 80 81 82 83 85 86 88 90 91 92 93 94 95 100 101 102 103 105 107 109 110 111 112 113 115 116 118 119 120 121 122 123 125 127 128 129 130 131 132 133 134 136 137 138 139 140 141 143 144 146 147 148 151 152 153 155 156 157 159 160 161 162 163 164 165 168 169 170 171 172 173 175 176 177 178 179 180 181 185 187 189 190 191 193 195 196 198 199 212 227 344 389 
175: 1 3 5 6 7 8 9 10 11 13 14 15 19 21 22 23 24 27 28 29 31 33 34 36 38 39 40 41 42 44 45 46 47 48 50 54 55 56 57 59 60 62 63 64 65 66 67 75 76 79 81 82 83 84 86 87 89 90 93 95 97 98 101 102 105 106 107 108 109 110 111 112 113 114 115 116 117 118 119 120 122 123 124 125 126 127 128 129 130 131 133 134 136 137 138 139 141 144 146 147 149 151 154 157 158 159 160 161 162 164 166 167 169 170 171 173 174 176 177 178 179 180 184 185 187 188 189 190 191 192 193 195 196 238 723 
176: 0 1 3 5 7 8 11 12 14 15 16 18 19 20 21 23 24 25 29 30 31 32 35 36 39 40 41 42 43 47 48 49 50 51 53 54 56 60 62 63 64 66 68 69 71 73 75 76 77 79 80 82 83 84 85 86 87 88 89 90 93 95 97 98 99 100 101 102 104 105 106 107 108 109 110 111 112 113 114 115 116 117 118 119 120 121 122 123 127 132 134 135 136 137 139 141 142 143 146 147 148 151 152 153 155 156 159 160 161 162 163 164 165 167 169 170 172 174 175 177 179 180 181 182 185 187 188 190 192 193 194 195 197 198 199 299 396 
177: 2 6 8 9 10 11 12 13 14 16 18 20 21 22 23 24 26 27 29 30 31 32 33 36 37 38 39 40 41 42 43 44 45 46 49 50 51 52 53 54 55 56 57 59 60 61 64 65 66 67 68 69 71 73 74 75 77 78 79 80 81 82 83 88 90 92 95 96 97 100 101 105 106 107 108 111 112 114 115 117 118 119 120 121 122 123 124 126 127 128 129 134 136 138 141 142 143 144 146 149 150 151 152 153 155 156 159 160 162 163 164 165 167 168 170 172 173 174 175 176 178 179 181 184 185 187 188 189 192 193 194 195 196 197 199 277 
178: 0 4 5 6 8 9 12 14 15 16 17 18 19 20 21 22 23 25 27 28 30 35 37 38 41 44 48 49 50 51 52 53 55 56 57 58 59 61 62 63 64 65 66 67 69 70 72 73 76 78 79 82 83 85 88 89 91 92 94 95 96 98 99 100 101 103 105 106 108 110 111 113 115 116 119 120 121 122 123 125 126 128 129 132 133 137 138 139 140 141 143 145 146 147 149 150 152 154 155 156 157 158 162 166 167 168 169 170 172 173 174 175 177 180 181 182 183 184 185 186 187 188 190 191 192 193 194 195 196 198 199 718 
179: 0 2 3 4 5 6 7 8 9 11 12 13 14 19 20 23 26 27 28 29 30 31 33 34 35 36 37 38 39 40 41 42 43 44 45 47 48 49 50 52 54 58 59 60 61 62 63 64 68 70 71 72 73 74 75 76 77 78 79 80 81 82 83 84 85 87 89 90 91 93 94 96 97 99 100 101 102 103 104 106 107 110 111 112 114 116 117 119 120 121 123 124 126 127 130 131 132 136 137 138 139 140 141 143 146 147 148 149 150 152 153 155 157 158 159 160 161 162 163 165 166 167 168 172 173 174 175 176 177 180 181 182 183 184 186 187 188 189 190 191 192 193 196 197 198 199 228 242 273 
180: 0 1 3 4 5 7 9 10 11 13 14 16 18 19 21 22 24 25 27 29 30 31 33 34 36 37 38 40 41 42 43 44 45 46 47 48 49 50 51 52 53 55 56 57 60 63 64 66 67 68 69 74 76 77 78 79 82 83 84 85 86 87 88 89 90 91 92 93 96 97 98 99 100 101 102 103 104 105 106 107 108 110 112 114 116 117 118 119 121 123 125 126 127 128 129 130 132 133 134 135 136 137 138 139 141 143 144 145 146 148 149 150 151 152 153 154 155 160 165 166 167 168 169 170 171 174 175 176 178 179 181 182 183 184 186 187 188 189 191 192 193 195 197 199 265 362 383 735 742 
181: 0 4 5 6 9 10 11 12 13 14 15 16 17 20 21 23 25 29 31 32 33 35 36 37 38 41 43 45 46 47 48 51 52 54 56 57 61 62 63 67 68 69 71 72 73 74 75 76 78 79 80 81 82 84 85 88 90 92 95 96 98 99 102 103 105 106 107 108 109 110 111 112 113 115 116 117 119 120 121 122 123 124 125 126 128 129 131 132 133 135 136 137 139 140 141 142 144 146 148 149 150 151 152 153 154 155 156 157 158 159 160 161 163 164 166 167 169 170 171 172 173 174 176 177 178 179 180 183 188 189 192 193 194 195 196 197 198 287 
182: 0 1 2 3 4 5 7 8 9 11 15 16 19 21 23 24 25 26 27 28 29 30 31 33 34 35 36 37 38 39 42 43 44 46 47 48 49 50 51 52 53 54 55 57 59 60 61 63 65 67 69 70 72 73 76 77 78 80 81 83 84 87 88 90 91 94 96 97 98 99 100 102 105 106 107 109 110 111 113 114 116 118 121 122 124 127 129 131 132 133 134 136 139 140 141 145 147 148 153 154 155 157 158 160 161 162 163 164 165 171 172 173 176 178 179 180 184 185 186 189 191 192 193 194 195 196 197 198 199 276 
183: 0 1 3 4 5 8 10 14 15 16 17 18 19 20 22 23 25 26 27 28 30 31 32 33 34 35 36 37 38 39 40 41 43 44 45 46 47 48 50 51 53 54 56 57 60 61 64 66 69 70 72 75 77 78 79 80 81 82 83 86 88 91 93 94 95 97 98 99 101 103 104 105 108 110 112 113 115 116 117 119 120 121 122 125 126 127 130 131 133 134 135 136 137 138 139 140 141 144 145 148 150 151 152 153 156 157 158 160 162 165 166 168 169 170 171 172 173 178 179 180 181 184 186 188 189 191 192 193 194 195 197 198 199 727 
184: 1 2 3 5 6 7 9 10 11 12 13 14 15 16 18 23 25 27 28 31 34 35 36 37 38 39 40 42 43 45 46 47 48 50 51 53 54 55 57 58 60 61 62 63 64 66 68 69 70 71 72 73 75 76 77 79 82 83 85 86 87 88 89 90 91 92 94 98 99 101 103 104 109 111 112 113 115 117 118 119 122 125 128 129 131 132 136 137 138 140 141 142 144 145 146 147 148 149 150 151 152 154 159 161 162 163 164 165 167 168 169 170 171 175 177 178 179 180 182 183 186 188 189 190 191 192 193 196 198 199 321 354 365 
185: 0 1 2 3 4 5 6 9 11 13 14 15 16 17 18 19 21 22 24 25 26 27 29 30 31 32 33 34 35 36 37 39 40 41 42 43 44 45 46 48 49 52 53 54 57 58 59 60 61 63 64 65 66 67 68 69 70 73 76 77 81 82 83 84 86 87 88 89 90 92 93 94 95 96 97 98 99 101 103 104 106 108 110 111 112 113 114 115 116 118 119 120 121 122 123 124 125 126 127 128 129 132 133 134 135 138 139 140 141 142 143 144 145 146 148 149 150 151 152 153 154 155 157 159 160 163 164 165 167 168 170 172 173 174 175 176 177 178 182 187 189 191 192 193 194 196 198 199 267 299 348 
186: 0 1 2 3 4 9 10 11 13 14 15 19 20 22 23 24 25 26 27 28 29 30 31 32 34 36 37 38 39 40 43 45 46 47 49 50 51 53 54 55 56 58 59 60 61 62 64 65 66 69 73 74 75 76 77 78 80 81 82 83 84 85 87 91 92 93 95 96 97 98 99 100 103 106 108 109 112 113 115 117 118 119 120 121 122 123 124 125 126 127 130 131 132 133 136 137 139 140 141 145 146 147 148 149 151 153 154 157 158 160 161 162 164 165 166 168 169 171 178 179 180 182 183 184 187 189 190 191 192 193 194 195 196 197 199 251 319 
187: 0 1 3 5 6 7 8 9 11 12 13 15 16 17 18 19 22 23 24 25 27 28 31 32 33 34 35 39 41 42 43 47 48 49 50 51 53 54 55 56 57 59 60 61 63 64 65 66 67 68 69 70 72 73 74 75 76 78 82 83 84 85 88 89 90 93 94 95 96 97 98 99 100 101 102 103 104 105 106 107 108 110 112 113 114 116 117 118 119 121 122 123 124 125 126 127 128 129 131 132 133 136 137 139 140 141 143 144 146 147 148 149 151 153 154 155 156 157 158 159 160 161 162 163 164 167 168 169 171 172 174 175 176 177 178 179 180 185 186 188 192 196 199 215 237 299 
188: 0 2 4 5 6 7 8 9 10 14 15 16 17 18 19 20 21 23 24 28 29 30 31 32 34 36 39 44 46 47 48 49 50 52 53 54 55 56 57 58 59 60 61 62 63 65 66 67 68 70 72 75 77 79 81 82 83 87 88 90 91 92 94 95 96 97 98 99 100 103 104 105 106 107 108 109 111 115 117 118 122 124 126 127 129 130 131 135 138 140 142 143 144 145 146 147 149 151 152 155 156 157 158 159 160 161 163 166 167 171 172 173 175 176 177 178 179 180 181 183 184 187 189 191 193 194 195 196 197 198 199 376 
189: 2 4 5 7 8 10 11 12 13 14 15 16 18 20 24 25 27 29 30 32 33 34 35 36 37 38 39 42 43 45 46 48 49 50 51 53 54 57 61 62 63 64 65 66 68 69 70 71 73 79 81 82 84 85 86 87 88 89 90 91 92 93 94 95 97 98 99 101 102 103 104 105 107 108 111 112 113 114 117 118 122 123 124 125 126 128 129 130 131 135 136 137 138 139 141 144 146 147 149 152 154 156 157 158 159 160 163 164 165 168 170 172 174 175 177 179 180 181 182 183 184 185 186 188 190 191 192 194 195 196 198 199 280 312 336 
190: 0 4 6 7 8 9 11 12 13 14 16 17 21 22 23 25 26 29 31 33 34 35 37 38 39 40 44 45 46 47 49 51 54 55 56 58 59 60 61 62 63 64 65 66 67 68 69 70 71 72 73 74 75 76 77 78 79 80 81 82 83 84 86 89 91 92 93 94 95 97 98 99 101 102 103 104 105 106 107 109 114 115 116 118 119 121 122 125 126 127 129 130 131 132 134 135 137 139 141 142 143 144 145 146 148 150 151 152 153 154 155 158 159 160 161 162 163 164 165 166 167 169 170 171 173 174 175 176 178 179 184 186 189 191 192 193 194 195 196 197 198 199 
191: 1 3 5 6 7 8 12 14 15 18 20 21 22 24 25 26 29 30 31 32 33 34 35 36 37 38 39 42 43 44 45 47 49 50 51 52 54 57 59 60 61 62 63 67 68 70 71 72 73 74 75 77 78 80 81 82 83 84 85 87 88 90 91 92 93 94 95 96 97 98 99 102 103 104 105 106 108 109 110 111 113 114 115 116 119 120 121 123 124 128 129 130 132 134 135 136 138 139 140 141 143 144 145 146 147 148 150 151 153 154 155 156 157 159 160 161 162 163 164 165 167 168 171 172 173 174 175 178 179 180 182 183 184 185 186 188 189 190 192 193 194 195 197 199 301 343 717 
192: 0 1 2 3 4 5 6 7 8 10 12 14 15 17 22 25 26 29 32 33 34 35 39 40 41 42 45 46 47 48 50 51 52 56 58 59 60 61 62 63 65 66 67 69 70 71 72 75 78 79 80 81 82 87 88 89 91 93 99 100 101 102 105 106 109 110 112 113 114 115 116 117 118 120 121 124 126 127 128 131 132 134 135 136 137 140 143 146 147 149 150 152 153 155 158 160 161 162 163 164 165 168 170 171 173 175 176 177 178 179 180 181 182 183 184 185 186 187 189 190 191 194 195 196 197 198 199 336 351 368 394 737 
193: 0 1 3 4 5 8 13 14 15 16 17 18 19 21 23 24 25 26 27 29 31 32 33 35 36 37 40 41 43 44 45 46 47 48 49 50 51 52 53 54 55 56 57 58 59 60 61 62 63 64 66 69 70 72 73 76 79 80 81 82 83 85 87 88 89 91 92 94 95 96 97 98 100 102 103 104 106 107 108 111 112 113 114 115 116 119 121 122 123 124 125 127 129 130 131 132 133 134 135 137 138 141 142 145 146 149 150 151 153 156 157 159 160 161 163 164 165 166 167 168 169 170 173 174 175 176 177 178 179 180 181 182 183 184 185 186 188 190 191 195 196 197 205 260 331 332 
194: 1 2 3 4 7 8 10 11 13 15 18 19 20 22 25 26 27 28 29 32 33 34 35 37 38 40 41 42 43 46 47 48 50 51 52 53 54 55 57 58 59 61 63 64 65 66 67 68 69 70 71 73 74 75 77 78 79 80 81 82 84 85 87 89 91 92 93 96 97 98 100 101 102 104 107 110 112 113 115 118 120 121 122 123 124 125 127 128 129 130 132 135 137 138 140 143 144 145 147 148 154 156 157 158 159 160 161 163 164 165 166 167 169 170 171 172 173 176 177 178 181 182 183 185 186 188 189 190 191 192 195 197 198 199 269 
195: 0 1 3 4 7 8 9 10 11 12 14 15 16 17 18 19 20 23 24 25 26 27 28 29 30 31 34 35 36 37 38 39 40 45 46 47 48 49 50 52 53 54 55 56 57 59 60 63 65 67 70 71 72 73 74 75 78 79 80 81 82 83 84 85 87 90 94 96 100 103 104 105 106 107 108 110 111 113 114 115 116 118 119 120 121 122 124 125 126 128 130 131 134 135 136 138 141 142 143 147 148 149 150 151 152 153 154 158 159 161 162 165 166 167 168 170 171 172 174 175 176 177 178 180 181 182 183 186 188 189 190 191 192 193 194 197 198 199 202 357 716 
196: 1 2 3 5 7 8 10 11 12 13 15 17 18 19 20 21 22 23 24 25 26 27 28 30 31 32 33 36 41 42 47 49 50 51 54 55 56 59 60 62 63 64 65 66 67 69 71 72 73 74 75 76 79 80 81 82 83 84 85 86 88 90 91 92 93 94 95 97 98 101 102 103 104 107 108 109 112 113 114 116 117 120 121 122 123 124 126 127 128 132 134 135 138 139 140 141 143 144 145 146 147 148 149 151 152 154 155 156 157 158 159 160 162 164 165 166 167 168 169 170 172 173 174 175 177 178 179 181 182 184 185 186 187 188 189 190 192 193 198 283 392 
197: 1 4 5 6 7 8 9 10 12 15 16 17 18 19 21 22 23 26 27 28 33 35 36 37 39 40 42 43 44 45 46 47 48 49 50 51 52 53 55 58 59 60 61 62 64 66 67 68 69 72 73 74 75 76 77 79 81 82 86 87 88 89 90 91 92 93 94 95 96 97 99 100 103 106 107 110 113 114 117 118 119 120 121 122 124 125 128 129 130 131 133 137 138 140 141 143 144 146 147 148 149 150 151 152 154 156 157 158 159 161 162 163 164 165 167 168 176 177 179 180 181 182 183 186 188 190 191 192 193 194 195 198 263 346 
198: 0 1 4 5 7 9 10 11 12 13 14 15 16 18 19 21 22 23 24 26 27 28 30 32 34 37 38 41 42 43 44 45 46 49 50 51 52 53 54 55 57 58 59 61 63 64 70 71 74 76 77 78 79 80 81 82 83 86 87 90 95 96 97 99 100 101 106 107 108 109 110 111 112 113 117 118 119 120 121 125 126 127 128 129 130 132 133 134 135 136 137 139 140 141 143 144 145 146 147 148 149 150 151 153 154 155 156 157 159 160 161 162 164 165 166 169 170 174 176 178 179 181 182 183 184 185 188 189 190 192 194 195 196 197 199 238 323 328 711 741 
199: 0 6 7 9 10 12 13 14 15 16 17 20 21 22 23 24 26 28 29 31 32 33 34 35 36 37 38 39 41 43 44 45 46 47 48 50 51 52 53 54 56 57 58 59 60 61 62 63 65 66 67 68 69 70 71 72 78 79 80 83 84 85 86 87 88 89 90 95 98 100 102 104 105 106 107 108 110 111 113 114 116 117 118 120 121 122 124 125 126 128 129 130 131 133 134 135 136 137 138 139 140 141 142 143 144 145 146 147 148 150 152 154 155 156 157 158 159 163 164 165 166 167 168 169 170 171 173 174 176 177 178 179 180 182 183 184 185 186 187 188 189 190 191 192 194 195 198 340 349 363 745 
200: 13 51 52 66 201 203 205 207 208 209 210 212 214 216 218 219 221 222 223 225 227 228 229 230 231 232 233 235 236 238 239 240 241 242 243 244 245 247 248 250 251 252 254 255 256 257 258 260 261 262 263 264 265 266 268 269 271 272 273 274 275 276 277 278 281 282 285 286 287 288 289 291 292 293 294 295 296 297 298 299 
201: 9 27 130 164 170 200 202 203 204 207 208 209 212 213 214 216 217 218 219 221 223 226 227 228 229 230 231 232 233 234 235 236 238 240 241 243 244 245 246 247 249 250 252 254 255 256 257 258 259 260 261 262 264 265 266 267 268 270 273 274 275 276 277 278 279 280 282 284 285 286 288 289 290 293 294 295 296 297 298 
202: 48 167 195 201 203 204 205 206 208 209 210 211 212 213 214 216 217 218 219 221 222 223 224 225 226 227 228 230 231 232 234 235 236 237 238 239 240 241 242 243 244 245 246 247 248 249 250 251 252 253 254 255 256 257 258 259 260 261 262 263 264 265 267 268 269 271 272 274 275 276 277 278 279 280 281 282 283 287 288 290 292 293 294 295 296 297 298 299 
203: 200 201 202 204 205 208 209 210 211 212 213 214 215 216 217 218 219 220 221 222 223 224 227 228 229 230 231 232 233 234 239 241 242 244 245 246 247 248 249 250 251 252 253 254 255 256 257 258 259 260 261 262 263 264 265 266 267 268 269 270 272 273 274 275 276 277 279 282 285 288 289 290 291 294 295 296 297 298 299 
204: 6 36 201 202 203 205 206 207 209 210 211 213 214 215 217 219 220 221 222 225 226 229 230 231 232 233 234 235 236 238 239 240 242 243 245 246 247 249 250 251 252 253 255 256 257 258 259 261 262 263 264 265 266 267 269 270 271 273 275 276 277 278 279 280 281 282 283 284 285 286 287 288 289 290 291 292 293 296 297 298 299 
205: 71 193 200 202 203 204 209 210 211 212 213 215 216 218 219 220 221 222 223 224 225 226 227 228 231 232 233 234 235 238 239 241 242 243 245 246 249 250 251 253 254 256 257 258 259 260 261 262 263 264 265 266 267 268 269 270 271 273 274 275 276 277 278 279 280 281 282 283 285 286 287 288 289 290 291 292 293 295 297 298 299 
206: 10 47 53 107 202 204 207 208 209 210 212 213 214 215 217 219 221 222 223 224 225 226 228 229 230 231 232 233 235 236 237 238 239 240 241 242 243 245 246 247 248 250 252 253 254 255 256 257 258 259 260 261 262 263 264 265 266 267 268 269 270 271 272 273 274 275 276 277 278 279 280 281 282 283 284 285 286 287 288 289 290 291 292 293 294 295 296 297 298 299 
207: 200 201 204 206 208 210 211 213 214 215 218 219 220 221 222 223 224 225 226 227 228 229 230 231 233 234 235 236 237 238 239 240 242 243 244 245 247 248 249 250 252 253 254 256 257 259 260 261 262 263 265 267 268 269 270 271 272 273 274 275 276 278 279 280 281 282 283 284 285 286 288 289 290 291 295 296 297 299 
208: 85 200 201 202 203 206 207 209 210 211 213 214 216 217 218 220 221 222 224 225 226 227 228 229 230 231 232 233 234 235 236 240 241 243 244 245 246 249 250 251 252 253 254 255 256 258 259 261 262 263 264 265 266 267 270 272 273 274 275 276 277 278 279 281 282 283 284 285 286 288 289 290 291 292 293 294 295 296 297 298 299 
209: 2 200 201 202 203 204 205 206 208 210 211 212 213 214 215 216 218 219 220 221 223 224 225 226 228 229 230 231 233 235 236 237 238 239 240 241 242 244 245 246 247 248 250 251 252 253 256 257 261 262 263 264 265 266 267 270 271 272 273 275 276 277 279 285 286 287 288 290 291 292 293 294 295 296 297 298 299 
210: 10 75 160 200 202 203 204 205 206 207 208 209 211 212 213 215 216 219 220 222 225 226 227 228 229 230 231 232 233 235 236 238 239 240 241 242 243 244 245 247 248 250 251 252 253 254 256 257 258 263 264 265 266 267 268 270 271 272 273 275 276 278 279 281 282 283 284 285 286 287 288 289 290 291 292 293 294 295 296 297 299 
211: 22 138 152 202 203 204 205 207 208 209 210 212 213 214 215 216 217 219 221 223 224 225 226 227 229 230 231 233 234 235 236 237 239 241 243 244 245 246 247 248 249 250 251 252 253 254 255 256 257 260 261 263 264 265 266 269 270 271 272 273 274 275 276 277 278 279 280 282 283 287 288 289 290 292 293 294 295 297 298 299 
212: 129 174 200 201 202 203 205 206 209 210 211 214 216 217 219 220 221 223 224 225 226 227 228 230 232 233 234 235 236 239 240 241 242 244 245 246 247 248 250 251 253 255 256 257 259 261 262 263 264 266 267 268 269 270 271 272 273 274 275 276 277 278 279 280 281 282 285 286 287 288 289 290 291 294 296 297 298 299 
213: 61 65 118 152 201 202 203 204 205 206 207 208 209 210 211 214 215 216 217 218 220 222 223 224 225 226 227 229 230 232 233 234 235 236 238 239 240 241 242 243 245 247 248 249 252 253 254 255 256 258 259 260 261 262 263 265 266 267 270 271 272 273 274 275 276 277 278 279 280 281 282 283 285 286 287 288 289 290 291 292 293 294 295 296 297 298 299 
214: 53 112 171 200 201 202 203 204 206 207 208 209 211 212 213 216 217 218 219 220 221 222 223 224 226 227 230 231 232 233 234 235 237 238 240 242 243 244 245 246 247 248 249 250 251 252 253 254 255 256 257 258 259 260 262 263 264 265 266 267 268 269 270 271 272 273 274 275 276 278 279 280 281 282 283 284 286 287 288 289 290 291 292 293 294 296 297 298 299 
215: 49 187 203 204 205 206 207 209 210 211 213 216 217 218 219 220 222 223 224 225 226 227 228 229 230 231 232 233 234 235 237 238 241 244 245 246 247 249 250 251 252 253 254 256 257 258 259 260 261 262 263 264 265 266 267 268 271 272 273 274 276 277 278 280 281 282 283 284 285 286 287 288 290 291 293 295 296 297 298 299 
216: 29 112 133 200 201 202 203 205 208 209 210 211 212 213 214 215 217 219 221 223 224 225 227 228 229 230 231 232 233 234 235 236 237 238 239 240 241 242 243 244 245 246 247 248 249 250 251 252 253 254 255 256 257 258 259 260 261 262 263 264 265 268 270 271 272 274 275 276 277 278 279 280 281 282 283 284 285 287 288 290 291 292 294 295 296 299 
217: 161 164 201 202 203 204 206 208 211 212 213 214 215 216 218 219 220 221 222 223 224 225 226 227 229 230 231 232 234 236 238 239 240 241 242 244 245 246 249 250 251 252 253 254 255 256 257 258 260 263 265 266 267 268 269 271 273 276 277 279 280 281 282 283 286 287 289 291 292 293 294 296 297 298 299 
218: 39 158 170 200 201 202 203 205 207 208 209 213 214 215 217 219 220 221 222 225 226 228 229 233 235 236 237 238 239 240 242 243 244 245 246 247 248 249 250 251 252 254 255 256 259 261 262 263 264 265 266 268 269 272 273 275 276 279 280 281 283 284 285 286 287 288 289 290 291 292 295 296 297 299 
219: 0 117 200 201 202 203 204 205 206 207 209 210 211 212 214 215 216 217 218 220 221 222 226 227 228 229 230 231 232 233 234 235 237 238 239 240 241 244 245 246 248 250 251 252 253 254 256 258 259 260 262 263 264 265 266 267 269 270 271 273 274 277 279 280 281 283 284 285 286 287 288 289 290 291 292 293 294 295 296 297 298 299 
220: 91 203 204 205 207 208 209 210 212 213 214 215 217 218 219 221 222 224 226 227 228 229 230 231 232 233 234 235 236 237 238 239 240 241 242 243 244 245 246 247 248 250 251 252 253 254 255 256 257 258 259 260 261 264 265 266 267 270 271 272 273 274 275 276 278 279 280 281 282 284 285 286 287 288 289 290 292 293 294 295 296 297 298 299 
221: 155 159 200 201 202 203 204 205 206 207 208 209 211 212 214 216 217 218 219 220 222 224 225 227 228 229 230 231 232 233 234 235 236 237 239 241 242 243 244 245 246 247 249 250 251 252 253 254 255 256 257 258 259 260 261 262 263 264 265 267 268 269 270 271 272 274 275 276 277 278 279 280 281 282 283 286 287 288 289 290 292 293 294 296 299 
222: 96 200 202 203 204 205 206 207 208 210 213 214 215 217 218 219 220 221 223 224 225 226 227 228 230 231 232 234 235 237 239 240 241 242 246 248 250 251 253 254 255 256 257 259 260 261 262 263 264 265 266 267 268 269 270 271 272 276 277 278 279 280 281 282 283 284 286 287 288 289 290 292 293 294 295 297 298 
223: 59 86 135 145 160 200 201 202 203 205 206 207 209 211 212 213 214 215 216 217 222 225 227 230 231 232 233 234 235 236 238 239 241 242 243 244 245 247 248 250 251 252 253 254 255 256 257 258 259 260 262 263 264 266 267 268 269 270 271 273 274 275 277 278 280 281 282 283 284 285 286 288 290 291 292 293 294 296 297 298 
224: 43 99 124 202 203 205 206 207 208 209 211 212 213 214 215 216 217 220 221 222 225 226 227 228 229 230 231 232 234 235 237 238 239 242 243 244 245 246 247 248 249 251 254 255 258 259 260 261 263 264 265 266 267 269 271 272 273 274 275 276 277 278 279 280 281 283 284 285 286 287 289 290 292 293 295 296 298 
225: 42 200 202 204 205 206 207 208 209 210 211 212 213 215 216 217 218 221 222 223 224 226 229 230 231 232 233 234 236 237 238 239 240 241 242 243 244 246 247 248 249 250 251 252 254 256 257 258 260 261 262 264 265 266 267 268 269 270 272 273 274 276 277 278 279 280 281 283 285 286 288 289 291 293 295 296 297 298 299 
226: 17 120 156 201 202 204 205 206 207 208 209 210 211 212 213 214 215 217 218 219 220 222 224 225 227 228 229 230 231 232 233 234 235 236 238 239 240 241 242 243 244 246 247 248 249 250 252 254 255 257 258 259 261 262 264 266 267 269 270 271 272 273 274 275 276 277 278 279 280 281 283 284 285 286 287 289 290 291 294 295 296 297 298 299 
227: 174 200 201 202 203 205 207 208 210 211 212 213 214 215 216 217 219 220 221 222 223 224 226 228 230 231 233 235 236 237 238 240 241 242 243 244 245 246 247 248 249 250 251 252 253 254 255 256 257 260 261 262 263 264 265 267 268 269 270 271 272 274 275 276 277 278 279 281 282 283 286 287 288 289 291 293 294 296 297 298 299 
228: 123 179 200 201 202 203 205 206 207 208 209 210 212 215 216 218 219 220 221 222 224 226 227 229 230 231 233 234 235 237 238 239 241 242 243 244 245 246 247 248 250 251 253 255 256 257 258 259 260 261 262 264 265 266 267 268 269 270 272 273 274 275 276 277 278 280 282 283 284 285 286 287 288 290 292 293 294 295 296 298 299 
229: 200 201 203 204 206 207 208 209 210 211 213 215 216 217 218 219 220 221 224 225 226 228 231 232 233 235 239 243 244 246 247 249 250 253 254 256 257 259 260 261 262 264 265 266 267 269 271 272 273 274 275 276 279 280 281 282 284 285 286 287 289 291 292 293 295 296 297 298 299 
230: 83 200 201 202 203 204 206 207 208 209 210 211 212 213 214 215 216 217 219 220 221 222 223 224 225 226 227 228 231 232 233 234 235 236 237 238 239 241 242 243 245 246 247 248 249 250 251 252 253 255 256 257 258 259 260 261 262 263 265 266 267 268 270 271 272 273 274 276 279 280 281 283 284 285 286 288 289 290 291 292 293 294 296 298 299 
231: 51 164 200 201 202 203 204 205 206 207 208 209 210 211 214 215 216 217 219 220 221 222 223 224 225 226 227 228 229 230 232 233 234 235 236 237 238 239 240 247 249 252 253 255 257 258 259 263 264 265 266 267 268 269 270 271 272 273 275 276 277 279 280 282 283 284 285 287 288 289 292 293 295 296 297 298 299 
232: 25 200 201 202 203 204 205 206 208 210 212 213 214 215 216 217 219 220 221 222 223 224 225 226 229 230 231 233 235 236 238 239 240 241 242 244 245 246 247 248 249 250 251 252 253 255 257 258 259 260 261 262 263 265 266 267 268 269 270 271 272 273 274 275 276 277 278 279 280 281 282 283 284 286 288 289 290 291 292 293 294 295 298 299 
233: 85 133 200 201 203 204 205 206 207 208 209 210 211 212 213 214 215 216 218 219 220 221 223 225 226 227 228 229 230 231 232 234 236 237 239 240 241 242 243 244 245 246 247 248 249 250 251 252 253 254 255 256 257 258 259 260 261 262 263 264 265 266 267 268 269 270 272 273 274 275 276 277 278 279 281 284 285 287 288 289 290 291 292 294 295 296 297 298 299 
234: 125 126 132 160 201 202 203 204 205 207 208 211 212 213 214 215 216 217 219 220 221 222 223 224 225 226 228 230 231 233 235 237 238 239 240 243 244 245 246 247 248 250 252 253 254 255 256 257 258 260 261 262 263 265 266 267 269 270 271 272 273 274 275 276 277 278 280 281 282 284 285 286 289 290 291 292 294 295 296 299 
235: 16 42 200 201 202 204 205 206 207 208 209 210 211 212 213 214 215 216 218 219 220 221 222 223 224 226 227 228 229 230 231 232 234 236 237 238 239 240 241 243 245 246 247 248 249 250 251 253 254 255 256 259 261 262 265 266 267 268 270 271 272 274 275 276 277 279 280 281 283 284 286 287 288 291 292 293 295 296 297 298 299 
236: 88 100 200 201 202 204 206 207 208 209 210 211 212 213 216 217 218 220 221 223 225 226 227 230 231 232 233 235 237 238 239 241 242 243 244 245 246 247 248 249 250 251 253 254 255 256 257 258 259 261 262 263 264 265 266 267 268 269 270 272 274 276 277 278 279 280 282 283 284 285 286 289 291 292 294 296 297 299 
237: 187 202 206 207 209 211 214 215 216 218 219 220 221 222 224 225 227 228 230 231 233 234 235 236 238 239 240 241 242 243 245 246 247 250 253 255 256 257 258 259 260 261 262 263 264 265 266 267 268 270 271 272 273 274 275 277 278 279 280 281 283 285 286 287 288 289 291 292 293 295 296 297 298 299 
238: 171 175 198 200 201 202 204 205 206 207 209 210 213 214 215 216 217 218 219 220 223 224 225 226 227 228 230 231 232 234 235 236 237 239 240 241 242 244 245 246 247 248 249 250 251 252 254 255 257 258 259 260 262 264 265 266 267 268 269 270 271 272 273 274 275 277 279 280 282 283 284 285 286 288 289 290 292 293 295 296 297 
239: 27 42 144 158 169 200 202 203 204 205 206 207 209 210 211 212 213 216 217 218 219 220 221 222 223 224 225 226 228 229 230 231 232 233 234 235 236 237 238 240 241 242 243 244 246 247 248 249 250 251 252 254 256 258 259 260 261 262 263 264 265 266 267 268 269 271 272 273 274 276 277 278 281 282 283 284 285 287 288 289 290 291 292 293 294 295 296 298 
240: 48 200 201 202 204 206 207 208 209 210 212 213 214 216 217 218 219 220 222 225 226 227 231 232 233 234 235 237 238 239 241 242 244 245 246 248 249 250 252 253 254 255 256 258 259 261 262 263 264 265 266 267 268 269 270 272 274 275 276 277 279 280 281 282 283 284 285 286 287 288 290 291 292 293 294 296 297 298 299 
241: 127 200 201 202 203 205 206 208 209 210 211 212 213 215 216 217 219 220 221 222 223 225 226 227 228 230 232 233 235 236 237 238 239 240 242 243 244 245 246 249 250 251 252 253 254 256 258 259 260 261 263 264 265 267 268 269 270 271 272 273 275 276 277 278 279 280 282 283 285 287 288 289 290 291 293 294 295 297 298 299 
242: 116 145 179 200 202 203 204 205 206 207 209 210 212 213 214 216 217 218 220 221 222 223 224 225 226 227 228 230 232 233 236 237 238 239 240 241 243 244 245 246 248 249 252 253 254 255 256 257 258 259 262 263 264 266 268 269 270 271 272 273 274 275 277 278 279 280 281 283 284 285 286 287 288 289 290 291 292 293 294 295 296 298 299 
243: 22 200 201 202 204 205 206 207 208 210 211 213 214 216 218 220 221 223 224 225 226 227 228 229 230 233 234 235 236 237 239 241 242 245 246 247 249 250 252 253 254 256 257 258 259 260 261 262 263 266 267 268 269 270 271 272 274 275 277 278 279 280 281 282 283 284 285 286 287 288 289 291 293 295 296 298 299 
244: 64 157 200 201 202 203 207 208 209 210 211 212 214 215 216 217 218 219 220 221 223 224 225 226 227 228 229 232 233 234 236 238 239 240 241 242 246 247 249 250 251 252 254 255 256 257 259 260 261 262 266 267 268 269 270 271 273 274 277 278 279 280 281 282 283 284 285 286 287 288 289 291 292 293 295 298 
245: 88 124 200 201 202 203 204 205 206 207 208 209 210 211 212 213 214 215 216 217 218 219 220 221 223 224 227 228 230 232 233 234 235 236 237 238 240 241 242 243 246 248 249 250 251 254 255 256 257 258 259 260 261 262 263 264 265 266 267 269 270 271 273 275 276 277 281 283 284 285 286 287 290 291 292 293 297 
246: 66 89 110 201 202 203 204 205 206 208 209 211 212 214 215 216 217 218 219 220 221 222 224 225 226 227 228 229 230 232 233 234 235 236 237 238 239 240 241 242 243 244 245 248 250 251 252 253 254 255 256 257 259 260 261 263 264 265 267 268 269 270 271 272 273 274 275 276 277 278 279 280 281 284 285 286 287 288 290 292 293 294 295 296 297 298 
247: 103 200 201 202 203 204 206 207 209 210 211 212 213 214 215 216 218 220 221 223 224 225 226 227 228 229 230 231 232 233 234 235 236 237 238 239 243 244 248 250 252 253 254 255 256 257 258 259 260 261 263 264 265 266 268 269 270 274 275 276 277 278 279 281 282 283 284 285 286 287 288 289 290 291 292 293 294 295 296 297 298 299 
248: 46 167 200 202 203 206 207 209 210 211 212 213 214 216 218 219 220 222 223 224 225 226 227 228 230 232 233 234 235 236 238 239 240 242 245 246 247 249 251 252 253 254 255 256 257 258 259 260 261 262 264 265 267 268 269 270 271 272 273 274 275 276 277 280 282 283 284 285 287 288 289 290 291 292 293 294 295 296 297 298 299 
249: 40 201 202 203 204 205 207 208 211 213 214 215 216 217 218 221 224 225 226 227 229 230 231 232 233 235 236 238 239 240 241 242 243 244 245 248 250 251 252 254 255 257 261 262 263 264 265 266 267 268 269 270 271 272 273 274 275 276 278 279 280 281 282 283 284 285 286 288 289 290 291 292 293 294 295 296 297 298 
250: 74 114 145 200 201 202 203 204 205 206 207 208 209 210 211 212 214 215 216 217 218 219 220 221 222 223 225 226 227 228 229 230 232 233 234 235 236 237 238 239 240 241 243 244 245 246 247 249 252 253 254 255 256 257 258 259 263 265 266 267 268 269 270 271 272 273 274 275 276 277 278 279 280 281 282 283 284 285 286 287 288 290 291 292 294 295 297 298 299 
251: 144 186 200 202 203 204 205 208 209 210 211 212 214 215 216 217 218 219 220 221 222 223 224 225 227 228 230 232 233 235 236 238 239 241 244 245 246 248 249 252 253 255 256 257 258 259 260 261 262 263 265 266 267 269 270 271 273 274 275 276 277 278 279 280 281 282 283 284 286 287 288 289 290 291 292 294 296 297 298 299 
252: 67 131 137 200 201 202 203 204 206 207 208 209 210 211 213 214 215 216 217 218 219 220 221 223 225 226 227 230 231 232 233 234 238 239 240 241 242 243 244 246 247 248 249 250 251 253 255 256 257 258 261 262 263 264 265 266 267 269 271 274 277 278 280 281 283 284 285 286 287 288 289 290 291 293 294 296 297 298 299 
253: 43 63 91 111 202 203 204 205 206 207 208 209 210 211 212 213 214 215 216 217 219 220 221 222 223 227 228 229 230 231 232 233 234 235 236 237 240 241 242 243 246 247 248 250 251 252 254 255 256 258 259 260 261 262 263 265 267 268 272 273 274 275 276 277 278 279 280 281 282 283 285 286 287 288 289 290 291 292 293 295 296 297 298 299 
254: 64 200 201 202 203 205 206 207 208 210 211 213 214 215 216 217 218 219 220 221 222 223 224 225 226 227 229 233 234 235 236 238 239 240 241 242 243 244 245 246 247 248 249 250 253 256 257 258 259 260 261 262 263 264 265 266 267 268 269 270 272 273 274 279 280 281 282 283 284 285 286 287 290 292 293 294 295 296 298 299 
255: 0 50 115 141 200 201 202 203 204 206 208 211 212 213 214 216 217 218 220 221 222 223 224 226 227 228 230 231 232 233 234 235 236 237 238 240 242 244 245 246 247 248 249 250 251 252 253 256 257 258 259 260 261 262 263 265 267 268 269 272 274 275 278 279 280 281 282 283 285 286 287 289 290 291 292 293 294 295 296 298 299 
256: 39 131 200 201 202 203 204 205 206 207 208 209 210 211 212 213 214 215 216 217 218 219 220 221 222 223 225 227 228 229 230 233 234 235 236 237 239 240 241 242 243 244 245 246 247 248 250 251 252 253 254 255 257 258 259 261 262 263 264 265 267 268 269 270 272 273 274 276 277 278 280 281 282 283 284 285 286 287 288 289 290 291 292 293 294 295 296 297 
257: 17 62 82 162 200 201 202 203 204 205 206 207 209 210 211 212 214 215 216 217 220 221 222 223 225 226 227 228 229 230 231 232 233 234 236 237 238 242 243 244 245 246 247 248 249 250 251 252 254 255 256 258 259 260 261 262 266 267 268 271 272 273 274 275 277 279 282 283 284 285 286 287 288 289 290 293 295 297 298 299 
258: 110 132 146 200 201 202 203 204 205 206 208 210 213 214 215 216 217 219 220 221 223 224 225 226 228 230 231 232 233 234 236 237 238 239 240 241 242 243 245 247 248 250 251 252 253 254 255 256 257 260 261 262 263 264 265 267 269 270 271 272 273 275 276 277 280 281 283 285 286 287 289 292 293 294 295 296 298 299 
259: 27 124 201 202 203 204 205 206 207 208 212 213 214 215 216 218 219 220 221 222 223 224 226 228 229 230 231 232 233 235 236 237 238 239 240 241 242 243 244 245 246 247 248 250 251 253 254 255 256 257 260 261 262 263 264 265 266 267 270 271 272 273 274 275 278 279 280 282 283 284 285 286 287 288 289 290 291 292 293 294 295 296 297 298 299 
260: 193 200 201 202 203 205 206 207 211 213 214 215 216 217 219 220 221 222 223 224 225 227 228 229 230 232 233 234 237 238 239 241 243 244 245 246 247 248 251 253 254 255 257 258 259 261 262 263 264 266 268 270 271 272 273 274 277 278 280 281 282 283 284 285 286 288 290 291 292 294 295 296 298 299 
261: 145 200 201 202 203 204 205 206 207 208 209 211 212 213 215 216 218 220 221 222 224 225 226 227 228 229 230 232 233 234 235 236 237 239 240 241 243 244 245 246 247 248 249 251 252 253 254 255 256 257 258 259 260 262 264 267 268 269 270 271 273 274 275 276 277 278 279 280 281 282 283 284 285 287 289 290 291 292 293 294 295 297 298 299 
262: 3 200 201 202 203 204 205 206 207 208 209 212 213 214 215 216 218 219 221 222 223 225 226 227 228 229 230 232 233 234 235 236 237 238 239 240 242 243 244 245 248 249 251 252 253 254 255 256 257 258 259 260 261 263 264 265 266 267 269 270 271 272 273 274 275 276 277 279 280 284 286 287 289 290 291 292 293 294 295 296 297 299 
263: 197 200 202 203 204 205 206 207 208 209 210 211 212 213 214 215 216 217 218 219 221 222 223 224 227 230 231 232 233 234 236 237 239 240 241 242 243 245 246 247 249 250 251 252 253 254 255 256 258 259 260 262 264 265 266 267 269 270 271 272 273 274 275 276 277 278 281 282 283 284 285 286 287 290 291 292 293 296 297 298 
264: 71 200 201 202 203 204 205 206 208 209 210 211 212 214 215 216 218 219 220 221 222 223 224 225 226 227 228 229 231 233 236 237 238 239 240 241 242 245 246 247 248 249 252 254 256 258 259 260 261 262 263 265 267 268 269 270 272 273 274 275 276 277 278 279 281 282 283 284 285 288 289 291 293 294 295 296 297 299 
265: 20 142 180 200 201 202 203 204 205 206 207 208 209 210 211 213 214 215 216 217 218 219 220 221 222 224 225 227 228 229 230 231 232 233 234 235 236 237 238 239 240 241 245 246 247 248 249 250 251 252 253 254 255 256 258 259 262 263 264 266 267 269 271 272 273 274 275 276 277 278 279 280 281 282 284 286 287 289 290 291 292 293 295 296 297 298 299 
266: 118 200 201 203 204 205 206 208 209 210 211 212 213 214 215 217 218 219 220 222 223 224 225 226 228 229 230 231 232 233 234 235 236 237 238 239 240 242 243 244 245 247 249 250 251 252 254 257 259 260 262 263 265 267 269 271 272 273 274 275 276 277 278 279 280 281 282 283 284 285 286 287 290 292 293 295 296 297 298 299 
267: 159 185 201 202 203 204 205 206 207 208 209 210 212 213 214 215 217 219 220 221 222 223 224 225 226 227 228 229 230 231 232 233 234 235 236 237 238 239 240 241 243 244 245 246 248 249 250 251 252 253 254 255 256 257 258 259 261 262 263 264 265 266 269 270 271 273 275 277 278 279 280 281 282 283 284 285 286 287 288 289 290 291 292 293 294 295 296 297 298 299 
268: 25 62 73 145 148 200 201 202 203 205 206 207 210 212 214 215 216 217 218 221 222 223 225 227 228 230 231 232 233 235 236 237 238 239 240 241 242 243 244 246 247 248 249 250 253 254 255 256 257 260 261 264 269 270 272 275 277 278 279 280 281 282 283 286 288 289 291 293 294 295 296 297 299 
269: 25 48 150 194 200 202 203 204 205 206 207 211 212 214 217 218 219 221 222 223 224 225 226 227 228 229 231 232 233 234 236 238 239 240 241 242 243 244 245 246 247 248 249 250 251 252 254 255 256 258 261 262 263 264 265 266 267 268 272 274 275 276 277 278 279 280 281 282 283 284 286 287 288 289 293 294 295 298 
270: 95 201 203 204 205 206 207 208 209 210 211 212 213 214 216 219 220 221 222 223 225 226 227 228 230 231 232 233 234 235 236 237 238 240 241 242 243 244 245 246 247 248 249 250 251 254 256 258 259 260 261 262 263 264 267 268 271 272 273 275 276 277 278 279 280 281 283 284 285 286 288 289 290 292 293 294 295 296 297 298 299 
271: 99 102 165 200 202 204 205 206 207 209 210 211 212 213 214 215 216 217 219 220 221 222 223 224 226 227 229 230 231 232 234 235 237 238 239 241 242 243 244 245 246 248 249 250 251 252 257 258 259 260 261 262 263 265 266 267 270 272 274 277 278 280 282 283 284 285 286 288 290 291 292 294 297 298 299 
272: 9 157 200 202 203 206 207 208 209 210 211 212 213 214 215 216 218 220 221 222 224 225 226 227 228 229 230 231 232 233 234 235 236 237 238 239 240 241 242 243 246 248 249 250 253 254 255 256 257 258 259 260 262 263 264 265 266 268 269 270 271 273 274 275 277 278 280 281 282 283 284 285 286 287 288 289 290 291 292 293 294 295 296 298 299 
273: 62 90 141 179 200 201 203 204 205 206 207 208 209 210 211 212 213 214 215 217 218 219 220 223 224 225 226 228 229 230 231 232 233 234 237 238 239 241 242 244 245 246 248 249 250 251 253 254 256 257 258 259 260 261 262 263 264 265 266 267 270 272 275 276 277 278 280 283 284 285 286 288 289 290 291 294 295 296 297 299 
274: 38 200 201 202 203 205 206 207 208 211 212 213 214 215 216 219 220 221 223 224 225 226 227 228 229 230 232 233 234 235 236 237 238 239 240 242 243 244 246 247 248 249 250 251 252 253 254 255 256 257 259 260 261 262 263 264 265 266 269 271 272 275 276 277 279 280 281 282 283 284 286 287 289 290 292 295 296 297 298 
275: 42 200 201 202 203 204 205 206 207 208 209 210 211 212 213 214 216 218 220 221 223 224 226 227 228 229 231 232 233 234 235 237 238 240 241 242 243 245 246 247 248 249 250 251 253 255 257 258 259 261 262 263 264 265 266 267 268 269 270 272 273 274 277 278 279 280 281 282 283 284 285 287 288 289 290 292 294 295 296 297 298 299 
276: 10 182 200 201 202 203 204 205 206 207 208 209 210 211 212 213 214 215 216 217 218 220 221 222 224 225 226 227 228 229 230 231 232 233 234 235 236 239 240 241 245 246 247 248 249 250 251 253 256 258 261 262 263 264 265 266 269 270 273 274 277 278 280 281 282 283 286 287 288 289 291 292 293 296 297 298 299 
277: 102 107 148 177 200 201 202 203 204 205 206 208 209 211 212 213 215 216 217 219 221 222 223 224 225 226 227 228 231 232 233 234 235 236 237 238 239 240 241 242 243 244 245 246 247 248 250 251 252 253 256 257 258 260 261 262 263 264 265 266 267 268 269 270 271 272 273 274 275 276 278 279 280 281 282 283 284 286 287 288 289 290 291 292 293 294 295 296 297 298 299 
278: 60 133 134 200 201 202 204 205 206 207 208 210 211 212 213 214 215 216 220 221 222 223 224 225 226 227 228 232 233 234 236 237 239 241 242 243 244 246 247 249 250 251 252 253 255 256 259 260 261 263 264 265 266 267 268 269 270 271 272 273 275 276 277 279 281 282 283 284 285 286 287 291 293 295 296 297 298 299 
279: 142 201 202 203 204 205 206 207 208 209 210 211 212 213 214 216 217 218 219 220 221 222 224 225 226 227 229 230 231 232 233 235 236 237 238 240 241 242 243 244 246 247 249 250 251 253 254 255 257 259 261 262 264 265 266 267 268 269 270 274 275 277 278 281 282 283 284 285 289 290 291 293 294 296 297 298 
280: 113 131 189 201 202 204 205 206 207 211 212 213 214 215 216 217 218 219 220 221 222 223 224 225 226 228 229 230 231 232 234 235 236 237 238 240 241 242 243 244 246 248 249 250 251 252 253 254 255 256 258 259 260 261 262 265 266 267 268 269 270 271 272 273 274 275 276 277 282 283 284 285 286 287 288 289 290 291 292 293 294 295 296 298 299 
281: 4 171 200 202 204 205 206 207 208 210 212 213 214 215 216 217 218 219 220 221 222 223 224 225 226 227 229 230 232 233 234 235 237 239 240 242 243 244 245 246 247 249 250 251 252 253 254 255 256 258 260 261 263 264 265 266 267 268 269 270 272 274 275 276 277 278 279 282 283 284 285 286 287 288 289 290 291 292 294 295 296 297 298 299 
282: 78 81 160 200 201 202 203 204 205 206 207 208 210 211 212 213 214 215 216 217 220 221 222 223 227 228 229 231 232 234 236 238 239 240 241 243 244 247 248 249 250 251 253 254 255 256 257 259 260 261 263 264 265 266 267 268 269 271 272 274 275 276 277 278 279 280 281 283 284 285 286 287 288 289 290 291 292 293 295 297 298 299 
283: 79 103 196 202 204 205 206 207 208 210 211 213 214 215 216 217 218 219 221 222 223 224 225 226 227 228 230 231 232 235 236 237 238 239 240 241 242 243 244 245 247 248 249 250 251 252 253 254 255 256 257 258 259 260 261 263 264 266 267 268 269 270 271 272 273 274 275 276 277 278 279 280 281 282 285 286 287 288 289 293 294 295 296 297 298 
284: 201 204 206 207 208 210 214 215 216 218 219 220 222 223 224 226 228 229 230 231 232 233 234 235 236 238 239 240 242 243 244 245 246 247 248 249 250 251 252 254 256 257 259 260 261 262 263 264 265 266 267 269 270 271 272 273 274 275 277 278 279 280 281 282 285 288 289 292 293 294 295 296 297 
285: 36 64 90 200 201 203 204 205 206 207 208 209 210 212 213 215 216 218 219 220 223 224 225 226 228 229 230 231 233 234 236 237 238 239 240 241 242 243 244 245 246 247 248 249 250 252 253 254 255 256 257 258 259 260 261 263 264 266 267 270 271 272 273 275 278 279 280 281 282 283 284 286 287 288 289 292 293 294 295 296 298 
286: 200 201 204 205 206 207 208 209 210 212 213 214 215 217 218 219 220 221 222 223 224 225 226 227 228 229 230 232 234 235 236 237 238 240 242 243 244 245 246 247 249 250 251 252 253 254 255 256 257 258 259 260 262 263 265 266 267 268 269 270 271 272 273 274 276 277 278 280 281 282 283 285 287 288 289 290 291 292 293 294 295 296 297 298 299 
287: 46 75 84 123 181 200 202 204 205 206 209 210 211 212 213 214 215 216 217 218 219 220 221 222 224 226 227 228 229 231 233 235 237 239 240 241 242 243 244 245 246 247 248 250 251 252 253 254 255 256 257 258 259 261 262 263 265 266 267 269 272 274 275 276 277 278 280 281 282 283 285 286 288 289 290 294 295 296 297 298 299 
288: 5 25 128 140 200 201 202 203 204 205 206 207 208 209 210 211 212 213 214 215 216 218 219 220 221 222 223 225 227 228 230 231 232 233 235 237 238 239 240 241 242 243 244 246 247 248 249 250 251 252 253 256 257 259 260 264 267 268 269 270 271 272 273 275 276 277 280 281 282 283 284 285 286 287 289 290 291 292 293 295 296 299 
289: 160 200 201 203 204 205 206 207 208 210 211 212 213 214 217 218 219 220 221 222 224 225 226 227 229 230 231 232 233 234 236 237 238 239 241 242 243 244 247 248 249 251 252 253 255 256 257 258 259 261 262 264 265 267 268 269 270 272 273 274 275 276 277 279 280 281 282 283 284 285 286 287 288 290 291 292 293 295 296 297 298 299 
290: 201 202 203 204 205 206 207 208 209 210 211 212 213 214 215 216 218 219 220 221 222 223 224 226 228 230 232 233 234 238 239 240 241 242 245 246 247 248 249 250 251 252 253 254 255 256 257 259 260 261 262 263 265 266 267 270 271 272 273 274 275 277 279 280 281 282 286 287 288 289 291 292 293 294 295 296 299 
291: 167 200 203 204 205 206 207 208 209 210 212 213 214 215 216 217 218 219 223 225 226 227 229 230 232 233 234 235 236 237 239 240 241 242 243 244 245 247 248 249 250 251 252 253 255 256 259 260 261 262 263 264 265 267 268 271 272 273 276 277 278 279 280 281 282 286 288 289 290 292 293 294 296 298 299 
292: 200 202 204 205 206 208 209 210 211 213 214 216 217 218 219 220 221 222 223 224 228 229 230 231 232 233 234 235 236 237 238 239 240 242 244 245 246 247 248 249 250 251 253 254 255 256 258 259 260 261 262 263 265 266 267 270 271 272 274 275 276 277 280 281 282 284 285 286 288 289 290 291 293 294 298 299 
293: 90 143 200 201 202 204 205 206 208 209 210 211 213 214 215 217 219 220 221 222 223 224 225 227 228 229 230 231 232 235 237 238 239 240 241 242 243 244 245 246 247 248 249 252 253 254 255 256 257 258 259 261 262 263 264 265 266 267 268 269 270 272 276 277 278 279 280 282 283 284 285 286 288 289 290 291 292 294 295 296 297 298 299 
294: 153 200 201 202 203 206 208 209 210 211 212 213 214 216 217 219 220 221 222 223 226 227 228 230 232 233 234 236 239 240 241 242 246 247 248 249 250 251 252 254 255 256 258 259 260 261 262 264 267 268 269 270 271 272 273 275 277 279 280 281 283 284 285 286 287 290 291 292 293 295 296 297 298 
295: 68 93 200 201 202 203 205 206 207 208 209 210 211 213 215 216 218 219 220 222 224 225 226 228 229 231 232 233 234 235 237 238 239 241 242 243 244 246 247 248 249 250 253 254 255 256 257 258 259 260 261 262 264 265 266 267 268 269 270 272 273 274 275 277 278 280 281 282 283 284 285 286 287 288 289 290 293 294 296 297 
296: 88 200 201 202 203 204 206 207 208 209 210 212 213 214 215 216 217 218 219 220 221 223 224 225 226 227 228 229 230 231 233 234 235 236 237 238 239 240 242 243 246 247 248 249 251 252 253 254 255 256 258 259 260 262 263 264 265 266 267 268 270 272 273 274 275 276 277 278 279 280 281 283 284 285 286 287 288 289 290 291 293 294 295 297 299 
297: 32 60 65 74 200 201 202 203 204 205 206 207 208 209 210 211 212 213 214 215 217 218 219 220 222 223 225 226 227 229 231 233 235 236 237 238 240 241 245 246 247 248 249 250 251 252 253 256 257 259 261 262 263 264 265 266 267 268 270 271 273 274 275 276 277 278 279 281 282 283 284 286 287 289 293 294 295 296 298 299 
298: 200 201 202 203 204 205 206 208 209 211 212 213 214 215 217 219 220 222 223 224 225 226 227 228 229 230 231 232 233 235 237 239 240 241 242 243 244 246 247 248 249 250 251 252 253 254 255 257 258 259 260 261 263 265 266 267 269 270 271 272 274 275 276 277 278 279 280 281 282 283 285 286 287 289 291 292 293 294 297 299 
299: 119 176 185 187 200 202 203 204 205 206 207 208 209 210 211 212 213 214 215 216 217 218 219 220 221 225 226 227 228 229 230 231 232 233 234 235 236 237 240 241 242 243 247 248 250 251 252 253 254 255 257 258 259 260 261 262 264 265 266 267 268 270 271 272 273 275 276 277 278 280 281 282 286 287 288 289 290 291 292 293 296 297 298 
300: 148 301 302 303 307 308 309 310 311 313 314 315 316 317 318 319 320 321 322 323 324 325 326 327 328 329 331 332 333 335 336 337 339 340 341 342 344 345 346 347 348 349 351 352 353 354 355 356 357 358 359 362 363 364 365 367 368 369 370 371 372 373 376 377 378 379 380 381 382 386 390 392 393 394 397 398 399 
301: 10 42 191 300 302 303 304 306 307 308 309 310 311 312 313 314 315 316 317 319 321 322 326 328 329 330 331 332 333 334 335 336 337 339 340 342 343 344 345 347 349 350 351 352 353 356 357 358 359 360 361 362 363 364 365 366 367 369 370 372 373 374 375 376 377 378 379 380 381 382 383 384 385 386 387 389 391 392 393 394 396 397 398 399 538 
302: 24 68 139 300 301 303 304 305 306 308 309 310 311 312 313 314 320 321 322 323 324 325 327 328 329 331 332 333 334 335 336 337 338 340 341 342 343 345 346 348 349 351 352 353 355 357 358 360 361 362 363 365 367 370 371 372 373 374 377 378 379 380 381 382 384 385 386 388 389 390 391 392 393 395 396 397 398 399 
303: 300 301 302 304 305 306 307 308 309 310 312 313 314 315 316 317 318 319 320 321 322 323 324 325 326 327 329 331 332 333 334 335 340 341 343 344 345 346 347 349 352 353 356 358 359 362 363 364 367 368 369 370 371 372 375 376 378 379 382 384 387 388 390 392 393 394 397 399 545 
304: 41 81 301 302 303 305 308 309 310 311 312 313 315 316 317 319 320 321 325 326 329 330 331 332 333 334 335 336 337 338 339 342 344 345 346 347 348 349 350 351 352 353 355 357 358 360 361 362 363 364 366 367 368 370 371 372 373 374 375 376 377 378 379 380 381 382 383 384 385 386 387 388 390 392 393 395 396 397 398 399 659 678 
305: 115 118 302 303 304 306 307 308 309 310 311 314 315 317 318 319 320 321 322 323 324 325 326 327 328 329 330 331 332 335 337 338 340 341 342 343 344 345 346 348 349 350 351 352 354 356 359 360 361 362 363 364 365 366 367 368 369 371 372 373 374 375 376 379 381 382 384 385 389 390 396 397 398 399 
306: 0 51 301 302 303 305 307 309 310 311 312 313 314 315 316 317 318 319 320 321 323 324 325 327 331 332 333 334 337 338 339 340 341 342 343 344 345 346 349 350 351 352 353 354 355 356 357 358 360 361 362 363 364 365 366 367 368 369 370 371 372 373 377 379 380 381 382 383 384 385 386 387 388 390 392 393 394 395 396 397 399 581 655 
307: 16 93 300 301 303 305 306 308 309 310 312 313 314 315 317 318 319 321 322 324 325 326 328 330 332 333 334 336 337 338 340 341 342 343 344 345 347 348 349 352 353 354 356 358 360 361 364 367 368 369 370 373 374 375 377 379 381 383 384 385 387 390 391 392 393 394 396 397 399 666 
308: 20 44 83 86 123 300 301 302 303 304 305 307 309 311 312 313 315 316 317 318 319 320 321 322 325 326 327 330 331 332 333 334 336 337 338 339 340 341 342 344 347 348 349 351 352 353 354 355 356 358 360 361 362 363 364 366 367 373 374 375 376 377 378 379 380 382 385 386 387 389 390 391 392 393 394 395 396 398 399 541 580 691 
309: 66 133 147 300 301 302 303 304 305 306 307 308 310 311 313 314 315 316 318 319 321 323 325 326 327 329 331 332 333 334 335 336 337 339 341 342 344 345 348 349 351 352 353 356 357 358 359 360 363 367 368 369 370 371 372 373 375 376 377 379 380 381 382 383 384 385 386 388 390 391 392 393 395 396 398 399 
310: 7 41 300 301 302 303 304 305 306 307 309 311 312 313 314 315 317 318 319 320 321 322 323 324 325 326 328 330 331 332 334 335 336 337 338 340 341 342 345 347 349 350 351 352 353 355 357 358 361 362 364 366 367 369 370 371 372 373 374 375 377 378 381 382 385 386 388 389 390 391 392 393 394 395 396 397 398 399 550 
311: 300 301 302 304 305 306 308 309 310 312 317 318 319 320 321 322 324 326 327 328 329 330 333 334 335 336 337 338 340 342 343 344 345 346 349 350 351 352 353 354 355 357 358 359 360 361 363 365 366 367 368 369 370 371 372 373 375 376 377 378 379 380 381 382 383 384 385 386 387 388 390 391 393 394 395 396 397 398 399 572 672 695 
312: 189 301 302 303 304 306 307 308 310 311 313 314 315 316 317 318 319 321 323 324 325 326 328 331 332 335 336 337 338 339 340 341 342 344 347 348 349 350 351 352 353 354 356 357 358 361 362 364 365 366 368 369 370 372 373 375 377 378 379 380 381 382 383 384 385 387 388 389 391 392 393 395 396 397 399 684 
313: 133 300 301 302 303 304 306 307 308 309 310 312 314 315 316 317 318 319 320 322 323 324 326 328 329 332 333 334 335 337 339 340 343 344 345 346 349 350 351 352 353 354 355 356 358 359 360 363 364 365 366 367 368 369 370 371 373 374 376 377 378 379 380 381 382 383 384 385 386 387 392 393 394 395 396 397 398 566 
314: 5 300 301 302 303 305 306 307 309 310 312 313 315 318 322 323 324 325 326 327 329 330 331 332 333 335 336 340 344 345 346 349 350 351 352 353 354 356 357 358 359 360 361 362 365 366 367 369 370 373 374 375 376 377 378 379 381 383 384 385 386 387 388 389 390 392 393 395 396 398 399 541 
315: 84 300 301 303 304 305 306 307 308 309 310 312 313 314 316 317 318 319 320 321 322 324 325 326 328 329 330 331 332 333 334 335 336 338 340 342 343 345 346 347 348 349 351 352 353 354 355 356 357 359 360 361 362 363 365 366 367 368 370 371 372 373 374 375 376 377 379 380 383 384 385 386 387 388 389 392 394 395 396 398 399 550 585 
316: 97 113 152 300 301 303 304 306 308 309 312 313 315 320 322 323 324 325 326 329 330 331 332 333 335 336 337 338 339 341 344 348 349 350 354 355 356 357 359 360 361 362 364 365 366 367 368 369 371 372 373 374 376 377 378 379 380 383 384 385 386 387 388 389 391 392 393 394 397 398 
317: 6 10 29 59 300 301 303 304 305 306 307 308 310 311 312 313 315 318 319 321 322 325 326 327 329 330 331 332 333 334 335 336 337 338 341 342 343 344 347 348 349 350 351 352 353 354 356 357 358 359 362 363 364 366 367 368 369 371 372 374 376 377 379 380 381 383 384 386 387 388 389 390 391 393 394 396 397 398 399 532 576 672 674 
318: 25 300 303 305 306 307 308 309 310 311 312 313 314 315 317 320 321 322 323 325 326 329 330 331 332 334 336 337 338 339 340 341 342 343 344 345 346 347 348 349 351 352 353 354 357 358 359 360 361 362 363 364 365 367 368 369 370 371 372 373 374 375 376 377 379 381 382 384 385 386 387 388 390 391 392 394 395 396 397 398 399 
319: 145 167 186 300 301 303 304 305 306 307 308 309 310 311 312 313 315 317 321 322 323 324 325 327 328 329 331 332 333 334 335 336 337 338 339 341 342 343 344 345 346 347 348 349 350 353 358 360 362 363 364 365 366 367 368 373 375 376 377 379 380 381 382 383 384 385 386 387 388 389 390 392 394 396 397 398 674 
320: 53 70 300 302 303 304 305 306 308 310 311 313 315 316 318 321 322 323 325 326 328 329 330 331 332 333 334 335 338 339 340 341 343 344 345 347 348 349 351 353 354 355 356 358 359 360 361 364 366 367 368 371 373 374 376 377 378 380 381 383 384 385 386 387 390 391 392 395 398 564 575 
321: 25 56 68 80 184 300 301 302 303 304 305 306 307 308 309 310 311 312 315 317 318 319 320 323 324 325 326 327 328 330 331 333 334 335 336 337 338 339 340 341 342 343 345 346 347 348 349 350 352 353 354 355 356 357 358 359 361 363 364 365 368 369 370 371 372 373 375 376 377 378 379 380 381 382 383 385 387 389 391 394 395 396 397 398 399 
322: 65 69 99 146 300 301 302 303 305 307 308 310 311 313 314 315 316 317 318 319 320 325 326 327 328 329 330 333 334 335 336 337 338 339 343 344 346 347 348 349 350 352 353 354 356 357 358 359 360 361 362 363 366 367 368 369 371 373 374 375 376 377 378 379 380 381 383 384 386 387 388 389 390 392 393 395 396 397 570 589 680 
323: 83 112 198 300 302 303 305 306 309 310 312 313 314 316 318 319 320 321 324 326 327 328 331 332 333 334 335 337 338 339 340 342 343 346 347 348 349 350 351 352 353 354 355 356 357 358 361 362 363 364 365 367 368 369 370 371 372 373 377 379 380 381 383 386 387 389 390 391 392 393 395 396 397 399 685 
324: 300 302 303 305 306 307 310 311 312 313 314 315 316 319 321 323 326 327 328 329 330 331 333 335 337 338 339 341 342 343 344 346 347 349 351 352 354 355 356 357 358 359 360 361 362 364 367 368 370 371 373 375 376 378 379 380 381 384 385 386 388 390 392 393 395 397 399 
325: 70 101 300 302 303 304 305 306 307 308 309 310 312 314 315 316 317 318 319 320 321 322 326 329 330 331 332 333 338 339 340 341 342 344 345 347 349 350 351 352 353 355 356 357 358 359 362 363 365 367 368 372 373 374 375 376 377 378 379 381 382 383 386 387 388 389 390 392 393 394 395 396 397 398 399 553 560 561 
326: 0 64 75 300 301 303 304 305 307 308 309 310 311 312 313 314 315 316 317 318 320 321 322 323 324 325 327 328 330 331 332 333 334 335 336 337 339 340 343 344 346 349 350 351 352 353 354 355 357 358 359 360 361 362 365 366 367 369 370 373 374 375 377 378 379 380 381 383 384 386 387 388 390 393 395 396 397 399 557 662 
327: 173 300 302 303 305 306 308 309 311 314 317 319 321 322 323 324 326 328 329 330 331 333 335 336 338 340 342 343 345 346 347 348 350 353 354 355 356 357 358 360 364 366 370 371 372 373 374 375 376 377 378 380 381 383 384 385 386 387 388 390 393 394 399 691 
328: 138 155 198 300 301 302 305 307 310 311 312 313 315 319 320 321 322 323 324 326 327 329 330 331 333 334 335 337 338 339 340 341 342 343 344 345 346 347 348 349 352 353 354 355 356 358 359 361 362 364 365 369 370 371 374 375 376 377 378 379 380 382 384 385 386 387 388 389 391 392 394 396 397 398 
329: 20 300 301 302 303 304 305 309 311 313 314 315 316 317 318 319 320 322 324 325 327 328 331 332 334 335 337 339 340 341 342 343 348 349 350 351 353 355 357 358 360 361 362 364 365 367 368 370 371 372 373 374 375 376 377 378 380 382 383 384 386 387 388 389 390 391 393 397 398 690 
330: 10 301 304 305 307 308 310 311 314 315 316 317 318 320 321 322 324 325 326 327 328 331 333 335 336 339 340 341 342 343 344 345 347 348 349 350 351 352 353 358 359 360 362 363 365 367 368 369 370 371 372 373 374 375 376 377 380 381 382 383 384 385 386 388 389 390 391 392 393 394 395 396 397 398 399 
331: 67 72 193 300 301 302 303 304 305 306 308 309 310 312 314 315 316 317 318 319 320 321 323 324 325 326 327 328 329 330 333 334 336 337 338 339 340 342 344 345 346 348 349 350 351 352 353 356 357 360 361 363 365 366 368 369 370 371 372 373 377 378 380 381 382 383 384 386 387 388 389 391 392 393 394 395 396 397 398 570 657 
332: 31 193 300 301 302 303 304 305 306 307 308 309 310 312 313 314 315 316 317 318 319 320 323 325 326 329 333 334 337 338 339 340 341 342 343 345 346 347 351 352 353 354 355 356 357 359 360 361 363 364 365 366 367 368 369 370 372 373 374 375 376 377 378 379 381 382 383 384 387 388 391 392 393 394 395 396 397 398 399 
333: 300 301 302 303 304 306 307 308 309 311 313 314 315 316 317 319 320 321 322 323 324 325 326 327 328 330 331 332 334 336 337 338 339 340 342 343 344 345 346 348 350 351 354 355 356 357 358 359 361 362 363 365 366 368 369 370 371 372 373 374 375 376 377 378 379 380 381 383 385 386 387 388 389 390 392 393 395 396 397 399 680 
334: 0 35 148 301 302 303 304 306 307 308 309 310 311 313 315 317 318 319 320 321 322 323 326 328 329 331 332 333 338 339 341 342 345 346 347 348 350 351 352 353 357 358 359 361 362 363 364 365 366 367 368 370 371 372 373 374 377 380 381 383 384 385 386 387 390 391 393 396 397 398 546 664 
335: 130 155 300 301 302 303 304 305 309 310 311 312 313 314 315 316 317 319 320 321 322 323 324 326 327 328 329 330 336 337 338 339 340 341 343 344 345 346 348 350 351 353 354 355 357 358 359 361 362 363 364 367 369 370 371 372 373 374 376 379 380 381 382 383 384 385 386 387 388 389 391 392 393 394 395 397 398 531 589 662 
336: 9 55 111 189 192 300 301 302 304 307 308 309 310 311 312 314 315 316 317 318 319 321 322 326 327 330 331 333 335 338 339 340 342 345 346 347 348 349 350 352 354 355 356 357 359 360 361 362 363 365 366 367 368 369 370 372 374 375 376 378 379 381 382 385 386 387 388 390 393 394 395 397 398 399 
337: 300 301 302 304 305 306 307 308 309 310 311 312 313 316 317 318 319 321 322 323 324 326 328 329 331 332 333 335 339 340 343 345 347 348 349 352 353 354 355 356 357 358 359 360 361 363 365 367 369 370 371 373 374 376 377 378 379 380 381 383 384 385 389 390 393 394 398 399 
338: 36 54 88 90 119 302 304 305 306 307 308 310 311 312 315 316 317 318 319 320 321 322 323 324 325 327 328 331 332 333 334 335 336 340 341 342 343 344 345 346 347 350 351 354 355 356 357 358 359 361 362 363 365 367 368 369 371 372 373 375 376 377 378 379 380 383 385 387 388 389 390 392 393 394 396 397 399 653 687 
339: 23 58 95 143 300 301 304 306 308 309 312 313 316 318 319 320 321 322 323 324 325 326 328 329 330 331 332 333 334 335 336 337 340 341 342 343 345 347 349 351 352 353 354 357 358 359 360 361 362 363 366 367 368 369 371 372 373 374 376 377 379 380 383 385 386 388 389 392 393 394 395 396 397 398 399 
340: 199 300 301 302 303 305 306 307 308 310 311 312 313 314 315 318 320 321 323 325 326 327 328 329 330 331 332 333 335 336 337 338 339 341 342 344 345 347 349 350 353 354 355 356 357 358 361 363 365 367 368 369 370 371 372 373 375 376 378 379 380 382 383 384 387 388 389 390 391 393 394 395 396 397 399 567 584 
341: 48 300 302 303 305 306 307 308 309 310 312 316 317 318 319 320 321 324 325 328 329 330 332 334 335 338 339 340 342 345 346 347 348 349 350 352 355 357 358 359 360 361 362 364 366 367 368 371 372 374 375 376 377 378 379 380 382 383 384 385 386 387 388 389 390 391 392 393 394 395 397 398 399 567 
342: 300 301 302 304 305 306 307 308 309 310 311 312 315 317 318 319 321 323 324 325 327 328 329 330 331 332 333 334 336 338 339 340 341 344 346 347 349 350 351 352 353 355 357 358 360 361 363 364 365 366 367 368 369 370 371 373 374 376 379 380 381 382 383 384 386 388 390 392 394 395 396 397 398 399 550 
343: 33 57 103 191 301 302 303 305 306 307 311 313 315 317 318 319 320 321 322 323 324 326 327 328 329 330 332 333 335 337 338 339 345 346 347 348 349 350 351 352 354 356 357 359 361 362 366 368 369 371 372 373 375 376 377 378 379 381 383 384 385 386 387 388 389 390 391 392 393 394 395 398 399 655 674 
344: 0 6 60 105 174 300 301 303 304 305 306 307 308 309 311 312 313 314 316 317 318 319 320 322 324 325 326 328 330 331 333 335 338 340 342 347 348 349 351 352 353 354 355 356 358 359 361 362 363 365 366 367 368 369 370 371 372 373 374 376 377 381 382 383 385 386 387 388 389 390 392 394 395 396 398 
345: 108 300 301 302 303 304 305 306 307 309 310 311 313 314 315 318 319 320 321 325 327 328 330 331 332 333 334 335 336 337 338 339 340 341 343 347 348 350 351 352 353 354 355 356 357 358 361 362 364 365 366 367 368 369 370 371 372 373 374 375 378 380 381 383 384 385 386 387 388 389 390 391 392 393 395 396 397 398 
346: 15 63 197 300 302 303 304 305 306 311 313 314 315 318 319 321 322 323 324 326 327 328 331 332 333 334 335 336 338 341 342 343 347 350 352 354 356 357 358 361 362 363 364 365 366 369 370 371 374 376 377 378 382 383 384 385 386 387 388 389 390 391 392 393 394 395 396 397 398 543 653 
347: 22 69 91 300 301 303 304 307 308 310 312 315 317 318 319 320 321 322 323 324 325 327 328 330 332 334 336 337 338 339 340 341 342 343 344 345 346 348 349 350 351 353 354 357 358 359 360 362 363 364 365 368 369 370 371 372 373 376 377 378 379 380 381 382 383 385 387 388 390 391 395 397 398 399 539 
348: 19 109 157 185 300 302 304 305 307 308 309 312 315 316 317 318 319 320 321 322 323 327 328 329 330 331 333 334 335 336 337 341 343 344 345 347 349 352 353 354 355 356 357 358 359 360 361 362 363 365 366 367 368 369 370 371 372 373 376 378 379 380 382 383 384 385 386 388 389 390 393 395 397 398 399 682 
349: 27 38 199 300 301 302 303 304 305 306 307 308 309 310 311 312 313 314 315 316 317 318 319 320 321 322 323 324 325 326 328 329 330 331 336 337 339 340 341 342 343 344 347 348 350 351 353 354 356 357 359 360 361 362 363 364 365 366 367 368 369 370 371 372 373 374 375 376 381 382 383 384 385 386 389 390 391 392 393 394 395 396 397 398 399 562 585 671 
350: 115 301 304 305 306 310 311 312 313 314 316 317 319 321 322 323 325 326 327 329 330 331 333 334 335 336 338 340 341 342 343 345 346 347 349 351 353 354 355 356 357 359 360 361 362 363 364 365 367 368 369 370 371 372 373 375 376 377 379 380 382 383 387 388 389 390 391 392 393 394 396 397 398 399 
351: 86 192 300 301 302 304 305 306 308 309 310 311 312 313 314 315 317 318 320 323 324 325 326 329 330 331 332 333 334 335 338 339 342 343 344 345 347 349 350 352 353 354 355 357 358 359 360 361 362 363 364 365 366 370 371 372 373 375 376 377 378 379 380 381 382 383 384 385 387 388 389 390 391 392 393 394 395 396 397 398 399 557 
352: 300 301 302 303 304 305 306 307 308 309 310 311 312 313 314 315 317 318 321 322 323 324 325 326 328 330 331 332 334 336 337 339 341 342 343 344 345 346 348 351 353 354 355 356 357 358 359 361 362 363 365 367 368 369 371 372 373 374 375 377 378 380 381 382 384 385 386 387 388 390 391 392 394 396 397 399 
353: 27 300 301 302 303 304 306 307 308 309 310 311 312 313 314 315 317 318 319 320 321 322 323 325 326 327 328 329 330 331 332 334 335 337 339 340 342 344 345 347 348 349 350 351 352 354 355 357 358 360 361 363 364 365 366 367 368 369 370 371 372 374 375 376 377 378 380 381 383 384 387 388 390 391 392 393 394 397 398 399 
354: 19 36 184 300 305 306 307 308 311 312 313 314 315 316 317 318 320 321 322 323 324 326 327 328 332 333 335 336 337 338 339 340 343 344 345 346 347 348 349 350 351 352 353 356 357 358 359 360 362 363 364 365 366 367 368 369 372 373 374 375 376 378 379 381 382 387 389 390 391 392 394 395 396 397 
355: 141 159 300 302 304 306 308 310 311 313 315 316 320 321 323 324 325 326 327 328 329 332 333 335 336 337 338 340 341 342 344 345 348 350 351 352 353 357 358 360 361 365 369 370 371 374 378 380 381 382 384 386 387 389 390 392 393 394 395 397 398 399 555 667 693 
356: 10 300 301 303 305 306 307 308 309 312 313 314 315 316 317 320 321 322 323 324 325 327 328 331 332 333 336 337 338 340 343 344 345 346 348 349 350 352 354 357 358 359 360 361 363 364 367 369 370 371 372 374 375 376 377 380 381 382 383 384 385 387 388 389 390 391 392 393 396 397 398 399 
357: 66 164 195 300 301 302 304 306 309 310 311 312 314 315 316 317 318 321 322 323 324 325 326 327 329 331 332 333 334 335 336 337 338 339 340 341 342 343 345 346 347 348 349 350 351 352 353 354 355 356 358 359 362 363 364 365 366 367 368 370 371 372 375 376 378 379 380 381 382 384 385 386 387 388 392 393 394 398 399 564 
358: 30 300 301 302 303 304 306 307 308 309 310 311 312 313 314 317 318 319 320 321 322 323 324 325 326 327 328 329 330 333 334 335 337 338 339 340 341 342 344 345 346 347 348 351 352 353 354 355 356 357 359 360 361 362 363 364 366 367 368 370 371 372 374 375 376 377 378 379 380 383 384 385 386 387 388 389 390 392 393 394 397 535 666 
359: 26 138 300 301 303 305 309 311 313 314 315 316 317 318 320 321 322 324 325 326 328 330 332 333 334 335 336 337 338 339 341 343 344 347 348 349 350 351 352 354 356 357 358 360 361 362 363 364 367 368 370 371 372 373 374 377 378 379 381 382 383 384 385 387 389 390 391 393 394 395 396 397 398 399 
360: 146 301 302 304 305 306 307 308 309 311 313 314 315 316 318 319 320 322 324 326 327 329 330 331 332 336 337 339 341 342 347 348 349 350 351 353 354 355 356 358 359 361 362 363 364 365 366 368 370 371 372 373 374 376 378 379 380 381 382 383 384 385 386 387 388 389 391 392 393 395 397 398 557 
361: 130 301 302 304 305 306 307 308 310 311 312 314 315 316 318 320 321 322 323 324 326 328 329 331 332 333 334 335 336 337 338 339 340 341 342 343 344 345 346 348 349 350 351 352 353 355 356 358 359 360 362 363 364 367 368 369 370 373 374 376 377 378 379 381 382 383 384 385 386 387 388 389 390 392 393 394 396 398 399 662 
362: 30 97 138 180 300 301 302 303 304 305 306 308 310 312 314 315 316 317 318 319 322 323 324 325 326 328 329 330 333 334 335 336 338 339 341 343 344 345 346 347 348 349 350 351 352 354 357 358 359 360 361 363 365 366 367 368 369 370 372 373 374 375 376 377 378 380 381 383 384 385 386 387 388 390 391 393 395 396 397 398 399 567 
363: 166 199 300 301 302 303 304 305 306 308 309 311 313 315 317 318 319 321 322 323 325 330 331 332 333 334 335 336 337 338 339 340 342 344 346 347 348 349 350 351 352 353 354 356 357 358 359 360 361 362 364 365 366 367 369 371 372 373 375 380 382 384 385 386 389 390 391 392 394 397 398 399 546 
364: 300 301 303 304 305 306 307 308 310 312 313 316 317 318 319 320 321 323 324 327 328 329 332 334 335 341 342 345 346 347 349 350 351 353 354 356 357 358 359 360 361 363 365 366 367 368 369 370 371 372 374 376 377 380 382 383 386 387 388 389 390 391 392 395 396 398 399 
365: 111 184 300 301 302 305 306 311 312 313 314 315 316 318 319 321 323 325 326 328 329 330 331 332 333 334 336 337 338 340 342 344 345 346 347 348 349 350 351 352 353 354 355 357 360 362 363 364 369 370 371 373 374 375 379 380 381 383 384 385 386 387 389 390 391 394 395 396 397 398 399 543 685 
366: 6 37 111 166 301 304 305 306 308 310 311 312 313 314 315 316 317 319 320 322 326 327 331 332 333 334 336 339 341 342 343 344 345 346 348 349 351 353 354 357 358 360 362 363 364 367 368 369 372 373 375 376 378 379 380 381 382 384 385 386 387 388 389 391 395 396 397 399 538 565 
367: 74 300 301 302 303 304 305 306 307 308 309 310 311 313 314 315 316 317 318 319 320 322 323 324 325 326 329 330 332 334 335 336 337 338 339 340 341 342 344 345 348 349 350 352 353 354 356 357 358 359 361 362 363 364 366 368 370 371 373 375 376 377 378 379 380 381 382 383 385 387 388 389 390 391 393 394 395 397 399 
368: 119 192 300 303 304 305 306 307 309 311 312 313 315 316 317 318 319 320 321 322 323 324 325 329 330 331 332 333 334 336 338 339 340 341 342 343 344 345 347 348 349 350 352 353 354 357 358 359 360 361 362 364 366 367 369 370 371 372 373 374 376 377 378 379 380 382 383 384 387 389 390 391 393 394 396 397 399 
369: 93 165 300 301 303 305 306 307 309 310 311 312 313 314 316 317 318 321 322 323 326 328 330 331 332 333 335 336 337 338 339 340 342 343 344 345 346 347 348 349 350 352 353 354 355 356 361 362 363 364 365 366 368 371 373 375 376 377 378 379 380 381 382 384 385 386 389 390 391 392 394 395 396 397 398 555 577 666 
370: 300 301 302 303 304 306 307 309 310 311 312 313 314 315 318 321 323 324 326 327 328 329 330 331 332 333 334 335 336 337 340 342 344 345 346 347 348 349 350 351 353 355 356 357 358 359 360 361 362 364 365 367 368 371 373 374 375 376 377 378 379 380 381 382 383 384 386 387 389 390 393 394 396 397 399 588 
371: 300 302 303 304 305 306 309 310 311 313 315 316 317 318 320 321 322 323 324 327 328 329 330 331 333 334 335 337 338 339 340 341 342 343 344 345 346 347 348 349 350 351 352 353 355 356 357 358 359 360 363 364 365 367 368 369 370 372 373 377 379 380 381 382 383 384 386 387 388 389 390 391 392 393 395 396 397 398 399 585 
372: 84 300 301 302 303 304 305 306 309 310 311 312 315 316 317 318 321 323 325 327 329 330 331 332 333 334 335 336 338 339 340 341 343 344 345 347 348 349 350 351 352 353 354 356 357 358 359 360 362 363 364 366 368 371 373 374 375 376 378 379 380 381 382 383 384 385 388 389 391 392 394 395 396 398 
373: 300 301 302 304 305 306 307 308 309 310 311 312 313 314 315 316 318 319 320 321 322 323 324 325 326 327 329 330 331 332 333 334 335 337 338 339 340 342 343 344 345 347 348 349 350 351 352 354 359 360 361 362 363 365 366 367 368 369 370 371 372 374 375 376 377 378 379 380 382 383 384 385 387 389 390 392 394 395 396 397 398 581 670 
374: 13 129 137 301 302 304 305 307 308 310 313 314 315 316 317 318 320 322 325 326 327 328 329 330 332 333 334 335 336 337 339 341 342 344 345 346 349 352 353 354 355 356 358 359 360 361 362 364 365 368 370 372 373 375 378 379 381 382 384 386 387 389 391 392 393 394 396 397 398 572 697 
375: 114 301 303 304 305 307 308 309 310 311 312 314 315 318 319 321 322 324 325 326 327 328 329 330 332 333 336 338 340 341 343 345 349 350 351 352 353 354 356 357 358 362 363 365 366 367 369 370 372 373 374 377 378 379 380 381 382 383 384 385 386 387 388 390 391 393 394 395 396 397 398 399 567 687 
376: 119 188 300 301 303 304 305 308 309 311 313 314 315 316 317 318 319 320 321 322 324 325 327 328 329 330 332 333 335 336 337 338 339 340 341 342 343 344 346 347 348 349 350 351 353 354 356 357 358 360 361 362 364 366 367 368 369 370 372 373 377 378 380 381 382 383 384 385 387 388 390 392 394 395 396 398 545 552 651 677 683 699 
377: 132 139 300 301 302 304 306 307 308 309 310 311 312 313 314 315 316 317 318 319 320 321 322 323 325 326 327 328 329 330 331 332 333 334 337 338 339 341 343 344 346 347 350 351 352 353 356 358 359 361 362 364 367 368 369 370 371 373 375 376 378 380 382 383 384 386 387 388 389 391 393 395 397 398 678 
378: 54 62 116 132 300 301 302 303 304 308 310 311 312 313 314 316 320 321 322 324 325 326 327 328 329 331 332 333 336 337 338 340 341 343 345 346 347 348 351 352 353 354 355 357 358 359 360 361 362 366 367 368 369 370 372 373 374 375 376 377 379 381 382 384 386 388 389 390 391 394 395 396 397 562 586 689 
379: 44 170 300 301 302 303 304 305 306 307 308 309 311 312 313 314 315 316 317 318 319 321 322 323 324 325 326 328 332 333 335 336 337 338 339 340 341 342 343 347 348 350 351 354 357 358 359 360 361 365 366 367 368 369 370 371 372 373 374 375 378 381 382 383 384 385 386 387 388 390 391 393 394 395 396 397 398 399 549 565 661 
380: 300 301 302 304 306 308 309 311 312 313 315 316 317 319 320 321 322 323 324 326 327 328 329 330 331 333 334 335 337 338 339 340 341 342 345 347 348 350 351 352 353 355 356 357 358 360 362 363 364 365 366 367 368 369 370 371 372 373 375 376 377 381 382 384 386 387 388 390 391 393 394 395 396 397 398 399 694 
381: 76 300 301 302 304 305 306 307 309 310 311 312 313 314 317 318 319 320 321 322 323 324 325 326 327 330 331 332 333 334 335 336 337 342 343 344 345 347 349 351 352 353 354 355 356 357 359 360 361 362 365 366 367 369 370 371 372 374 375 376 378 379 380 382 383 384 385 386 388 389 392 393 394 396 397 398 399 573 
382: 300 301 302 303 304 305 306 308 309 310 311 312 313 318 319 321 325 328 329 330 331 332 335 336 340 341 342 344 346 347 348 349 350 351 352 354 355 356 357 359 360 361 363 364 366 367 368 369 370 371 372 373 374 375 376 377 378 379 380 381 383 384 385 386 387 388 389 390 391 392 393 394 395 397 398 399 
383: 163 166 180 301 304 306 307 309 311 312 313 314 315 316 317 319 320 321 322 323 325 326 327 329 330 331 332 333 334 335 337 338 339 340 341 342 343 344 345 346 347 348 349 350 351 353 356 358 359 360 361 362 364 365 367 368 370 371 372 373 375 376 377 379 381 382 384 385 387 388 389 390 391 393 394 395 396 398 687 
384: 80 105 301 302 303 304 305 306 307 309 311 312 313 314 315 316 317 318 319 320 322 324 326 327 328 329 330 331 332 334 335 337 340 341 342 343 345 346 348 349 351 352 353 355 356 357 358 359 360 361 362 363 365 366 368 369 370 371 372 373 374 375 376 377 378 379 380 381 382 383 386 387 388 389 390 391 393 394 395 396 397 398 399 589 689 
385: 8 116 301 302 304 305 306 307 308 309 310 311 312 313 314 315 316 318 319 320 321 324 327 328 330 333 334 335 336 337 338 339 341 343 344 345 346 347 348 349 351 352 356 357 358 359 360 361 362 363 365 366 367 369 372 373 375 376 379 381 382 383 386 387 389 390 391 392 393 395 396 397 398 399 651 
386: 5 133 144 300 301 302 304 306 308 309 310 311 313 314 315 316 317 318 319 320 322 323 324 325 326 327 328 329 330 331 333 334 335 336 339 341 342 343 344 345 346 348 349 352 355 357 358 360 361 362 363 364 365 366 369 370 371 374 375 377 378 379 380 381 382 384 385 387 390 391 392 393 396 397 399 
387: 126 301 303 304 306 307 308 311 312 313 314 315 316 317 318 319 320 321 322 323 325 326 327 328 329 331 332 333 334 335 336 338 340 341 343 344 345 346 347 350 351 352 353 354 355 356 357 358 359 360 361 362 364 365 366 367 368 370 371 373 374 375 376 377 379 380 382 383 384 385 386 388 389 390 391 392 393 394 395 396 397 399 
388: 98 156 302 303 304 306 309 310 311 312 314 315 316 317 318 319 322 324 325 326 327 328 329 330 331 332 333 335 336 338 339 340 341 342 343 344 345 346 347 348 350 351 352 353 356 357 358 360 361 362 364 366 367 371 372 375 376 377 378 379 380 381 382 383 384 387 391 392 393 394 396 399 533 587 
389: 45 174 301 302 305 308 310 312 314 315 316 317 319 321 322 323 325 328 329 330 331 333 335 337 338 339 340 341 343 344 345 346 348 349 350 351 354 355 356 358 359 360 361 363 364 365 366 367 368 369 370 371 372 373 374 377 378 381 382 383 384 385 387 392 393 394 395 397 399 550 564 659 664 694 
390: 3 109 300 302 303 304 305 306 307 308 309 310 311 314 317 318 319 320 322 323 324 325 326 327 329 330 333 334 336 337 338 340 341 342 343 344 345 346 347 348 349 350 351 352 353 354 355 356 358 359 361 362 363 364 365 367 368 369 370 371 373 375 376 378 379 380 382 383 384 385 386 387 391 392 393 394 395 396 397 398 581 693 697 
391: 70 98 301 302 307 308 309 310 311 312 316 317 318 320 321 323 328 329 330 331 332 334 335 340 341 343 345 346 347 349 350 351 352 353 354 356 359 360 362 363 364 365 366 367 368 369 371 372 374 375 377 378 379 380 382 383 384 385 386 387 388 390 392 393 395 397 398 
392: 118 196 300 301 302 303 304 306 307 308 309 310 312 313 314 315 316 318 319 320 322 323 324 325 328 330 331 332 333 335 338 339 341 342 343 344 345 346 349 350 351 352 353 354 355 356 357 358 360 361 363 364 369 371 372 373 374 376 381 382 385 386 387 388 389 390 391 393 394 395 396 397 398 399 674 
393: 91 300 301 302 303 304 306 307 308 309 310 311 312 313 314 316 317 322 323 324 325 326 327 329 330 331 332 333 334 335 336 337 338 339 340 341 343 345 346 348 349 350 351 353 355 356 357 358 359 360 361 362 367 368 370 371 374 375 377 379 380 381 382 383 384 385 386 387 388 389 390 391 392 394 396 397 399 663 
394: 22 79 192 300 301 303 306 307 308 310 311 313 315 316 317 318 319 321 325 327 328 330 331 332 335 336 337 338 339 340 341 342 343 344 346 349 350 351 352 353 354 355 357 358 359 361 363 365 367 368 369 370 372 373 374 375 376 378 379 380 381 382 383 384 387 388 389 390 392 393 395 396 397 399 533 579 698 
395: 18 302 304 306 308 309 310 311 312 313 314 315 318 320 321 322 323 324 325 326 330 331 332 333 335 336 339 340 341 342 343 344 345 346 347 348 349 351 354 355 359 360 362 364 365 366 367 369 371 372 373 375 376 377 378 379 380 382 383 384 385 387 389 390 391 392 394 396 397 398 399 584 
396: 3 165 176 301 302 304 305 306 307 308 309 310 311 312 313 314 315 317 318 319 321 322 323 325 326 328 330 331 332 333 334 338 339 340 342 344 345 346 349 350 351 352 354 356 359 361 362 364 365 366 368 369 370 371 372 373 374 375 376 378 379 380 381 383 384 385 386 387 388 390 392 393 394 395 397 399 
397: 300 301 302 303 304 305 306 307 310 311 312 313 316 317 318 319 321 322 323 324 325 326 328 329 330 331 332 333 334 335 336 338 339 340 341 342 345 346 347 348 349 350 351 352 353 354 355 356 358 359 360 362 363 365 366 367 368 369 370 371 373 374 375 377 378 379 380 381 382 384 385 386 387 389 390 391 392 393 394 395 396 398 399 682 
398: 115 300 301 302 304 305 308 309 310 311 313 314 315 316 317 318 319 320 321 325 328 329 330 331 332 334 335 336 337 339 341 342 343 344 345 346 347 348 349 350 351 353 355 356 357 359 360 361 362 363 364 365 369 371 372 373 374 375 376 377 379 380 381 382 383 384 385 390 391 392 395 397 399 650 
399: 300 301 302 303 304 305 306 307 308 309 310 311 312 314 315 317 318 321 323 324 325 326 327 330 332 333 336 337 338 339 340 341 342 343 347 348 349 350 351 352 353 355 356 357 359 361 362 363 364 365 366 367 368 370 371 375 379 380 381 382 384 385 386 387 388 389 392 393 394 395 396 397 398 
400: 401 403 404 406 409 411 413 414 415 416 417 418 420 421 423 424 425 429 430 432 433 434 435 436 437 438 440 441 442 444 445 446 447 448 449 452 453 454 456 457 459 460 462 466 468 469 
401: 400 402 403 404 406 408 409 411 412 413 414 415 416 417 418 419 420 422 425 426 428 429 433 434 435 438 440 441 442 443 444 446 447 449 450 451 454 455 456 458 459 460 461 463 464 465 466 467 
402: 401 404 405 407 409 410 411 412 414 415 416 417 418 419 420 421 422 423 424 425 427 428 429 431 432 433 435 436 437 438 439 440 441 443 444 446 447 448 450 452 453 454 456 457 458 459 460 461 462 463 465 466 467 468 469 563 
403: 400 401 405 406 408 409 410 412 413 414 415 417 418 419 421 422 423 424 425 427 428 429 430 432 433 434 435 436 437 438 441 442 443 444 446 447 448 449 453 454 457 459 460 461 462 463 465 466 469 575 587 
404: 400 401 402 405 406 409 412 413 414 415 417 418 419 421 422 423 425 426 428 429 430 432 433 435 436 438 439 440 443 444 445 446 447 448 449 450 451 452 453 454 457 459 460 461 462 463 464 465 467 468 469 762 
405: 402 403 404 406 408 410 411 412 413 415 416 418 419 421 422 424 425 426 427 433 434 435 437 438 440 441 442 443 444 445 446 447 448 450 451 453 454 456 457 459 460 461 466 467 469 
406: 400 401 403 404 405 407 408 409 414 416 417 419 420 421 422 423 424 425 429 431 432 433 439 440 441 442 445 446 447 449 450 453 454 455 456 457 458 459 461 463 465 467 469 759 
407: 402 406 409 410 411 412 413 415 418 420 421 422 423 425 427 428 429 430 432 434 435 437 438 439 440 441 442 443 444 446 448 449 451 452 454 456 457 460 463 464 465 466 468 469 
408: 401 403 405 406 409 410 411 412 413 414 416 417 419 420 421 423 425 426 427 428 429 431 432 433 434 435 436 437 438 439 441 443 445 446 447 448 449 450 451 452 453 454 455 456 457 458 460 462 463 464 465 466 467 468 469 778 
409: 400 401 402 403 404 406 407 408 410 411 412 414 415 416 418 419 420 421 422 423 424 425 427 429 430 432 433 434 436 438 439 440 441 443 445 447 448 449 450 451 453 454 456 457 458 459 460 462 463 464 465 466 467 468 469 535 
410: 402 403 405 407 408 409 411 413 414 415 416 417 418 419 420 421 422 423 424 425 426 427 428 431 432 433 434 435 437 438 439 440 441 443 444 445 446 447 448 451 452 454 455 456 457 459 461 463 464 465 468 469 541 558 794 
411: 400 401 402 405 407 408 409 410 412 413 414 415 416 417 418 419 420 421 422 423 424 426 427 429 431 433 434 435 436 437 439 441 443 444 445 446 447 449 450 451 452 453 454 455 456 458 459 461 462 463 464 468 469 
412: 401 402 403 404 405 407 408 409 411 414 415 416 417 418 421 422 425 427 428 429 432 434 435 436 437 438 439 440 441 443 444 446 447 448 449 452 453 455 456 457 460 463 465 467 469 764 
413: 400 401 403 404 405 407 408 410 411 414 416 417 419 421 422 423 424 425 426 427 428 430 431 433 434 435 436 437 440 441 442 443 444 445 448 450 451 454 455 456 457 458 460 461 462 463 464 465 466 467 
414: 400 401 402 403 404 406 408 409 410 411 412 413 415 417 418 420 421 422 423 424 425 426 427 428 429 430 431 432 433 434 435 437 438 439 441 443 445 446 447 448 449 451 452 453 454 455 456 458 459 462 463 466 467 468 
415: 400 401 402 403 404 405 407 409 410 411 412 414 417 418 419 421 422 423 424 425 426 427 428 430 431 432 433 434 435 436 439 440 442 444 445 446 447 449 450 451 452 453 454 455 456 457 458 459 460 461 462 463 465 466 467 468 469 
416: 400 401 402 405 406 408 409 410 411 412 413 417 418 420 421 422 423 424 426 428 429 433 434 437 438 439 440 442 443 444 445 446 447 448 450 451 454 455 456 457 458 463 464 465 467 469 
417: 400 401 402 403 404 406 408 410 411 412 413 414 415 416 418 419 420 422 424 426 427 430 432 434 435 436 437 439 440 442 443 445 446 447 448 449 450 451 452 453 454 456 457 458 460 461 463 464 465 468 469 587 787 
418: 400 401 402 403 404 405 407 409 410 411 412 414 415 416 417 420 421 422 424 425 427 428 429 431 432 433 435 436 437 438 439 440 441 442 444 445 446 447 449 451 452 453 454 456 457 458 460 461 462 463 464 465 467 468 763 
419: 401 402 403 404 405 406 408 409 410 411 413 415 417 420 421 422 423 424 425 429 430 431 433 435 436 437 438 439 440 441 442 443 444 445 446 447 448 449 450 451 452 455 457 459 461 462 463 465 467 468 561 585 774 
420: 400 401 402 406 407 408 409 410 411 414 416 417 418 419 421 422 423 424 425 427 428 429 430 431 432 435 437 439 441 442 443 444 446 447 448 449 453 454 455 457 458 459 460 461 462 463 464 466 467 469 765 
421: 400 402 403 404 405 406 407 408 409 410 411 412 413 414 415 416 418 419 420 422 425 427 429 431 434 435 437 438 439 441 443 444 446 447 448 450 451 453 455 457 458 462 463 464 465 466 468 772 
422: 401 402 403 404 405 406 407 409 410 411 412 413 414 415 416 417 418 419 420 421 423 424 425 426 428 429 430 432 434 435 437 438 439 440 443 447 449 452 453 455 456 457 458 459 460 461 462 463 464 465 466 467 469 
423: 400 402 403 404 406 407 408 409 410 411 413 414 415 416 419 420 422 426 428 429 430 431 432 433 434 435 436 437 438 440 441 442 443 447 448 452 453 454 455 457 458 461 465 466 467 468 469 587 
424: 400 402 403 405 406 409 410 411 413 414 415 416 417 418 419 420 422 425 426 427 429 430 431 432 433 434 435 436 437 438 439 440 441 442 443 445 447 448 449 450 451 452 453 454 455 457 458 459 460 461 463 465 466 467 468 534 546 556 
425: 400 401 402 403 404 405 406 407 408 409 410 412 413 414 415 418 419 420 421 422 424 428 429 430 431 432 434 435 436 439 440 441 443 444 446 447 448 449 450 451 452 453 455 456 457 458 459 461 462 463 464 465 466 467 468 469 567 
426: 401 404 405 408 410 411 413 414 415 416 417 422 423 424 427 429 430 431 433 436 437 439 441 445 446 448 449 450 454 457 458 459 460 461 462 464 465 466 469 581 
427: 402 403 405 407 408 409 410 411 412 413 414 415 417 418 420 421 424 426 428 429 430 432 433 436 437 438 439 440 442 443 444 446 447 449 452 453 454 460 461 462 463 465 466 467 469 581 
428: 401 402 403 404 407 408 410 412 413 414 415 416 418 420 422 423 425 427 431 432 433 436 437 438 439 440 441 445 446 447 448 449 450 451 452 453 455 456 457 459 461 463 464 465 466 467 468 469 
429: 400 401 402 403 404 406 407 408 409 411 412 414 416 418 419 420 421 422 423 424 425 426 427 432 433 434 435 436 437 438 439 440 442 443 444 445 446 449 450 451 452 453 454 456 457 458 460 461 463 465 468 469 565 567 
430: 400 403 404 407 409 413 414 415 417 419 420 422 423 424 425 426 427 431 432 434 436 440 441 442 444 445 447 448 449 451 452 454 455 456 458 459 460 461 462 463 464 467 468 469 787 
431: 402 406 408 410 411 413 414 415 418 419 420 421 423 424 425 426 428 430 432 433 437 440 442 443 445 447 448 449 450 452 454 456 457 459 460 463 464 466 467 468 469 530 564 788 
432: 400 402 403 404 406 407 408 409 410 412 414 415 417 418 420 422 423 424 425 427 428 429 430 431 433 434 437 439 441 442 443 446 447 448 449 450 452 453 455 457 458 459 460 462 463 465 467 469 
433: 400 401 402 403 404 405 406 408 409 410 411 413 414 415 416 418 419 423 424 426 427 428 429 431 432 436 437 438 440 441 442 443 444 445 447 448 449 450 451 452 453 455 456 457 458 461 462 463 464 465 466 467 468 469 
434: 400 401 403 405 407 408 409 410 411 412 413 414 415 416 417 421 422 423 424 425 429 430 432 435 437 438 439 443 445 446 447 448 449 450 451 452 455 456 457 458 463 464 465 466 467 468 469 538 
435: 400 401 402 403 404 405 407 408 410 411 412 413 414 415 417 418 419 420 421 422 423 424 425 429 434 437 438 440 441 442 443 444 452 453 454 455 456 459 460 461 462 463 465 466 467 468 469 
436: 400 402 403 404 408 409 411 412 413 415 417 418 419 423 424 425 426 427 428 429 430 433 437 438 441 442 443 444 445 446 447 449 452 454 455 456 457 458 459 462 463 465 466 467 468 469 550 
437: 400 402 403 405 407 408 410 411 412 413 414 416 417 418 419 420 421 422 423 424 426 427 428 429 431 432 433 434 435 436 438 439 440 441 442 443 444 445 446 448 454 455 456 457 460 461 462 463 464 465 467 468 469 569 
438: 400 401 402 403 404 405 407 408 409 410 412 414 416 418 419 421 422 423 424 427 428 429 433 434 435 436 437 439 441 442 443 444 445 446 447 448 450 452 456 458 459 460 461 462 464 465 466 467 469 752 
439: 402 404 406 407 408 409 410 411 412 414 415 416 417 418 419 420 421 422 424 425 426 427 428 429 432 434 437 438 440 441 442 444 445 447 448 449 450 451 454 455 458 459 460 461 462 463 464 468 469 
440: 400 401 402 404 405 406 407 409 410 412 413 415 416 417 418 419 422 423 424 425 427 428 429 430 431 433 435 437 439 441 442 443 445 446 447 448 450 451 452 453 454 457 458 459 460 462 463 464 465 466 467 469 539 789 
441: 400 401 402 403 405 406 407 408 409 410 411 412 413 414 418 419 420 421 423 424 425 426 428 430 432 433 435 436 437 438 439 440 442 443 445 446 447 448 451 454 455 456 457 458 462 463 464 465 466 467 469 582 
442: 400 401 403 405 406 407 413 415 416 417 418 419 420 423 424 427 429 430 431 432 433 435 436 437 438 439 440 441 444 445 447 452 453 454 456 457 458 459 460 461 465 466 467 468 
443: 401 402 403 404 405 407 408 409 410 411 412 413 414 416 417 419 420 421 422 423 424 425 427 429 431 432 433 434 435 436 437 438 440 441 446 447 449 450 451 453 455 456 457 458 459 461 462 463 465 466 468 469 575 774 
444: 400 401 402 403 404 405 407 410 411 412 413 415 416 418 419 420 421 425 427 429 430 433 435 436 437 438 439 442 445 446 449 450 451 452 456 457 458 459 461 462 464 465 467 556 773 
445: 400 404 405 406 408 409 410 411 413 414 415 416 417 418 419 424 426 428 429 430 431 433 434 436 437 438 439 440 441 442 444 446 447 448 449 450 452 456 460 461 463 465 466 467 469 
446: 400 401 402 403 404 405 406 407 408 410 411 412 414 415 416 417 418 419 420 421 425 426 427 428 429 432 434 436 437 438 440 441 443 444 445 447 448 449 450 453 456 457 458 459 460 461 462 463 466 467 468 546 
447: 400 401 402 403 404 405 406 408 409 410 411 412 414 415 416 417 418 419 420 421 422 423 424 425 427 428 430 431 432 433 434 436 438 439 440 441 442 443 445 446 448 449 450 452 453 454 455 456 457 458 459 460 461 463 464 465 466 467 468 469 552 560 
448: 400 402 403 404 405 407 408 409 410 412 413 414 416 417 419 420 421 423 424 425 426 428 430 431 432 433 434 437 438 439 440 441 445 446 447 450 451 452 456 457 458 459 461 462 463 467 468 469 
449: 400 401 403 404 406 407 408 409 411 412 414 415 417 418 419 420 422 424 425 426 427 428 429 430 431 432 433 434 436 439 443 444 445 446 447 451 452 453 454 459 460 461 462 463 464 465 466 467 468 469 
450: 401 402 404 405 406 408 409 411 413 415 416 417 419 421 424 425 426 428 429 431 432 433 434 438 439 440 443 444 445 446 447 448 451 452 453 454 455 456 458 459 460 462 463 465 466 467 469 560 761 
451: 401 404 405 407 408 409 410 411 413 414 415 416 417 418 419 421 424 425 428 429 430 433 434 439 440 441 443 444 448 449 450 452 455 457 459 460 462 464 465 466 467 469 585 
452: 400 402 404 407 408 410 411 412 414 415 417 418 419 422 423 424 425 427 428 429 430 431 432 433 434 435 436 438 440 442 444 445 447 448 449 450 451 454 455 456 463 464 467 557 558 750 
453: 400 402 403 404 405 406 408 409 411 412 414 415 417 418 420 421 422 423 424 425 427 428 429 432 433 435 440 442 443 446 447 449 450 456 457 458 459 460 463 467 469 541 780 755 
454: 400 401 402 403 404 405 406 407 408 409 410 411 413 414 415 416 417 418 420 423 424 426 427 429 430 431 435 436 437 439 440 441 442 447 449 450 452 455 456 458 459 460 462 464 466 469 566 
455: 401 406 408 410 411 412 413 414 415 416 419 420 421 422 423 424 425 428 430 432 433 434 435 436 437 439 441 443 447 450 451 452 454 456 457 458 459 460 461 462 463 464 465 466 468 469 788 
456: 400 401 402 405 406 407 408 409 410 411 412 413 414 415 416 417 418 422 425 428 429 430 431 433 434 435 436 437 438 441 442 443 444 445 446 447 448 450 452 453 454 455 457 458 460 461 462 463 464 465 467 468 
457: 400 402 403 404 405 406 407 408 409 410 412 413 415 416 417 418 419 420 421 422 423 424 425 426 428 429 431 432 433 434 436 437 440 441 442 443 444 446 447 448 451 453 455 456 458 459 460 461 463 464 465 466 467 468 583 
458: 401 402 406 408 409 411 413 414 415 416 417 418 420 421 422 423 424 425 426 429 430 432 433 434 436 438 439 440 441 442 443 444 446 447 448 450 453 454 455 456 457 461 462 463 465 466 468 775 
459: 400 401 402 403 404 405 406 409 410 411 414 415 419 420 422 424 425 426 428 430 431 432 435 436 438 439 440 442 443 444 446 447 448 449 450 451 453 454 455 457 460 461 462 463 464 465 466 467 468 469 
460: 400 401 402 403 404 405 407 408 409 412 413 415 417 418 420 422 424 426 427 429 430 431 432 435 437 438 439 440 442 445 446 447 449 450 451 453 454 455 456 457 459 464 465 467 468 469 559 
461: 401 402 403 404 405 406 410 411 413 415 417 418 419 420 422 423 424 425 426 427 428 429 430 433 435 437 438 439 442 443 444 445 446 447 448 449 455 456 457 458 459 462 463 464 467 468 561 
462: 400 402 403 404 408 409 411 413 414 415 418 419 420 421 422 425 426 427 430 432 433 435 436 437 438 439 440 441 443 444 446 448 449 450 451 454 455 456 458 459 461 463 465 466 467 468 469 552 788 
463: 401 402 403 404 406 407 408 409 410 411 412 413 414 415 416 417 418 419 420 421 422 424 425 427 428 429 430 431 432 433 434 435 436 437 439 440 441 443 445 446 447 448 449 450 452 453 455 456 457 458 459 461 462 464 467 468 469 752 
464: 401 404 407 408 409 410 411 413 416 417 418 420 421 422 425 426 428 430 431 433 434 437 438 439 440 441 444 447 449 451 452 454 455 456 457 459 460 461 463 466 467 468 469 541 
465: 401 402 403 404 406 407 408 409 410 412 413 415 416 417 418 419 421 422 423 424 425 426 427 428 429 432 433 434 435 436 437 438 440 441 442 443 444 445 447 449 450 451 455 456 457 458 459 460 462 466 468 469 536 
466: 400 401 402 403 405 407 408 409 413 414 415 420 421 422 423 424 425 426 427 428 431 433 434 435 436 438 440 441 442 443 445 446 447 449 450 451 454 455 457 458 459 462 464 465 467 468 469 
467: 401 402 404 405 406 408 409 412 413 414 415 416 418 419 420 422 423 424 425 427 428 430 431 432 433 434 435 436 437 438 440 441 442 444 445 446 447 448 449 450 451 452 453 456 457 459 460 461 462 463 464 466 469 571 
468: 400 402 404 407 408 409 410 411 414 415 417 418 419 421 423 424 425 428 429 430 431 433 434 435 436 437 439 442 443 446 447 448 449 455 456 457 458 459 460 461 462 463 464 465 466 469 551 
469: 400 402 403 404 405 406 407 408 409 410 411 412 415 416 417 420 422 423 425 426 427 428 429 430 431 432 433 434 435 436 437 438 439 440 441 443 445 447 448 449 450 451 453 454 455 459 460 462 463 464 465 466 467 468 
512: 513 514 515 516 518 519 520 521 524 525 526 527 528 529 470 471 472 473 474 475 476 477 478 479 480 481 482 483 484 486 487 489 492 493 494 495 496 498 501 504 505 507 508 509 511 602 623 
513: 512 514 515 517 518 519 520 521 522 523 524 525 528 529 470 471 473 474 475 477 478 479 480 481 482 483 484 485 486 487 488 489 490 493 495 496 499 500 501 502 503 504 505 506 508 511 
514: 512 513 515 516 517 519 520 521 522 523 524 525 526 527 528 470 471 472 473 474 476 477 478 479 481 482 483 484 485 486 488 491 492 493 494 495 496 497 498 500 501 502 504 505 510 511 599 
515: 512 513 514 516 518 520 521 522 523 524 525 527 528 529 470 471 472 473 474 475 476 478 481 482 483 484 486 487 488 489 491 492 493 494 495 496 497 498 500 501 502 503 505 507 508 509 510 511 642 608 631 639 
516: 512 514 515 517 518 519 520 521 522 523 524 526 527 528 471 473 474 475 476 478 480 481 482 483 484 485 487 488 489 490 492 493 494 495 496 498 501 502 504 505 506 508 510 511 
517: 513 514 516 519 520 522 524 525 526 529 470 473 474 475 478 480 481 485 486 487 488 490 492 493 494 495 496 497 499 501 502 503 505 506 507 508 509 510 656 
518: 512 513 515 516 519 520 521 522 523 524 525 526 528 529 470 471 472 473 475 477 478 479 481 482 483 486 487 488 489 491 492 493 494 495 496 500 501 502 503 504 505 506 508 510 511 647 619 664 
519: 512 513 514 516 517 518 520 521 522 525 526 527 528 529 470 471 474 475 476 477 480 481 482 483 487 488 489 490 491 492 494 495 496 497 498 500 502 503 504 505 507 509 510 511 597 650 654 
520: 512 513 514 515 516 517 518 519 521 522 523 524 525 527 528 529 470 471 472 478 480 481 482 483 485 486 487 488 489 490 491 492 494 495 496 497 498 499 500 501 502 503 504 505 506 507 508 509 510 
521: 512 513 514 515 516 518 519 520 522 526 527 528 529 470 471 472 473 475 477 478 479 480 481 482 483 484 485 486 487 488 489 490 491 492 493 495 497 498 499 500 501 502 503 504 507 508 509 511 
522: 513 514 515 516 517 518 519 520 521 523 524 526 527 528 529 470 471 472 473 475 476 478 479 480 484 485 486 488 489 490 491 492 493 495 497 498 499 500 501 502 503 505 506 508 509 510 511 
523: 513 514 515 516 518 520 522 525 526 527 528 470 471 473 474 475 477 478 479 480 483 484 485 486 489 490 491 492 493 495 496 497 501 502 504 506 508 509 511 
524: 512 513 514 515 516 517 518 520 522 525 526 527 529 470 471 472 473 474 475 476 477 479 482 483 484 485 486 487 489 490 491 493 494 495 496 497 498 499 500 501 502 504 506 509 510 511 689 
525: 512 513 514 515 517 518 519 520 523 524 526 528 529 470 471 472 473 474 475 476 477 478 480 481 484 485 487 488 490 492 493 494 497 498 499 500 502 503 504 505 507 508 510 601 
526: 512 514 516 517 518 519 521 522 523 524 525 528 470 471 472 474 475 477 479 480 481 482 483 484 486 488 489 490 491 492 493 494 495 496 497 498 500 502 504 505 506 507 508 509 510 
527: 512 514 515 516 519 520 521 522 523 524 528 529 470 471 472 473 474 476 477 480 481 482 483 485 487 489 490 491 492 493 495 496 497 498 499 500 501 502 504 505 506 508 509 510 
528: 512 513 514 515 516 518 519 520 521 522 523 525 526 527 529 471 472 473 474 476 477 478 479 480 484 485 486 487 488 490 491 492 493 495 496 497 499 500 502 503 504 506 507 508 509 510 602 612 
529: 512 513 515 517 518 519 520 521 522 524 525 527 528 470 471 472 473 475 476 477 478 480 481 482 484 485 486 487 488 489 490 491 492 494 497 498 502 503 507 508 509 511 
470: 512 513 514 515 517 518 519 520 521 522 523 524 525 526 527 529 471 473 475 477 478 479 480 481 482 483 485 486 489 490 493 494 497 498 500 501 502 503 504 507 508 510 511 
471: 512 513 514 515 516 518 519 520 521 522 523 524 525 526 527 528 529 470 472 474 476 478 479 480 481 482 484 485 487 488 489 490 491 492 493 494 495 497 498 501 502 503 505 506 507 508 509 510 511 641 671 685 686 
472: 512 514 515 518 520 521 522 524 525 526 527 528 529 471 473 474 475 476 480 481 483 485 486 487 488 489 490 491 494 495 496 497 498 500 501 503 505 506 507 510 
473: 512 513 514 515 516 517 518 521 522 523 524 525 527 528 529 470 472 474 475 476 477 479 481 483 484 485 486 487 488 490 491 493 495 496 497 498 500 501 502 503 504 507 508 509 510 511 675 
474: 512 513 514 515 516 517 519 523 524 525 526 527 528 471 472 473 475 476 477 479 480 481 483 485 487 489 490 491 492 493 494 496 497 498 499 500 502 503 504 505 506 507 509 510 511 
475: 512 513 515 516 517 518 519 521 522 523 524 525 526 529 470 472 473 474 477 478 479 480 483 484 485 486 487 488 489 491 493 494 495 498 499 501 502 504 506 507 509 510 511 676 
476: 512 514 515 516 519 522 524 525 527 528 529 471 472 473 474 478 479 480 482 483 484 485 487 489 490 491 492 493 494 495 496 497 499 500 501 502 503 504 506 507 508 509 510 511 674 
477: 512 513 514 518 519 521 523 524 525 526 527 528 529 470 473 474 475 478 479 480 481 483 484 485 486 487 488 489 490 491 492 493 495 497 498 499 502 503 505 506 507 508 509 510 511 618 659 681 
478: 512 513 514 515 516 517 518 520 521 522 523 525 528 529 470 471 475 476 477 479 480 481 483 485 486 489 490 491 494 495 496 497 498 499 500 501 503 504 505 507 508 509 510 511 688 
479: 512 513 514 518 521 522 523 524 526 528 470 471 473 474 475 476 477 478 481 483 484 485 486 488 490 491 492 493 494 495 496 498 499 500 502 504 505 507 510 511 622 680 
480: 512 513 516 517 519 520 521 522 523 525 526 527 528 529 470 471 472 474 475 476 477 478 482 483 484 485 486 487 488 489 490 491 492 493 494 495 496 497 498 501 502 503 505 506 507 508 
481: 512 513 514 515 516 517 518 519 520 521 525 526 527 529 470 471 472 473 474 477 478 479 483 485 486 488 489 492 493 494 495 497 498 500 503 504 505 506 510 511 696 
482: 512 513 514 515 516 518 519 520 521 524 526 527 529 470 471 476 480 483 485 486 487 488 489 490 491 492 493 494 495 496 497 498 500 501 502 503 504 507 508 509 510 511 592 
483: 512 513 514 515 516 518 519 520 521 523 524 526 527 470 472 473 474 475 476 477 478 479 480 481 482 484 485 487 490 491 492 493 494 496 497 498 500 503 504 505 506 507 509 510 511 697 
484: 512 513 514 515 516 521 522 523 524 525 526 528 529 471 473 475 476 477 479 480 483 486 487 488 490 491 493 495 496 497 498 499 501 502 503 505 506 509 510 511 695 
485: 513 514 516 517 520 521 522 523 524 525 527 528 529 470 471 472 473 474 475 476 477 478 479 480 481 482 483 486 487 490 491 492 493 495 496 501 505 506 507 508 510 511 697 
486: 512 513 514 515 517 518 520 521 522 523 524 526 528 529 470 472 473 475 477 478 479 480 481 482 484 485 487 488 489 492 493 495 497 499 500 502 503 504 506 508 626 691 
487: 512 513 515 516 517 518 519 520 521 524 525 527 528 529 471 472 473 474 475 476 477 480 482 483 484 485 486 488 489 490 491 492 493 494 495 496 497 498 499 500 501 502 503 504 506 508 509 609 
488: 513 514 515 516 517 518 519 520 521 522 525 526 528 529 471 472 473 475 477 479 480 481 482 484 486 487 489 490 491 492 494 495 496 497 498 499 501 503 504 506 507 508 509 510 511 597 600 651 
489: 512 513 515 516 518 519 520 521 522 523 524 526 527 529 470 471 472 474 475 476 477 478 480 481 482 486 487 488 490 491 492 493 494 495 496 497 499 500 501 502 503 504 505 506 507 510 
490: 513 516 517 519 520 521 522 523 524 525 526 527 528 529 470 471 472 473 474 476 477 478 479 480 482 483 484 485 487 488 489 491 492 493 494 496 497 499 500 501 502 503 504 505 506 508 510 511 
491: 514 515 518 519 520 521 522 523 524 526 527 528 529 471 472 473 474 475 476 477 478 479 480 482 483 484 485 487 488 489 490 492 493 494 495 502 503 504 505 508 511 
492: 512 514 515 516 517 518 519 520 521 522 523 525 526 527 528 529 471 474 476 477 479 480 481 482 483 485 486 487 488 489 490 491 493 494 495 496 497 499 500 501 502 503 504 507 508 510 511 
493: 512 513 514 515 516 517 518 521 522 523 524 525 526 527 528 470 471 473 474 475 476 477 479 480 481 482 483 484 485 486 487 489 490 491 492 494 495 496 497 498 499 501 502 503 504 506 507 509 510 606 
494: 512 514 515 516 517 518 519 520 524 525 526 529 470 471 472 474 475 476 478 479 480 481 482 483 487 488 489 490 491 492 493 495 496 497 498 499 500 501 502 503 505 506 507 508 509 510 
495: 512 513 514 515 516 517 518 519 520 521 522 523 524 526 527 528 471 472 473 475 476 477 478 479 480 481 482 484 485 486 487 488 489 491 492 493 494 496 499 500 501 502 503 505 507 508 509 511 648 
496: 512 513 514 515 516 517 518 519 520 523 524 526 527 528 472 473 474 476 478 479 480 482 483 484 485 487 488 489 490 492 493 494 495 497 498 499 501 502 503 505 506 508 509 510 
497: 514 515 517 519 520 521 522 523 524 525 526 527 528 529 470 471 472 473 474 476 477 478 480 481 482 483 484 486 487 488 489 490 492 493 494 496 498 499 500 502 503 505 507 508 510 
498: 512 514 515 516 519 520 521 522 524 525 526 527 529 470 471 472 473 474 475 477 478 479 480 481 482 483 484 487 488 493 494 496 497 499 500 503 504 506 507 509 511 
499: 513 517 520 521 522 524 525 527 528 474 475 476 477 478 479 484 486 487 488 489 490 492 493 494 495 496 497 498 501 502 503 504 505 506 507 508 509 511 
500: 513 514 515 518 519 520 521 522 524 525 526 527 528 470 472 473 474 476 478 479 481 482 483 486 487 489 490 492 494 495 497 498 501 503 504 505 506 507 509 
501: 512 513 514 515 516 517 518 520 521 522 523 524 527 470 471 472 473 475 476 478 480 482 484 485 487 488 489 490 492 493 494 495 496 499 500 503 505 506 507 509 510 511 
502: 513 514 515 516 517 518 519 520 521 522 523 524 525 526 527 528 529 470 471 473 474 475 476 477 479 480 482 484 486 487 489 490 491 492 493 494 495 496 497 499 503 504 506 508 509 510 511 
503: 513 515 517 518 519 520 521 522 525 528 529 470 471 472 473 474 476 477 478 480 481 482 483 484 486 487 488 489 490 491 492 493 494 495 496 497 498 499 500 501 502 504 505 506 507 510 511 644 592 
504: 512 513 514 516 518 519 520 521 523 524 525 526 527 528 470 473 474 475 476 478 479 481 482 483 486 487 488 489 490 491 492 493 498 499 500 502 503 505 506 507 508 509 511 
505: 512 513 514 515 516 517 518 519 520 522 525 526 527 471 472 474 477 478 479 480 481 483 484 485 489 490 491 494 495 496 497 499 500 501 503 504 507 508 510 511 
506: 513 516 517 518 520 522 523 524 526 527 528 471 472 474 475 476 477 480 481 483 484 485 486 487 488 489 490 493 494 496 498 499 500 501 502 503 504 507 508 510 511 646 
507: 512 515 517 519 520 521 525 526 528 529 470 471 472 473 474 475 476 477 478 479 480 482 483 485 488 489 492 493 494 495 497 498 499 500 501 503 504 505 506 508 509 510 511 
508: 512 513 515 516 517 518 520 521 522 523 525 526 527 528 529 470 471 473 476 477 478 480 482 485 486 487 488 490 491 492 494 495 496 497 499 502 504 505 506 507 509 510 511 643 624 636 687 
509: 512 515 517 519 520 521 522 523 524 526 527 528 529 471 473 474 475 476 477 478 482 483 484 487 488 493 494 495 496 498 499 500 501 502 504 507 508 510 511 654 
510: 514 515 516 517 518 519 520 522 524 525 526 527 528 470 471 472 473 474 475 476 477 478 479 481 482 483 484 485 488 489 490 492 493 494 496 497 501 502 503 505 506 507 508 509 511 621 
511: 512 513 514 515 516 518 519 521 522 523 524 529 470 471 473 474 475 476 477 478 479 481 482 483 484 485 488 490 491 492 495 498 499 501 502 503 504 505 506 507 508 509 510 649 676 679 693 
530: 431 531 532 533 536 538 541 542 543 545 546 547 549 551 552 553 554 555 557 558 560 561 564 565 568 570 572 573 574 575 577 578 579 580 582 583 584 585 586 587 588 589 
531: 335 530 532 533 534 535 536 537 538 539 543 544 545 546 548 550 551 552 553 554 555 556 557 558 559 560 561 563 564 565 566 567 568 569 570 571 572 574 575 576 577 578 579 587 589 
532: 317 530 531 533 535 536 538 539 540 541 544 546 548 549 550 551 552 553 554 555 556 557 558 559 560 561 562 564 566 568 569 571 572 573 574 575 576 577 578 580 581 582 583 584 585 586 588 
533: 388 394 530 531 532 534 535 538 539 540 541 542 543 544 545 547 548 549 550 551 552 553 555 556 557 558 559 560 561 563 564 565 567 569 571 574 575 576 577 578 579 582 585 587 588 589 
534: 424 531 533 535 536 538 540 541 542 543 544 545 546 548 550 553 554 555 556 557 558 559 560 561 562 563 565 566 567 568 570 571 572 573 574 575 576 577 578 579 580 581 582 583 585 586 587 589 
535: 358 409 531 532 533 534 536 537 538 539 540 541 542 543 544 546 547 548 549 550 551 552 553 554 555 556 557 558 559 561 562 563 564 565 566 567 572 574 575 576 577 578 579 580 581 582 584 586 588 
536: 465 530 531 532 534 535 537 538 539 540 541 542 545 546 547 548 549 550 551 552 553 554 555 557 558 559 561 562 563 564 565 567 569 572 573 574 575 576 577 579 580 582 583 585 586 587 588 
537: 531 535 536 538 539 541 542 543 544 547 549 550 551 552 555 556 557 559 561 562 563 564 565 566 567 568 570 572 573 574 575 576 577 579 580 581 582 583 584 585 586 587 588 589 
538: 301 366 434 530 531 532 533 534 535 536 537 539 541 542 543 544 545 546 547 548 549 550 551 552 553 555 558 560 561 562 564 566 568 569 570 571 572 573 575 577 578 580 581 582 583 584 586 587 588 589 
539: 347 440 531 532 533 535 536 537 538 540 541 543 545 546 547 548 549 550 551 552 554 555 556 557 559 560 561 562 563 565 566 567 568 569 570 572 573 574 575 576 577 578 579 580 583 584 585 586 587 588 589 
540: 532 533 534 535 536 539 542 543 544 546 548 549 551 552 553 554 555 557 558 560 561 562 563 564 566 567 571 572 573 574 575 576 578 580 581 582 583 584 585 587 588 589 
541: 308 314 410 453 464 530 532 533 534 535 536 537 538 539 542 544 545 546 547 548 549 550 551 554 556 557 558 560 561 562 563 564 566 567 568 569 570 571 572 573 574 575 576 578 580 582 583 585 586 587 
542: 530 533 534 535 536 537 538 540 541 543 544 545 546 547 549 550 551 552 554 555 556 557 559 560 561 562 564 565 566 567 568 569 570 571 573 574 575 576 578 579 580 581 582 584 587 588 589 
543: 346 365 530 531 533 534 535 537 538 539 540 542 544 545 546 547 548 549 551 552 553 554 556 557 561 562 563 564 566 567 568 569 570 571 572 573 574 575 577 578 579 580 581 582 583 584 585 586 587 588 589 
544: 531 532 533 534 535 537 538 540 541 542 543 545 546 547 548 549 550 551 552 553 554 556 557 558 561 562 563 564 565 566 567 568 569 570 571 572 573 574 575 576 577 579 580 581 582 583 584 586 587 588 589 
545: 303 376 530 531 533 534 536 538 539 541 542 543 544 547 548 549 550 552 553 554 555 556 557 558 559 560 561 562 564 566 567 568 570 571 572 573 574 576 578 579 580 581 582 583 584 586 587 588 589 
546: 334 363 424 446 530 531 532 534 535 536 538 539 540 541 542 543 544 547 548 549 550 551 553 554 555 556 557 558 559 561 562 563 564 565 566 567 569 573 575 576 577 579 580 581 582 583 584 585 587 588 589 
547: 530 533 535 536 537 538 539 541 542 543 544 545 546 551 556 559 560 561 562 563 564 565 566 568 570 571 572 573 574 575 577 578 579 584 585 586 587 588 589 
548: 531 532 533 534 535 536 538 539 540 541 543 544 545 546 549 550 552 553 554 555 556 557 558 561 564 565 566 567 568 569 570 571 572 573 574 576 577 578 579 580 581 582 583 584 585 587 589 
549: 379 530 532 533 535 536 537 538 539 540 541 542 543 544 545 546 548 550 553 555 556 557 558 559 562 563 564 565 566 567 568 569 570 571 572 573 576 577 580 581 582 584 585 586 587 588 589 
550: 310 315 342 389 436 531 532 533 534 535 536 537 538 539 541 542 544 545 546 548 549 551 552 553 554 556 558 559 561 562 563 564 565 566 567 568 569 571 572 573 576 577 578 579 580 581 583 585 587 588 
551: 468 530 531 532 533 535 536 537 538 539 540 541 542 543 544 546 547 550 552 553 554 555 556 557 558 560 561 562 563 564 565 566 567 568 569 570 571 572 573 574 575 576 577 579 581 583 585 586 
552: 376 447 462 530 531 532 533 535 536 537 538 539 540 542 543 544 545 548 550 551 553 554 555 556 557 558 559 562 563 568 570 571 572 573 574 576 577 578 579 580 581 582 583 584 585 586 587 588 589 
553: 325 530 531 532 533 534 535 536 538 540 543 544 545 546 548 549 550 551 552 554 557 558 560 562 563 564 565 567 568 569 570 571 572 574 575 576 578 579 580 583 586 587 588 
554: 530 531 532 534 535 536 539 540 541 542 543 544 545 546 548 550 551 552 553 555 556 557 558 559 560 561 563 565 566 567 569 570 571 572 574 575 577 578 580 581 582 584 585 589 
555: 355 369 530 531 532 533 534 535 536 537 538 539 540 542 545 546 548 549 551 552 554 556 558 560 561 564 565 567 569 570 571 573 574 575 576 577 578 579 581 582 583 585 586 587 589 
556: 424 444 531 532 533 534 535 537 539 541 542 543 544 545 546 547 548 549 550 551 552 554 555 557 558 559 561 562 563 566 567 568 569 570 571 572 574 575 576 578 580 581 583 584 585 586 587 588 
557: 326 351 360 452 530 531 532 533 534 535 536 537 539 540 541 542 543 544 545 546 548 549 551 552 553 554 556 558 559 561 562 563 564 565 567 568 570 571 572 573 574 575 576 577 578 579 580 581 583 584 585 586 587 588 589 
558: 410 452 530 531 532 533 534 535 536 538 540 541 544 545 546 548 549 550 551 552 553 554 555 556 557 559 560 561 562 563 565 566 567 570 571 572 575 577 578 579 580 581 583 584 585 586 587 588 589 
559: 460 531 532 533 534 535 536 537 539 542 545 546 547 549 550 552 554 556 557 558 561 562 563 564 565 566 567 568 569 570 571 572 573 574 576 577 578 579 580 581 582 583 584 585 586 587 589 
560: 325 447 450 530 531 532 533 534 538 539 540 541 542 545 547 551 553 554 555 558 561 562 563 565 566 567 569 570 572 573 574 575 576 577 578 579 580 582 583 584 586 587 588 
561: 325 419 461 530 531 532 533 534 535 536 537 538 539 540 541 542 543 544 545 546 547 548 550 551 554 555 556 557 558 559 560 563 564 565 566 570 572 573 574 576 578 579 581 582 583 584 585 586 587 588 589 
562: 349 378 532 534 535 536 537 538 539 540 541 542 543 544 545 546 547 549 550 551 552 553 556 557 558 559 560 563 564 565 566 567 568 569 570 571 572 573 575 576 577 578 579 580 581 582 583 584 585 586 587 589 
563: 402 531 533 534 535 536 537 539 540 541 543 544 546 547 549 550 551 552 553 554 556 557 558 559 560 561 562 564 565 566 567 568 569 570 571 572 573 575 576 577 578 581 582 583 584 585 586 587 588 589 
564: 320 357 389 431 530 531 532 533 535 536 537 538 540 541 542 543 544 545 546 547 548 549 550 551 553 555 557 559 561 562 563 566 567 569 570 571 573 574 577 578 579 580 581 582 583 585 587 588 589 
565: 366 379 429 530 531 533 534 535 536 537 539 542 544 546 547 548 549 550 551 553 554 555 557 558 559 560 561 562 563 567 568 570 571 572 573 574 575 576 577 578 579 580 581 582 584 585 586 587 588 589 
566: 313 454 531 532 534 535 537 538 539 540 541 542 543 544 545 546 547 548 549 550 551 554 556 558 559 560 561 562 563 564 567 568 569 571 573 574 576 577 578 579 580 581 582 583 584 585 587 588 
567: 340 341 362 375 425 429 531 533 534 535 536 537 539 540 541 542 543 544 545 546 548 549 550 551 553 554 555 556 557 558 559 560 562 563 564 565 566 568 569 570 572 573 574 576 577 578 579 580 581 582 585 586 587 588 589 
568: 530 531 532 534 537 538 539 541 542 543 544 545 547 548 549 550 551 552 553 556 557 559 562 563 565 566 567 569 570 571 572 573 575 576 577 578 580 581 586 587 588 589 
569: 437 531 532 533 536 538 539 541 542 543 544 546 548 549 550 551 553 554 555 556 559 560 562 563 564 566 567 568 571 572 573 574 575 576 577 578 579 580 581 582 583 584 585 586 587 589 
570: 322 331 530 531 534 537 538 539 541 542 543 544 545 547 548 549 551 552 553 554 555 556 557 558 559 560 561 562 563 564 565 567 568 571 572 573 574 575 576 577 578 579 580 581 582 583 584 587 588 589 
571: 467 531 532 533 534 538 540 541 542 543 544 545 547 548 549 550 551 552 553 554 555 556 557 558 559 562 563 564 565 566 568 569 570 572 574 575 576 577 578 579 580 581 582 583 584 587 588 589 
572: 311 374 530 531 532 534 535 536 537 538 539 540 541 543 544 545 547 548 549 550 551 552 553 554 556 557 558 559 560 561 562 563 565 567 568 569 570 571 573 574 575 576 577 578 580 581 582 583 584 586 587 589 
573: 381 530 532 534 536 537 538 539 540 541 542 543 544 545 546 547 548 549 550 551 552 555 557 559 560 561 562 563 564 565 566 567 568 569 570 572 574 575 576 577 578 579 580 581 582 585 586 587 589 
574: 530 531 532 533 534 535 536 537 539 540 541 542 543 544 545 547 548 551 552 553 554 555 556 557 559 560 561 564 565 566 567 569 570 571 572 573 575 576 577 578 579 580 581 582 583 584 585 586 587 588 
575: 320 403 443 530 531 532 533 534 535 536 537 538 539 540 541 542 543 544 546 547 551 553 554 555 556 557 558 560 562 563 565 568 569 570 571 572 573 574 577 578 579 580 581 583 585 587 
576: 317 531 532 533 534 535 536 537 539 540 541 542 544 545 546 548 549 550 551 552 553 555 556 557 559 560 561 562 563 565 566 567 568 569 570 571 572 573 574 577 579 580 581 582 584 585 586 588 
577: 369 530 531 532 533 534 535 536 537 538 539 543 544 546 547 548 549 550 551 552 554 555 557 558 559 560 562 563 564 565 566 567 568 569 570 571 572 573 574 575 576 578 579 580 581 583 584 585 586 587 588 589 
578: 530 531 532 533 534 535 538 539 540 541 542 543 545 547 548 550 552 553 554 555 556 557 558 559 560 561 562 563 564 565 566 567 568 569 570 571 572 573 574 575 577 579 581 582 583 584 585 586 587 588 589 
579: 394 530 531 533 534 535 536 537 539 542 543 544 545 546 547 548 550 551 552 553 555 557 558 559 560 561 562 564 565 566 567 569 570 571 573 574 575 576 577 578 580 581 582 583 585 587 588 589 
580: 308 530 532 534 535 536 537 538 539 540 541 542 543 544 545 546 548 549 550 552 553 554 556 557 558 559 560 562 564 565 566 567 568 569 570 571 572 573 574 575 576 577 579 581 584 585 586 587 588 589 
581: 306 373 390 426 427 532 534 535 537 538 540 542 543 544 545 546 548 549 550 551 552 554 555 556 557 558 559 561 562 563 564 565 566 567 568 569 570 571 572 573 574 575 576 577 578 579 580 582 584 586 587 588 
582: 441 530 532 533 534 535 536 537 538 540 541 542 543 544 545 546 548 549 552 554 555 559 560 561 562 563 564 565 566 567 569 570 571 572 573 574 576 578 579 581 583 584 585 586 587 588 589 
583: 457 530 532 534 536 537 538 539 540 541 543 544 545 546 548 550 551 552 553 555 556 557 558 559 560 561 562 563 564 566 569 570 571 572 574 575 577 578 579 582 584 585 586 587 588 589 
584: 340 395 530 532 535 537 538 539 540 542 543 544 545 546 547 548 549 552 554 556 557 558 559 560 561 562 563 565 566 569 570 571 572 574 576 577 578 580 581 582 583 587 589 
585: 315 349 371 419 451 530 532 533 534 536 537 539 540 541 543 546 547 548 549 550 551 552 554 555 556 557 558 559 561 562 563 564 565 566 567 569 573 574 575 576 577 578 579 580 582 583 586 587 588 589 
586: 378 530 532 534 535 536 537 538 539 541 543 544 545 547 549 551 552 553 555 556 557 558 559 560 561 562 563 565 567 568 569 572 573 574 576 577 578 580 581 582 583 585 587 588 589 
587: 388 403 417 423 530 531 533 534 536 537 538 539 540 541 542 543 544 545 546 547 548 549 550 552 553 555 556 557 558 559 560 561 562 563 564 565 566 567 568 569 570 571 572 573 574 575 577 578 579 580 581 582 583 584 585 586 588 589 
588: 370 530 532 533 535 536 537 538 539 540 542 543 544 545 546 547 549 550 552 553 556 557 558 560 561 563 564 565 566 567 568 570 571 574 576 577 578 579 580 581 582 583 585 586 587 589 
589: 322 335 384 530 531 533 534 537 538 539 540 542 543 544 545 546 547 548 549 552 554 555 557 558 559 561 562 563 564 565 567 568 569 570 571 572 573 577 578 579 580 582 583 584 585 586 587 588 
640: 641 642 643 644 645 590 591 592 593 596 598 599 600 604 605 606 607 608 609 610 611 614 615 616 617 618 620 621 622 623 624 625 627 630 631 632 633 635 636 637 639 
641: 471 640 643 644 645 646 647 649 590 591 593 594 595 597 598 600 601 602 604 608 609 611 612 613 614 615 616 617 619 620 621 623 624 625 627 628 629 630 631 632 635 636 637 638 639 
642: 515 640 643 644 645 646 647 648 649 590 592 593 594 597 598 600 601 602 604 605 606 608 609 610 611 612 613 614 615 616 617 618 619 620 621 622 623 624 625 626 627 628 629 630 631 634 636 637 638 639 
643: 508 640 641 642 645 647 649 590 591 592 594 595 596 597 599 601 603 604 605 606 610 614 615 616 617 618 619 620 621 622 623 624 625 626 627 629 630 631 632 633 634 635 636 
644: 503 640 641 642 646 647 648 649 591 593 594 595 597 598 599 601 603 604 606 607 608 609 612 613 614 615 619 620 621 622 623 624 627 628 630 632 633 635 636 637 
645: 640 641 642 643 646 647 649 590 591 592 595 596 597 600 601 603 604 605 606 607 608 609 611 612 613 614 615 617 618 619 620 622 626 627 629 630 631 632 633 635 636 638 639 
646: 506 641 642 644 645 647 648 649 591 592 594 595 596 599 600 601 602 603 604 605 606 608 610 611 612 613 615 616 617 619 620 622 623 624 625 627 628 630 631 636 639 
647: 518 641 642 643 644 645 646 648 590 591 592 593 594 595 597 599 600 601 602 603 604 605 608 609 610 611 613 614 617 618 619 620 621 622 623 624 625 626 627 628 630 631 632 633 636 639 
648: 495 642 644 646 647 649 590 591 592 593 594 596 597 598 599 601 602 603 605 606 607 608 611 612 613 614 617 619 620 621 623 625 628 630 631 633 634 635 637 638 639 
649: 511 641 642 643 644 645 646 648 590 591 592 593 594 597 598 599 600 601 603 604 605 606 607 608 609 611 612 613 614 615 618 620 621 623 624 625 626 627 628 632 633 634 638 639 
590: 640 641 642 643 645 647 648 649 591 592 593 595 596 597 598 599 600 601 603 605 606 608 609 611 612 613 615 616 618 619 620 621 623 624 625 626 627 628 629 630 631 633 634 636 638 639 
591: 640 641 643 644 645 646 647 648 649 590 592 593 595 596 597 598 599 600 601 602 604 605 607 608 611 612 613 614 616 617 618 619 620 621 623 624 625 626 627 628 630 632 633 635 636 637 638 
592: 482 503 640 642 643 645 646 647 648 649 590 591 593 594 595 596 597 598 599 601 602 603 604 605 606 608 609 612 613 614 615 617 618 619 620 621 622 623 624 625 626 629 630 631 632 633 634 635 636 637 638 639 
593: 640 641 642 644 647 648 649 590 591 592 594 595 596 599 600 601 602 603 605 606 607 609 610 612 613 615 616 617 619 620 623 625 627 628 629 630 631 632 633 634 635 637 638 639 
594: 641 642 643 644 646 647 648 649 592 593 596 597 598 599 601 602 603 605 606 607 608 609 610 611 615 616 617 619 620 621 622 623 625 626 627 628 631 632 636 637 638 639 
595: 641 643 644 645 646 647 590 591 592 593 596 597 598 602 603 604 605 606 607 610 612 613 614 615 616 617 618 620 621 622 623 624 625 626 629 630 632 633 636 637 638 639 
596: 640 643 645 646 648 590 591 592 593 594 595 597 599 603 605 606 607 608 609 611 612 613 614 615 616 619 621 622 623 624 625 627 628 629 632 633 634 635 636 637 638 
597: 519 488 641 642 643 644 645 647 648 649 590 591 592 594 595 596 598 599 600 601 603 604 607 608 609 610 611 612 616 617 618 620 621 622 623 624 625 626 627 628 629 632 636 637 638 639 
598: 640 641 642 644 648 649 590 591 592 594 595 597 599 600 601 602 603 604 605 606 608 609 610 611 612 613 614 616 618 619 621 622 624 625 626 627 628 630 631 632 633 634 635 636 637 638 639 
599: 514 640 643 644 646 647 648 649 590 591 592 593 594 596 597 598 600 603 604 605 606 608 609 611 612 613 615 616 618 619 622 623 624 626 627 629 630 631 632 633 634 635 636 637 
600: 488 640 641 642 645 646 647 649 590 591 593 597 598 599 602 604 605 608 609 610 611 613 614 616 617 618 619 620 621 626 627 628 629 631 632 633 636 637 638 639 
601: 525 641 642 643 644 645 646 647 648 649 590 591 592 593 594 597 598 602 606 608 609 610 613 614 615 616 617 618 619 622 623 625 626 628 629 631 632 634 635 636 637 
602: 512 528 641 642 646 647 648 591 592 593 594 595 598 600 601 603 604 605 606 607 608 610 612 613 614 616 617 618 619 621 624 627 629 630 631 632 633 634 635 636 637 638 639 
603: 643 644 645 646 647 648 649 590 592 593 594 595 596 597 598 599 602 604 605 606 608 609 610 612 613 614 615 616 617 619 620 621 622 625 626 627 629 630 631 632 634 635 636 637 638 
604: 640 641 642 643 644 645 646 647 649 591 592 595 597 598 599 600 602 603 606 607 609 610 611 612 614 615 616 617 619 620 621 622 623 624 625 627 628 629 630 631 633 634 635 636 637 638 639 
605: 640 642 643 645 646 647 648 649 590 591 592 593 594 595 596 598 599 600 602 603 606 607 609 610 611 612 613 616 618 619 620 621 622 624 625 626 627 628 629 634 635 636 637 638 639 
606: 493 640 642 643 644 645 646 648 649 590 592 593 594 595 596 598 599 601 602 603 604 605 607 608 609 610 611 612 614 615 618 619 620 621 622 623 624 625 626 627 628 629 631 632 633 634 635 636 
607: 640 644 645 648 649 591 593 594 595 596 597 602 604 605 606 609 610 611 612 614 615 616 617 618 619 621 622 623 624 625 626 627 628 629 630 631 632 633 634 635 636 637 638 
608: 515 640 641 642 644 645 646 647 648 649 590 591 592 594 596 597 598 599 600 601 602 603 606 609 610 611 612 616 617 618 621 625 626 627 628 630 631 634 635 636 637 
609: 487 640 641 642 644 645 647 649 590 592 593 594 596 597 598 599 600 601 603 604 605 606 607 608 610 611 617 618 619 620 623 626 628 629 631 634 635 636 637 
610: 640 642 643 646 647 593 594 595 597 598 600 601 602 603 604 605 606 607 608 609 611 612 613 614 615 616 617 618 619 620 622 623 624 625 626 627 628 629 630 633 635 636 637 639 
611: 640 641 642 645 646 647 648 649 590 591 594 596 597 598 599 600 604 605 606 607 608 609 610 616 617 618 620 621 622 623 625 626 627 628 629 630 632 633 634 636 639 
612: 528 641 642 644 645 646 648 649 590 591 592 593 595 596 597 598 599 602 603 604 605 606 607 608 610 613 614 616 617 618 619 621 623 624 626 627 628 629 630 632 633 634 635 636 637 638 639 
613: 641 642 644 645 646 647 648 649 590 591 592 593 595 596 598 599 600 601 602 603 605 610 612 614 616 617 618 619 620 623 624 625 626 627 628 631 633 634 635 636 
614: 640 641 642 643 644 645 647 648 649 591 592 595 596 598 600 601 602 603 604 606 607 610 612 613 616 617 618 619 620 621 622 624 625 626 630 631 632 633 637 
615: 640 641 642 643 644 645 646 649 590 592 593 594 595 596 599 601 603 604 606 607 610 616 617 619 620 621 622 624 625 627 628 630 631 632 633 634 635 637 639 
616: 640 641 642 643 646 590 591 593 594 595 596 597 598 599 600 601 602 603 604 605 607 608 610 611 612 613 614 615 617 618 619 620 621 622 625 626 627 630 632 633 634 635 636 637 638 
617: 640 641 642 643 645 646 647 648 591 592 593 594 595 597 600 601 602 603 604 607 608 609 610 611 612 613 614 615 616 618 621 622 623 625 628 629 630 634 635 636 637 638 
618: 477 640 642 643 645 647 649 590 591 592 595 597 598 599 600 601 602 605 606 607 608 609 610 611 612 613 614 616 617 619 620 621 624 625 626 628 629 631 633 635 636 638 
619: 518 641 642 643 644 645 646 647 648 590 591 592 593 594 596 598 599 600 601 602 603 604 605 606 607 609 610 612 613 614 615 616 618 620 621 622 625 626 629 631 632 633 634 636 638 639 
620: 640 641 642 643 644 645 646 647 648 649 590 591 592 593 594 595 597 600 603 604 605 606 609 610 611 613 614 615 616 618 619 621 622 623 624 626 627 628 629 630 632 634 635 636 639 
621: 510 640 641 642 643 644 647 648 649 590 591 592 594 595 596 597 598 600 602 603 604 605 606 607 608 611 612 614 615 616 617 618 619 620 622 628 630 631 632 634 635 637 639 
622: 479 640 642 643 644 645 646 647 592 594 595 596 597 598 599 601 603 604 605 606 607 610 611 614 615 616 617 619 620 621 624 628 629 630 634 635 636 637 638 639 
623: 512 640 641 642 643 644 646 647 648 649 590 591 592 593 594 595 596 597 599 601 604 606 607 609 610 611 612 613 617 620 624 625 627 628 630 631 632 633 635 636 637 638 639 
624: 508 640 641 642 643 644 646 647 649 590 591 592 595 596 597 598 599 602 604 605 606 607 610 612 613 614 615 618 620 622 623 625 626 627 630 632 633 634 635 637 638 
625: 640 641 642 643 646 647 648 649 590 591 592 593 594 595 596 597 598 601 603 604 605 606 607 608 610 611 613 614 615 616 617 618 619 623 624 626 627 628 629 630 631 632 633 635 636 637 638 639 
626: 486 642 643 645 647 649 590 591 592 594 595 597 598 599 600 601 603 605 606 607 608 609 610 611 612 613 614 616 618 619 620 624 625 627 629 630 632 634 636 637 638 639 
627: 640 641 642 643 644 645 646 647 649 590 591 593 594 596 597 598 599 600 602 603 604 605 606 607 608 610 611 612 613 615 616 620 623 624 625 626 629 630 632 633 634 635 636 637 638 
628: 641 642 644 646 647 648 649 590 591 593 594 596 597 598 600 601 604 605 606 607 608 609 610 611 612 613 615 617 618 620 621 622 623 625 630 631 632 633 635 636 638 
629: 641 642 643 645 590 592 593 595 596 597 599 600 601 602 603 604 605 606 607 609 610 611 612 617 618 619 620 622 625 626 627 630 631 632 633 634 635 636 638 639 
630: 640 641 642 643 644 645 646 647 648 590 591 592 593 595 598 599 602 603 604 607 608 610 611 612 614 615 616 617 620 621 622 623 624 625 626 627 628 629 631 632 634 635 636 637 638 639 
631: 515 640 641 642 643 645 646 647 648 590 592 593 594 598 599 600 601 602 603 604 606 607 608 609 613 614 615 618 619 621 623 625 628 629 630 632 633 634 635 636 637 638 639 
632: 640 641 643 644 645 647 649 591 592 593 594 595 596 597 598 599 600 601 602 603 606 607 611 612 614 615 616 619 620 621 623 624 625 626 627 628 629 630 631 633 634 635 636 637 638 
633: 640 643 644 645 647 648 649 590 591 592 593 595 596 598 599 600 602 604 606 607 610 611 612 613 614 615 616 618 619 623 624 625 627 628 629 631 632 634 635 637 639 
634: 642 643 648 649 590 592 593 596 598 599 601 602 603 604 605 606 607 608 609 611 612 613 615 616 617 619 620 621 622 624 626 627 629 630 631 632 633 635 636 637 638 
635: 640 641 643 644 645 648 591 592 593 596 598 599 601 602 603 604 605 606 607 608 609 610 612 613 615 616 617 618 620 621 622 623 624 625 627 628 629 630 631 632 633 634 636 639 
636: 508 640 641 642 643 644 645 646 647 590 591 592 594 595 596 597 598 599 600 601 602 603 604 605 606 607 608 609 610 611 612 613 616 617 618 619 620 622 623 625 626 627 628 629 630 631 632 634 635 637 638 
637: 640 641 642 644 648 591 592 593 594 595 596 597 598 599 600 601 602 603 604 605 607 608 609 610 612 614 615 616 617 621 622 623 624 625 626 627 630 631 632 633 634 636 638 
638: 641 642 645 648 649 590 591 592 593 594 595 596 597 598 600 602 603 604 605 607 612 616 617 618 619 622 623 624 625 626 627 628 629 630 631 632 634 636 637 
639: 515 640 641 642 645 646 647 648 649 590 592 593 594 595 597 598 600 602 604 605 610 611 612 615 619 620 621 622 623 625 626 629 630 631 633 635 
650: 398 519 651 652 653 655 656 657 658 659 662 663 665 666 670 671 674 676 677 678 679 680 681 682 684 685 686 687 690 691 695 698 699 
651: 376 385 488 650 652 653 654 655 656 657 659 661 662 663 664 665 666 668 670 673 674 675 679 680 681 682 683 684 686 687 688 689 690 691 694 695 696 697 698 699 
652: 650 651 653 654 655 656 657 658 659 661 664 665 666 667 668 669 671 675 676 679 680 682 683 684 685 686 688 689 694 697 698 699 
653: 338 346 650 651 652 655 656 657 658 659 660 662 663 664 666 670 671 672 675 676 678 679 680 683 684 685 686 687 688 689 690 691 692 693 694 695 696 697 698 699 
654: 519 509 651 652 655 656 657 658 659 660 661 663 665 666 667 668 669 673 674 675 676 677 679 681 684 685 686 687 690 691 693 694 695 696 
655: 306 343 650 651 652 653 654 656 658 659 660 661 662 664 665 666 667 668 670 671 672 673 674 675 678 681 682 683 684 687 688 689 690 692 697 698 699 
656: 517 650 651 652 653 654 655 657 658 659 661 664 665 669 671 672 673 674 675 676 677 680 681 682 685 686 689 690 691 692 694 695 696 699 
657: 331 650 651 652 653 654 656 658 659 660 661 664 665 666 668 669 670 671 673 674 676 677 679 680 682 683 684 685 686 687 689 690 691 692 693 694 695 696 697 698 699 
658: 650 652 653 654 655 656 657 660 662 663 664 665 667 670 672 673 674 675 676 677 678 679 680 681 682 683 684 685 686 687 688 689 690 691 693 694 695 
659: 304 389 477 650 651 652 653 654 655 656 657 660 661 662 665 666 667 668 669 671 672 673 674 675 676 678 679 680 681 682 683 684 686 687 689 690 691 695 699 
660: 653 654 655 657 658 659 661 662 663 664 665 667 669 670 671 672 673 676 677 680 681 682 684 685 686 687 688 689 690 691 692 696 697 699 
661: 379 651 652 654 655 656 657 659 660 662 663 664 665 667 668 669 670 671 672 673 674 675 676 677 678 679 681 682 684 685 686 687 689 690 694 695 696 697 698 699 
662: 326 335 361 650 651 653 655 658 659 660 661 663 664 665 667 670 671 674 675 676 677 678 679 680 681 682 683 685 687 688 689 690 691 692 694 695 696 697 699 
663: 393 650 651 653 654 658 660 661 662 664 667 669 670 672 673 674 678 680 682 683 684 687 688 689 690 691 695 697 698 699 
664: 334 389 518 651 652 653 655 656 657 658 660 661 662 663 665 666 667 668 669 672 673 675 677 678 679 680 681 683 684 685 686 687 688 689 694 695 696 697 
665: 650 651 652 654 655 656 657 658 659 660 661 662 664 666 667 668 669 670 671 672 673 674 675 678 680 681 682 683 684 686 687 688 689 690 691 692 693 694 695 696 697 698 699 
666: 307 358 369 650 651 652 653 654 655 657 659 664 665 667 668 672 673 674 675 676 677 678 679 680 681 682 684 686 687 689 690 691 692 693 694 695 697 699 
667: 355 652 654 655 658 659 660 661 662 663 664 665 666 668 670 671 674 675 676 677 678 680 681 682 683 684 685 686 687 688 689 690 692 693 694 695 696 697 698 699 
668: 651 652 654 655 657 659 661 664 665 666 667 669 671 672 673 674 677 678 679 680 682 683 685 686 687 688 689 690 691 692 693 695 696 697 698 699 
669: 652 654 656 657 659 660 661 663 664 665 668 670 671 673 674 676 677 678 679 680 681 683 684 685 686 688 689 690 691 692 693 694 697 698 699 
670: 373 650 651 653 655 657 658 660 661 662 663 665 667 669 672 673 674 675 678 680 681 682 683 685 686 688 690 691 693 694 695 696 697 
671: 349 471 650 652 653 655 656 657 659 660 661 662 665 667 668 669 673 674 677 680 681 682 683 686 687 688 689 690 693 694 695 696 697 698 699 
672: 311 317 653 655 656 658 659 660 661 663 664 665 666 668 670 673 676 678 679 682 684 686 687 688 689 690 692 693 694 695 696 697 698 699 
673: 651 654 655 656 657 658 659 660 661 663 664 665 666 668 669 670 671 672 674 675 676 677 678 679 680 683 684 685 687 688 689 692 694 696 698 699 
674: 317 319 343 392 476 650 651 654 655 656 657 658 659 661 662 663 665 666 667 668 669 670 671 673 675 676 677 680 683 684 685 686 687 688 689 691 692 693 694 695 696 698 699 
675: 473 651 652 653 654 655 656 658 659 661 662 664 665 666 667 670 673 674 676 677 678 681 682 683 684 685 686 689 692 693 694 695 697 698 699 
676: 475 511 650 652 653 654 656 657 658 659 660 661 662 666 667 669 672 673 674 675 677 679 681 683 684 686 688 689 691 692 693 695 696 698 699 
677: 376 650 654 656 657 658 660 661 662 664 666 667 668 669 671 673 674 675 676 678 679 682 683 684 685 688 690 691 692 694 695 696 697 698 699 
678: 304 377 650 653 655 658 659 661 662 663 664 665 666 667 668 669 670 672 673 675 677 679 681 682 683 684 685 686 687 688 690 691 694 696 697 698 699 
679: 511 650 651 652 653 654 657 658 659 661 662 664 666 668 669 672 673 676 677 678 681 682 683 684 685 687 688 694 695 699 
680: 322 333 479 650 651 652 653 656 657 658 659 660 662 663 664 665 666 667 668 669 670 671 673 674 681 683 685 688 689 690 692 693 694 695 696 697 
681: 477 650 651 654 655 656 658 659 660 661 662 664 665 666 667 669 670 671 675 676 678 679 680 682 683 684 685 686 687 688 689 690 691 692 693 694 697 698 699 
682: 348 397 650 651 652 655 656 657 658 659 660 661 662 663 665 666 667 668 670 671 672 675 677 678 679 681 683 688 689 692 694 695 698 
683: 376 651 652 653 655 657 658 659 662 663 664 665 667 668 669 670 671 673 674 675 676 677 678 679 680 681 682 684 685 687 688 689 690 691 692 693 695 696 697 698 
684: 312 650 651 652 653 654 655 657 658 659 660 661 663 664 665 666 667 669 672 673 674 675 676 677 678 679 681 683 685 687 688 689 690 691 692 694 695 696 697 698 
685: 323 365 471 650 652 653 654 656 657 658 660 661 662 664 667 668 669 670 673 674 675 677 678 679 680 681 683 684 686 687 689 690 692 693 694 697 698 699 
686: 471 650 651 652 653 654 656 657 658 659 660 661 664 665 666 667 668 669 670 671 672 674 675 676 678 681 685 690 692 693 694 696 697 698 699 
687: 338 375 383 508 650 651 653 654 655 657 658 659 660 661 662 663 664 665 666 667 668 671 672 673 674 678 679 681 683 684 685 688 691 692 694 695 696 697 698 699 
688: 478 651 652 653 655 658 660 662 663 664 665 667 668 669 670 671 672 673 674 676 677 678 679 680 681 682 683 684 687 690 692 693 694 695 698 
689: 378 384 524 651 652 653 655 656 657 658 659 660 661 662 663 664 665 666 667 668 669 671 672 673 674 675 676 680 681 682 683 684 685 690 691 692 693 695 696 697 699 
690: 329 650 651 653 654 655 656 657 658 659 660 661 662 663 665 666 667 668 669 670 671 672 677 678 680 681 683 684 685 686 688 689 693 694 695 697 698 699 
691: 308 327 486 650 651 653 654 656 657 658 659 660 662 663 665 666 668 669 670 674 676 677 678 681 683 684 687 689 692 693 694 695 697 698 699 
692: 653 655 656 657 660 662 665 666 667 668 669 672 673 674 675 676 677 680 681 682 683 684 685 686 687 688 689 691 693 695 699 
693: 355 390 511 653 654 657 658 665 666 667 668 669 670 671 672 674 675 676 680 681 683 685 686 688 689 690 691 692 694 698 699 
694: 380 389 651 652 653 654 656 657 658 661 662 664 665 666 667 669 670 671 672 673 674 675 677 678 679 680 681 682 684 685 686 687 688 690 691 693 697 698 699 
695: 311 484 650 651 653 654 656 657 658 659 661 662 663 664 665 666 667 668 670 671 672 674 675 676 677 679 680 682 683 684 687 688 689 690 691 692 696 697 698 699 
696: 481 651 653 654 656 657 660 661 662 664 665 667 668 670 671 672 673 674 676 677 678 680 683 684 686 687 689 695 698 699 
697: 374 390 483 485 651 652 653 655 657 660 661 662 663 664 665 666 667 668 669 670 671 672 675 677 678 680 681 683 684 685 686 687 689 690 691 694 695 698 
698: 394 650 651 652 653 655 657 661 663 665 667 668 669 671 672 673 674 675 676 677 678 681 682 683 684 685 686 687 688 690 691 693 694 695 696 697 699 
699: 376 650 651 652 653 655 656 657 659 660 661 662 663 665 666 667 668 669 671 672 673 674 675 676 677 678 679 681 685 686 687 689 690 691 692 693 694 695 696 698 
700: 44 54 109 701 702 703 704 705 706 707 708 712 713 714 715 716 717 718 719 720 721 722 724 725 726 727 728 731 732 733 736 737 738 739 743 744 745 746 747 748 749 
701: 700 702 703 704 705 706 708 709 711 712 713 715 716 717 718 719 720 722 723 724 726 727 728 729 730 735 737 738 739 741 742 743 744 745 746 747 748 749 
702: 50 73 96 110 134 700 701 703 704 705 707 708 710 711 712 714 716 717 718 720 721 722 723 724 725 726 727 728 730 731 732 733 734 735 737 738 739 740 741 742 743 746 748 749 
703: 2 150 160 700 701 702 704 705 707 708 709 710 711 712 713 714 715 716 717 718 719 721 722 724 725 726 727 728 729 731 732 733 734 735 736 737 738 739 740 741 742 745 746 747 
704: 9 700 701 702 703 705 707 709 710 711 713 714 715 716 717 718 719 720 721 722 724 726 727 728 730 731 732 733 734 735 736 737 739 740 741 743 744 745 746 747 748 
705: 5 78 99 142 700 701 702 703 704 706 707 708 709 710 712 713 714 715 716 717 719 720 721 722 723 724 725 726 727 728 731 732 734 736 737 738 739 741 742 743 744 745 747 748 749 
706: 53 129 700 701 705 707 709 710 714 715 716 717 718 720 722 723 724 725 727 728 729 730 731 732 733 735 736 737 738 739 744 747 748 749 
707: 138 143 173 700 702 703 704 705 706 709 710 713 714 715 716 718 719 720 722 723 724 726 727 728 729 730 731 733 734 735 736 738 739 740 742 743 744 745 746 747 748 749 
708: 52 124 163 700 701 702 703 705 709 710 711 712 713 715 716 717 719 720 721 724 726 727 728 729 730 731 732 734 735 737 738 740 741 742 743 744 745 748 749 
709: 132 701 703 704 705 706 707 708 710 711 712 715 716 717 718 721 722 723 724 725 726 729 730 732 734 735 736 737 738 739 740 742 743 744 745 746 747 748 749 
710: 2 55 702 703 704 705 706 707 708 709 711 712 713 714 715 717 719 720 721 722 723 725 726 727 728 729 731 733 734 735 736 740 741 742 745 746 747 748 749 
711: 2 24 41 92 198 701 702 703 704 708 709 710 712 714 715 716 717 718 720 721 724 725 726 727 729 731 732 734 735 736 737 738 741 745 747 748 749 
712: 700 701 702 703 705 708 709 710 711 713 714 715 716 717 718 719 720 721 722 723 724 725 727 728 729 730 731 732 733 734 736 737 738 740 741 742 743 745 746 747 748 749 
713: 12 146 700 701 703 704 705 707 708 710 712 714 715 716 717 718 719 721 723 725 727 728 730 731 732 733 734 736 738 739 740 741 742 743 744 745 746 747 748 749 
714: 27 149 700 702 703 704 705 706 707 710 711 712 713 715 716 718 719 720 722 723 725 726 727 728 729 730 734 735 736 737 738 739 742 743 744 745 746 748 749 
715: 700 701 703 704 705 706 707 708 709 710 711 712 713 714 716 717 718 719 720 721 722 723 724 728 729 730 731 732 733 734 735 736 737 738 739 741 742 743 745 746 747 748 749 
716: 166 195 700 701 702 703 704 705 706 707 708 709 711 712 713 714 715 717 718 719 720 721 722 725 726 727 728 729 731 732 733 734 736 737 738 739 740 741 742 743 744 745 746 748 749 
717: 124 191 700 701 702 703 704 705 706 708 709 710 711 712 713 715 716 718 719 720 721 723 725 726 727 729 731 732 733 734 735 736 737 738 739 740 742 743 744 745 746 747 749 
718: 169 178 700 701 702 703 704 706 707 709 711 712 713 714 715 716 717 719 720 721 722 723 725 728 729 730 732 733 734 735 736 737 738 739 740 741 742 743 744 745 746 747 748 749 
719: 700 701 703 704 705 707 708 710 712 713 714 715 716 717 718 720 721 722 723 724 725 726 727 728 729 731 732 733 734 735 736 737 738 739 740 741 742 743 744 745 748 749 
720: 700 701 702 704 705 706 707 708 710 711 712 714 715 716 717 718 719 721 722 723 724 725 726 727 728 730 731 732 733 735 736 737 738 739 741 742 743 744 745 746 747 749 
721: 15 27 136 138 700 702 703 704 705 708 709 710 711 712 713 715 716 717 718 719 720 722 723 724 725 726 727 729 730 731 732 733 734 735 737 738 739 740 742 743 744 745 746 748 749 
722: 98 700 701 702 703 704 705 706 707 709 710 712 714 715 716 718 719 720 721 723 724 727 728 734 736 737 739 741 742 743 745 746 747 748 749 
723: 175 701 702 705 706 707 709 710 712 713 714 715 717 718 719 720 721 722 725 726 727 728 729 732 733 734 735 737 738 739 741 743 745 746 749 
724: 700 701 702 703 704 705 706 707 708 709 711 712 715 719 720 721 722 725 726 727 729 730 731 732 733 734 735 738 739 740 743 744 745 746 747 748 749 
725: 2 5 700 702 703 705 706 709 710 711 712 713 714 716 717 718 719 720 721 723 724 727 728 729 730 731 732 733 734 735 736 738 739 740 742 744 745 746 747 748 749 
726: 700 701 702 703 704 705 707 708 709 710 711 714 716 717 719 720 721 723 724 727 729 730 732 733 736 737 738 741 742 745 746 747 748 749 
727: 0 99 183 700 701 702 703 704 705 706 707 708 710 711 712 713 714 716 717 719 720 721 722 723 724 725 726 728 729 730 731 732 733 734 735 736 737 738 739 741 742 743 744 745 746 747 748 749 
728: 91 100 146 168 700 701 702 703 704 705 706 707 708 710 712 713 714 715 716 718 719 720 722 723 725 727 730 731 732 733 734 735 736 738 740 741 742 743 744 746 747 748 749 
729: 96 172 701 703 706 707 708 709 710 711 712 714 715 716 717 718 719 721 723 724 725 726 727 731 732 733 734 735 736 737 738 739 740 741 744 745 746 747 748 749 
730: 701 702 704 706 707 708 709 712 713 714 715 718 720 721 724 725 726 727 728 733 734 736 737 738 739 740 741 742 743 746 747 748 749 
731: 10 59 87 116 700 702 703 704 705 706 707 708 710 711 712 713 715 716 717 719 720 721 724 725 727 728 729 732 733 734 735 736 737 739 740 741 742 743 744 745 746 747 748 749 
732: 147 700 702 703 704 705 706 708 709 711 712 713 715 716 717 718 719 720 721 723 724 725 726 727 728 729 731 733 735 736 737 738 739 741 743 745 747 748 
733: 84 700 702 703 704 706 707 710 712 713 715 716 717 718 719 720 721 723 724 725 726 727 728 729 730 731 732 735 736 737 738 739 740 741 743 744 745 746 747 748 
734: 122 702 703 704 705 707 708 709 710 711 712 713 714 715 716 717 718 719 721 722 723 724 725 727 728 729 730 731 735 736 737 739 740 741 742 744 745 746 747 748 
735: 5 84 116 180 701 702 703 704 706 707 708 709 710 711 714 715 717 718 719 720 721 723 724 725 727 728 729 731 732 733 734 736 737 738 740 741 742 743 744 745 748 
736: 83 700 703 704 705 706 707 709 710 711 712 713 714 715 716 717 718 719 720 722 725 726 727 728 729 730 731 732 733 734 735 737 739 740 742 744 745 746 
737: 44 162 192 700 701 702 703 704 705 706 708 709 711 712 714 715 716 717 718 719 720 721 722 723 726 727 729 730 731 732 733 734 735 736 738 739 741 742 743 744 745 749 
738: 23 700 701 702 703 705 706 707 708 709 711 712 713 714 715 716 717 718 719 720 721 723 724 725 726 727 728 729 730 732 733 735 737 739 741 742 744 745 746 748 749 
739: 17 93 700 701 702 703 704 705 706 707 709 713 714 715 716 717 718 719 720 721 722 723 724 725 727 729 730 731 732 733 734 736 737 738 740 741 742 743 744 746 747 748 
740: 110 158 702 703 704 707 708 709 710 712 713 716 717 718 719 721 724 725 728 729 730 731 733 734 735 736 739 741 744 745 746 748 749 
741: 5 141 198 701 702 703 704 705 708 710 711 712 713 715 716 718 719 720 722 723 726 727 728 729 730 731 732 733 734 735 737 738 739 740 742 743 745 746 747 748 749 
742: 4 59 65 123 180 701 702 703 705 707 708 709 710 712 713 714 715 716 717 718 719 720 721 722 725 726 727 728 730 731 734 735 736 737 738 739 741 745 746 748 749 
743: 46 77 147 700 701 702 704 705 707 708 709 712 713 714 715 716 717 718 719 720 721 722 723 724 727 728 730 731 732 733 735 737 739 741 745 746 747 748 749 
744: 700 701 704 705 706 707 708 709 713 714 716 717 718 719 720 721 724 725 727 728 729 731 733 734 735 736 737 738 739 740 745 746 748 749 
745: 32 199 700 701 703 704 705 707 708 709 710 711 712 713 714 715 716 717 718 719 720 721 722 723 724 725 726 727 729 731 732 733 734 735 736 737 738 740 741 742 743 744 747 748 749 
746: 700 701 702 703 704 707 709 710 712 713 714 715 716 717 718 720 721 722 723 724 725 726 727 728 729 730 731 733 734 736 738 739 740 741 742 743 744 747 748 749 
747: 43 162 700 701 703 704 705 706 707 709 710 711 712 713 715 717 718 720 722 724 725 726 727 728 729 730 731 732 733 734 739 741 743 745 746 749 
748: 5 116 700 701 702 704 705 706 707 708 709 710 711 712 713 714 715 716 718 719 721 722 724 725 726 727 728 729 730 731 732 733 734 735 738 739 740 741 742 743 744 745 746 749 
749: 3 46 94 97 111 132 700 701 702 705 706 707 708 709 710 711 712 713 714 715 716 717 718 719 720 721 722 723 724 725 726 727 728 729 730 731 737 738 740 741 742 743 744 745 746 747 748 
768: 769 770 771 773 774 775 776 777 778 779 780 781 782 783 784 785 786 788 789 790 791 792 793 794 795 796 798 799 750 751 752 753 754 756 757 758 759 760 762 763 766 767 
769: 768 771 773 774 775 776 777 778 779 781 782 783 784 785 786 787 788 790 791 792 793 794 798 799 750 751 752 753 754 755 756 757 758 759 760 762 763 764 766 
770: 768 772 773 774 775 776 778 780 781 782 783 784 785 786 787 788 789 790 791 792 793 794 795 796 797 798 799 750 751 753 754 756 758 759 760 761 763 765 767 
771: 768 769 772 773 774 775 776 777 778 779 780 781 782 783 784 785 786 787 788 789 791 793 794 795 796 797 798 799 750 752 755 756 757 759 760 762 763 764 765 766 767 
772: 421 770 771 773 774 775 776 777 778 780 783 784 785 786 787 788 789 791 792 794 795 796 797 798 799 750 753 754 755 758 759 760 761 762 763 766 
773: 444 768 769 770 771 772 774 775 776 777 778 779 780 781 782 783 784 785 787 788 790 791 794 798 799 750 751 752 754 755 756 757 758 759 760 761 762 763 764 765 766 767 
774: 419 443 768 769 770 771 772 773 775 776 777 778 780 781 783 784 785 787 788 789 790 791 793 794 795 796 797 798 799 750 751 755 756 758 759 760 762 763 764 766 767 
775: 458 768 769 770 771 772 773 774 776 777 778 779 781 782 783 785 786 787 788 789 790 792 793 795 796 797 798 799 750 751 752 753 755 756 757 759 760 761 762 763 764 766 767 
776: 768 769 770 771 772 773 774 775 781 783 784 785 786 787 788 789 790 791 792 793 795 796 797 798 799 750 752 753 754 756 758 761 764 765 766 
777: 768 769 771 772 773 774 775 778 780 782 783 784 786 787 788 789 791 792 793 794 795 796 798 799 750 751 752 754 755 756 757 759 760 761 762 766 767 
778: 408 768 769 770 771 772 773 774 775 777 781 782 784 785 786 787 789 790 792 793 794 795 798 799 750 752 753 754 755 756 757 758 759 760 761 762 763 764 766 767 
779: 768 769 771 773 775 780 781 782 783 784 785 786 787 789 790 791 792 793 794 795 796 798 799 751 752 753 754 755 756 757 758 759 761 762 764 765 
780: 453 768 770 771 772 773 774 777 779 781 782 783 784 785 786 787 788 790 791 792 794 797 798 750 751 752 754 755 756 757 758 760 761 762 763 765 766 767 
781: 768 769 770 771 773 774 775 776 778 779 780 783 784 785 786 787 789 790 791 792 794 795 796 797 799 750 751 752 755 756 757 758 759 761 762 764 765 766 767 
782: 768 769 770 771 773 775 777 778 779 780 783 784 785 786 787 789 790 791 793 796 797 798 799 750 752 753 755 756 757 758 759 760 761 762 763 764 765 766 767 
783: 768 769 770 771 772 773 774 775 776 777 779 780 781 782 785 787 790 791 792 794 795 796 797 798 799 750 751 752 753 755 756 757 759 760 761 762 764 765 766 767 
784: 768 769 770 771 772 773 774 776 777 778 779 780 781 782 785 786 788 789 790 791 792 793 794 795 797 798 750 751 752 753 754 756 757 758 760 761 762 763 764 765 766 767 
785: 768 769 770 771 772 773 774 775 776 778 779 780 781 782 783 784 786 787 788 789 790 791 792 793 794 795 796 797 798 750 751 752 754 755 757 758 759 760 761 762 763 765 767 
786: 768 769 770 771 772 775 776 777 778 779 780 781 782 784 785 787 789 790 793 794 795 796 797 798 751 752 753 754 755 757 758 760 761 762 763 764 766 767 
787: 417 430 769 770 771 772 773 774 775 776 777 778 779 780 781 782 783 785 786 788 789 790 791 793 794 795 796 797 798 799 750 751 752 753 755 756 757 758 759 760 761 764 767 
788: 431 455 462 768 769 770 771 772 773 774 775 776 777 780 784 785 787 789 791 793 794 796 797 799 750 751 752 753 754 755 756 758 759 760 761 764 766 
789: 440 768 770 771 772 774 775 776 777 778 779 781 782 784 785 786 787 788 790 791 792 793 795 796 797 798 799 750 751 753 754 755 756 757 758 760 761 762 763 765 766 
790: 768 769 770 773 774 775 776 778 779 780 781 782 783 784 785 786 787 789 791 792 793 794 795 796 798 799 750 751 754 755 757 758 759 760 761 762 764 765 766 767 
791: 768 769 770 771 772 773 774 776 777 779 780 781 782 783 784 785 787 788 789 790 792 793 794 795 796 797 798 751 752 753 754 755 756 757 758 759 760 762 763 764 766 767 
792: 768 769 770 772 775 776 777 778 779 780 781 783 784 785 789 790 791 795 796 798 750 751 752 754 755 756 757 758 761 762 763 764 765 766 767 
793: 768 769 770 771 774 775 776 777 778 779 782 784 785 786 787 788 789 790 791 796 797 798 799 751 752 753 754 755 756 757 759 761 762 763 764 765 766 
794: 410 768 769 770 771 772 773 774 777 778 779 780 781 783 784 785 786 787 788 790 791 795 796 797 798 799 750 752 754 755 756 757 758 759 760 761 762 763 764 765 766 767 
795: 768 770 771 772 774 775 776 777 778 779 781 783 784 785 786 787 789 790 791 792 794 796 797 798 799 750 751 752 753 754 755 756 757 758 760 761 762 763 764 765 766 767 
796: 768 770 771 772 774 775 776 777 779 781 782 783 785 786 787 788 789 790 791 792 793 794 795 797 798 799 750 752 753 754 755 757 758 760 761 762 763 764 765 766 
797: 770 771 772 774 775 776 780 781 782 783 784 785 786 787 788 789 791 793 794 795 796 798 750 751 753 754 755 756 757 758 759 760 763 764 766 767 
798: 768 769 770 771 772 773 774 775 776 777 778 779 780 782 783 784 785 786 787 789 790 791 792 793 794 795 796 797 799 750 751 752 753 754 755 756 757 758 759 760 762 763 764 765 766 767 
799: 768 769 770 771 772 773 774 775 776 777 778 779 781 782 783 787 788 789 790 793 794 795 796 798 750 751 752 753 755 756 757 758 759 760 761 762 764 765 767 
750: 452 768 769 770 771 772 773 774 775 776 777 778 780 781 782 783 784 785 787 788 789 790 792 794 795 796 797 798 799 751 753 754 755 756 757 759 761 762 763 765 766 767 
751: 768 769 770 773 774 775 777 779 780 781 783 784 785 786 787 788 789 790 791 792 793 795 797 798 799 750 752 753 754 758 759 761 762 765 766 767 
752: 438 463 768 769 771 773 775 776 777 778 779 780 781 782 783 784 785 786 787 788 791 792 793 794 795 796 798 799 751 753 755 756 757 758 759 760 761 762 764 766 767 
753: 768 769 770 772 775 776 778 779 782 783 784 786 787 788 789 791 793 795 796 797 798 799 750 751 752 754 756 757 759 760 761 762 765 766 767 
754: 768 769 770 772 773 776 777 778 779 780 784 785 786 788 789 790 791 792 793 794 795 796 797 798 750 751 753 756 757 759 761 762 763 764 765 767 
755: 453 769 771 772 773 774 775 777 778 779 780 781 782 783 785 786 787 788 789 790 791 792 793 794 795 796 797 798 799 750 752 757 759 760 761 762 764 765 766 767 
756: 768 769 770 771 773 774 775 776 777 778 779 780 781 782 783 784 787 788 789 791 792 793 794 795 797 798 799 750 752 753 754 757 758 759 760 764 765 767 
757: 768 769 771 773 775 777 778 779 780 781 782 783 784 785 786 787 789 790 791 792 793 794 795 796 797 798 799 750 752 753 754 755 756 759 760 761 762 763 764 765 766 767 
758: 768 769 770 772 773 774 776 778 779 780 781 782 784 785 786 787 788 789 790 791 792 794 795 796 797 798 799 751 752 756 759 760 761 762 763 764 765 766 767 
759: 406 768 769 770 771 772 773 774 775 777 778 779 781 782 783 785 787 788 790 791 793 794 797 798 799 750 751 752 753 754 755 756 757 758 761 763 764 765 766 767 
760: 768 769 770 771 772 773 774 775 777 778 780 782 783 784 785 786 787 788 789 790 791 794 795 796 797 798 799 752 753 755 756 757 758 761 763 766 767 
761: 450 770 772 773 775 776 777 778 779 780 781 782 783 784 785 786 787 788 789 790 792 793 794 795 796 799 750 751 752 753 754 755 757 758 759 760 762 763 764 765 766 767 
762: 404 768 769 771 772 773 774 775 777 778 779 780 781 782 783 784 785 786 789 790 791 792 793 794 795 796 798 799 750 751 752 753 754 755 757 758 761 763 764 765 766 
763: 418 768 769 770 771 772 773 774 775 778 780 782 784 785 786 789 791 792 793 794 795 796 797 798 750 754 757 758 759 760 761 762 764 765 766 767 
764: 412 769 771 773 774 775 776 778 779 781 782 783 784 786 787 788 790 791 792 793 794 795 796 797 798 799 752 754 755 756 757 758 759 761 762 763 765 766 767 
765: 420 770 771 773 776 779 780 781 782 783 784 785 789 790 792 793 794 795 796 798 799 750 751 753 754 755 756 757 758 759 761 762 763 764 767 
766: 768 769 771 772 773 774 775 776 777 778 780 781 782 783 784 786 788 789 790 791 792 793 794 795 796 797 798 750 751 752 753 755 757 758 759 760 761 762 763 764 767 
767: 768 770 771 773 774 775 777 778 780 781 782 783 784 785 786 787 790 791 792 794 795 797 798 799 750 751 752 753 754 755 756 757 758 759 760 761 763 764 765 766 
