1000
0: 1 3 4 5 6 7 8 11 13 14 15 16 17 19 20 21 23 25 26 28 29 31 32 33 34 35 36 38 39 40 41 42 43 44 45 47 48 49 50 51 52 53 54 56 57 58 59 60 61 62 63 66 67 68 69 70 71 72 74 75 76 77 79 80 81 83 84 85 87 88 89 90 91 92 93 95 96 98 99 100 103 104 106 107 108 109 110 112 113 115 116 117 118 119 120 121 123 124 126 127 128 129 130 132 133 134 136 137 138 140 141 143 145 147 148 149 150 151 153 155 156 157 159 160 162 163 165 166 167 169 170 171 172 174 175 176 177 178 180 181 182 184 185 186 187 188 189 190 191 192 193 194 195 197 198 199 200 201 202 203 205 206 209 210 211 213 214 215 217 218 219 220 222 223 225 226 227 228 229 231 233 234 235 236 237 239 240 241 242 243 245 246 248 249 251 252 253 254 255 256 257 258 259 260 262 263 264 265 266 269 270 271 272 273 274 275 276 277 278 279 280 281 282 283 285 286 287 289 292 293 294 295 296 298 299 301 303 305 306 307 308 309 311 312 314 315 316 317 318 319 320 321 322 323 324 326 327 328 329 330 331 332 334 335 336 337 338 339 340 341 343 344 345 346 347 348 349 350 351 353 355 356 357 358 359 360 362 364 365 366 367 369 370 371 372 373 374 375 376 377 378 379 380 382 383 384 385 386 387 388 389 391 392 393 394 395 396 397 398 399 401 402 403 404 405 407 408 409 410 411 413 414 415 416 417 419 420 421 422 424 426 427 428 429 430 431 432 434 435 437 438 439 440 442 444 446 447 448 449 450 451 452 454 455 456 457 458 459 461 462 463 465 466 467 469 471 472 473 474 475 476 478 479 480 481 482 486 487 488 489 490 491 492 493 494 496 498 499 667 
1: 0 3 4 5 6 7 8 9 11 12 13 15 16 18 19 20 22 24 25 26 27 28 29 30 32 35 36 37 38 40 41 42 43 44 46 47 48 50 54 55 57 58 59 60 62 64 65 66 67 68 69 70 71 72 74 75 76 77 78 79 80 82 83 85 86 87 88 89 90 92 93 94 97 98 99 100 101 102 104 105 107 108 109 110 112 114 115 116 117 118 120 121 123 125 126 127 129 130 131 132 133 136 137 139 140 141 143 145 146 148 149 151 153 154 155 157 161 162 163 164 165 166 167 168 169 170 171 173 174 175 176 177 178 179 180 181 182 183 184 185 186 187 188 189 190 191 192 193 194 195 196 197 198 199 200 201 202 203 205 207 208 209 210 211 212 213 215 216 218 219 220 222 223 224 225 226 227 228 229 230 231 232 233 234 235 236 237 238 239 242 243 245 246 247 248 249 250 251 252 254 255 256 258 259 260 261 262 263 264 265 266 267 269 271 272 273 274 275 276 277 279 281 284 285 286 289 290 291 292 293 294 296 297 298 299 300 301 302 303 304 306 308 309 310 311 312 313 314 316 317 318 319 321 322 324 325 326 327 328 329 330 332 334 336 337 338 340 341 342 343 346 347 348 349 353 354 355 356 358 360 361 363 365 366 367 368 369 370 371 372 373 374 375 376 377 378 379 381 382 383 384 385 386 388 389 390 392 393 394 395 398 400 401 402 403 404 405 406 407 409 410 413 416 417 418 419 420 421 423 424 425 426 428 430 431 432 433 434 435 437 438 439 440 441 442 443 445 446 447 448 449 453 455 456 458 459 460 461 462 463 465 466 467 468 470 472 474 475 476 477 478 479 480 481 482 484 485 486 488 489 490 492 493 495 496 498 499 619 
2: 3 4 5 6 7 8 9 10 11 13 15 16 17 18 19 20 21 23 24 25 26 27 28 29 31 32 33 34 35 36 37 38 39 40 41 42 43 44 45 46 47 48 49 50 51 52 53 54 55 56 57 58 59 60 63 64 65 66 67 68 69 70 71 72 73 74 75 77 78 80 82 83 84 86 87 88 89 90 92 93 94 95 96 97 98 99 101 102 103 104 105 107 108 110 111 112 114 115 117 118 119 120 121 122 123 124 125 126 128 129 130 131 132 134 137 139 143 144 146 147 148 149 151 152 153 154 155 156 157 158 159 160 162 163 164 165 166 167 168 169 170 171 172 174 176 177 178 180 181 183 184 185 186 188 189 190 191 192 193 194 195 196 197 198 199 200 201 202 204 205 206 207 208 209 210 211 212 213 215 216 219 220 221 222 224 225 226 227 228 231 232 233 234 235 238 240 241 242 243 244 245 246 248 249 250 252 253 254 255 256 258 259 260 261 262 264 265 266 267 269 270 272 273 274 275 276 277 278 279 280 281 282 283 285 286 288 289 290 291 292 293 294 295 299 301 303 304 306 309 310 311 313 314 315 317 319 320 324 325 326 327 328 329 330 331 332 333 335 336 337 340 343 344 345 347 348 349 351 352 353 355 356 357 358 360 361 362 363 364 365 366 367 368 369 370 371 372 373 374 375 377 380 381 382 384 385 386 387 388 389 390 391 392 394 396 397 398 400 401 402 403 405 407 408 409 411 412 413 414 415 416 418 420 422 423 424 425 426 427 428 429 431 432 433 434 435 436 437 438 439 440 441 444 445 446 447 450 451 452 453 454 456 457 458 459 460 461 464 465 466 467 468 470 471 472 473 474 475 476 477 478 479 480 481 482 483 484 485 486 487 488 489 490 491 492 493 494 495 497 499 642 682 686 772 
3: 0 1 2 4 5 9 10 12 13 14 15 16 20 22 23 24 25 26 27 28 29 30 31 32 33 34 35 36 37 38 40 42 43 45 47 50 51 52 53 54 55 56 57 58 59 60 61 62 63 64 65 66 67 68 72 73 75 76 77 78 79 81 82 83 85 87 88 90 92 94 95 96 97 99 101 102 104 105 106 107 108 110 111 112 113 114 115 116 117 119 120 121 122 124 125 126 127 128 129 130 131 132 133 134 135 136 139 140 141 142 143 144 145 146 148 149 155 158 159 160 161 162 163 164 166 167 168 169 170 171 172 174 175 176 177 178 179 180 181 182 183 184 185 186 187 188 189 191 192 193 194 195 196 197 198 199 200 201 202 203 204 206 207 208 209 210 211 212 213 216 217 218 219 220 222 223 224 225 226 227 228 229 232 233 234 235 237 238 240 241 243 244 245 246 247 248 250 255 256 257 259 261 262 264 265 266 269 270 271 273 274 275 276 277 278 281 282 283 284 286 287 288 289 290 291 292 294 295 296 298 299 300 301 302 304 305 310 311 312 315 316 318 319 320 321 322 323 324 326 327 328 330 331 332 333 334 335 336 337 338 339 340 342 344 345 346 347 348 349 350 352 354 358 359 360 361 362 363 364 366 368 369 370 372 374 375 376 380 381 382 384 387 388 389 391 392 393 394 396 397 398 400 401 403 404 405 406 407 408 409 410 411 413 414 415 416 417 419 420 422 424 426 427 428 429 430 433 434 435 436 438 439 440 441 442 443 444 446 447 448 450 451 453 455 456 458 459 460 461 462 464 466 467 470 471 473 474 475 476 477 478 479 480 482 485 487 489 490 491 492 493 496 497 498 499 950 
4: 0 1 2 3 5 6 7 10 11 12 14 15 17 18 20 21 22 23 24 25 26 27 28 29 30 31 32 33 34 35 36 37 38 39 40 41 42 43 44 45 46 47 48 49 50 52 53 54 55 56 57 58 61 62 63 64 65 66 67 69 70 71 73 74 75 76 77 78 79 82 83 84 85 86 90 91 94 95 96 97 98 99 100 101 102 103 104 107 108 110 111 112 113 114 116 118 119 122 123 124 125 127 128 129 130 131 132 133 135 136 137 139 140 141 142 144 145 146 147 149 150 151 152 154 155 156 157 159 161 162 163 164 165 168 169 170 172 173 174 175 179 180 181 182 183 186 187 188 190 191 192 193 197 198 200 201 202 204 205 207 208 209 210 211 212 215 216 217 218 219 220 221 222 224 225 226 227 228 229 230 231 232 233 234 236 238 239 240 241 242 243 244 245 246 247 250 251 252 253 254 255 256 258 259 260 261 262 263 264 265 266 267 268 269 270 271 272 273 274 275 276 277 278 279 280 281 282 283 286 287 289 290 291 294 295 296 297 298 301 302 304 305 306 307 308 309 310 311 312 314 315 316 317 318 319 321 323 325 327 328 331 332 333 334 335 336 337 338 339 340 342 343 344 345 347 348 349 350 352 353 354 355 356 358 360 361 362 363 364 366 367 368 369 370 372 373 374 375 376 379 380 382 383 384 385 386 387 388 389 390 391 392 393 394 395 397 399 400 402 404 405 406 407 408 409 410 411 412 413 414 415 416 417 419 420 421 422 423 424 426 428 429 430 431 432 433 434 435 436 437 438 440 441 442 443 445 446 448 449 451 452 453 454 455 457 459 460 461 462 463 464 465 466 467 468 473 474 475 476 477 478 479 480 481 482 483 484 486 488 489 490 491 492 494 495 497 498 499 640 786 
5: 0 1 2 3 4 6 7 8 9 10 11 13 15 16 17 19 20 22 24 26 27 28 29 31 32 33 34 35 36 39 40 41 42 43 44 46 47 48 49 50 53 54 55 56 57 59 60 61 62 63 64 65 66 67 68 69 71 72 73 74 76 77 79 80 81 82 85 86 88 90 91 92 95 96 97 98 100 102 103 105 106 107 108 109 110 111 113 114 115 116 118 119 120 121 124 127 128 129 130 131 133 134 135 136 139 140 141 142 144 145 146 147 152 154 156 157 160 161 163 164 165 166 167 168 169 170 171 172 173 175 176 177 178 182 184 186 187 188 189 190 191 192 193 194 195 199 200 201 202 203 204 205 206 207 208 209 211 212 213 214 216 217 218 219 220 221 222 223 226 227 229 230 231 232 233 234 235 236 237 238 239 241 244 246 247 248 249 250 251 252 253 255 256 257 258 259 260 262 265 266 267 268 269 270 272 273 274 275 277 279 281 282 283 286 287 288 289 291 293 294 296 297 298 299 300 301 302 303 304 305 306 308 310 313 316 317 318 319 320 321 322 323 324 325 326 327 328 329 330 331 332 333 334 335 336 337 338 339 340 342 343 344 345 346 347 348 349 351 352 353 354 355 356 357 358 359 360 361 364 365 367 369 371 373 375 379 380 381 382 383 384 385 386 387 388 389 390 391 392 393 394 395 396 397 398 399 400 401 403 405 406 407 409 410 411 412 413 414 415 416 417 418 419 420 421 422 423 424 426 427 428 429 432 433 434 435 436 438 439 440 442 443 444 445 446 447 449 450 451 452 453 454 455 456 458 459 460 461 462 463 464 465 466 467 469 470 471 472 474 475 476 477 478 479 481 482 484 485 486 488 489 491 492 493 494 495 496 497 499 622 675 761 941 
6: 0 1 2 4 5 7 8 9 10 11 12 14 16 18 20 21 22 24 25 26 27 28 29 30 31 32 34 35 36 37 38 39 42 43 44 45 47 48 49 51 52 53 54 55 56 57 58 61 62 63 64 65 66 67 68 69 71 72 74 75 76 77 79 80 81 83 84 87 88 89 90 91 92 93 94 95 96 97 98 99 100 101 103 104 105 107 108 109 110 111 112 113 115 116 117 118 120 121 122 124 125 126 128 129 130 131 132 133 134 135 136 137 139 140 141 142 143 144 145 146 148 149 150 152 153 154 155 156 157 158 159 160 163 164 165 166 169 170 171 172 174 175 176 177 178 179 180 181 182 183 184 185 187 188 189 190 191 192 193 194 195 196 197 198 199 200 201 202 203 205 207 208 210 211 212 214 215 216 218 219 220 221 222 223 225 226 227 228 230 231 232 234 235 236 237 239 240 241 242 243 244 245 246 247 248 250 251 253 254 255 256 257 260 261 262 264 265 266 267 268 270 272 274 275 276 277 279 280 283 284 285 286 287 290 291 293 294 295 296 297 298 299 300 301 302 303 304 305 307 308 309 310 311 312 313 314 315 316 317 318 319 320 321 322 323 324 325 326 327 328 330 331 334 335 338 339 340 342 343 344 346 347 348 349 350 352 353 354 355 360 361 363 366 367 368 369 370 371 372 373 374 375 376 377 379 380 381 382 384 385 387 388 389 391 393 394 395 396 397 398 399 400 401 402 403 404 405 406 407 408 409 410 411 412 414 415 416 417 419 421 422 424 425 426 427 429 430 433 434 437 440 441 442 443 446 447 448 450 451 452 454 455 457 458 459 460 461 463 464 465 466 468 470 472 473 474 476 477 478 480 481 482 483 485 486 487 488 489 490 492 495 496 497 498 499 679 758 
7: 0 1 2 4 5 6 8 9 10 11 13 16 17 21 22 24 25 26 27 28 29 31 32 34 35 36 37 38 39 40 41 42 43 44 46 48 50 51 52 53 54 56 59 60 61 62 63 64 67 71 72 74 75 76 77 78 79 80 82 83 84 85 87 88 89 90 91 92 93 95 96 97 98 99 100 102 103 106 107 108 109 111 112 113 114 115 116 117 118 120 121 122 123 124 126 128 130 132 137 141 142 145 146 147 148 149 151 152 153 155 156 157 160 161 162 163 164 165 168 169 170 171 172 173 174 175 176 177 179 180 181 183 184 186 187 189 190 192 193 194 195 196 197 199 200 201 202 203 205 206 207 208 210 212 215 216 217 218 219 220 221 222 223 225 226 227 228 229 230 231 232 233 234 235 237 238 239 240 241 242 243 244 245 246 247 248 253 257 258 259 260 261 262 264 266 267 268 269 270 272 273 275 276 277 278 279 280 282 283 284 285 286 288 290 291 292 293 295 297 299 300 301 302 303 304 305 306 308 309 311 312 314 317 319 320 323 326 327 329 330 332 333 335 337 338 340 341 342 343 344 346 347 348 350 351 352 353 354 355 356 358 361 362 364 365 366 367 368 369 370 371 373 374 375 376 377 381 382 383 384 385 386 387 388 389 390 391 392 393 394 396 397 398 399 400 401 402 403 404 405 406 407 408 409 410 411 413 414 415 417 418 419 420 421 422 424 426 427 429 432 433 434 435 436 437 440 441 442 444 445 446 447 448 449 450 452 453 454 456 458 459 461 462 463 464 465 468 469 470 471 472 473 474 475 476 477 478 479 480 481 482 484 487 488 489 490 491 492 493 494 495 496 497 498 499 632 796 753 
8: 0 1 2 5 6 7 11 13 14 15 16 17 18 19 20 21 22 24 25 26 28 29 30 31 32 33 34 36 37 38 39 40 42 43 44 45 47 48 50 51 52 53 55 57 58 60 61 62 63 66 68 70 73 75 76 77 78 81 83 84 85 87 90 91 93 94 95 96 97 98 99 100 101 102 103 104 105 106 108 110 111 112 113 114 116 118 119 120 121 122 123 124 125 126 127 128 130 131 132 133 135 136 137 138 139 140 141 142 143 144 145 147 148 149 150 152 153 154 155 156 157 158 159 160 161 163 165 166 167 168 169 170 171 172 173 175 177 178 179 181 182 185 186 187 188 190 192 194 195 196 197 198 200 201 202 203 204 205 206 207 209 210 211 212 214 215 216 217 219 220 221 222 223 224 226 227 228 229 230 231 232 234 236 237 238 239 240 241 242 244 245 246 249 251 252 253 255 257 258 259 261 262 264 268 269 270 271 272 273 274 275 276 277 278 279 280 283 284 285 286 289 291 292 293 294 296 297 298 299 303 304 305 306 307 308 309 311 312 313 314 315 316 318 320 321 322 324 325 326 327 328 329 330 331 332 333 334 335 336 337 338 340 342 343 345 346 347 350 351 352 353 354 355 356 357 358 359 361 362 364 365 367 368 369 370 371 372 373 375 376 378 379 380 381 383 384 385 387 388 389 390 391 392 393 394 395 396 398 399 401 402 403 405 406 408 409 410 411 412 413 414 415 416 417 418 419 420 421 422 424 426 428 430 431 432 433 434 435 436 437 438 439 441 442 443 445 447 448 449 450 451 452 453 454 455 456 458 459 460 461 462 463 465 466 468 469 470 471 472 473 474 475 476 477 478 479 480 482 483 484 485 486 487 488 489 490 491 493 494 496 497 498 499 992 
9: 1 2 3 5 6 7 10 11 12 14 15 16 17 18 21 22 24 25 27 28 29 31 32 33 34 35 36 37 39 40 41 42 43 44 45 46 47 48 49 53 54 56 57 58 59 60 62 63 64 65 66 69 70 72 74 75 76 77 78 80 82 83 84 85 86 87 88 89 91 92 93 94 95 96 97 100 101 102 103 104 105 106 107 108 110 112 113 116 117 118 120 124 125 126 127 128 129 130 132 133 134 135 136 137 138 140 141 143 144 145 146 147 148 149 150 151 153 155 158 159 160 161 163 164 165 166 167 168 172 173 174 176 177 178 179 180 183 184 185 187 188 190 192 194 195 196 198 199 200 202 203 205 206 207 210 212 213 215 216 217 218 219 220 221 222 224 227 228 230 231 232 233 234 235 236 239 240 241 243 244 245 246 247 248 249 250 251 253 254 255 256 257 258 259 260 261 262 265 266 267 269 271 272 273 274 275 276 277 278 279 280 281 282 283 284 285 286 287 288 291 292 294 295 296 297 298 299 302 303 304 305 306 307 308 309 312 313 314 315 316 320 321 322 323 325 327 328 329 330 331 332 333 334 335 337 338 339 340 341 342 343 344 345 346 347 348 352 355 360 362 365 366 367 369 370 372 373 374 375 376 377 379 380 383 384 385 386 388 390 391 392 394 395 397 398 399 400 401 403 404 405 406 407 408 409 410 411 412 413 415 416 419 420 421 422 423 424 427 429 431 432 433 434 435 436 437 438 439 440 441 442 443 444 445 446 447 448 451 452 453 454 455 456 457 458 459 460 462 463 464 465 466 468 469 470 471 472 473 475 476 477 478 479 481 483 484 485 486 487 489 491 492 493 494 495 498 664 
10: 2 3 4 5 6 7 9 11 14 15 16 17 18 20 21 22 23 24 25 27 28 30 31 32 33 34 35 36 37 38 39 41 42 43 44 46 49 51 52 53 55 56 58 60 61 62 64 65 66 67 68 69 71 72 73 74 75 77 78 79 80 81 82 83 84 85 87 88 89 90 91 92 93 94 95 96 97 99 101 102 103 105 106 107 108 109 111 112 115 116 118 122 123 124 125 126 127 130 132 133 134 136 137 138 139 141 142 144 145 146 148 152 153 155 156 157 158 159 160 162 163 164 165 166 167 169 170 171 172 174 175 176 178 180 181 184 185 186 187 188 189 191 192 193 194 195 196 198 199 200 201 202 203 204 207 208 209 210 212 213 214 215 216 218 219 220 221 223 224 227 228 229 230 231 234 236 237 238 239 240 241 242 243 244 245 246 248 249 252 254 255 256 257 258 259 260 261 263 266 269 271 273 274 276 277 278 279 280 281 282 283 285 286 287 288 289 290 291 293 294 296 297 298 299 301 302 303 304 306 307 308 309 310 311 313 315 317 318 319 321 322 323 324 325 326 327 328 330 333 334 339 340 341 342 344 345 346 347 348 349 350 351 352 353 354 357 358 359 360 361 363 364 365 366 367 368 369 372 373 374 375 376 377 378 379 381 383 384 385 386 387 390 392 393 394 396 397 398 399 400 401 403 404 405 407 408 409 411 414 415 416 417 418 420 421 422 423 425 426 427 428 429 430 431 432 434 435 436 437 438 439 445 447 449 450 451 454 455 456 457 459 460 461 462 464 465 466 467 469 470 471 472 473 475 476 477 478 479 480 481 482 484 485 486 487 488 489 491 492 493 494 495 496 497 498 499 688 
11: 0 1 2 4 5 6 7 8 9 10 12 13 15 16 17 19 20 21 24 25 27 28 29 30 32 33 34 35 36 39 40 41 42 44 45 46 48 49 50 52 53 54 55 56 57 58 59 60 61 62 63 64 65 66 67 69 70 71 72 73 75 76 77 78 79 81 83 84 86 87 88 89 91 93 94 95 96 97 98 99 100 102 103 106 107 108 109 111 112 113 114 116 117 118 119 120 122 125 126 128 129 130 131 132 133 134 135 136 137 138 139 140 141 142 144 145 146 147 148 149 150 151 152 153 154 155 158 162 163 164 165 167 169 173 175 176 177 178 179 180 181 182 183 184 185 186 187 188 189 190 191 193 194 195 197 198 199 200 201 204 207 210 211 213 214 215 216 217 218 221 222 223 225 226 227 228 229 230 231 232 233 234 235 236 239 241 242 245 246 247 248 250 251 255 256 257 258 260 261 262 263 264 265 266 267 268 269 270 271 272 273 274 275 276 277 278 280 281 283 284 285 287 289 291 292 293 294 295 296 297 298 299 300 301 302 303 304 305 308 309 310 311 312 313 314 316 317 318 319 320 322 323 324 325 326 327 328 329 330 332 333 334 335 337 338 339 340 341 342 343 345 347 349 350 351 353 354 355 356 357 359 360 361 362 364 366 370 371 372 373 374 375 376 378 379 380 381 382 383 384 385 387 388 389 390 391 392 393 394 395 396 397 399 400 402 403 405 406 409 410 411 412 413 414 415 416 418 419 421 422 423 424 425 427 428 429 431 432 434 435 436 438 439 440 441 442 444 445 446 447 448 451 452 453 455 456 457 458 459 460 461 462 463 465 466 468 469 470 471 472 474 476 477 478 479 480 481 484 485 486 487 488 489 491 492 494 495 496 497 498 499 
12: 1 3 4 6 9 11 13 14 16 17 18 19 20 21 22 23 24 25 26 28 29 31 32 33 34 35 36 37 38 39 40 41 42 43 44 46 47 49 52 53 54 55 58 59 60 61 62 63 66 67 69 70 71 72 74 75 76 77 78 79 80 81 82 83 84 85 86 87 88 89 90 91 92 94 96 97 98 99 100 101 102 103 104 105 106 107 108 109 110 111 112 113 115 116 117 118 119 120 121 122 123 125 127 128 129 130 131 134 135 137 139 140 141 142 143 144 146 147 148 149 150 151 152 153 154 155 156 157 161 162 163 164 165 166 169 170 173 174 175 176 177 178 181 182 184 185 186 187 188 189 191 192 193 194 196 197 198 200 202 203 205 207 208 210 211 212 213 214 215 216 218 220 221 223 224 225 229 230 231 232 234 235 236 238 240 241 242 243 244 245 246 247 248 249 250 251 252 253 254 256 257 258 259 261 263 264 266 267 269 270 271 272 273 274 275 280 281 282 283 285 286 287 288 289 290 291 294 295 296 297 301 302 304 305 306 307 308 309 312 313 314 315 318 319 321 322 323 324 325 326 327 328 329 330 333 334 335 337 338 339 340 341 342 343 344 345 347 348 349 350 351 352 353 355 358 359 360 361 362 363 364 365 366 368 369 370 371 372 375 376 377 378 379 380 382 384 385 386 387 388 389 390 391 392 394 396 397 399 400 401 402 405 407 409 410 411 413 414 416 417 418 419 420 421 422 423 425 426 428 429 431 432 434 435 436 437 438 439 440 442 444 445 446 447 448 450 454 460 461 462 463 464 465 467 468 469 470 471 472 473 474 476 477 478 480 481 482 484 485 486 487 488 489 490 491 492 493 494 495 496 497 498 499 
13: 0 1 2 3 5 7 8 11 12 14 16 18 19 21 22 23 25 26 27 28 29 30 33 34 35 36 37 38 39 40 41 42 43 44 45 47 48 49 51 52 53 54 55 56 57 58 59 60 61 63 65 66 67 68 69 70 71 72 73 74 75 76 77 78 79 80 81 82 84 85 87 88 89 91 92 93 96 98 100 102 103 105 107 108 109 112 113 114 115 116 117 118 119 120 122 123 124 125 127 128 130 132 133 134 135 136 137 138 139 140 141 142 143 144 145 146 148 149 151 152 153 155 156 157 159 160 161 162 163 164 165 166 167 168 169 170 172 173 175 177 180 181 182 183 184 185 186 187 188 191 192 193 194 195 197 198 199 200 201 202 204 205 206 207 208 209 210 211 212 213 214 216 218 219 220 221 223 224 225 227 228 229 230 231 232 233 234 235 236 237 238 240 242 243 244 245 246 247 248 249 250 251 255 256 257 258 259 261 262 263 264 265 266 267 268 269 270 271 272 273 274 275 277 278 280 282 283 284 285 287 288 289 290 291 293 295 296 297 298 299 300 301 302 304 305 309 312 313 315 316 317 319 320 322 324 325 327 328 330 331 332 333 334 335 336 337 338 339 340 341 342 343 344 346 347 348 349 350 352 353 354 355 356 357 359 360 361 362 363 364 365 366 367 368 369 370 371 372 373 374 376 378 379 380 381 383 385 387 389 390 391 395 396 398 399 400 402 403 404 405 406 407 408 409 410 411 412 414 415 416 417 418 419 420 422 423 424 425 426 427 429 430 431 432 433 434 436 437 438 439 440 441 442 444 447 448 449 450 452 453 454 456 457 458 459 460 461 464 466 467 469 470 471 472 473 474 475 476 477 478 479 480 481 483 484 485 486 487 488 491 492 493 494 495 496 497 690 
14: 0 3 4 6 8 9 10 12 13 15 16 17 18 19 20 23 24 25 27 28 29 30 31 32 33 34 35 37 40 41 42 43 44 45 47 48 49 51 54 55 56 57 59 61 62 63 64 69 70 72 73 74 75 77 78 79 81 82 84 85 86 87 89 92 93 94 95 97 98 100 101 103 104 105 107 108 110 111 112 114 116 118 119 120 123 124 125 126 127 128 129 130 131 132 134 135 136 137 138 139 140 141 142 143 144 145 146 147 148 149 150 152 154 155 156 157 161 163 164 166 167 168 169 170 171 173 174 175 176 177 178 179 180 182 183 184 185 186 187 188 189 190 191 193 194 196 197 198 199 200 202 203 204 205 208 209 210 212 213 214 215 216 217 218 219 220 221 222 223 224 225 226 230 231 232 233 234 235 236 239 240 241 242 243 244 246 247 248 249 250 251 252 253 254 255 256 257 258 259 260 261 262 264 266 267 268 269 270 271 272 275 276 277 278 279 280 281 282 283 285 286 287 288 289 290 291 294 295 296 297 298 300 301 304 305 306 308 309 310 311 312 313 316 320 321 322 325 326 327 328 329 330 331 332 333 334 335 336 338 339 340 341 342 343 344 345 346 347 349 350 353 354 355 356 357 358 359 362 363 365 366 367 368 369 370 371 372 373 374 376 378 379 380 381 382 384 385 388 389 390 393 394 395 397 399 400 401 402 403 404 405 407 408 409 410 412 414 415 416 419 420 422 425 426 427 428 429 430 431 432 433 435 436 437 439 440 441 442 444 445 446 447 448 449 451 452 453 454 456 460 461 462 463 464 465 466 468 469 470 471 472 474 475 476 477 478 481 482 483 484 485 486 489 490 492 493 494 497 499 788 974 
15: 0 1 2 3 4 5 8 9 10 11 14 16 17 18 19 20 21 22 23 24 26 27 28 30 31 32 33 35 36 38 40 41 42 43 44 45 46 47 48 49 51 52 53 54 55 56 58 59 60 61 62 65 66 68 69 70 72 73 74 75 76 77 79 80 81 82 83 84 85 87 88 89 90 91 92 93 94 95 96 97 100 101 102 104 105 106 107 108 110 111 112 114 115 116 117 119 121 122 123 124 125 126 128 129 131 132 133 134 135 136 137 139 140 141 142 143 144 145 146 147 149 152 153 154 156 157 158 159 160 161 162 163 164 167 168 169 170 171 172 173 174 175 176 177 180 181 182 183 184 185 186 188 190 192 196 197 198 199 200 201 202 203 204 205 206 207 208 209 210 212 213 215 216 217 218 219 220 221 222 223 224 225 228 229 230 232 233 234 235 238 239 240 242 243 244 247 248 249 252 253 255 257 258 259 260 263 264 265 267 268 269 270 271 273 274 277 279 280 281 282 284 285 286 287 292 293 294 295 296 297 298 299 301 302 307 308 309 311 313 314 315 316 317 318 319 320 321 322 323 324 325 326 327 329 331 332 333 334 336 337 339 340 341 342 343 344 345 346 347 348 351 354 355 356 358 359 360 361 362 363 365 366 367 368 369 372 373 374 375 378 379 380 382 383 384 385 386 387 389 390 391 393 394 397 398 399 401 402 403 404 405 406 410 411 412 413 414 415 417 420 421 422 423 424 425 426 428 429 430 432 433 436 437 438 439 440 442 443 444 445 447 448 451 452 454 455 456 457 458 459 460 461 462 463 465 466 467 468 469 470 471 472 473 474 475 476 477 478 479 480 481 482 484 485 486 487 488 489 492 493 495 496 497 498 499 669 
16: 0 1 2 3 5 6 7 8 9 10 11 12 13 14 15 17 18 20 22 23 24 26 27 28 29 30 31 32 34 36 37 38 39 40 41 43 44 46 47 48 49 50 51 52 53 55 58 59 60 61 63 64 65 67 68 69 70 72 73 74 75 76 77 78 80 82 84 85 86 89 90 92 93 94 97 98 99 100 101 102 103 104 106 107 108 109 110 111 112 113 114 115 116 117 118 119 121 122 123 124 125 126 127 128 129 131 132 133 134 135 136 138 141 142 145 146 147 148 149 150 151 152 153 154 155 156 157 158 159 160 162 163 165 166 167 168 169 170 171 174 175 176 177 178 179 180 181 185 186 187 188 191 192 193 195 196 197 201 202 204 205 206 208 209 210 212 214 215 217 218 219 223 224 225 226 227 228 229 230 231 232 234 235 236 237 238 240 241 244 245 246 248 249 250 256 257 258 259 260 261 262 266 267 268 269 270 271 274 276 277 278 279 281 282 283 285 286 287 288 289 290 291 294 296 297 299 302 303 304 305 306 308 309 310 313 314 315 316 317 318 319 320 321 322 325 326 327 329 330 332 333 334 335 336 338 339 340 341 342 343 344 345 346 348 349 350 351 352 353 354 355 356 357 358 359 360 361 362 364 365 367 368 369 370 371 373 374 375 376 377 379 380 381 382 383 385 386 389 390 391 394 395 396 397 398 399 400 401 404 405 406 407 408 409 411 412 413 414 416 417 418 419 420 423 424 426 427 428 429 430 431 432 433 435 436 438 439 440 441 442 443 444 445 446 447 448 450 451 452 455 456 457 458 459 461 462 463 464 465 466 467 468 469 470 471 472 473 474 476 478 480 481 482 484 485 486 487 488 491 492 493 494 495 498 683 697 796 767 
17: 0 2 4 5 7 8 9 10 11 12 14 15 16 18 19 20 21 22 23 24 26 28 29 31 33 34 35 36 37 38 39 40 41 42 45 47 49 50 51 53 54 55 58 59 61 62 63 64 66 67 68 70 71 74 75 76 78 79 80 81 82 84 86 87 88 89 90 92 95 96 97 99 100 101 102 103 104 105 106 107 108 109 110 111 112 113 114 115 116 117 118 119 120 121 122 124 125 126 127 130 134 135 136 137 139 140 141 142 145 146 148 149 150 151 152 153 154 156 158 159 160 161 163 164 167 168 169 170 171 172 173 174 175 176 177 178 180 181 182 183 186 188 189 190 191 195 198 199 200 201 202 203 204 205 206 207 210 212 213 214 215 216 217 218 219 220 221 222 223 224 225 227 229 230 231 232 233 234 237 238 239 240 242 243 244 246 248 250 252 256 258 259 260 262 263 266 268 269 270 271 274 275 277 278 280 281 284 286 287 288 289 290 291 292 293 294 295 297 298 299 300 301 302 303 304 310 311 312 313 315 316 317 318 319 321 322 323 325 327 328 329 330 331 333 335 336 337 338 339 340 341 342 344 345 348 350 351 352 353 354 355 357 359 360 362 363 364 365 366 367 368 371 374 375 378 379 380 382 383 384 388 389 391 392 393 395 396 398 399 401 402 403 404 405 407 409 411 412 413 414 415 416 417 418 419 420 421 422 423 425 426 427 429 432 433 434 435 436 437 438 440 441 443 444 445 446 447 449 451 452 453 454 455 456 457 458 460 461 462 463 465 466 467 468 471 472 473 474 477 478 479 481 482 485 486 488 489 490 491 492 493 494 495 497 498 499 937 992 
18: 1 2 4 6 8 9 10 12 13 14 15 16 17 19 20 21 24 25 26 27 28 30 32 33 35 36 39 40 41 42 43 46 47 49 50 51 52 53 54 55 56 57 58 59 61 62 64 65 66 67 68 69 71 73 74 76 77 78 79 80 82 83 84 85 86 87 88 89 90 91 92 93 94 95 96 97 98 99 100 101 104 105 106 108 111 112 113 115 117 118 119 120 123 124 126 128 131 132 133 134 135 136 137 138 139 140 141 142 143 146 147 148 149 150 151 153 155 156 157 158 159 160 162 163 164 165 166 167 169 170 171 172 173 174 176 180 182 183 184 185 186 187 188 189 190 191 192 195 196 199 200 201 202 203 204 205 206 207 208 209 210 211 212 213 214 215 216 217 218 219 220 221 222 226 228 229 230 231 232 234 236 237 238 239 240 244 245 246 247 248 250 251 252 253 254 256 259 260 261 262 263 265 266 267 268 269 270 271 272 273 274 275 276 277 278 279 281 282 284 285 286 288 289 291 292 293 294 295 296 297 298 299 300 302 303 305 306 307 308 309 310 312 314 317 318 319 320 324 325 326 327 328 330 331 332 334 335 337 338 339 342 347 348 349 350 351 352 353 354 355 356 357 358 359 360 361 363 364 365 366 368 369 370 371 372 373 374 375 376 378 379 380 381 383 384 385 386 387 388 390 391 393 394 398 399 400 402 403 404 405 406 407 408 409 410 411 412 413 414 415 417 419 421 422 423 425 426 429 430 431 432 433 434 436 437 438 439 440 441 442 443 444 446 447 448 452 453 454 455 456 457 458 460 463 465 468 469 470 471 473 474 475 476 477 479 480 482 483 484 485 486 488 490 491 492 493 494 495 496 498 499 640 960 
19: 0 1 2 5 8 11 12 13 14 15 17 18 20 21 22 24 25 28 29 30 31 33 34 35 36 38 39 41 42 44 45 46 47 48 49 50 52 53 54 55 57 58 59 60 61 62 65 66 69 70 72 73 74 77 78 79 80 81 82 83 84 86 87 88 90 91 93 94 95 96 97 98 101 102 103 105 106 107 108 109 110 111 112 115 117 118 119 121 123 124 128 129 130 131 132 133 134 135 136 137 138 139 140 141 142 144 145 146 148 149 151 152 153 154 156 158 159 160 161 162 163 164 165 166 167 168 170 171 172 173 174 175 177 178 179 181 182 184 186 187 189 190 191 192 193 194 196 197 198 201 202 203 204 207 208 209 211 212 213 214 215 216 217 219 220 222 223 224 225 226 228 229 230 231 232 233 234 235 236 237 238 239 240 241 242 243 244 245 246 247 248 249 250 251 252 253 254 255 256 257 260 261 262 264 265 266 267 268 269 270 271 272 273 274 275 276 277 280 281 282 284 285 286 287 288 289 290 291 293 294 295 296 297 298 299 300 303 307 309 310 312 314 315 317 318 319 320 321 322 323 324 325 326 327 329 330 332 333 336 337 338 339 340 341 342 344 345 346 347 348 349 350 353 355 357 358 359 360 361 362 363 365 366 367 368 369 370 372 373 375 376 377 379 380 381 382 383 386 388 389 391 392 393 395 398 399 400 401 402 403 404 408 410 411 413 414 415 416 417 418 419 420 421 423 424 426 427 428 429 430 431 432 433 434 437 438 439 440 441 442 443 445 446 448 449 450 451 452 453 454 455 456 457 458 459 460 462 463 464 465 467 468 469 470 472 473 475 477 478 479 480 481 482 483 486 487 488 489 492 493 494 495 496 498 499 602 628 657 929 
20: 0 1 2 3 4 5 6 8 10 11 12 14 15 16 17 18 19 21 23 24 25 28 29 30 31 32 34 35 36 37 39 40 41 42 43 45 46 48 50 51 52 53 54 55 56 57 60 61 62 63 64 65 67 68 69 70 71 72 73 75 76 78 79 80 81 82 83 85 86 88 89 90 92 93 94 96 97 98 100 101 102 103 105 106 108 109 110 112 114 116 117 118 119 122 123 124 125 126 127 128 131 132 133 134 137 138 139 140 141 142 143 144 145 146 147 148 149 151 152 153 154 155 156 157 158 159 160 161 162 163 164 165 167 168 169 170 172 173 174 176 177 178 179 180 181 182 183 184 186 188 189 190 191 192 193 194 196 198 200 201 202 203 204 205 206 207 209 210 212 213 214 215 216 217 219 220 221 222 224 225 227 228 230 231 232 233 234 235 237 238 239 241 243 245 247 248 249 250 251 253 254 255 256 257 258 259 260 262 264 265 266 267 268 269 270 271 272 273 274 275 276 279 280 281 282 283 284 285 286 287 288 289 290 292 293 294 295 296 298 299 301 302 305 307 309 310 311 313 314 315 316 318 319 320 321 322 323 324 325 326 328 330 332 333 335 336 337 339 340 341 342 343 344 345 346 347 350 352 353 354 355 356 358 361 365 366 367 370 371 373 375 376 377 378 379 380 381 383 384 387 388 389 390 392 393 396 398 401 402 403 404 405 406 407 408 410 411 414 416 417 418 420 423 424 426 427 428 430 432 433 434 436 437 438 439 440 441 442 443 444 445 447 448 449 450 451 452 453 454 456 457 458 460 461 462 463 464 465 466 467 468 469 470 471 472 473 474 475 476 477 479 480 481 483 484 487 488 489 490 491 493 495 496 498 499 936 
21: 0 2 4 6 7 8 9 10 11 12 13 15 17 18 19 20 22 23 24 27 28 31 32 33 34 35 36 37 38 40 41 42 43 44 45 46 47 48 49 50 51 53 54 58 59 60 61 62 63 64 65 68 69 70 73 74 75 76 77 78 80 81 82 83 84 85 87 89 90 92 93 94 95 96 97 100 102 103 104 105 106 107 108 109 110 111 112 113 114 115 117 118 119 120 121 122 124 125 126 127 128 129 130 134 136 137 138 139 140 142 144 145 146 149 150 151 152 153 154 155 156 157 159 160 161 162 164 167 168 170 172 173 175 176 177 179 180 181 182 185 187 188 189 191 192 193 194 196 197 198 199 201 203 204 205 206 207 208 209 210 211 212 213 214 216 218 219 220 221 222 223 225 229 230 231 232 234 235 236 238 240 241 242 243 244 245 246 247 248 249 250 251 252 253 255 256 257 258 259 260 262 263 265 266 267 268 269 270 271 272 273 275 276 277 278 279 281 282 284 285 286 289 290 291 292 293 294 295 296 297 299 301 302 303 304 305 306 307 308 309 310 311 312 313 314 315 316 318 319 320 321 322 323 324 325 327 328 330 331 332 333 334 335 337 338 339 343 344 345 346 347 348 349 350 351 353 354 355 358 361 363 364 365 366 369 370 371 376 377 378 379 382 384 385 386 387 388 389 390 391 392 393 395 396 397 398 399 400 401 402 403 404 405 406 407 409 411 412 415 416 417 418 419 420 421 423 424 426 427 428 429 432 433 434 435 436 437 439 440 441 442 444 445 446 447 448 449 450 452 453 454 455 456 457 458 459 460 462 463 465 466 469 470 472 473 474 475 476 478 479 480 482 484 485 486 487 488 489 490 491 493 496 498 499 688 
22: 1 3 4 5 6 7 8 9 10 12 13 15 16 17 19 21 24 25 26 27 30 31 32 33 35 36 37 41 42 43 44 45 46 47 48 49 50 53 55 56 57 58 59 62 63 64 65 67 68 69 70 71 72 73 74 76 77 78 80 81 82 83 84 85 88 90 92 96 97 98 100 101 102 103 104 105 106 107 108 109 110 111 113 114 115 116 117 118 119 120 121 122 123 124 125 126 127 130 131 132 133 134 135 136 137 138 139 141 142 143 144 145 146 148 150 151 152 154 155 156 157 158 159 161 162 163 164 165 166 167 169 170 171 172 173 174 175 176 177 178 179 180 181 182 186 187 188 189 190 191 192 193 194 195 196 197 199 200 201 203 204 205 206 207 208 209 210 211 213 215 216 218 220 221 222 224 225 226 227 228 229 230 231 232 234 236 237 238 239 241 242 243 244 245 246 247 249 250 251 252 253 254 256 257 258 260 263 264 265 266 267 268 270 271 272 273 274 275 276 277 278 279 280 281 283 284 285 286 287 289 290 292 293 294 295 297 298 299 300 301 303 304 306 307 309 310 311 313 314 315 316 317 318 319 320 322 324 325 326 329 330 331 332 333 334 335 336 337 338 339 340 342 343 344 345 347 348 349 350 352 353 354 355 356 357 358 360 362 363 365 366 368 369 371 375 376 377 378 379 380 382 383 386 388 389 391 392 393 394 395 396 397 398 399 400 402 404 407 408 409 410 411 412 414 415 416 417 418 419 420 421 422 423 424 425 426 427 428 429 430 432 433 435 436 437 439 440 442 444 445 447 448 449 450 451 452 455 456 457 458 460 461 462 464 468 469 471 472 473 474 475 477 478 479 480 482 484 485 487 488 489 490 494 495 496 497 498 771 
23: 0 2 3 4 10 12 13 14 15 16 17 20 21 24 25 26 28 29 30 31 32 33 34 35 36 38 39 41 45 46 47 48 49 51 53 54 55 57 59 61 62 63 67 68 69 70 72 73 74 75 76 78 79 80 83 84 85 86 87 88 91 92 93 94 95 96 97 98 99 101 104 105 107 108 109 110 111 112 113 114 115 116 117 118 119 122 123 125 126 128 129 130 131 132 133 135 137 138 139 140 141 143 144 146 148 149 150 151 152 153 154 155 156 158 159 160 161 162 165 167 168 169 170 171 174 175 177 179 182 183 184 185 186 187 188 189 190 192 193 195 196 197 199 200 201 202 203 204 205 206 209 210 211 212 213 214 215 216 217 218 220 221 223 224 225 226 228 229 230 231 232 233 235 236 237 238 240 241 243 246 247 248 249 250 251 252 253 254 255 256 257 258 259 260 262 263 264 266 267 269 270 271 272 273 274 275 276 277 279 280 281 282 283 285 286 287 288 289 290 291 292 293 294 295 297 298 299 300 301 302 303 305 306 307 308 309 310 311 312 313 314 316 317 320 321 322 323 324 325 326 327 328 330 331 333 334 335 336 337 338 339 340 341 343 345 346 347 348 349 350 351 352 353 354 357 358 359 360 361 362 363 364 365 366 367 368 369 370 371 374 375 376 378 379 380 381 382 383 384 385 386 387 388 389 390 391 392 393 394 395 397 398 401 402 403 404 405 406 407 408 409 410 411 412 413 414 415 418 420 421 422 423 425 427 428 429 430 431 433 434 435 436 437 441 442 443 444 446 448 449 450 451 453 454 455 456 457 458 459 460 462 465 467 468 469 470 472 473 474 476 477 479 480 481 482 483 484 485 486 487 488 489 490 491 493 494 497 498 499 605 659 
24: 1 2 3 4 5 6 7 8 9 10 11 12 14 15 16 17 18 19 20 21 22 23 25 26 27 28 30 31 32 33 34 35 36 37 38 39 41 42 47 48 49 50 51 52 53 57 60 61 62 63 65 66 67 68 69 71 72 73 74 75 76 77 78 79 80 82 83 84 85 87 88 89 90 91 92 93 94 95 96 97 99 100 101 102 103 104 105 106 108 109 112 113 114 115 116 117 118 119 120 122 123 126 128 129 130 131 132 134 135 136 137 139 140 141 142 143 144 145 148 149 151 152 154 155 156 159 160 161 162 164 165 167 169 170 171 172 173 174 176 177 180 181 184 185 187 188 190 191 193 194 195 197 198 201 202 203 204 205 206 207 209 210 212 214 215 216 217 218 220 221 226 227 229 231 233 234 235 236 238 239 240 241 242 243 244 246 247 248 249 250 251 253 254 255 256 257 258 259 260 262 265 266 268 270 271 272 273 275 276 277 279 280 282 283 284 286 287 288 289 290 293 294 295 296 297 298 299 300 302 304 305 307 308 309 310 311 312 313 314 316 318 320 321 322 324 325 329 331 332 333 334 335 336 337 338 339 340 342 343 344 345 347 348 350 351 352 354 355 356 358 359 360 361 363 364 366 367 368 369 370 371 372 373 375 376 379 380 381 382 383 384 388 389 390 391 392 393 394 396 397 399 400 401 403 405 406 407 408 409 412 415 416 418 419 421 422 423 425 426 427 428 431 432 433 434 435 436 437 438 440 441 442 443 444 445 446 448 449 450 451 452 453 454 455 457 458 459 461 462 463 464 465 466 468 469 470 471 472 473 474 475 477 481 482 483 484 485 486 487 488 489 490 491 492 495 496 497 498 603 682 
25: 0 1 2 3 4 6 7 8 9 10 11 12 13 14 18 19 20 22 23 24 26 27 28 30 31 32 33 34 36 37 38 39 40 41 43 44 45 46 47 48 50 53 54 55 56 57 58 59 60 62 63 68 70 71 72 73 74 75 76 77 79 82 83 84 85 86 87 89 90 92 93 94 95 96 100 102 103 104 105 106 107 108 109 110 112 113 117 118 119 120 121 122 123 126 128 129 130 131 132 135 136 137 140 142 143 144 145 146 147 149 150 153 154 155 156 157 158 160 161 162 163 164 165 166 167 168 170 171 172 174 175 177 178 179 181 182 184 185 186 187 188 191 192 195 196 197 198 199 200 201 202 204 205 206 207 208 209 210 211 212 213 215 216 217 218 220 221 222 223 225 226 227 228 229 230 231 233 234 235 236 238 239 240 241 243 245 246 247 249 250 251 253 254 255 256 257 259 261 263 264 265 266 268 269 270 271 272 274 275 276 277 279 282 283 284 285 286 287 288 291 292 293 294 296 297 298 299 300 301 302 304 305 306 307 308 310 311 312 313 314 315 316 317 318 319 320 321 323 324 325 326 327 328 329 331 332 333 334 338 339 340 342 343 344 345 346 347 348 349 350 351 352 353 354 355 358 359 360 361 362 364 365 366 367 368 369 370 371 372 374 375 376 377 378 380 381 382 383 384 385 386 387 388 389 390 391 392 393 394 397 398 399 400 401 402 403 404 405 406 407 408 409 410 411 412 414 416 417 418 419 420 421 423 424 425 426 429 430 432 433 434 435 436 437 440 441 442 444 445 446 447 449 450 452 453 454 455 456 457 459 461 462 463 465 466 467 468 469 470 471 472 473 474 475 476 477 478 480 482 484 485 486 489 490 491 492 493 494 756 981 
26: 0 1 2 3 4 5 6 7 8 12 13 15 16 17 18 22 23 24 25 27 28 29 30 32 33 34 35 39 40 41 42 43 44 45 46 47 48 49 50 51 52 54 55 57 58 60 63 65 66 67 69 71 73 74 76 77 78 79 81 82 83 84 86 87 88 89 90 91 92 93 94 95 96 97 98 99 101 102 103 104 105 106 107 108 110 111 112 113 114 116 117 118 119 120 121 122 124 126 127 128 129 130 132 133 135 136 138 139 140 141 143 144 145 146 147 148 149 150 151 152 155 157 158 159 160 162 164 165 166 167 168 169 170 171 172 174 175 177 178 179 181 182 185 187 188 189 190 191 192 194 195 196 197 198 199 200 202 203 204 205 206 207 208 209 210 211 212 214 216 217 218 219 220 221 222 223 224 226 227 230 231 232 234 235 236 238 239 240 241 242 245 246 247 248 249 250 251 252 253 255 256 257 258 259 260 261 264 265 267 268 270 271 272 273 274 275 276 277 278 280 281 283 284 287 288 289 292 293 294 295 296 297 299 300 301 302 304 305 306 308 309 310 311 312 313 314 315 316 317 319 320 321 322 323 326 327 330 332 333 334 335 336 337 338 339 340 341 342 343 344 345 347 348 350 352 353 354 355 356 357 358 360 361 362 363 364 365 366 367 368 370 371 372 373 375 376 377 378 379 380 384 385 386 387 388 390 391 392 393 394 395 396 398 399 400 401 402 404 405 409 411 412 413 414 416 418 420 422 423 424 425 426 428 429 430 431 432 433 435 436 437 438 439 442 443 445 447 448 450 451 452 454 455 456 458 459 460 461 462 464 467 468 469 470 472 473 474 475 478 479 480 482 483 486 487 489 490 491 493 494 495 496 497 498 499 999 
27: 1 2 3 4 5 6 7 9 10 11 13 14 15 16 18 21 22 24 25 26 28 29 30 33 34 35 36 37 39 40 41 42 43 44 45 46 47 48 49 51 52 53 54 55 56 57 59 60 62 63 64 65 66 68 70 71 72 73 75 77 79 80 82 83 85 86 87 88 91 92 93 94 95 96 98 99 100 102 103 105 107 109 111 112 113 114 115 116 117 118 119 120 121 122 123 124 126 127 128 129 130 132 134 135 137 138 140 141 144 146 147 149 150 151 152 153 155 156 157 159 161 162 163 164 165 166 168 169 170 171 172 173 175 176 177 179 180 182 184 186 187 188 191 192 194 195 198 199 200 201 202 204 205 206 208 209 210 211 217 218 219 220 221 222 223 224 225 226 227 228 229 230 232 233 234 235 236 237 238 239 240 241 242 243 245 247 251 252 253 254 255 256 257 258 260 261 263 264 265 267 270 272 273 274 275 280 281 282 284 286 287 288 289 291 292 293 295 297 301 302 304 305 306 308 310 311 314 317 318 320 321 322 323 324 326 329 331 333 338 339 340 341 342 343 344 347 348 349 350 351 354 355 357 358 359 360 361 362 363 364 366 367 368 369 370 371 372 373 374 375 376 377 378 379 380 381 382 383 384 385 386 387 388 389 390 391 392 393 394 400 402 403 404 405 406 407 408 409 411 412 413 414 415 418 419 420 421 423 424 425 426 427 428 430 431 432 433 434 435 436 437 439 440 441 442 443 444 445 446 448 449 450 451 452 453 454 455 456 457 458 460 461 463 466 468 469 471 473 474 475 476 478 479 480 481 482 484 485 486 487 488 489 490 492 493 494 496 497 498 755 946 955 
28: 0 1 2 3 4 5 6 7 8 9 10 11 12 13 14 15 16 17 18 19 20 21 23 24 25 26 27 29 32 33 35 36 37 38 40 42 43 44 47 48 49 50 51 52 53 54 56 57 58 59 60 61 62 63 64 65 66 67 68 69 70 71 72 76 77 78 79 81 82 83 84 85 87 88 89 90 91 92 93 94 95 96 98 100 101 102 103 105 108 109 110 111 112 113 114 115 116 117 118 119 120 121 122 123 124 128 129 130 132 133 134 135 136 137 138 139 140 141 142 143 144 145 146 147 148 149 151 152 153 154 155 156 157 158 159 160 162 164 165 166 169 171 173 175 176 178 179 180 181 182 184 186 188 189 190 191 193 194 195 196 198 202 204 205 206 207 208 211 212 213 215 217 218 219 220 221 222 223 224 225 226 227 229 230 231 232 234 236 237 239 240 241 242 243 244 245 247 248 249 252 253 254 255 256 258 259 261 262 263 264 265 267 268 270 271 272 274 277 278 279 281 282 283 284 285 286 287 288 289 292 293 294 297 298 299 300 303 306 307 308 309 310 311 312 313 314 315 316 319 321 323 324 325 326 327 328 329 330 331 332 333 334 336 337 338 340 341 342 343 344 345 347 348 349 351 353 354 356 357 359 361 364 366 367 371 372 373 375 377 379 381 383 384 385 386 387 388 389 390 394 397 399 401 402 404 405 406 407 410 412 413 415 416 417 418 419 421 422 424 425 426 427 430 431 432 433 435 436 437 439 440 441 442 444 445 446 448 450 453 455 456 457 458 462 464 465 466 469 470 471 472 473 475 476 478 479 480 481 482 483 486 487 490 491 492 493 494 495 496 497 499 618 654 772 759 963 
29: 0 1 2 3 4 5 6 7 8 9 11 12 13 14 16 17 19 20 23 26 27 28 30 31 32 33 34 36 37 38 39 41 42 43 44 45 46 47 48 49 50 52 54 55 57 58 59 61 62 63 64 65 66 68 69 71 72 73 74 76 79 81 82 83 84 85 86 87 88 89 90 91 92 93 97 98 99 100 101 103 104 105 106 107 108 109 110 111 112 113 114 116 117 118 119 120 121 122 123 124 125 127 129 130 131 132 134 135 136 137 138 139 140 141 142 144 145 147 148 150 152 153 154 156 158 160 163 164 165 166 167 168 169 171 172 173 174 175 176 177 179 180 181 182 183 184 185 186 187 188 189 190 191 192 194 196 199 200 202 203 204 205 207 208 209 210 211 212 213 214 215 216 217 218 219 222 224 225 226 227 228 230 231 232 233 234 235 236 238 240 241 242 243 244 245 249 250 252 254 255 256 257 258 259 262 263 264 265 266 267 269 272 274 276 277 278 280 281 282 284 285 286 290 291 292 294 295 296 297 298 299 300 301 303 304 305 306 307 308 310 311 314 315 316 318 319 320 321 322 324 326 327 328 329 330 331 332 333 334 336 337 338 340 341 343 344 345 346 347 348 349 350 351 352 353 354 355 356 357 358 359 360 361 362 363 364 365 367 368 370 372 375 376 377 378 380 382 383 384 385 386 387 388 390 391 392 394 395 396 398 399 400 401 402 403 404 405 406 408 409 410 411 412 413 414 415 416 418 419 420 421 422 423 424 426 427 428 430 432 433 435 436 437 439 440 442 443 446 447 448 449 450 452 454 455 456 458 459 461 463 464 465 466 467 468 470 474 475 476 477 478 479 480 481 483 484 486 487 488 490 491 492 493 494 495 496 497 498 499 753 
30: 1 3 4 6 8 10 11 13 14 15 16 18 19 20 22 23 24 25 26 27 29 31 32 33 34 36 37 38 39 40 42 43 44 45 46 47 48 49 50 52 53 54 55 56 58 60 63 64 65 67 69 71 72 73 75 76 77 78 79 80 82 83 84 85 87 89 90 91 92 93 94 95 96 97 98 99 101 102 103 104 105 106 107 108 109 110 111 112 113 114 115 117 119 120 122 123 124 125 126 130 131 133 134 135 136 137 138 139 140 141 143 144 146 147 151 153 154 155 156 158 159 160 161 164 165 166 168 169 170 171 172 175 176 177 179 180 181 182 183 185 186 187 188 189 193 194 195 196 197 199 200 202 203 204 205 206 207 209 210 211 212 214 218 219 220 221 222 224 225 226 227 228 230 231 232 234 235 237 238 239 240 241 242 244 245 246 247 248 249 250 252 253 254 255 256 257 258 259 260 261 264 265 266 267 268 270 271 273 274 275 276 278 279 280 281 282 284 285 288 289 290 291 292 294 296 297 298 299 300 301 302 305 306 307 308 309 310 311 312 313 314 317 318 319 320 322 323 324 326 328 331 332 334 335 336 337 338 340 343 344 345 346 347 348 349 350 351 355 356 357 358 359 360 361 362 363 364 365 366 367 368 369 370 371 372 374 375 376 377 378 379 380 382 383 384 385 386 387 391 392 393 395 396 399 400 401 402 403 404 405 406 408 410 412 413 414 417 419 421 423 424 425 427 428 430 432 434 435 436 437 440 441 443 444 445 446 447 448 450 451 452 454 456 457 459 460 461 462 463 464 466 467 469 470 472 473 475 476 478 479 480 482 483 484 485 487 488 489 490 491 492 493 494 495 496 497 499 639 951 957 
31: 0 2 3 4 5 6 7 8 9 10 12 14 15 16 17 19 20 21 22 23 24 25 29 30 32 33 34 35 36 37 38 39 40 42 43 44 45 47 48 50 52 54 55 56 57 61 62 64 65 67 68 69 71 73 75 76 77 79 81 82 83 84 85 87 88 89 90 91 92 93 94 95 96 97 98 100 101 102 103 104 105 107 108 110 111 112 114 115 118 119 120 121 123 125 127 129 133 135 136 137 138 139 140 141 142 143 144 145 146 147 148 149 150 151 152 153 155 156 157 159 160 162 163 164 165 166 167 168 169 170 171 172 173 174 175 176 177 179 181 182 183 184 185 186 187 188 189 190 191 192 193 194 195 196 197 198 199 200 201 202 203 205 206 207 208 209 210 212 213 214 215 216 217 218 219 221 223 225 228 230 231 232 233 234 236 237 238 239 240 241 243 244 246 247 248 249 250 252 253 255 256 258 259 260 261 262 264 265 266 268 269 270 271 272 273 274 280 282 283 284 286 287 289 290 291 292 293 294 295 298 301 302 303 304 305 307 308 309 310 311 312 313 314 315 316 317 319 320 321 322 324 325 326 327 329 330 333 335 336 337 338 339 340 341 342 345 351 352 355 356 357 358 360 361 362 363 366 367 368 372 373 374 376 377 378 379 380 382 386 387 388 389 390 391 392 393 394 395 397 398 399 403 404 405 406 407 410 413 414 415 416 417 418 419 420 421 422 423 425 426 427 428 429 430 431 434 435 436 437 438 439 440 441 442 444 446 447 449 450 451 452 454 455 456 457 458 459 461 462 463 464 465 466 468 469 470 471 472 473 474 475 476 477 478 479 480 481 482 483 484 485 486 487 488 489 490 491 494 495 496 497 498 637 646 
32: 0 1 2 3 4 5 6 7 8 9 10 11 12 14 15 16 18 20 21 22 23 24 25 26 28 29 30 31 33 34 35 36 37 38 39 40 41 42 43 44 45 46 47 49 50 51 52 53 55 56 57 58 59 60 62 63 64 65 66 67 68 73 74 76 79 80 81 82 83 85 86 87 88 89 90 91 92 94 95 96 97 99 100 101 102 104 106 107 109 110 111 112 113 114 115 116 117 118 120 121 122 123 125 127 128 131 132 133 134 136 137 139 140 141 142 143 144 145 146 147 148 149 150 152 153 154 155 156 157 158 159 160 161 162 164 165 166 167 168 169 170 171 172 173 175 177 178 179 181 182 183 184 186 187 188 189 191 192 194 195 196 197 198 200 201 202 203 204 206 207 208 209 211 212 214 217 218 219 220 221 222 223 225 226 227 228 229 230 232 233 234 235 237 238 239 240 241 242 243 244 245 246 247 248 250 251 252 254 255 256 258 259 260 261 263 265 267 269 273 274 275 276 277 278 279 280 281 284 286 287 289 290 292 293 295 296 297 298 299 300 301 302 304 307 308 309 310 311 313 314 315 316 317 318 319 320 321 323 324 325 327 328 329 332 334 335 336 338 339 340 343 345 346 347 349 350 351 353 354 355 357 358 359 360 361 362 363 369 370 371 372 373 374 375 376 377 378 379 380 381 384 385 386 387 388 389 391 393 395 396 398 399 400 401 402 403 404 405 406 407 408 409 410 411 412 413 414 415 417 418 419 420 421 422 423 424 426 428 429 430 431 432 433 434 435 436 437 438 439 440 441 442 444 445 447 448 449 450 451 452 453 454 455 456 457 458 459 460 462 463 465 466 467 468 469 470 471 472 473 475 476 477 478 479 480 482 485 489 490 491 493 494 495 496 497 499 994 
33: 0 2 3 4 5 8 9 10 11 12 13 14 15 17 18 19 21 22 23 24 25 26 27 28 29 30 31 32 35 37 38 40 41 43 45 46 48 49 50 51 53 54 55 57 62 65 67 68 69 70 71 72 74 75 77 80 82 83 84 85 86 87 89 90 91 92 93 94 95 97 98 99 101 102 103 104 105 106 107 108 109 110 112 114 115 116 117 118 119 121 122 123 124 125 127 128 129 130 133 134 136 137 140 141 142 144 145 146 148 150 151 153 155 156 158 159 161 162 163 165 166 168 169 171 172 173 174 176 178 179 180 181 182 183 185 186 188 189 190 193 194 195 196 197 198 199 200 201 203 205 206 208 210 212 213 214 215 217 218 219 220 221 223 224 225 226 227 228 230 234 235 236 237 238 239 240 241 242 244 245 246 247 248 249 250 253 254 257 258 260 261 262 264 265 266 268 269 270 271 272 273 274 275 276 277 278 280 281 282 283 284 286 287 288 289 291 293 294 296 297 299 300 301 302 304 305 306 307 308 309 310 311 312 314 315 316 317 318 320 321 322 323 325 327 328 329 332 333 335 336 337 338 339 340 342 344 345 346 347 348 350 351 354 355 356 357 358 359 360 361 362 363 364 365 366 368 369 370 371 372 373 374 375 376 377 378 379 381 382 383 384 385 386 387 388 389 393 394 395 396 397 399 400 403 404 405 406 407 408 409 410 411 412 413 414 416 417 420 422 424 425 426 427 428 430 431 432 433 434 435 436 437 439 440 441 442 443 444 446 447 448 449 450 451 452 454 455 457 458 459 460 461 462 465 466 467 468 470 473 476 477 479 480 481 482 483 484 485 486 487 488 489 490 493 494 495 496 499 697 
34: 0 2 3 4 5 6 7 8 9 10 11 12 13 14 16 17 19 20 21 23 24 25 26 27 29 30 31 32 35 36 37 39 40 41 44 45 46 47 49 50 51 52 53 54 56 58 59 63 64 65 66 67 69 70 71 73 74 76 78 79 80 81 83 84 85 87 88 89 90 91 92 93 94 95 96 97 99 102 103 104 105 107 108 109 110 111 112 113 115 116 119 120 121 122 124 125 126 127 128 129 130 131 132 133 134 135 136 138 139 140 142 143 144 145 147 148 149 150 151 152 153 156 159 161 163 164 165 169 170 171 172 174 176 177 178 179 181 184 185 186 187 188 189 192 193 194 195 198 199 200 201 202 203 204 205 206 208 210 211 212 213 214 215 216 217 218 219 220 221 222 223 225 226 227 228 229 230 233 234 235 236 238 240 241 242 243 244 245 246 247 248 249 251 252 253 255 256 257 258 259 260 261 262 263 264 266 268 269 270 271 272 273 274 275 276 277 278 279 280 281 284 285 287 288 290 293 294 296 298 301 302 304 305 306 307 308 309 310 311 312 313 314 315 316 317 318 319 320 321 322 323 324 325 326 327 328 329 330 332 335 336 337 338 339 340 341 342 343 345 346 347 348 349 350 351 352 353 354 355 356 357 358 359 360 361 362 364 368 369 370 371 372 373 376 377 378 379 380 381 382 383 384 385 386 387 388 391 392 393 394 395 396 397 398 399 400 401 402 403 404 406 407 408 411 412 413 416 417 419 420 421 422 423 424 425 426 427 428 429 430 431 432 433 434 435 436 437 438 439 441 442 443 444 448 449 450 451 452 456 457 458 459 460 461 462 463 466 467 468 469 470 471 472 474 475 476 479 480 482 484 485 486 487 488 489 490 491 492 493 495 497 498 993 
35: 0 1 2 3 4 5 6 7 9 10 11 12 13 14 15 17 18 19 20 21 22 23 24 26 27 28 31 32 33 34 36 37 38 39 40 41 43 44 45 47 48 49 51 52 53 54 55 56 57 58 59 60 62 63 64 67 68 69 70 72 73 74 75 76 77 78 79 80 81 82 83 85 86 87 88 89 90 91 92 93 94 95 96 97 98 100 101 102 103 105 106 107 108 109 111 113 116 117 118 119 120 121 122 123 124 125 126 127 128 129 130 131 132 133 134 135 136 138 139 141 142 143 144 145 146 147 149 150 152 153 154 155 157 158 159 160 162 163 164 166 168 174 175 176 177 178 180 181 183 184 185 186 187 188 189 190 191 192 193 195 198 200 201 202 204 205 206 207 209 210 211 212 213 217 218 219 220 222 224 225 227 228 229 231 232 233 235 237 238 239 240 241 242 243 244 245 246 248 249 250 251 252 253 254 255 258 259 261 262 263 264 265 266 267 268 269 271 273 274 275 277 278 279 280 281 282 283 285 286 288 289 292 293 294 295 296 298 299 301 302 303 305 306 307 308 310 311 312 313 316 317 318 320 321 322 323 325 326 327 328 329 330 331 332 333 335 337 339 340 343 344 345 347 348 349 350 351 352 353 355 356 357 358 359 361 363 364 365 366 369 371 373 374 375 376 377 378 380 381 382 383 384 385 386 388 389 390 391 392 393 395 396 397 398 402 403 404 407 408 409 410 411 412 413 414 415 416 417 418 419 422 423 424 425 427 428 429 430 431 432 433 436 438 439 440 441 442 443 444 445 446 447 448 449 452 453 454 455 457 458 460 461 462 463 464 466 467 471 472 474 476 477 479 480 481 482 483 484 485 489 490 491 492 493 494 495 496 497 498 668 680 
36: 0 1 2 3 4 5 6 7 8 9 10 11 12 13 15 16 17 18 19 20 21 22 23 24 25 27 28 29 30 31 32 34 35 38 39 40 41 44 45 46 48 49 50 51 52 53 54 56 57 58 59 60 61 62 63 64 65 66 67 68 70 71 73 74 75 76 77 78 79 80 81 83 84 85 86 87 88 89 90 91 93 94 96 98 100 101 103 104 105 106 107 108 110 111 112 113 115 116 117 120 122 123 125 126 127 128 129 130 132 135 136 137 138 140 143 145 146 148 149 150 152 154 155 156 157 158 160 162 164 165 167 168 169 171 172 173 175 176 177 178 182 183 184 185 186 188 189 190 192 193 195 197 198 199 201 203 204 205 206 207 209 210 213 214 215 216 217 218 220 221 222 223 225 226 227 228 230 231 232 233 234 236 237 238 239 240 242 243 244 245 246 247 248 249 250 251 252 254 256 257 258 259 261 262 263 264 265 266 268 269 271 272 273 274 276 277 278 279 280 281 282 283 284 285 287 288 289 290 291 292 293 294 295 296 297 298 300 301 302 303 304 305 306 308 309 310 311 312 313 314 316 317 318 321 322 323 324 325 326 327 329 330 331 332 333 334 335 336 337 338 339 341 342 343 344 345 346 347 348 349 350 352 353 354 355 356 357 358 359 361 362 363 368 369 371 372 373 374 375 376 377 378 379 380 381 382 383 384 385 387 388 389 391 392 393 394 395 397 398 399 400 401 402 403 406 407 408 409 411 412 413 415 417 418 419 421 422 424 425 426 427 429 430 431 432 436 437 438 439 440 441 443 446 447 449 451 452 453 454 455 456 457 458 459 460 461 463 464 466 467 468 469 470 472 473 474 475 476 477 478 481 482 485 486 487 488 489 491 492 493 494 495 498 616 639 699 
37: 1 2 3 4 6 7 8 9 10 12 13 14 16 17 20 21 22 24 25 27 28 29 30 31 32 33 34 35 38 39 40 41 42 43 45 46 48 49 50 51 52 54 55 56 57 58 59 60 61 62 66 67 68 70 71 72 73 74 75 76 77 78 79 81 82 83 86 87 88 89 90 92 93 94 95 96 98 100 101 102 104 105 106 107 108 111 112 115 116 117 118 119 120 121 122 123 124 126 127 128 129 130 131 132 133 134 137 138 139 141 142 143 145 146 148 149 150 152 154 155 157 158 159 160 161 164 165 166 167 168 169 170 171 172 173 174 175 176 178 179 182 183 184 185 186 189 190 191 192 193 194 195 196 197 199 202 203 205 206 207 208 209 210 211 212 213 214 215 216 217 218 219 220 221 222 223 225 226 227 229 230 231 232 233 234 235 237 239 240 241 243 244 246 247 248 249 252 253 254 255 257 258 259 260 261 262 264 265 266 267 268 269 270 271 274 275 276 277 279 281 282 283 285 286 287 289 290 291 292 293 295 296 297 298 300 303 304 306 308 309 310 311 313 314 315 317 318 319 320 321 322 325 326 327 330 331 332 333 334 336 337 339 340 343 344 345 348 349 350 351 353 355 357 358 359 360 361 362 363 364 367 368 369 370 371 372 373 377 378 379 380 381 382 384 385 390 391 392 393 394 399 400 401 402 405 406 407 408 409 410 411 412 414 416 418 419 420 421 422 423 425 427 428 429 430 432 433 435 436 437 438 439 440 441 443 444 445 446 449 450 452 453 454 455 456 457 458 459 460 461 462 463 464 465 466 467 468 469 470 472 473 474 475 476 478 479 480 481 482 483 486 488 489 490 491 492 493 495 498 499 948 
38: 0 1 2 3 4 6 7 8 10 12 13 15 16 17 19 21 23 24 25 28 29 30 31 32 33 35 36 37 39 40 41 43 44 45 46 47 48 49 50 51 52 53 54 55 56 57 61 62 63 64 65 66 67 68 69 71 72 73 74 75 76 78 80 81 82 84 85 87 88 90 91 92 93 94 95 97 99 100 101 102 103 106 107 108 109 110 112 113 114 115 116 117 119 121 122 123 124 125 126 127 129 130 132 133 134 135 137 138 140 141 142 143 145 146 148 150 151 152 153 154 155 156 159 162 165 167 168 169 170 171 172 173 174 175 176 177 179 180 181 182 183 184 185 187 188 189 190 191 192 193 195 196 197 198 199 200 202 203 204 206 207 208 210 211 212 215 218 219 220 221 222 224 225 226 227 228 230 231 232 233 234 235 237 238 239 241 242 243 244 247 248 250 251 252 253 254 256 257 260 261 263 264 265 267 268 269 270 271 272 273 275 276 277 278 280 282 284 285 286 287 288 289 291 292 293 294 297 298 300 302 305 306 307 308 309 310 313 316 317 319 321 323 324 325 327 328 329 330 331 332 334 335 336 337 338 339 341 342 343 344 345 347 354 355 356 357 358 359 362 364 367 368 370 372 373 374 375 376 377 378 379 380 381 382 383 384 385 386 387 388 389 390 391 392 393 394 395 398 399 400 401 402 403 404 405 406 408 409 410 411 412 413 414 415 416 417 418 419 420 421 422 423 424 425 426 427 428 429 430 431 432 433 435 436 437 439 440 441 443 444 445 446 447 449 450 452 453 454 455 456 457 458 459 461 463 464 465 466 467 468 469 471 472 473 474 476 477 478 479 480 481 483 484 485 486 489 490 491 492 493 494 497 498 499 636 693 
39: 0 2 4 5 6 7 8 9 10 11 12 13 16 17 18 19 20 23 24 25 26 27 29 30 31 32 34 35 36 37 38 41 43 44 45 46 47 48 49 52 53 55 56 57 59 60 61 62 63 64 65 66 67 68 69 70 71 72 73 74 76 77 79 80 81 82 83 84 85 86 88 94 97 98 99 100 101 103 104 105 106 107 108 109 110 111 112 113 114 115 117 119 120 121 122 123 125 126 127 129 130 131 132 133 135 136 137 139 140 141 142 143 144 146 147 148 149 151 152 153 154 156 157 158 159 160 161 163 164 165 166 167 168 171 172 173 174 179 181 183 184 185 186 187 188 189 190 191 192 193 194 195 196 197 198 200 201 203 204 205 206 207 208 209 213 215 216 217 218 219 220 222 223 224 226 228 229 231 232 233 234 235 236 237 238 240 241 243 244 246 248 249 253 254 255 256 257 258 260 261 262 263 265 266 267 269 270 271 272 275 276 277 279 280 281 282 283 284 285 286 287 288 289 290 291 292 293 294 295 298 300 301 302 303 304 305 306 307 309 311 312 313 314 316 318 320 321 322 323 324 325 327 329 332 333 334 335 337 338 339 340 341 343 344 346 348 349 350 351 352 353 354 355 356 357 358 359 361 362 363 364 366 367 368 369 370 371 373 374 375 376 379 380 382 383 384 386 390 391 392 393 394 395 396 397 398 399 400 401 402 404 406 407 408 409 410 411 413 415 416 417 418 419 420 424 425 426 427 428 430 431 432 433 434 435 440 441 442 443 444 445 446 447 448 449 450 451 452 454 455 456 458 459 462 464 466 467 468 469 470 471 472 473 474 475 476 477 479 481 484 485 486 488 489 490 492 493 494 495 496 498 783 934 
40: 0 1 2 3 4 5 7 8 9 11 12 13 14 15 16 17 18 20 21 25 26 27 28 30 31 32 33 34 35 36 37 38 41 42 43 44 46 47 48 49 50 51 52 53 54 55 57 58 59 61 62 64 66 67 69 70 71 72 73 74 76 77 78 79 80 81 82 83 84 85 87 88 90 91 92 93 96 98 99 100 101 102 103 107 108 109 111 113 114 118 119 120 121 123 124 125 126 127 128 129 130 131 132 133 134 135 140 141 142 143 144 145 147 148 149 150 151 153 155 156 157 158 159 160 161 162 163 165 166 170 172 173 174 176 177 178 179 180 181 182 183 184 185 186 187 189 190 191 192 193 195 196 197 199 203 204 206 208 209 210 212 214 215 216 217 218 219 220 222 223 224 225 226 227 230 233 234 235 236 237 238 240 243 244 245 247 249 250 251 252 253 254 255 257 258 259 263 264 266 267 269 270 272 273 275 276 277 280 281 282 283 284 285 286 287 288 289 290 291 294 296 297 298 300 301 302 303 304 305 306 307 309 310 311 312 313 314 315 317 318 319 320 321 324 325 326 327 328 329 330 331 333 334 335 336 337 338 339 340 342 343 344 345 347 348 349 351 352 353 355 356 357 358 359 360 361 362 363 364 365 366 367 368 369 370 371 372 373 374 379 380 381 383 384 386 388 390 391 392 393 394 395 396 397 398 400 401 402 404 406 407 408 409 410 411 412 413 414 415 416 417 419 421 422 423 424 425 426 428 430 431 432 433 435 436 437 438 439 440 441 442 443 444 448 450 451 454 455 456 457 458 459 460 461 462 463 464 465 466 467 468 469 470 471 472 473 474 476 477 478 479 481 482 484 485 486 487 488 491 494 495 496 497 498 499 628 962 
41: 0 1 2 4 5 7 9 10 11 12 13 14 15 16 17 18 19 20 21 22 23 24 25 26 27 29 32 33 34 35 36 37 38 39 40 42 43 44 45 46 47 50 51 53 55 56 57 58 59 60 61 62 63 66 67 68 69 70 73 74 75 76 77 78 79 80 81 82 84 85 86 88 89 91 93 96 97 98 99 100 101 102 103 104 105 106 108 109 110 111 115 117 118 120 121 122 123 125 126 127 130 131 133 134 135 136 139 141 143 144 146 147 148 150 154 155 158 159 161 162 163 164 165 167 168 169 171 172 173 174 177 178 181 182 183 185 186 187 188 189 190 191 192 193 194 195 196 197 199 200 201 202 203 205 206 207 208 209 210 211 212 213 214 215 216 217 218 220 221 222 225 226 229 230 231 233 235 236 237 239 240 242 243 244 245 246 248 249 250 252 253 255 256 258 261 262 263 264 266 267 268 270 271 272 273 274 275 276 277 279 280 281 282 284 285 287 288 290 291 292 293 294 295 296 297 298 299 300 301 303 304 306 307 308 309 311 312 314 315 318 319 321 322 323 324 325 326 327 328 329 331 332 333 335 336 338 340 341 342 343 344 347 348 349 352 353 354 355 356 357 358 359 360 361 362 363 364 365 366 367 368 371 373 374 377 379 381 382 384 385 386 388 390 391 392 394 395 397 398 400 401 402 403 406 410 411 412 414 415 418 419 420 421 422 423 424 428 429 431 433 434 435 436 437 439 440 441 442 443 444 445 446 447 448 449 450 451 452 454 455 457 458 459 460 462 463 464 466 467 468 469 470 471 472 473 475 476 477 478 479 481 482 483 484 485 486 487 488 489 490 491 492 493 494 496 497 498 499 
42: 0 1 2 3 4 5 6 7 8 9 10 11 12 13 14 15 17 18 19 20 21 22 24 26 27 28 29 30 31 32 37 40 41 46 47 48 49 50 52 53 54 55 56 57 58 60 61 63 65 67 69 70 72 73 74 78 79 80 81 82 83 84 85 86 87 89 91 92 93 95 97 98 99 100 101 102 103 104 105 106 109 110 111 112 113 114 116 117 118 119 120 121 122 124 125 129 131 132 134 135 136 137 138 139 140 141 142 145 146 147 149 151 152 153 154 155 156 157 158 160 161 162 163 164 165 166 167 168 169 171 172 173 174 175 176 177 179 180 181 182 183 184 185 187 189 190 191 192 193 195 197 199 200 201 203 205 207 209 211 212 213 214 215 216 218 219 222 225 226 227 230 231 233 235 236 237 238 239 241 242 243 244 245 246 247 250 252 253 254 255 257 258 259 260 261 262 263 264 265 267 272 273 274 275 277 278 279 280 283 284 285 286 288 291 292 293 294 295 296 297 298 299 300 301 302 303 304 307 308 309 310 311 312 313 314 315 317 318 319 320 321 322 323 324 325 326 327 328 330 331 332 333 334 335 336 337 338 339 340 341 342 343 344 345 346 347 348 349 352 355 357 358 359 361 363 364 366 370 371 372 374 376 377 378 380 382 383 384 385 387 388 390 391 392 393 394 395 397 398 399 400 401 402 404 406 407 408 409 410 411 412 413 414 416 419 420 422 423 427 428 429 432 433 434 435 437 438 439 441 442 443 444 445 446 448 449 451 452 453 454 455 456 457 458 460 461 464 465 466 467 468 469 470 471 472 473 474 475 476 477 478 479 480 481 482 484 485 486 487 488 490 492 495 496 497 922 954 
43: 0 1 2 3 4 5 6 7 8 9 10 12 13 14 15 16 18 20 21 22 25 26 27 28 29 30 31 32 33 35 37 38 39 40 41 44 45 46 47 48 49 50 51 52 53 54 55 57 59 60 61 62 63 65 66 67 70 72 73 74 78 82 83 86 88 89 90 91 93 94 95 96 97 98 99 100 101 105 106 107 108 109 110 111 113 114 116 117 119 120 121 122 123 124 127 128 129 130 132 133 134 135 136 137 138 139 141 142 143 144 146 147 149 150 152 153 154 155 157 158 159 160 161 162 163 164 165 166 167 168 169 171 173 175 176 177 178 179 180 181 182 183 184 185 187 188 189 190 191 192 193 195 196 198 199 200 201 202 203 204 205 208 209 211 213 214 215 217 219 221 222 223 224 227 228 229 230 231 233 234 236 237 241 242 243 244 245 246 248 249 250 252 253 254 255 256 257 258 259 261 262 265 267 268 270 271 272 273 274 275 276 277 278 279 280 281 282 283 284 286 287 288 289 290 291 292 293 294 295 296 297 298 299 300 303 304 305 307 308 309 310 311 313 314 315 318 319 320 321 322 323 324 325 326 327 328 329 330 331 332 334 335 336 337 338 339 340 341 342 343 345 346 347 348 349 350 351 352 354 355 356 357 358 359 360 361 363 364 365 366 368 371 372 376 378 379 380 382 383 384 385 386 387 389 390 392 393 394 396 397 398 399 401 404 406 407 408 409 411 412 415 416 417 418 419 420 424 425 426 427 429 430 431 432 433 435 437 438 439 440 441 443 444 446 447 448 449 450 451 452 453 455 456 457 458 460 462 464 465 466 467 468 469 471 472 473 474 475 476 477 478 479 480 481 482 484 485 486 489 490 492 493 494 495 497 498 499 620 638 937 958 
44: 0 1 2 4 5 6 7 8 9 10 11 12 13 14 15 16 19 21 22 25 26 27 28 29 30 31 32 34 35 36 38 39 40 41 43 45 46 47 48 49 50 51 53 54 55 56 57 59 60 62 64 66 68 69 71 72 75 76 77 81 82 83 84 85 86 87 88 90 91 92 93 94 95 97 98 99 100 102 103 104 105 107 108 109 110 111 112 113 114 116 117 118 119 120 121 122 123 124 127 128 130 131 133 135 137 138 139 140 141 142 143 146 147 148 149 150 151 152 153 154 155 156 158 159 160 161 162 163 164 166 167 168 169 170 172 177 178 179 180 182 184 186 187 188 191 192 193 194 195 196 197 199 200 202 203 205 207 208 209 210 211 213 215 216 218 220 224 225 226 227 228 229 232 233 235 237 238 239 240 241 242 243 245 246 247 248 249 251 252 253 254 256 259 260 262 264 265 266 268 270 271 272 274 275 276 277 278 279 280 281 285 286 287 288 289 290 291 292 293 294 295 296 297 299 300 301 302 303 306 307 308 309 310 311 312 313 315 316 317 319 320 322 324 326 327 328 329 330 331 332 333 334 335 336 337 338 339 340 341 342 345 347 348 349 350 352 353 355 356 357 360 361 362 363 364 366 367 368 369 370 371 372 374 377 378 379 380 381 382 383 384 386 387 388 389 390 391 392 393 394 395 396 400 401 402 403 404 405 406 407 408 409 411 412 413 414 415 416 417 419 421 422 425 427 428 429 431 434 435 436 437 438 439 440 442 443 446 448 449 450 451 453 454 455 456 457 458 459 460 463 464 465 467 468 469 470 471 473 475 476 477 478 479 480 481 482 484 487 488 489 490 491 493 495 496 497 499 627 763 
45: 0 2 3 4 6 8 9 11 13 14 15 17 19 20 21 22 23 25 26 27 29 30 31 32 33 34 35 36 37 38 39 41 43 44 46 47 48 49 50 51 52 54 55 56 57 58 59 60 61 62 63 64 65 67 68 69 70 71 73 74 75 76 77 79 81 83 84 86 87 89 90 92 94 95 97 98 100 101 102 104 105 106 107 108 109 110 111 112 115 116 118 119 120 121 122 123 125 126 127 128 130 132 134 136 137 138 141 142 143 144 145 146 148 149 150 151 152 153 157 159 160 161 162 163 164 165 166 167 168 170 171 173 174 176 177 178 179 180 182 183 184 185 186 187 189 191 192 193 194 195 196 197 198 199 200 201 202 203 204 205 206 207 209 210 211 212 213 214 215 216 218 220 222 223 224 225 226 227 229 231 232 233 234 235 239 241 243 244 246 247 248 249 252 254 255 256 257 258 259 260 261 262 263 265 266 267 269 270 271 272 273 274 275 276 277 278 279 280 282 283 285 286 287 288 289 293 294 295 296 297 298 299 300 301 302 303 304 306 307 308 311 312 313 314 315 317 318 319 320 321 322 323 324 325 326 329 330 331 332 333 334 335 336 338 339 340 342 343 344 345 346 347 348 349 350 351 352 353 354 355 356 357 362 363 364 366 367 368 370 371 372 373 374 375 376 377 378 379 381 382 384 386 387 388 389 390 392 393 395 396 397 398 399 400 401 402 403 404 406 407 408 409 410 411 412 413 414 415 418 421 422 423 424 425 426 427 428 429 430 431 432 434 435 436 438 439 440 441 442 443 444 445 446 447 448 449 450 452 454 455 456 457 458 459 460 462 463 464 465 466 467 468 470 472 473 474 475 476 478 479 481 482 484 485 486 487 488 489 490 491 492 493 494 495 496 497 498 499 
46: 1 2 4 5 7 9 10 11 12 15 16 18 19 20 21 22 23 25 26 27 29 30 32 33 34 36 37 38 39 40 41 42 43 44 45 47 49 51 55 60 62 63 64 65 66 67 69 70 71 72 73 74 75 76 77 78 80 81 82 83 84 87 88 89 90 91 92 93 94 95 96 98 99 100 101 103 104 106 107 108 109 110 113 114 115 116 117 118 119 120 121 122 123 124 125 127 128 130 131 132 133 134 135 136 137 138 139 143 147 148 149 151 152 153 154 157 159 160 162 164 165 166 167 168 171 172 173 174 175 176 177 178 179 180 181 182 184 185 186 187 189 192 194 196 197 198 199 201 203 204 207 208 209 210 211 212 213 214 216 217 218 220 221 222 224 225 226 227 228 229 230 231 232 233 234 236 237 239 241 242 243 244 245 246 247 248 250 252 253 255 256 257 258 259 260 262 263 265 266 267 268 270 272 273 274 275 277 278 279 281 283 284 285 286 287 289 290 291 292 293 294 295 296 297 298 301 302 303 304 306 307 308 311 312 313 314 315 316 317 319 320 321 322 323 324 325 326 327 329 330 331 332 334 335 337 338 340 342 343 344 345 346 348 349 351 352 355 357 358 359 360 363 364 365 366 369 371 372 373 375 376 377 378 379 380 381 382 383 385 386 387 388 390 391 392 393 394 395 397 399 402 403 404 405 406 408 409 410 412 413 414 417 418 419 421 423 424 425 426 427 429 430 431 432 433 434 435 436 439 440 441 442 443 444 445 447 448 449 451 452 455 456 459 460 461 462 463 464 465 466 467 468 469 470 471 473 474 476 479 480 481 483 485 487 488 489 490 491 492 493 495 497 498 499 607 
47: 0 1 2 3 4 5 6 8 9 12 13 14 15 16 17 18 19 21 22 23 24 25 26 27 28 29 30 31 32 34 35 38 39 40 41 42 43 44 45 46 48 50 51 52 53 54 56 57 58 59 61 62 63 64 66 68 70 71 74 75 77 78 79 80 81 82 84 85 86 87 90 92 93 95 96 97 98 99 100 104 106 107 108 110 111 112 113 114 117 118 121 122 123 124 125 126 127 128 129 130 131 132 133 134 135 136 137 141 142 145 146 147 150 151 152 153 154 156 157 160 161 164 165 166 167 168 169 170 171 172 173 174 175 176 179 180 181 182 183 184 186 187 188 189 190 191 192 193 194 195 196 199 202 203 204 205 206 209 210 211 212 215 216 217 218 219 220 221 222 225 228 229 230 231 232 233 234 236 237 238 244 245 250 251 252 253 255 256 257 258 259 260 261 262 264 265 266 267 268 269 270 271 272 273 274 276 277 278 280 283 284 285 286 288 290 291 292 293 294 295 296 298 299 302 303 304 306 309 310 311 312 313 314 315 316 317 318 320 321 324 325 327 328 330 331 332 333 335 336 337 338 339 340 341 342 344 347 348 349 350 351 352 353 354 356 357 358 359 360 361 362 366 367 368 369 370 371 372 373 374 375 376 378 379 380 381 382 383 385 386 387 388 389 390 391 392 393 394 395 396 397 398 400 401 402 403 404 405 409 410 412 414 415 416 418 419 420 423 424 425 426 428 430 432 434 435 436 437 438 439 440 441 442 443 444 446 448 449 450 451 453 454 455 456 458 460 461 463 465 467 468 469 470 471 472 473 476 477 478 479 480 481 482 483 485 486 487 488 489 491 493 495 496 498 499 762 997 
48: 0 1 2 4 5 6 7 8 9 11 13 14 15 16 19 20 21 22 23 24 25 26 27 28 29 30 31 33 35 36 37 38 39 40 42 43 44 45 47 49 50 51 52 53 54 55 58 59 61 64 65 67 68 69 70 71 74 77 78 79 80 81 82 83 84 86 87 89 90 91 93 94 95 96 97 98 99 100 102 104 106 107 110 111 112 113 114 115 116 117 118 119 120 121 122 123 124 125 126 127 128 129 130 131 133 134 135 136 137 139 140 141 142 143 144 145 146 147 148 150 154 157 158 159 161 162 163 166 167 168 170 171 172 173 174 175 176 177 179 180 181 182 183 184 186 187 189 190 193 194 196 197 198 199 200 201 202 203 204 205 207 208 210 211 212 214 216 218 219 223 224 226 227 228 229 230 231 233 234 235 236 238 240 241 242 245 246 247 248 249 250 251 252 253 254 255 256 257 258 259 260 261 262 263 264 265 266 267 268 270 271 272 273 274 275 276 279 281 282 283 284 285 286 289 290 291 292 294 299 301 302 303 304 306 307 309 310 311 312 313 314 316 317 319 321 323 324 325 327 328 332 333 335 336 337 338 340 342 343 345 346 347 348 349 350 352 353 354 355 356 358 360 361 362 363 364 365 366 367 368 369 370 371 372 373 374 375 376 377 379 381 383 384 385 386 387 388 391 392 393 394 395 397 398 399 400 401 402 403 404 407 408 409 410 411 412 413 414 415 416 417 419 420 421 423 425 427 428 429 430 432 435 436 437 438 439 440 441 442 443 444 447 448 449 452 453 455 456 459 460 463 465 466 467 468 469 470 471 472 473 474 475 476 477 478 480 481 482 483 485 487 488 489 490 491 492 493 494 495 498 499 638 947 
49: 0 2 4 5 6 9 10 11 12 13 14 15 16 17 18 19 21 22 23 24 26 27 28 29 30 32 33 34 35 36 37 38 39 40 42 43 44 45 46 48 50 51 52 53 54 56 57 58 60 62 64 65 66 67 68 70 71 72 74 75 78 80 83 84 85 86 87 88 89 90 91 92 93 94 97 100 101 102 104 105 106 108 109 110 111 113 115 116 117 118 119 120 121 122 124 125 127 128 129 130 132 133 134 135 137 138 139 140 142 143 144 145 146 147 148 149 150 151 153 154 155 156 157 158 159 160 162 163 164 166 168 169 170 171 172 176 177 178 179 180 181 182 183 184 185 186 187 188 189 190 192 195 196 197 198 199 200 201 202 203 204 205 206 207 208 209 210 212 213 214 216 217 218 219 220 221 222 223 225 228 229 230 231 232 233 234 235 236 238 239 241 247 248 249 250 252 253 254 255 256 258 260 261 262 263 264 265 266 268 269 271 272 273 274 275 276 277 278 280 281 282 283 284 285 287 288 290 291 293 295 297 298 299 300 301 302 303 305 306 309 310 311 312 313 314 315 316 318 320 321 322 323 324 325 326 328 329 330 331 332 334 335 337 340 341 342 344 345 346 347 348 349 350 352 353 354 356 357 358 360 362 363 365 366 368 369 370 371 373 374 375 376 377 378 379 381 382 384 385 386 388 389 390 391 392 393 395 396 397 399 400 402 403 404 405 406 407 408 409 410 411 412 413 414 415 417 418 419 420 421 422 423 424 425 426 427 429 430 431 432 433 434 436 437 438 439 440 441 443 444 445 447 448 449 450 451 453 454 455 456 457 459 460 461 462 463 464 466 468 469 470 471 472 475 477 478 479 480 482 483 484 485 486 487 488 489 490 493 494 495 496 497 498 499 777 968 972 
50: 0 1 2 3 4 5 7 8 11 16 17 18 19 20 21 22 24 25 26 28 29 30 31 32 33 34 36 37 38 40 41 42 43 44 45 47 48 49 51 53 54 55 56 58 59 60 62 64 65 66 67 68 69 71 72 73 77 78 79 82 83 84 85 86 87 88 89 90 92 93 94 96 99 100 101 103 104 105 107 108 109 112 113 114 115 117 118 120 122 123 124 125 126 127 128 129 130 131 133 134 135 136 137 138 139 140 141 142 143 145 146 147 149 150 151 152 154 155 156 157 158 160 161 163 165 166 167 169 170 171 172 173 174 175 176 177 178 180 181 185 187 188 189 191 193 194 195 196 197 198 200 201 204 205 206 207 208 209 210 212 213 215 216 217 218 219 220 222 223 224 225 227 228 229 230 231 232 233 234 236 237 238 240 241 242 243 246 247 248 249 250 251 252 254 255 257 258 260 261 262 263 264 265 266 267 269 270 271 272 273 274 276 277 278 280 281 283 284 285 286 287 288 289 290 291 292 293 294 295 296 297 298 301 302 304 305 306 307 308 309 310 311 313 315 316 317 319 320 321 323 325 326 327 328 329 330 331 332 333 335 336 337 339 340 342 344 345 346 348 349 352 353 355 356 357 358 359 360 361 362 364 365 367 368 369 370 371 372 373 375 376 377 378 380 381 382 383 384 385 386 387 389 391 392 393 395 397 398 400 401 402 403 404 407 408 409 411 412 414 415 416 417 418 421 422 423 424 425 426 427 428 429 430 431 434 435 437 438 439 440 443 444 445 451 453 454 455 456 457 458 459 460 461 463 464 466 467 468 469 470 471 472 473 474 475 476 477 478 479 480 481 482 483 484 485 486 488 489 490 491 492 493 494 497 498 
51: 0 2 3 6 7 8 10 13 14 15 16 17 18 20 21 23 24 26 27 28 32 33 34 35 36 37 38 40 41 43 44 45 46 47 48 49 50 53 54 55 56 57 58 59 60 61 62 63 64 65 68 69 70 72 73 74 75 76 77 78 79 82 83 85 87 88 89 92 94 95 96 100 101 102 103 105 106 108 109 110 111 113 114 118 119 121 122 123 124 126 127 128 129 130 131 132 133 134 135 138 139 140 141 143 145 146 147 148 150 151 152 154 156 158 159 160 161 163 164 165 167 168 169 171 172 173 174 175 176 178 179 180 181 182 185 186 188 189 190 191 192 193 194 195 196 197 198 199 200 201 202 203 204 205 206 208 210 212 214 215 216 217 218 219 220 221 223 224 226 227 228 229 231 233 234 235 236 237 238 239 240 241 242 243 244 245 247 248 249 250 251 252 253 254 255 256 258 259 260 261 263 264 265 266 268 270 272 273 276 280 281 282 284 286 287 288 289 290 291 292 293 294 296 298 300 303 304 305 307 308 309 310 311 313 314 316 317 319 320 321 325 326 328 329 330 331 332 333 334 336 337 338 339 340 342 343 344 345 346 347 348 351 352 353 354 356 357 358 359 360 361 363 364 365 367 368 369 371 373 374 375 376 378 379 380 381 382 383 384 385 386 387 389 390 391 393 396 398 399 400 401 402 403 404 405 407 408 410 411 412 414 415 416 418 419 422 423 425 426 427 428 429 430 431 432 433 434 435 437 438 439 440 444 445 447 448 450 451 454 457 458 460 461 462 463 464 465 466 467 468 469 470 471 472 473 474 475 477 478 480 481 482 483 484 485 486 489 490 491 493 494 495 497 498 637 790 958 
52: 0 2 3 4 6 7 8 10 11 12 13 15 16 18 19 20 24 26 27 28 29 30 31 32 34 35 36 37 38 39 40 42 43 45 47 48 49 54 55 56 57 58 61 62 63 65 67 68 70 72 74 75 76 77 80 81 82 83 84 85 86 87 89 91 92 94 95 96 98 100 101 102 103 104 107 108 110 111 112 113 114 115 116 117 118 119 120 121 122 123 124 125 126 127 128 130 132 133 134 137 138 139 140 141 142 143 144 145 146 147 148 149 150 151 154 155 156 157 158 159 160 161 162 163 164 165 167 168 171 172 173 175 176 177 178 179 180 181 182 183 184 186 188 189 190 192 193 194 195 196 198 201 202 203 205 206 207 208 210 211 212 215 217 218 219 221 222 224 225 226 227 228 229 230 232 233 234 238 239 240 241 242 243 244 245 246 247 248 249 250 251 252 253 255 256 257 258 260 261 262 263 264 265 266 269 270 271 272 273 274 275 277 279 280 281 283 284 285 286 287 288 289 290 291 292 293 294 295 296 298 299 301 302 303 305 306 307 308 309 310 311 312 313 314 316 317 319 320 322 324 325 326 327 328 329 330 332 333 334 335 336 337 338 339 340 343 345 346 348 352 354 356 358 359 360 363 364 365 367 368 369 370 371 372 373 374 375 376 378 379 380 381 383 384 385 386 388 390 393 394 396 398 399 400 401 402 403 404 405 407 410 411 413 415 416 417 419 420 421 422 424 426 427 429 432 433 434 436 437 438 440 441 442 443 444 445 446 447 448 449 450 451 452 454 455 456 457 458 459 461 462 463 464 465 468 469 470 471 472 473 474 475 476 477 478 479 480 481 482 483 484 485 486 487 488 489 491 492 493 494 495 496 497 498 499 787 790 939 
53: 0 2 3 4 5 6 7 8 9 10 11 12 13 15 16 17 18 19 20 21 22 23 24 25 27 28 30 32 33 34 35 36 38 39 40 41 42 43 44 47 48 49 50 51 55 56 57 58 59 61 63 64 65 67 68 72 73 75 77 80 82 83 84 85 86 87 89 90 91 92 93 94 95 96 97 98 99 100 101 102 103 105 106 107 108 110 111 113 114 115 117 119 120 121 122 125 130 131 134 135 136 137 138 140 142 143 144 145 147 148 149 150 151 153 154 155 156 157 158 159 161 162 163 164 166 167 168 170 171 173 174 175 177 179 180 181 182 184 186 187 188 189 190 191 192 193 194 195 196 197 198 199 200 201 202 203 204 207 208 209 211 212 213 214 215 217 218 220 221 223 224 226 229 230 231 232 233 237 240 242 244 245 246 247 248 249 252 253 254 255 256 257 259 261 262 263 264 267 268 269 270 271 273 274 275 276 277 279 280 281 282 283 285 286 287 290 291 292 293 294 296 299 300 301 302 303 305 306 307 309 312 314 315 317 318 319 320 321 322 324 325 327 328 329 330 331 332 334 336 337 338 342 343 345 348 350 351 352 354 355 357 359 360 361 362 363 364 365 366 367 369 370 371 372 373 374 375 377 378 381 382 383 385 386 387 389 390 392 393 394 395 396 397 398 399 400 401 402 403 405 406 407 408 409 410 412 413 414 416 417 418 419 421 422 423 425 426 427 428 429 430 431 432 433 434 436 437 438 439 440 441 443 444 445 446 447 448 449 450 451 452 453 455 456 459 460 462 463 464 465 467 469 470 471 472 475 476 477 478 482 483 485 486 487 488 489 490 491 492 493 494 495 498 499 620 767 
54: 0 1 2 3 4 5 6 7 9 11 12 13 14 15 17 18 19 20 21 23 25 26 27 28 29 30 31 33 34 35 36 37 38 40 42 43 44 45 47 48 49 50 51 52 55 56 57 58 59 60 63 65 66 67 69 70 71 72 76 77 78 79 82 83 84 85 86 87 88 89 92 94 95 96 97 98 99 101 102 103 104 107 108 109 110 111 112 113 114 116 117 118 119 120 121 122 123 124 125 126 127 130 131 133 134 135 136 137 138 139 141 143 144 146 147 149 150 151 154 155 156 157 158 159 160 162 163 164 167 168 169 170 171 172 173 174 175 176 177 178 179 180 181 182 183 184 185 186 187 189 190 192 193 194 195 196 197 198 199 200 201 202 203 208 210 211 212 213 217 218 219 220 221 222 224 225 226 228 230 231 232 233 235 238 239 240 241 242 244 245 246 248 250 252 254 256 257 258 259 262 264 265 266 267 268 270 271 272 273 274 275 276 277 278 279 280 281 282 283 284 286 287 288 289 292 293 294 295 296 297 298 299 300 301 302 303 304 306 307 308 309 310 311 313 314 317 318 319 320 321 322 323 324 325 327 328 329 330 331 333 334 335 336 337 338 339 340 341 342 343 344 345 346 347 348 350 351 353 355 356 358 360 361 362 363 364 368 370 371 372 373 375 376 377 379 380 381 382 383 385 387 390 391 397 398 399 401 402 404 405 406 407 408 409 410 411 412 413 415 416 417 419 420 421 423 424 425 427 428 429 430 431 433 434 435 436 437 438 440 441 443 444 445 446 447 448 449 452 455 456 457 458 460 462 463 464 465 466 467 469 470 471 472 474 476 477 478 479 482 484 485 486 487 488 490 491 493 494 496 499 988 
55: 1 2 3 4 5 6 8 10 11 12 13 14 15 16 17 18 19 20 22 23 25 26 27 29 30 31 32 33 35 37 38 39 40 41 42 43 44 45 46 48 50 51 52 53 54 56 58 59 60 61 62 64 65 66 67 68 69 70 71 72 74 75 76 77 78 79 81 82 83 84 85 87 88 89 90 91 95 98 101 102 103 104 105 106 107 110 111 112 113 114 115 116 117 120 122 123 125 126 127 128 129 130 134 137 138 139 140 141 143 145 146 147 148 149 150 151 152 153 154 155 157 158 161 162 163 164 165 167 168 169 170 171 172 173 174 175 176 177 178 179 180 182 184 185 186 187 188 189 190 192 194 195 197 201 202 203 204 205 207 209 210 211 214 216 217 218 219 220 221 222 223 224 225 227 228 229 230 231 232 233 234 235 236 238 239 240 241 243 244 246 249 251 252 253 255 256 257 258 259 260 263 264 265 267 268 269 270 271 272 273 274 275 276 277 278 279 280 281 282 283 284 285 288 289 290 291 292 295 296 298 299 300 303 304 305 307 308 310 311 312 313 314 315 316 317 318 321 322 323 324 325 326 328 329 332 333 335 336 337 339 340 342 343 344 345 346 347 348 349 351 352 354 355 356 357 358 359 360 361 363 364 366 367 368 369 370 371 372 373 374 375 377 379 380 384 385 386 387 388 389 393 394 395 396 397 398 399 400 401 402 403 404 405 406 407 408 409 410 411 414 415 416 417 418 419 420 421 422 423 424 425 426 427 429 430 432 433 434 439 440 441 442 443 444 446 447 448 449 450 452 453 455 456 457 458 459 461 463 464 465 466 467 468 469 470 471 472 473 474 475 476 477 478 483 484 486 487 489 490 491 492 493 495 496 497 498 499 614 796 
56: 0 2 3 4 5 6 7 9 10 11 13 14 15 18 20 22 25 27 28 30 31 32 34 35 36 37 38 39 41 42 44 45 47 49 50 51 52 53 54 55 57 60 61 62 63 65 66 68 69 70 71 74 75 76 77 78 79 80 81 83 84 85 87 88 89 90 91 92 93 94 95 97 99 100 102 104 106 107 108 110 111 112 113 114 115 117 118 119 120 121 123 124 125 126 127 128 129 132 133 137 138 139 141 142 143 145 146 147 148 149 150 153 154 156 157 158 159 160 161 162 163 164 165 168 169 170 171 175 176 177 179 181 182 184 185 186 187 188 189 190 191 192 194 196 197 199 200 201 202 203 204 205 206 208 209 210 211 212 214 215 216 217 218 219 220 222 223 225 226 228 230 231 232 235 236 237 239 240 241 243 244 246 247 248 249 251 252 253 254 256 257 258 259 260 261 262 263 264 266 267 268 269 270 271 272 273 274 275 276 277 279 280 281 282 284 285 286 287 288 289 291 292 293 294 298 299 300 304 306 307 308 309 310 311 312 313 314 315 316 317 318 319 321 324 326 327 328 329 331 332 333 334 335 336 337 338 339 340 341 342 343 344 345 346 348 349 350 351 352 354 355 356 358 359 360 361 362 365 367 369 370 371 372 373 374 376 377 378 379 380 381 382 383 384 385 386 387 388 389 390 391 392 393 394 395 396 397 401 402 404 407 408 409 410 411 412 413 414 415 416 418 419 421 422 423 425 426 427 428 429 430 431 432 433 434 435 437 438 440 443 444 445 446 448 449 451 452 454 455 456 457 458 459 460 461 462 463 464 465 466 467 469 471 472 475 476 478 479 480 481 482 484 485 486 487 488 489 490 491 492 493 495 496 497 498 499 659 929 
57: 0 1 2 3 4 5 6 8 9 11 13 14 18 19 20 22 23 24 25 26 27 28 29 31 32 33 35 36 37 38 39 40 41 42 43 44 45 47 49 51 52 53 54 56 58 59 60 61 62 64 66 67 68 70 71 72 73 74 75 79 80 81 82 84 85 87 88 89 90 92 94 95 96 97 98 99 100 101 103 104 106 107 109 110 111 114 115 117 119 121 122 123 124 125 127 129 130 131 132 133 134 135 137 140 143 147 148 149 150 151 152 153 154 155 157 158 159 160 161 162 164 165 168 169 170 172 173 175 176 177 178 179 180 181 182 183 184 185 187 189 190 191 192 194 195 197 199 200 201 202 204 205 206 207 208 209 210 211 212 213 214 215 216 217 218 219 220 221 222 223 225 226 227 228 229 231 232 233 235 238 239 240 241 243 245 246 248 250 253 254 255 256 257 258 260 261 262 263 264 266 267 268 269 270 272 273 274 275 276 277 278 279 280 281 282 283 284 285 286 288 289 290 291 292 293 294 295 297 298 300 301 303 305 307 309 310 311 312 313 314 315 316 317 318 319 320 321 322 325 326 327 328 329 330 332 334 335 336 337 338 339 340 341 342 343 344 346 348 349 350 351 352 354 355 356 358 359 361 363 365 366 367 368 370 371 372 373 375 378 381 382 383 384 385 386 387 389 390 392 393 396 397 398 399 401 402 403 404 405 407 411 412 413 414 415 416 417 418 419 420 421 424 426 427 429 430 431 432 433 434 435 437 439 440 443 445 446 447 449 450 451 452 453 454 456 457 459 460 462 463 464 465 467 468 470 472 474 476 477 478 481 482 483 484 485 486 487 488 489 490 492 494 495 496 497 498 499 659 984 
58: 0 1 2 3 4 6 8 9 10 11 12 13 15 16 17 18 19 21 22 25 26 28 29 30 32 34 35 36 37 40 41 42 45 47 48 49 50 51 52 53 54 55 57 60 61 62 63 64 65 66 67 68 69 70 71 72 74 75 76 77 78 79 80 81 82 84 86 88 89 90 91 92 93 94 95 96 97 98 99 100 101 103 105 106 108 110 111 112 114 115 116 117 118 119 120 121 122 123 125 126 127 128 129 130 131 132 133 134 137 139 140 141 143 144 145 146 147 148 149 150 152 153 154 155 156 157 163 164 165 166 167 168 171 172 173 175 176 177 178 179 180 181 183 184 185 186 188 189 190 192 193 194 195 197 198 199 200 201 202 203 204 205 207 209 210 211 212 214 216 217 218 219 220 221 222 223 224 225 226 227 228 229 231 232 233 234 235 236 238 239 240 241 242 243 244 246 247 248 249 250 251 252 253 256 257 258 259 260 261 262 263 264 265 266 267 268 269 270 271 272 273 275 276 278 279 281 282 283 284 285 286 287 288 289 290 291 292 293 294 296 298 299 300 301 303 304 305 307 308 309 310 311 312 313 315 317 318 319 320 321 323 324 325 326 327 328 329 330 331 333 334 335 337 338 339 340 341 342 343 344 345 346 347 348 349 350 351 352 353 354 356 357 358 359 360 361 362 363 365 366 367 368 369 370 371 373 374 375 376 377 378 379 381 383 384 385 386 387 388 389 390 391 393 394 395 397 398 399 400 401 402 403 404 406 409 410 411 413 414 416 417 418 419 422 423 425 426 427 428 429 430 433 434 436 437 438 439 440 441 442 444 445 447 448 449 452 453 454 455 456 457 459 460 462 464 465 467 468 470 471 472 473 474 475 476 478 479 480 481 483 484 486 487 489 490 491 493 495 496 497 930 
59: 0 1 2 3 5 7 9 11 12 13 14 15 16 17 18 19 21 22 23 25 27 28 29 32 34 35 36 37 39 40 41 43 44 45 47 48 50 51 53 54 55 57 61 62 63 64 65 66 67 68 69 71 72 73 74 76 77 79 80 81 83 84 85 86 88 89 90 92 94 95 96 97 98 99 100 102 103 104 105 107 108 110 111 112 115 116 117 119 120 122 123 124 125 126 127 128 131 132 133 134 135 136 138 139 141 142 143 144 147 149 150 151 153 154 155 157 159 160 161 163 164 166 167 168 169 171 172 173 174 176 178 181 182 185 186 187 189 190 191 193 195 196 197 198 199 201 202 203 204 205 207 208 209 210 211 212 213 214 215 216 217 219 222 223 224 225 226 227 229 230 231 232 233 234 235 236 237 241 242 243 244 245 246 247 248 251 252 255 256 257 258 260 261 263 264 265 266 268 269 270 271 272 273 274 275 276 277 278 279 281 282 283 284 287 291 292 293 294 295 297 299 300 302 303 304 306 307 309 310 311 312 313 314 315 316 318 319 320 321 322 323 325 326 328 330 332 333 334 335 337 338 339 340 341 342 343 344 345 346 347 348 350 351 352 354 355 356 359 360 362 363 364 366 367 369 371 372 373 374 375 376 377 378 379 380 381 382 383 385 386 387 388 389 393 394 395 396 398 400 401 402 403 404 405 406 408 409 410 411 412 414 415 416 418 419 421 422 423 424 425 426 427 428 429 431 433 434 435 436 437 438 439 441 442 443 444 445 447 448 449 450 451 452 453 454 455 457 458 459 460 461 462 464 466 469 470 471 473 474 475 476 477 478 479 480 481 483 484 485 486 487 488 489 491 492 493 494 495 496 498 499 796 950 
60: 0 1 2 3 5 7 8 9 10 11 12 13 15 16 19 20 21 24 25 26 27 28 30 32 35 36 37 39 41 42 43 44 45 46 49 50 51 54 55 56 57 58 62 63 65 66 68 69 72 73 75 76 79 80 81 82 83 84 85 86 87 89 90 91 92 93 95 96 98 100 101 103 104 106 107 108 109 110 111 112 113 114 117 119 120 121 122 123 124 125 126 128 129 130 131 133 134 135 136 137 138 143 145 146 149 150 151 152 153 154 155 156 157 160 161 162 163 164 166 167 170 171 172 173 174 176 179 180 181 182 183 185 186 187 188 189 190 191 192 193 194 196 197 198 199 200 202 204 205 206 207 208 209 210 211 212 213 214 216 220 221 222 223 224 225 226 229 230 232 233 234 235 236 237 238 240 241 242 243 244 245 246 247 248 249 250 251 252 254 255 256 258 259 261 262 263 264 265 267 268 269 270 271 272 273 275 276 277 281 283 284 286 287 288 289 291 292 294 295 296 297 298 299 300 301 302 303 304 305 306 307 309 310 311 312 313 314 315 316 317 318 319 320 321 322 323 326 327 328 329 331 332 333 335 338 339 340 341 342 343 344 345 346 348 350 351 352 353 354 355 356 357 359 360 361 363 365 369 370 371 372 373 375 376 377 378 379 380 381 382 383 384 385 386 387 388 389 391 392 393 395 397 398 399 400 401 402 403 404 406 407 409 410 411 413 414 415 418 419 421 422 423 424 426 427 428 430 431 432 433 434 435 436 437 438 439 442 444 445 446 447 448 449 450 451 452 453 454 455 458 459 460 461 463 464 465 466 468 469 471 472 473 474 475 477 479 480 481 482 485 486 487 488 489 490 491 492 493 494 495 497 498 499 964 
61: 0 3 4 5 6 7 8 10 11 12 13 14 15 16 17 18 19 20 21 23 24 28 29 31 36 37 38 39 40 41 42 43 45 47 48 51 52 53 55 56 57 58 59 62 63 64 65 66 68 69 70 71 72 73 74 75 76 77 79 80 81 82 83 85 86 87 88 89 90 93 96 97 98 99 100 101 102 104 105 106 107 108 109 110 111 113 114 115 116 117 119 121 122 123 125 126 127 129 132 133 134 135 137 138 139 140 142 143 145 149 150 153 154 158 159 160 163 164 166 167 168 169 170 174 176 178 179 180 181 182 183 184 186 188 189 190 191 192 194 195 196 197 198 199 200 202 203 205 206 207 209 211 212 214 215 216 217 218 219 221 223 224 225 226 227 228 229 230 232 233 235 237 238 239 240 241 242 243 244 245 246 247 248 250 251 252 254 256 257 258 259 260 262 263 264 265 266 267 268 270 272 273 276 277 278 279 282 283 284 286 288 289 290 292 294 296 298 300 302 303 304 306 307 308 309 310 311 312 313 314 315 316 317 320 321 323 324 326 327 329 331 332 333 334 335 336 337 338 340 343 344 345 346 347 348 349 350 351 352 353 355 356 358 360 363 364 365 366 367 368 369 371 372 373 377 378 380 381 382 383 384 385 386 388 389 390 391 392 393 394 395 396 397 398 403 404 405 406 407 408 409 410 411 412 413 414 415 416 417 418 419 420 421 423 424 425 426 427 428 429 430 431 432 433 434 435 437 439 440 441 443 444 445 446 447 449 450 451 453 454 455 458 459 460 462 463 465 466 467 468 469 470 471 472 474 477 478 480 481 482 483 484 485 486 487 488 489 490 492 493 494 496 497 498 499 756 938 
62: 0 1 3 4 5 6 7 8 9 10 11 12 14 15 17 18 19 20 21 22 23 24 25 27 28 29 31 32 33 35 36 37 38 39 40 41 43 44 45 46 47 49 50 51 52 55 56 57 58 59 60 61 63 64 65 66 67 68 69 71 72 73 74 75 76 77 79 80 81 82 83 84 85 86 87 88 89 90 91 92 93 94 95 96 97 99 100 101 102 105 106 107 108 109 110 111 112 115 116 118 119 121 122 123 124 125 126 129 130 131 132 133 134 136 137 138 140 141 142 143 144 145 146 147 148 150 151 152 154 155 156 157 158 160 161 162 163 164 165 167 168 169 170 171 172 173 174 175 177 178 179 180 181 182 183 184 185 186 187 188 189 191 192 193 195 196 197 199 201 202 204 205 207 210 211 212 213 215 216 217 219 220 221 222 223 225 226 227 228 230 231 232 233 234 235 238 240 241 242 243 244 245 247 248 249 250 251 252 256 259 260 261 262 263 264 265 266 267 268 269 270 271 272 274 275 276 277 279 280 281 283 284 286 287 288 289 291 292 293 295 296 297 299 300 301 302 303 304 305 306 307 308 309 310 311 312 313 315 317 318 319 320 321 322 323 325 326 327 328 329 330 331 333 334 335 337 338 339 340 341 342 343 344 346 350 351 352 354 355 356 357 358 359 360 361 362 364 365 366 368 369 373 375 379 380 381 383 384 386 387 389 391 393 394 395 399 400 401 402 403 404 405 406 407 409 410 412 413 414 415 418 421 422 423 424 425 426 428 430 431 432 433 435 437 438 439 441 442 444 445 446 448 449 450 451 452 453 454 455 456 457 458 460 461 462 463 464 465 466 468 469 470 471 473 474 475 476 477 479 480 481 482 483 484 485 486 487 489 490 492 493 494 497 612 630 652 668 670 695 769 
63: 0 2 3 4 5 6 7 8 9 11 12 13 14 16 17 20 21 22 23 24 25 26 27 28 29 30 32 34 35 36 38 39 41 42 43 45 46 47 51 52 53 54 56 58 59 60 61 62 64 65 66 67 68 69 70 72 74 75 76 77 80 81 82 83 84 85 86 87 88 89 91 92 93 94 95 97 98 99 100 101 102 103 104 105 107 108 110 114 115 116 120 122 123 124 126 128 129 130 132 133 134 135 136 137 139 140 141 142 143 144 146 148 149 150 151 153 154 155 156 157 160 162 163 164 165 166 167 168 169 170 171 173 174 175 176 177 179 180 181 185 187 188 189 191 192 194 196 198 199 201 202 204 205 206 207 208 209 210 211 212 213 214 215 216 217 218 219 220 223 224 225 226 227 229 230 231 232 233 234 235 236 237 239 240 243 244 246 250 251 252 253 254 255 256 257 260 262 263 265 271 274 275 276 277 278 281 284 285 286 287 289 290 291 292 293 295 296 297 298 299 300 301 302 303 304 306 307 308 309 310 311 312 313 314 315 316 317 318 320 321 324 325 327 330 331 332 333 335 336 337 338 340 341 342 343 344 345 347 348 349 350 353 354 356 358 360 362 363 364 365 366 367 368 369 371 372 373 374 375 376 377 378 379 380 381 382 383 384 385 386 389 390 391 392 394 395 396 398 399 400 402 403 405 407 408 409 410 411 413 414 415 416 417 418 420 421 424 425 427 428 429 430 431 432 433 434 435 436 437 438 439 440 442 443 444 446 448 449 451 454 456 458 459 460 461 462 463 464 465 468 469 470 471 472 473 474 475 476 477 478 479 480 481 482 483 484 485 486 487 491 492 493 494 495 496 497 498 499 663 675 688 689 
64: 1 2 3 4 5 6 7 9 10 11 14 16 17 18 20 21 22 27 28 29 30 31 32 34 35 36 38 39 40 44 45 46 47 48 49 50 51 53 55 57 58 59 61 62 63 65 66 67 68 72 74 75 76 78 79 80 81 83 84 85 86 87 88 90 91 93 95 96 97 99 100 101 103 104 105 106 107 108 109 110 111 112 113 114 115 116 117 118 119 121 122 123 124 125 127 129 130 132 134 136 137 138 139 140 141 142 143 145 148 149 151 152 153 154 155 156 157 158 160 161 164 165 166 167 168 169 172 176 177 178 179 180 181 184 185 187 188 189 190 191 192 193 194 196 197 198 199 200 201 202 203 205 207 209 210 212 213 214 216 217 218 221 222 223 224 225 226 227 228 229 230 232 233 234 235 236 237 238 239 240 243 244 246 247 249 250 251 252 253 255 256 257 258 259 260 261 262 264 265 266 267 268 269 270 271 274 275 277 279 281 282 283 284 285 286 288 289 290 291 293 295 297 298 299 301 302 304 305 307 308 309 312 313 315 317 318 319 320 322 323 324 326 327 329 330 332 333 334 335 336 337 339 340 342 343 344 345 346 347 348 349 350 351 352 353 354 355 356 359 360 361 362 363 364 365 366 368 369 370 372 373 374 375 376 377 378 379 380 384 385 386 388 390 391 392 393 394 395 396 399 400 402 404 405 406 407 408 409 410 412 413 414 416 417 418 419 420 421 425 426 427 428 429 430 431 432 433 434 436 437 438 439 443 444 446 447 448 449 450 452 453 454 455 456 459 460 462 464 465 466 467 468 469 470 473 474 475 476 477 479 480 481 482 484 487 488 489 490 492 493 494 495 497 498 499 659 668 976 
65: 1 2 3 4 5 6 9 10 11 13 15 16 18 19 20 21 22 24 26 27 28 29 30 31 32 33 34 36 38 39 42 43 45 46 48 49 50 51 52 53 54 55 56 58 59 60 61 62 63 64 66 67 69 70 71 72 74 75 76 77 78 79 80 81 83 85 87 88 90 91 92 93 94 95 96 97 99 100 101 102 104 106 108 109 110 111 112 113 114 115 117 118 121 122 124 125 127 128 130 131 132 134 136 137 139 140 141 142 143 144 145 146 147 148 149 150 151 152 153 155 157 160 161 163 164 165 167 168 169 170 171 172 173 174 175 177 178 181 182 183 184 185 189 190 191 192 193 194 195 196 197 198 200 201 204 205 206 209 210 211 212 213 214 216 217 218 220 221 222 223 224 226 227 228 229 230 231 232 233 234 235 236 238 240 241 243 244 245 246 248 249 254 255 256 257 258 259 260 262 263 265 266 267 268 269 270 271 275 276 277 278 279 280 282 283 284 286 287 288 289 292 293 294 295 296 297 298 299 300 301 302 304 305 306 307 310 311 313 314 315 316 317 318 319 320 321 322 323 324 328 329 330 333 334 335 336 338 339 340 342 343 344 346 351 352 353 355 356 357 358 359 361 362 363 365 366 368 369 370 372 373 375 376 377 378 379 381 382 386 387 388 389 393 394 397 398 400 401 402 403 405 406 408 410 411 412 413 415 417 419 420 421 424 425 426 427 428 429 430 433 434 435 436 437 439 440 443 444 445 446 447 448 449 450 451 452 453 454 455 456 458 460 461 462 464 466 467 469 470 472 473 474 475 478 479 481 482 484 485 486 487 493 494 495 496 498 795 927 
66: 0 1 2 3 4 5 6 8 9 10 11 12 13 15 17 18 19 24 26 27 28 29 32 34 36 37 38 39 40 41 43 44 46 47 49 50 54 55 56 57 58 59 60 61 62 63 64 65 68 70 71 74 75 76 77 78 79 80 81 82 83 84 86 87 88 90 91 95 96 97 98 99 100 101 106 109 110 111 112 114 115 116 118 119 121 122 126 127 128 130 131 133 134 135 136 137 139 140 141 143 146 147 148 149 150 151 152 153 154 155 156 159 160 161 162 163 164 165 166 167 170 171 172 174 176 178 179 180 181 183 184 185 186 187 189 190 192 194 195 196 197 198 199 200 204 205 206 208 209 210 211 212 214 215 216 217 219 220 221 224 226 228 231 232 233 234 235 236 238 239 241 242 243 245 246 247 248 249 250 252 253 254 255 256 257 258 259 260 261 262 263 264 265 266 267 268 271 272 273 274 275 276 277 278 279 280 281 282 283 284 285 286 287 288 289 290 291 292 293 294 297 298 299 300 301 302 305 307 308 310 314 315 317 318 319 320 321 322 323 324 325 326 327 328 330 332 333 334 335 336 337 338 339 340 341 342 343 344 345 346 347 348 349 350 351 352 354 355 356 357 358 359 361 363 364 366 367 368 369 370 371 372 373 374 375 376 377 378 379 380 382 383 384 385 386 387 388 389 392 393 395 396 398 399 400 401 403 405 406 407 408 410 411 412 415 416 417 419 420 421 422 423 426 427 428 429 430 432 433 434 436 438 439 440 441 442 443 445 446 447 448 449 451 452 453 454 456 458 459 461 462 463 464 465 466 467 468 470 471 473 474 476 477 478 479 480 481 483 484 485 486 487 488 490 491 492 493 494 495 496 497 498 499 
67: 0 1 2 3 4 5 6 7 10 11 12 13 16 17 18 20 22 23 24 26 28 30 31 32 33 34 35 36 37 38 39 40 41 42 43 45 46 48 49 50 52 53 54 55 57 58 59 62 63 64 65 68 69 72 73 74 75 76 77 78 79 80 81 82 83 85 86 87 88 89 90 91 92 93 94 95 96 98 99 100 101 102 103 104 106 107 109 110 113 114 115 116 117 120 122 123 125 128 129 130 131 132 133 134 135 136 137 138 139 140 141 142 143 144 145 147 148 149 150 151 153 155 156 157 158 159 161 162 163 164 166 167 169 170 171 172 173 174 175 176 179 181 182 183 184 186 187 188 191 192 193 194 195 196 198 199 200 203 204 205 206 207 208 209 211 212 215 219 221 222 224 225 226 227 228 229 231 233 234 235 237 238 239 240 241 242 245 246 247 248 249 250 251 252 253 254 255 256 258 259 260 261 263 264 265 267 269 271 272 273 274 275 276 277 278 279 282 283 284 285 286 287 288 290 291 293 294 295 296 297 298 299 300 301 304 305 307 309 311 312 313 314 315 316 317 318 319 320 323 325 326 327 328 329 331 332 333 335 336 337 338 339 340 341 342 343 346 348 350 351 352 353 354 355 356 357 358 360 361 362 363 364 365 366 367 368 370 372 373 375 377 378 379 380 383 384 385 386 387 389 390 391 392 393 394 396 397 398 399 401 402 403 405 406 407 408 409 410 411 413 414 415 418 419 420 421 422 423 424 425 426 427 428 430 431 432 434 435 436 440 441 442 443 445 447 448 449 451 452 453 454 456 457 458 459 460 461 462 463 464 466 469 470 471 472 473 474 475 476 478 479 480 481 482 483 484 485 486 487 488 489 490 491 492 493 494 495 496 497 499 621 683 940 
68: 0 1 2 3 5 6 8 10 13 15 16 17 18 20 21 22 23 24 25 27 28 29 31 32 33 35 36 37 38 39 41 44 45 47 48 49 50 51 52 53 55 56 57 58 59 60 61 62 63 64 66 67 69 70 71 72 74 75 76 77 78 79 80 81 82 84 85 86 87 90 91 92 93 94 95 96 98 100 101 102 103 104 105 106 107 108 109 110 111 112 114 115 117 120 121 122 123 124 125 126 127 128 129 130 131 133 134 135 138 139 140 141 144 146 147 148 150 151 152 153 154 156 157 158 159 160 161 162 166 167 168 169 170 171 172 173 174 177 179 181 182 183 184 186 188 190 191 192 195 196 197 198 201 202 203 205 206 207 208 209 210 211 212 213 214 215 216 217 220 221 222 223 224 225 226 227 229 231 232 233 234 236 237 238 239 240 242 243 245 246 248 249 250 251 252 253 254 255 257 258 259 260 262 264 265 266 267 268 269 271 272 273 274 275 276 277 280 281 282 283 284 286 287 288 290 292 293 296 297 298 299 300 301 302 303 305 307 308 310 311 312 313 314 315 317 318 319 320 321 322 323 324 325 326 327 328 329 330 331 332 333 334 335 336 337 338 340 341 343 345 346 347 349 350 351 352 354 355 356 357 358 359 360 361 362 363 364 365 366 369 371 372 373 374 377 378 379 381 382 385 387 388 389 390 392 394 395 396 397 398 399 400 401 402 404 405 408 409 410 411 412 413 414 415 416 417 418 420 421 422 423 425 426 427 428 429 432 434 435 436 437 438 439 440 442 444 446 447 448 449 451 452 454 455 456 458 459 460 461 462 463 464 465 466 467 468 470 471 474 475 476 477 478 479 480 481 482 484 485 486 487 489 490 492 493 494 495 497 498 499 662 672 
69: 0 1 2 4 5 6 9 10 11 12 13 14 15 16 18 19 20 21 22 23 24 26 28 29 30 31 33 34 35 38 39 40 41 42 44 45 46 48 50 51 54 55 56 58 59 60 61 62 63 65 67 68 70 71 73 75 76 77 78 79 80 81 83 84 85 87 88 89 90 91 92 94 95 96 98 100 101 102 103 104 105 106 109 110 112 113 114 115 116 117 118 119 120 121 123 124 125 126 130 131 132 133 134 135 136 139 140 141 142 144 145 146 147 148 149 151 152 153 154 155 157 158 159 161 162 166 169 170 171 172 173 174 175 176 177 178 179 181 182 183 184 185 186 187 188 191 192 193 194 196 197 198 200 201 202 203 204 205 206 209 210 211 212 213 214 215 216 218 219 221 222 223 228 230 231 232 233 235 237 238 239 240 241 244 245 246 247 248 249 250 251 252 253 255 256 259 260 262 263 264 265 266 267 270 271 272 273 275 277 278 279 280 282 284 285 286 290 291 292 294 295 296 297 298 300 301 302 303 305 306 307 308 309 310 311 313 314 315 317 318 319 320 321 322 325 326 327 328 329 330 331 332 333 334 335 336 337 338 340 341 342 343 345 347 348 349 351 352 353 354 355 356 357 358 359 361 362 363 364 365 366 367 368 369 370 372 374 376 377 378 379 380 381 382 383 384 385 386 388 389 390 391 392 393 394 395 397 398 400 401 402 403 404 405 406 407 408 409 410 412 413 414 416 417 418 419 420 421 423 424 425 426 427 428 429 432 433 434 435 437 438 439 440 441 443 445 446 447 448 449 450 451 453 454 458 459 460 461 462 465 466 467 468 469 472 474 475 476 477 478 480 482 483 486 487 488 489 491 493 494 495 496 497 760 
70: 0 1 2 4 8 9 11 12 13 14 15 16 17 19 20 21 22 23 25 27 28 33 34 35 36 37 39 40 41 42 43 45 46 47 48 49 51 52 54 55 56 57 58 61 63 65 66 68 69 71 74 75 76 77 79 83 84 85 86 88 89 90 92 94 95 96 97 98 99 101 103 104 105 106 107 108 109 110 111 112 114 115 116 117 118 119 120 121 124 125 127 128 129 131 132 134 135 136 137 138 139 140 141 143 144 145 147 148 150 151 152 153 154 155 156 157 158 159 160 161 162 164 167 170 172 173 174 175 176 178 179 180 181 182 183 184 185 186 187 188 189 190 192 195 197 198 199 201 203 206 209 210 212 213 214 215 216 217 218 219 220 221 222 223 225 227 228 229 230 231 232 233 235 239 240 242 243 244 245 246 247 249 251 253 254 255 256 257 259 261 262 263 265 266 268 270 271 274 275 278 279 280 281 282 283 284 285 286 287 288 289 290 291 292 293 294 295 296 297 298 300 301 302 303 304 305 306 307 308 309 310 311 313 314 316 317 318 320 321 322 325 326 327 328 331 333 335 336 337 340 341 342 344 345 346 347 348 349 350 351 352 355 356 357 358 359 360 361 363 364 365 366 367 368 369 370 371 372 373 374 375 376 377 380 381 382 383 384 386 387 388 390 391 393 394 395 396 397 400 401 402 404 405 406 408 409 410 411 412 413 414 415 418 419 420 421 422 423 424 425 427 428 429 430 431 432 433 434 435 436 437 438 439 440 441 442 444 445 446 447 448 449 450 451 452 454 457 459 460 461 462 463 465 467 468 470 473 474 475 476 479 481 482 485 486 488 489 490 491 493 494 495 496 498 499 699 
71: 0 1 2 4 5 6 7 10 11 12 13 17 18 20 22 24 25 26 27 28 29 30 31 33 34 36 37 38 39 40 44 45 46 47 48 49 50 54 55 56 57 58 59 61 62 65 66 68 69 70 72 73 74 75 77 79 80 82 83 85 86 87 88 89 90 91 92 93 94 95 96 97 98 99 100 101 102 103 106 107 108 109 111 112 113 114 115 116 117 119 120 121 122 123 124 126 127 128 129 130 131 132 133 134 135 137 138 139 140 141 142 143 145 146 147 148 149 150 152 153 156 157 158 160 161 162 164 165 167 168 169 170 171 172 173 174 176 177 178 181 182 183 184 186 187 188 189 190 191 192 193 194 195 196 197 198 199 200 201 202 203 204 205 207 209 211 213 214 215 216 218 219 220 221 223 224 226 227 228 229 230 231 232 233 234 235 236 238 239 240 243 244 245 246 248 249 250 251 253 257 258 260 261 262 264 265 267 268 270 272 273 274 277 278 279 280 281 282 284 285 286 287 288 289 290 291 295 296 298 301 302 303 305 306 307 308 309 310 312 314 315 316 317 318 320 321 323 325 326 327 328 329 330 331 332 334 336 337 339 340 341 342 343 344 345 346 347 348 349 350 351 352 354 355 356 357 359 361 362 363 366 367 368 369 370 371 372 373 376 377 378 379 381 382 383 385 386 389 391 392 394 395 396 397 398 399 400 401 402 403 404 405 408 409 410 411 412 413 414 416 417 418 419 420 421 422 423 424 426 427 428 429 431 432 433 434 435 436 437 438 439 440 441 442 443 444 445 446 447 448 449 451 452 455 456 457 458 459 461 462 463 464 465 466 468 469 470 472 473 474 476 477 478 479 480 481 482 484 486 487 488 489 490 491 492 494 495 496 498 499 962 
72: 0 1 2 3 5 6 7 9 10 11 12 13 14 15 16 19 20 22 23 24 25 27 28 29 30 33 35 37 38 39 40 42 43 44 46 49 50 51 52 53 54 55 57 58 59 60 61 62 63 64 65 67 68 71 74 75 76 77 78 79 80 83 84 85 86 87 88 89 91 93 94 95 97 98 99 100 102 103 104 106 107 108 109 111 113 115 117 118 119 120 122 124 125 127 128 131 134 135 137 138 139 140 142 143 144 146 147 148 149 151 152 153 154 155 156 157 158 160 161 162 163 165 166 167 168 169 170 172 173 174 175 176 177 178 179 180 181 182 183 184 186 187 188 189 190 192 193 194 195 196 197 198 199 200 201 202 203 204 205 206 207 213 215 216 218 220 221 222 223 225 226 227 228 229 230 232 234 235 236 237 238 239 241 242 243 244 245 247 248 249 250 251 253 256 257 258 259 260 261 262 263 264 265 266 267 269 270 271 272 273 274 275 276 277 280 281 283 284 286 287 288 289 290 291 293 294 296 299 300 303 304 305 306 309 310 311 312 313 314 316 318 319 320 321 322 323 324 325 327 328 329 331 332 334 335 336 337 338 339 340 342 343 344 345 346 347 348 349 350 353 356 357 359 360 361 362 363 365 366 368 369 370 371 374 376 378 379 380 381 382 383 385 386 387 388 389 390 391 392 393 394 395 396 401 403 404 405 408 409 411 412 413 415 416 417 418 419 420 422 423 425 426 428 429 430 433 434 435 436 437 439 440 441 442 443 445 446 447 448 449 450 451 454 455 456 457 459 460 461 462 463 464 465 466 467 468 469 471 476 478 479 480 481 482 483 485 486 487 488 489 490 491 492 495 496 497 498 499 625 658 693 770 957 
73: 2 3 4 5 8 10 11 13 14 15 16 18 19 20 21 22 23 24 25 26 27 29 30 31 32 34 35 36 37 38 39 40 41 42 43 45 46 50 51 53 57 59 60 61 62 67 69 71 74 75 77 78 80 81 82 83 84 85 86 87 88 91 92 93 94 95 96 97 98 99 102 103 104 105 108 109 110 111 112 114 115 116 119 121 122 124 125 126 127 129 130 131 132 133 134 135 136 137 138 139 140 141 142 143 144 145 146 148 149 150 153 155 157 158 159 160 161 162 163 164 165 166 168 169 171 172 174 175 176 178 179 180 183 184 185 186 187 188 189 190 191 192 193 195 197 199 201 202 203 204 207 208 209 210 211 212 213 214 215 216 218 219 220 222 223 224 226 227 229 231 232 233 234 236 237 240 241 245 246 247 248 250 251 252 253 254 255 256 257 258 259 260 261 262 263 264 266 267 268 269 271 272 273 274 276 277 278 280 281 282 283 284 285 286 288 289 290 292 293 294 295 297 298 302 303 304 305 306 307 309 310 311 312 314 316 317 319 321 323 327 328 329 330 331 333 335 336 337 338 339 340 341 342 343 344 345 346 349 350 351 352 355 356 357 358 362 363 365 366 367 368 369 371 372 373 374 375 376 377 378 379 380 381 382 383 384 386 389 392 393 394 395 396 397 398 400 402 404 405 406 407 408 409 411 412 413 414 415 417 418 419 421 422 423 426 427 428 429 431 433 434 435 436 437 439 442 443 444 445 451 453 454 456 459 460 461 463 464 465 466 467 468 470 471 472 476 477 478 480 481 482 483 484 485 486 487 488 490 492 493 495 496 497 498 499 671 676 991 
74: 0 1 2 4 5 6 7 9 10 12 13 14 15 16 17 18 19 21 22 23 24 25 26 29 32 33 34 35 36 37 38 39 40 41 42 43 45 46 47 48 49 51 52 55 56 57 58 59 61 62 63 64 65 66 67 68 70 71 72 73 76 77 78 79 80 81 82 86 87 88 90 92 94 95 98 100 101 102 103 104 106 107 108 109 110 111 112 114 117 119 120 122 123 124 126 129 130 131 132 133 135 137 138 140 142 143 144 145 146 147 148 150 151 152 153 154 155 158 160 161 162 163 164 165 167 169 171 172 173 174 176 178 179 180 181 183 184 185 189 190 192 193 194 195 196 197 198 200 201 202 203 204 205 206 207 208 209 210 211 212 213 214 215 216 217 218 219 220 222 223 224 226 227 228 231 232 233 234 235 236 237 238 239 240 241 242 243 246 247 248 249 251 252 255 257 258 259 260 261 262 263 264 266 267 268 269 270 271 272 273 274 275 277 278 283 284 286 287 288 289 291 292 293 294 295 297 298 299 300 301 302 303 304 306 307 308 309 310 311 312 313 315 316 318 322 323 324 325 327 328 329 330 332 333 334 335 336 337 338 340 341 342 343 344 345 346 349 350 351 353 356 358 359 360 362 363 364 365 368 369 370 371 372 375 376 377 378 379 380 381 382 384 385 386 387 388 389 390 391 392 393 394 398 399 401 403 404 405 406 407 408 410 411 412 415 416 417 418 419 420 421 422 423 425 426 427 428 429 430 431 433 434 435 436 437 438 440 443 444 445 450 451 452 453 454 456 457 458 459 460 461 463 464 465 466 467 470 471 472 473 476 477 480 482 483 485 486 488 490 491 492 493 494 496 497 498 499 679 969 
75: 0 1 2 3 4 6 7 8 9 10 11 12 13 14 15 16 17 20 21 23 24 25 27 30 31 33 35 36 37 38 41 44 45 46 47 49 51 52 53 55 56 57 58 60 61 62 63 64 65 66 67 68 69 70 71 72 73 78 79 80 81 83 85 88 89 91 92 94 95 98 99 100 101 102 103 104 105 107 108 110 111 112 113 114 115 116 117 118 119 121 123 124 125 126 127 129 131 132 133 134 136 137 138 139 140 141 142 143 144 147 148 149 150 151 152 155 156 157 158 159 161 162 163 164 167 168 169 171 172 173 175 176 177 178 179 180 181 182 184 185 186 188 189 190 193 194 195 196 200 201 202 205 206 207 208 211 213 214 215 216 217 219 220 221 222 223 224 225 226 227 228 229 230 231 235 236 237 238 239 240 241 242 246 248 249 250 251 252 253 255 258 260 261 263 264 265 267 268 269 270 271 273 274 275 276 277 278 279 280 281 282 285 286 288 289 290 291 292 294 296 297 299 300 301 302 303 304 305 306 307 308 309 311 312 313 314 315 316 317 319 320 321 322 323 324 325 326 327 329 330 331 332 333 334 337 338 339 340 341 342 343 344 345 346 347 348 350 351 352 353 354 356 357 358 359 361 362 363 365 366 369 370 371 372 373 375 376 377 378 379 380 381 382 383 385 387 388 389 391 392 393 394 395 397 398 400 401 402 403 406 407 410 411 412 413 414 415 416 418 420 421 422 423 424 425 428 429 430 431 433 434 438 439 440 441 442 443 444 445 446 447 448 449 450 451 452 453 458 459 460 461 462 463 464 465 468 469 470 471 472 474 475 476 477 478 479 480 481 482 483 485 486 487 488 490 491 492 493 495 496 497 498 499 630 693 799 767 
76: 0 1 3 4 5 6 7 8 9 11 12 13 15 16 17 18 20 21 22 23 24 25 26 28 29 30 31 32 34 35 36 37 38 39 40 41 44 45 46 51 52 54 55 56 58 59 60 61 62 63 64 65 66 67 68 69 70 72 74 78 79 80 81 82 86 87 88 89 90 92 94 95 96 97 99 100 102 103 104 105 106 107 109 110 113 114 115 117 120 121 123 125 127 129 130 132 134 136 137 139 140 142 143 144 145 146 147 148 149 151 152 153 154 155 157 160 161 163 164 165 166 167 168 169 171 172 173 175 176 178 179 180 181 182 183 184 185 186 187 188 189 195 197 198 199 200 201 203 204 205 207 208 209 210 212 213 215 216 217 218 219 220 222 223 224 225 226 227 228 229 230 231 232 233 237 238 239 241 242 243 244 245 247 249 250 251 252 253 254 257 258 259 260 261 262 263 264 265 266 268 269 270 272 273 275 276 277 279 280 281 282 283 284 285 286 288 289 290 291 292 293 294 295 296 297 298 299 301 302 305 306 307 308 310 311 313 314 315 316 317 318 319 320 321 322 323 324 325 326 327 328 329 331 333 334 335 336 338 339 340 341 342 344 346 347 348 349 350 351 352 353 354 355 356 358 360 361 362 363 365 366 367 368 369 370 371 372 373 374 375 377 379 381 382 383 384 386 387 389 390 391 392 393 394 395 396 397 400 402 403 404 405 406 407 408 409 410 411 412 414 415 416 417 418 419 420 421 422 423 424 425 426 427 428 429 430 431 432 433 434 436 437 438 439 440 441 442 443 444 445 448 449 450 451 452 454 455 456 457 458 459 460 461 462 463 464 465 466 467 468 470 472 474 476 477 478 479 480 481 482 483 484 485 486 487 488 489 490 492 494 495 496 498 499 956 
77: 0 1 2 3 4 5 6 7 8 9 10 11 12 13 14 15 16 18 19 21 22 24 25 26 27 28 30 31 33 35 36 37 39 40 41 44 45 46 47 48 50 51 52 53 54 55 56 58 59 61 62 63 65 66 67 68 69 70 71 72 73 74 78 79 81 82 83 84 86 87 88 89 90 91 92 93 94 95 97 100 101 103 104 106 107 108 109 110 111 112 113 115 116 117 118 119 120 121 122 123 124 125 126 128 129 131 133 135 136 137 139 142 143 144 146 147 148 149 152 153 155 156 157 158 159 161 162 163 164 165 166 167 168 169 170 172 174 175 176 177 178 180 181 182 184 185 186 187 188 189 190 191 194 195 196 197 198 201 202 204 205 206 207 208 209 210 211 212 214 215 216 217 218 219 220 221 224 225 226 227 229 230 231 233 234 235 236 239 240 241 242 243 245 246 247 248 249 250 251 252 253 254 255 256 257 258 259 261 262 264 265 266 267 268 269 270 271 272 273 274 275 276 277 279 280 281 283 284 285 286 287 288 289 290 291 292 295 296 299 300 301 302 303 305 306 307 308 309 310 312 313 314 315 316 317 318 319 321 322 323 324 325 327 328 329 331 333 334 335 336 338 341 342 343 344 346 347 348 349 350 351 352 354 355 356 357 358 359 360 361 363 364 365 367 368 369 370 371 372 375 376 377 378 379 381 382 383 384 385 386 387 388 389 390 391 392 393 394 395 396 397 398 399 400 401 403 404 405 406 407 409 410 412 413 415 416 417 419 420 422 424 425 426 431 432 433 434 435 436 438 439 440 441 442 443 444 445 446 447 448 449 450 451 452 453 454 455 456 457 458 459 460 461 462 463 464 465 466 467 468 469 470 471 472 474 475 476 477 479 480 481 482 483 485 487 488 489 492 493 494 495 496 497 498 499 
78: 1 2 3 4 7 8 9 10 11 12 13 14 16 17 18 19 20 21 22 23 24 26 28 30 34 35 36 37 38 40 41 42 43 46 47 48 49 50 51 54 55 56 58 64 65 66 67 68 69 72 73 74 75 76 77 79 80 81 82 83 84 85 86 87 88 90 91 94 95 97 98 99 101 102 103 104 105 106 108 109 110 111 112 113 114 115 116 117 118 119 120 121 122 124 125 126 129 130 131 133 135 136 137 139 140 141 142 143 144 145 146 147 148 149 150 151 152 153 154 155 156 157 161 162 163 164 165 167 168 169 170 171 172 173 174 175 176 177 178 180 181 182 183 184 185 186 187 188 189 191 193 196 197 198 199 201 202 203 204 205 206 207 208 209 211 215 217 218 219 221 222 223 224 225 226 227 228 229 231 232 233 234 235 236 237 238 239 240 241 242 243 245 246 247 248 249 251 252 253 254 255 256 257 259 260 261 262 263 264 265 266 267 268 270 271 272 273 276 277 278 280 281 282 283 285 286 287 288 290 292 293 295 296 297 300 301 302 303 304 307 308 309 310 311 312 313 314 315 316 317 318 319 320 321 322 323 324 325 326 327 329 332 335 336 337 338 339 340 341 342 343 344 345 346 347 349 351 353 354 356 357 359 360 361 362 363 364 365 366 367 368 371 372 373 374 375 376 377 378 379 382 384 385 386 388 391 393 394 395 396 398 400 401 402 403 405 406 407 410 412 413 414 415 417 419 420 421 423 424 426 428 429 430 431 435 437 439 441 442 443 444 445 446 447 448 449 450 451 452 453 456 457 458 459 460 461 462 464 466 467 468 469 470 473 474 475 476 477 478 479 480 481 482 483 484 485 486 487 488 490 491 492 493 494 495 496 497 498 499 663 675 697 933 
79: 0 1 3 4 5 6 7 10 11 12 13 14 15 17 18 19 20 23 24 25 26 27 28 29 30 31 32 34 35 36 37 39 40 41 42 45 47 48 50 51 54 55 56 57 58 59 60 61 62 64 65 66 67 68 69 70 71 72 74 75 76 77 78 80 82 83 84 86 87 88 91 92 93 95 96 97 98 100 101 102 103 104 105 106 107 108 109 110 111 112 113 114 116 117 118 121 122 124 126 128 129 132 133 135 136 137 138 139 140 141 144 145 147 148 152 154 155 156 158 159 160 161 162 163 164 165 166 167 168 169 170 171 172 173 174 175 176 177 178 179 180 181 182 183 184 185 186 187 188 189 190 191 192 193 194 195 196 197 198 199 200 201 204 206 207 208 209 210 212 213 214 215 216 217 218 221 222 223 224 226 228 229 230 231 232 233 235 236 237 242 243 246 247 249 250 251 252 253 254 255 256 259 260 261 262 263 264 265 267 268 269 270 271 272 273 274 275 276 278 279 280 281 282 283 284 285 287 288 290 292 293 294 295 296 297 298 300 303 304 305 306 307 308 309 310 311 312 313 314 315 317 318 319 320 321 323 324 325 326 328 329 330 332 333 334 335 336 337 339 340 341 342 343 344 346 347 348 349 350 351 354 355 356 357 359 360 361 362 364 365 366 367 369 371 372 373 374 375 378 379 380 381 382 383 384 385 387 388 389 390 391 392 393 396 397 398 400 401 402 403 406 407 408 409 411 413 415 416 417 418 420 421 422 423 424 426 427 428 429 430 431 432 433 435 437 438 439 440 441 443 444 445 446 447 448 449 450 453 454 455 456 457 459 460 464 465 467 468 469 470 471 473 475 476 477 478 479 481 486 487 488 489 490 491 492 494 496 497 498 499 646 924 
80: 0 1 2 5 6 7 9 10 12 13 15 16 17 18 19 20 21 22 23 24 27 30 32 33 34 35 36 38 39 40 41 42 46 47 48 49 52 53 56 57 58 59 60 61 62 63 64 65 66 67 68 69 71 72 73 74 75 76 78 79 81 83 85 86 87 88 89 90 92 93 94 95 96 97 98 99 100 101 102 103 104 105 106 107 108 109 111 112 113 114 116 118 119 121 122 123 124 125 126 127 128 129 130 131 132 133 134 135 137 138 139 140 142 143 144 145 146 148 149 150 151 155 157 161 162 164 165 166 167 169 171 172 173 176 177 178 180 181 182 186 187 188 190 191 192 193 195 196 197 198 199 200 201 202 204 205 206 207 209 210 212 214 215 216 217 218 221 222 223 224 225 226 227 228 229 231 232 233 235 236 237 238 242 243 244 247 248 249 250 251 252 253 254 255 256 257 258 259 261 262 263 264 265 268 269 270 271 273 274 275 276 277 278 279 280 281 282 283 284 285 286 287 290 292 294 295 296 298 299 300 301 302 303 304 309 310 313 314 315 316 317 318 319 320 321 322 323 324 325 326 327 329 330 331 333 334 336 337 338 339 340 341 343 345 346 347 350 351 353 354 355 356 357 358 359 360 361 362 363 364 365 368 369 370 372 373 374 375 377 378 379 380 381 382 384 385 386 387 388 390 391 392 394 395 396 397 398 399 400 401 402 403 405 406 407 408 409 410 411 413 414 416 417 418 419 420 421 422 424 425 426 427 429 430 434 435 436 437 439 440 441 442 443 444 445 446 449 451 452 453 454 455 456 457 458 459 460 461 463 464 465 466 467 468 469 470 471 472 473 475 476 477 478 479 480 482 484 485 487 489 490 491 492 493 494 495 496 497 651 786 
81: 0 3 5 6 8 10 11 12 13 14 15 17 19 20 21 22 26 28 29 31 32 34 35 36 37 38 39 40 41 42 44 45 46 47 48 52 55 56 57 58 59 60 61 62 63 64 65 66 67 68 69 73 74 75 76 77 78 80 82 83 84 85 86 87 90 91 92 93 94 95 97 98 99 101 102 103 104 105 106 107 108 109 110 111 113 114 115 116 118 120 121 122 123 124 125 127 128 129 130 131 132 133 134 137 138 139 140 141 142 143 144 145 146 147 148 149 151 152 154 157 158 161 162 163 164 168 169 170 171 172 173 174 175 176 177 178 179 180 181 182 183 184 187 189 192 193 194 197 199 201 202 203 204 205 206 207 209 211 212 213 218 220 221 223 224 225 226 227 228 229 230 231 232 233 235 238 239 241 242 243 245 246 247 248 249 250 251 254 255 256 257 258 259 260 261 263 264 265 266 268 269 270 271 272 273 275 276 278 279 280 281 282 283 284 285 287 288 289 290 291 292 293 294 297 299 300 301 303 304 305 306 307 308 309 310 311 312 313 314 315 316 317 319 320 322 323 324 326 327 328 329 330 332 333 335 336 337 338 340 341 342 343 344 345 346 347 348 349 350 351 352 353 354 356 357 359 361 362 363 365 366 368 369 370 371 372 373 375 376 377 379 382 383 384 385 386 387 388 389 390 391 392 395 398 399 400 401 402 403 405 406 407 408 409 410 411 414 415 416 417 418 420 421 422 423 424 427 429 430 432 433 434 435 436 437 438 439 441 443 445 446 449 451 453 454 458 459 460 462 463 464 465 466 467 468 469 470 471 472 473 475 476 477 478 479 480 481 482 483 484 485 486 488 489 490 491 492 493 494 497 498 499 798 750 945 
82: 1 2 3 4 5 7 9 10 12 13 14 15 16 17 18 19 20 21 22 24 25 26 27 28 29 30 31 32 33 35 37 38 39 40 41 42 43 44 46 47 48 50 51 52 53 54 55 57 58 60 61 62 63 66 67 68 71 73 74 76 77 78 79 81 83 84 88 89 90 92 93 94 95 97 99 100 101 102 103 104 106 107 108 109 110 112 113 114 115 116 118 119 120 121 122 123 124 125 126 128 130 131 132 133 134 135 137 138 139 140 141 142 143 144 145 146 147 148 149 150 152 153 155 156 157 158 159 161 162 163 165 166 168 169 170 173 175 176 178 180 181 182 183 184 185 186 188 189 190 191 192 193 195 198 199 202 203 204 205 206 207 210 211 212 213 216 217 218 219 220 221 222 224 225 227 228 229 231 232 236 237 238 239 240 242 245 246 248 249 250 251 252 253 254 255 256 258 259 260 262 263 264 265 266 267 269 270 272 273 274 277 279 280 281 282 283 284 285 286 289 290 291 292 294 298 299 302 303 307 308 310 313 314 315 316 317 319 320 321 322 323 324 325 327 328 329 331 332 333 334 335 336 337 338 339 340 341 342 343 344 346 347 348 349 350 351 353 354 355 357 358 359 360 361 362 363 364 365 366 367 368 369 370 371 372 373 374 375 377 378 379 380 382 383 384 385 386 387 388 392 393 394 397 398 400 402 403 404 407 408 409 411 412 413 414 415 416 417 418 419 420 421 422 423 424 425 426 429 430 431 432 435 436 437 438 439 440 441 442 443 445 446 447 449 450 451 452 455 456 457 458 459 460 461 462 465 466 467 468 469 470 471 472 474 475 476 478 479 480 481 482 484 485 486 487 488 490 491 492 494 495 497 498 499 768 920 968 970 
83: 0 1 2 3 4 6 7 8 9 10 11 12 15 18 19 20 21 22 23 24 25 26 27 28 29 30 31 32 33 34 35 36 37 39 40 42 43 44 45 46 48 49 50 51 52 53 54 55 56 59 60 61 62 63 64 65 66 67 69 70 71 72 73 75 77 78 79 80 81 82 84 85 87 88 90 91 92 93 94 96 97 98 99 100 101 102 103 104 108 109 111 112 113 114 115 116 118 119 120 122 124 125 126 132 133 134 135 136 137 139 140 143 144 145 147 148 149 150 151 152 153 154 155 156 158 159 160 161 162 163 164 165 166 167 169 170 172 173 174 176 177 178 179 180 183 184 186 187 189 190 192 194 196 199 203 204 205 206 207 209 210 211 212 213 214 215 216 217 218 219 220 221 222 223 224 225 226 227 228 229 230 232 233 234 236 238 240 241 242 243 244 246 247 248 249 250 251 253 254 255 256 257 258 259 260 261 262 263 264 267 268 269 271 272 273 274 275 276 277 278 280 281 284 285 286 287 290 291 292 293 294 295 296 297 298 302 303 304 305 306 307 308 309 311 312 313 314 316 317 318 319 320 321 322 323 324 325 327 328 330 332 333 337 338 339 340 341 342 344 345 346 347 349 351 352 353 354 355 356 357 359 361 362 363 364 365 366 367 368 369 370 372 374 376 377 378 380 381 382 384 386 388 390 391 393 394 395 396 397 399 400 401 403 404 405 406 408 409 412 413 415 416 417 418 419 420 422 423 424 425 426 428 429 430 432 433 434 435 436 437 438 439 440 442 443 447 448 449 451 453 454 455 458 462 463 464 465 466 468 469 470 471 472 473 475 478 481 482 484 485 487 488 490 491 492 493 494 498 499 619 656 925 
84: 0 2 4 6 7 8 9 10 11 12 13 14 15 16 17 18 19 21 22 23 24 25 26 28 29 30 31 33 34 36 38 39 40 41 42 44 45 46 47 48 49 50 52 53 54 55 56 57 58 59 60 62 63 64 66 68 69 70 72 73 77 78 79 81 82 83 85 86 87 90 91 94 95 97 98 99 102 103 104 105 108 109 110 111 113 114 115 120 121 124 125 126 127 129 130 131 132 134 135 136 138 140 141 142 144 146 147 148 149 150 152 158 159 160 161 164 165 167 168 169 170 172 173 174 175 177 178 179 180 182 183 187 189 190 191 192 193 194 196 197 198 199 200 201 203 204 205 208 209 210 211 212 213 214 215 217 218 219 221 222 223 225 227 228 229 231 232 233 234 235 236 237 238 239 240 243 244 246 247 248 250 251 252 253 255 256 258 260 261 262 263 264 265 266 267 268 270 271 272 273 274 275 276 278 279 280 281 282 284 286 288 289 290 291 292 293 294 295 296 297 298 299 300 301 302 303 304 305 310 311 312 313 314 315 316 317 318 319 320 322 323 324 326 327 328 329 330 331 333 335 337 338 339 340 341 342 343 345 347 348 349 350 351 353 354 355 356 357 359 360 361 362 364 366 367 368 369 370 371 372 373 374 376 377 378 379 380 381 382 383 384 385 386 387 388 389 390 391 392 393 394 396 397 398 400 402 403 405 406 407 408 409 410 411 412 414 416 418 420 421 423 424 425 426 427 428 429 431 432 433 434 435 436 437 438 440 441 442 443 444 445 447 451 455 456 457 458 459 460 461 462 464 465 466 468 469 473 475 476 478 479 480 484 485 486 487 489 490 493 494 495 496 497 498 697 998 
85: 0 1 3 4 5 7 8 9 10 12 13 14 15 16 18 20 21 22 23 24 25 27 28 29 30 31 32 33 34 35 36 38 39 40 41 42 44 47 49 50 51 52 53 54 55 56 57 59 60 61 62 63 64 65 67 68 69 70 71 72 73 75 78 80 81 83 84 87 88 89 90 91 92 93 94 95 96 97 98 99 101 103 104 105 106 107 108 110 112 113 114 116 117 118 119 121 122 123 124 125 127 128 131 132 134 135 136 137 139 140 141 142 143 146 147 148 150 151 152 154 155 157 158 159 160 162 164 165 166 167 168 169 170 171 172 174 175 176 177 179 180 181 182 184 185 186 187 188 190 192 194 195 196 197 198 200 201 202 204 205 207 208 209 210 211 212 213 215 216 217 218 222 223 224 225 226 227 229 230 231 232 233 234 235 237 238 239 240 241 242 243 244 245 246 247 248 249 253 255 257 258 259 262 263 264 266 267 268 271 272 273 274 275 276 278 279 281 282 283 285 286 288 289 290 291 292 293 294 295 296 297 298 299 300 302 303 305 306 307 308 309 310 311 312 313 315 316 318 319 320 323 324 325 326 327 328 329 330 331 332 333 335 336 337 339 340 341 342 343 345 346 347 348 349 350 351 352 353 354 355 356 357 362 364 365 367 368 369 370 371 372 373 374 375 376 377 378 379 380 383 384 385 386 387 388 389 390 391 393 395 396 397 399 400 401 402 403 404 405 406 407 408 409 411 412 413 414 415 418 419 420 421 422 424 425 426 427 428 429 430 431 433 434 435 436 438 439 440 441 443 445 446 447 448 449 450 451 452 453 454 455 456 457 459 461 462 463 464 465 466 467 469 470 471 472 473 476 477 479 480 481 482 484 489 492 493 494 496 497 498 499 
86: 1 2 4 5 9 11 12 14 16 17 18 19 20 23 25 26 27 29 32 33 35 36 37 39 41 42 43 44 45 47 48 49 50 52 53 54 58 59 60 61 62 63 64 66 67 68 70 71 72 73 74 76 77 78 79 80 81 84 89 90 91 92 93 94 95 96 97 99 100 105 106 108 109 110 111 112 113 114 115 116 118 120 121 122 123 124 125 126 127 130 132 133 134 135 136 137 138 139 140 141 142 143 144 145 146 147 148 149 150 151 152 153 154 157 158 159 160 161 162 163 166 167 168 169 170 171 172 175 176 177 179 180 181 182 184 185 186 187 188 189 190 191 192 194 195 196 197 198 201 202 203 205 206 207 208 209 210 211 212 213 215 216 217 218 219 220 221 226 227 228 229 230 231 233 234 235 237 238 240 241 242 243 245 246 247 248 249 250 252 254 255 256 257 258 259 260 261 262 263 264 265 266 267 268 270 271 273 274 275 276 277 278 279 280 281 282 283 285 286 287 288 289 290 291 292 293 294 295 296 297 298 299 301 302 303 304 307 309 310 311 314 315 316 317 320 321 323 324 326 327 328 330 331 333 334 335 336 337 338 340 341 342 344 345 347 349 350 352 353 354 355 356 357 358 359 361 363 364 365 366 367 368 369 371 372 373 374 375 376 377 378 379 380 381 382 383 384 385 386 388 389 391 392 393 394 395 396 397 400 401 403 405 406 409 410 411 412 414 416 417 418 419 420 422 424 425 427 429 430 432 433 434 435 436 439 441 442 444 445 446 447 448 449 450 451 453 455 458 459 460 461 463 464 466 467 468 470 471 474 475 476 477 478 479 480 481 483 484 486 487 488 489 490 491 492 493 494 495 496 497 498 499 770 978 
87: 0 1 2 3 6 7 8 9 10 11 12 13 14 15 17 18 19 21 23 24 25 26 27 28 29 30 31 32 33 34 35 36 37 38 40 42 44 45 46 47 48 49 50 51 52 53 54 55 56 57 60 61 62 63 64 65 66 67 68 69 71 72 73 74 76 77 78 79 80 81 83 84 85 90 91 92 93 94 95 96 97 98 99 100 101 102 103 104 105 106 108 109 110 111 112 113 114 115 116 119 120 121 122 123 124 125 126 127 128 129 130 131 132 134 135 136 137 138 140 141 142 144 145 146 147 148 149 151 152 153 154 155 156 157 158 160 161 162 163 164 165 166 167 168 169 170 171 172 173 176 179 180 181 182 183 184 185 186 187 189 191 193 194 197 198 200 203 205 206 207 208 209 210 211 212 213 214 215 216 217 218 219 220 221 222 224 226 227 228 229 232 235 237 238 240 241 242 243 244 245 246 247 248 249 250 252 253 254 255 256 259 260 261 262 263 264 265 266 267 268 269 271 273 274 275 276 277 278 279 280 281 284 285 286 287 288 289 290 291 292 293 294 295 296 297 298 299 300 301 302 303 306 307 308 309 311 312 313 315 316 318 319 321 322 323 325 326 327 328 329 330 331 332 333 334 335 336 337 339 340 341 343 344 345 346 347 348 349 351 352 353 354 355 356 357 358 359 362 363 364 365 366 367 368 369 373 375 376 377 379 380 381 382 383 385 387 388 389 390 391 393 394 395 396 399 401 403 404 405 406 407 411 412 413 415 416 417 419 420 421 422 423 424 425 427 428 429 430 432 433 436 437 439 441 443 444 446 447 448 449 451 452 454 455 456 457 458 460 461 462 463 464 466 468 469 471 472 473 474 475 478 479 480 481 482 484 485 489 490 491 492 494 495 498 499 772 773 
88: 0 1 2 3 5 6 7 9 10 11 12 13 15 17 18 19 20 22 23 24 26 27 28 29 31 32 34 35 36 37 38 39 40 41 43 44 46 49 50 51 54 55 56 57 58 59 61 62 63 64 65 66 67 69 70 71 72 73 74 75 76 77 78 79 80 82 83 85 89 90 91 93 95 98 100 102 103 104 105 106 107 109 110 111 113 114 116 117 118 119 120 121 122 123 125 126 127 128 129 130 131 132 133 134 135 137 138 139 140 141 142 143 147 149 150 151 152 153 155 156 157 158 159 160 162 163 164 166 167 168 169 170 171 172 173 174 175 176 178 179 180 184 185 186 187 188 189 190 191 192 194 195 196 197 198 199 200 201 202 203 205 206 207 208 212 213 215 216 217 218 219 220 222 223 226 227 228 230 231 232 233 234 235 236 237 238 239 241 243 244 245 246 247 248 250 251 254 255 256 257 258 259 260 261 262 264 266 267 269 270 271 273 276 280 281 282 283 285 286 287 288 289 291 292 293 297 298 299 301 302 303 304 305 307 308 309 310 311 312 314 315 317 318 319 321 323 325 326 327 329 330 331 333 334 335 337 339 340 341 342 343 344 345 348 349 350 351 352 354 356 357 358 363 364 365 366 367 369 370 371 372 373 374 379 380 382 383 384 388 389 390 391 392 393 394 395 396 397 398 401 404 405 406 407 408 410 411 412 414 415 416 417 418 419 420 421 422 423 424 426 427 428 430 432 433 434 435 437 438 439 440 441 442 444 445 447 449 451 452 453 454 455 456 458 459 460 462 465 466 467 468 469 471 472 473 474 475 476 477 478 480 481 482 483 484 485 486 488 489 490 491 492 493 494 495 496 497 498 696 790 759 948 996 
89: 0 1 2 6 7 9 10 11 12 13 14 15 16 17 18 20 21 24 25 26 28 29 30 31 32 33 34 35 36 37 41 42 43 45 46 48 49 50 51 52 53 54 55 56 57 58 59 60 61 62 63 67 69 70 71 72 75 76 77 80 82 85 86 88 90 91 92 93 95 96 99 100 101 103 104 105 106 107 108 109 110 112 113 114 116 118 119 120 121 122 123 124 125 126 127 128 129 130 131 132 133 134 135 136 138 140 141 142 143 144 145 146 147 149 150 153 156 157 158 159 160 161 164 165 167 168 169 170 171 172 173 174 175 176 177 178 181 182 183 185 186 188 190 192 193 196 197 198 199 201 202 203 206 207 209 210 211 212 213 214 215 216 217 218 219 221 223 224 226 228 230 231 232 233 234 235 236 237 239 241 242 243 245 246 247 248 249 250 251 252 253 254 256 257 258 259 260 261 262 263 264 265 266 267 268 271 272 273 274 275 276 278 279 280 281 282 283 284 285 286 287 288 289 290 292 293 294 295 298 299 301 302 303 306 307 308 309 310 311 312 313 314 315 317 319 320 322 323 325 326 327 328 329 330 331 332 333 334 335 336 338 340 341 342 343 344 346 347 348 351 352 353 354 356 357 358 361 362 363 364 365 366 368 369 370 371 372 373 374 375 376 377 379 380 381 382 383 385 386 387 389 390 391 392 394 395 398 399 400 401 403 404 405 406 407 408 409 411 412 413 414 415 416 417 419 420 422 423 424 425 426 427 428 429 430 431 432 433 434 435 436 437 438 439 440 441 442 444 445 446 447 448 450 451 452 453 456 457 458 459 460 461 462 463 464 465 467 469 470 471 472 473 474 475 476 477 478 479 481 482 483 484 485 487 488 489 490 491 492 493 494 499 610 620 645 985 987 
90: 0 1 2 3 4 5 6 7 8 10 12 15 16 17 18 19 20 21 22 24 25 26 28 29 30 31 32 33 34 35 36 37 38 40 43 44 45 46 47 48 49 50 53 55 56 57 58 59 60 61 62 64 65 66 67 68 69 70 71 74 76 77 78 80 81 82 83 84 85 86 87 88 89 91 92 94 95 96 97 98 99 102 104 105 106 107 109 111 112 113 114 115 117 118 119 120 122 123 124 125 126 127 128 129 130 131 132 133 134 135 136 137 138 139 140 141 142 143 145 146 147 149 150 151 152 153 154 155 157 158 161 162 163 164 165 166 168 169 170 171 172 173 175 176 178 179 180 181 182 185 186 187 188 189 190 191 192 194 195 196 197 198 199 200 201 203 204 206 208 209 210 211 212 214 215 216 217 218 219 221 222 223 224 225 226 227 228 229 232 233 234 235 236 237 238 239 240 241 242 243 244 245 246 247 248 249 250 251 255 256 257 258 259 260 261 263 264 265 266 267 268 269 270 271 273 275 276 277 279 280 282 283 284 285 286 287 289 292 294 297 299 300 302 303 304 305 306 307 308 309 311 312 313 314 315 317 320 322 323 324 326 327 328 329 330 331 332 333 334 337 338 340 341 342 343 344 345 346 347 348 349 350 352 355 356 359 360 361 362 363 364 365 366 367 368 371 373 374 375 376 378 379 380 381 384 385 386 388 389 390 391 392 395 396 398 400 401 402 403 404 406 408 409 410 411 413 415 416 417 418 419 420 422 423 424 425 426 427 429 430 431 433 434 435 436 437 438 440 441 442 443 445 447 448 449 450 451 452 454 455 456 457 459 460 461 462 466 467 469 470 471 473 475 476 478 479 480 481 483 484 486 487 488 489 491 492 493 495 496 498 499 613 683 763 922 950 999 
91: 0 4 5 6 7 8 9 10 11 12 13 15 18 19 23 24 26 27 28 29 30 31 32 33 34 35 36 38 40 41 42 43 44 46 48 49 52 53 55 56 58 60 62 63 64 65 66 67 68 69 71 72 73 75 77 78 79 81 83 84 85 86 87 88 89 90 92 93 95 96 100 102 103 104 105 106 107 108 109 110 111 112 113 114 115 116 117 118 120 121 122 123 124 125 127 128 129 130 131 132 133 135 137 138 139 141 142 143 144 146 147 148 149 150 151 152 153 154 155 158 159 160 161 164 165 166 167 168 170 171 172 174 175 177 179 180 181 182 183 185 186 187 188 189 192 194 196 197 199 200 202 203 204 205 206 207 208 209 210 211 212 213 214 217 220 221 222 223 224 226 228 229 230 231 232 233 234 235 236 237 238 240 241 242 243 244 245 246 247 248 249 250 251 254 255 256 257 258 259 260 261 262 263 264 266 267 268 269 270 271 272 273 274 277 279 280 281 282 283 284 285 288 289 290 291 293 295 296 297 299 301 302 304 305 306 307 308 309 310 311 312 313 314 315 316 317 318 320 321 322 323 325 326 327 328 329 330 331 333 334 335 336 337 338 339 340 341 342 343 345 347 348 349 350 352 354 355 356 358 359 360 362 363 364 366 367 369 370 371 376 377 379 381 382 383 384 386 388 391 392 393 394 395 396 397 398 399 401 402 403 404 405 406 407 408 409 410 411 413 414 415 416 417 420 421 422 423 425 426 427 428 429 430 432 433 434 435 437 440 441 442 443 444 445 446 448 449 451 453 455 456 457 459 460 462 463 465 466 467 468 469 470 471 472 473 474 475 476 477 478 479 481 482 483 484 485 486 487 488 489 490 491 492 493 494 495 497 499 661 689 761 
92: 0 1 2 3 5 6 7 9 10 12 13 14 15 16 17 18 20 21 22 23 24 25 26 27 28 29 30 31 32 33 34 35 37 38 40 42 44 45 46 47 49 50 51 52 53 54 56 57 58 59 60 62 63 65 67 68 69 70 71 73 74 75 76 77 79 80 81 82 83 85 86 87 89 90 91 94 96 100 101 103 107 108 109 110 111 112 113 114 115 116 119 122 123 124 125 126 127 129 130 131 132 133 134 135 136 137 140 141 142 143 144 145 146 147 148 149 150 152 153 155 156 157 159 160 161 162 163 164 167 168 169 170 171 172 173 174 175 176 178 179 182 183 184 185 186 187 189 190 191 192 193 194 195 196 198 199 200 201 202 203 205 207 210 211 212 213 214 215 216 217 218 219 220 221 222 223 224 226 227 228 229 230 231 232 233 234 235 237 238 240 241 243 244 245 246 247 248 249 250 252 253 254 255 256 257 258 259 260 261 262 263 264 266 267 269 271 272 273 276 277 278 279 280 281 282 283 284 285 286 287 288 289 291 293 295 296 297 299 300 302 303 304 305 306 307 308 309 310 311 312 313 315 316 317 318 320 321 322 323 324 325 328 329 330 331 332 333 334 335 336 337 338 339 340 341 342 343 346 347 348 349 350 351 352 353 354 355 356 358 359 360 361 362 364 367 369 371 372 373 374 375 377 378 379 380 381 382 383 384 385 386 387 390 391 392 394 395 397 398 399 400 402 403 405 406 407 408 409 410 411 412 415 418 419 420 422 423 424 427 428 430 432 433 435 436 438 439 440 441 442 443 444 445 447 448 449 450 451 452 453 455 456 457 458 460 461 463 464 465 466 467 468 469 470 471 472 473 474 475 477 478 479 480 481 482 484 485 486 488 489 490 491 492 493 494 495 496 497 498 499 619 
93: 0 1 2 6 7 8 9 10 11 13 14 15 16 18 19 20 21 23 24 25 26 27 28 29 30 31 33 34 35 36 37 38 40 41 42 43 44 46 47 48 49 50 53 56 58 60 61 62 63 64 65 67 68 71 72 73 77 79 80 81 82 83 85 86 87 88 89 91 94 95 96 97 98 99 100 101 102 106 108 109 111 112 113 114 116 119 121 123 124 125 128 131 132 133 134 137 138 139 141 143 144 145 147 148 149 150 151 154 155 157 158 160 161 162 164 165 166 167 168 169 170 171 172 174 176 177 178 180 181 182 183 184 185 186 187 189 190 191 193 194 196 199 200 201 203 204 205 206 207 210 212 213 214 215 216 217 218 219 220 221 222 225 226 227 228 229 230 234 236 237 238 239 240 241 243 244 245 247 249 251 252 253 256 258 260 261 262 263 264 265 266 267 268 269 270 271 272 273 274 275 276 277 278 279 280 281 282 283 284 285 286 288 289 291 292 293 294 296 298 299 301 302 304 305 306 307 308 309 310 313 315 316 318 319 320 321 322 324 325 326 327 328 329 330 331 333 334 337 339 340 341 342 343 344 345 346 347 348 349 350 351 352 353 354 356 358 359 360 361 363 364 365 368 369 370 371 372 373 374 376 377 378 379 381 382 383 384 385 386 387 388 390 391 392 393 394 395 397 398 400 402 403 404 405 406 408 410 412 413 414 415 418 419 420 421 422 423 424 425 426 427 429 431 432 433 436 437 438 439 441 443 444 445 447 448 449 450 451 452 453 454 455 456 457 459 460 462 463 464 465 467 468 469 472 473 474 475 476 477 479 482 483 484 487 488 490 491 492 493 494 495 496 497 498 926 
94: 1 2 3 4 6 8 9 10 11 12 14 15 16 18 19 20 21 23 24 25 26 27 28 30 31 32 33 34 35 36 37 38 39 43 44 45 46 48 49 50 51 52 53 54 56 57 58 59 62 63 65 67 68 69 70 71 72 73 74 75 76 77 78 80 81 82 83 84 85 86 87 90 92 93 95 96 97 98 100 102 103 104 106 107 108 109 110 111 114 116 117 118 119 122 123 124 125 126 127 128 129 133 134 135 137 138 140 141 142 144 146 147 148 149 151 152 153 155 157 158 160 161 164 165 166 168 169 170 172 173 174 175 176 177 178 179 180 181 182 183 184 185 186 188 189 193 194 195 196 197 199 200 202 203 204 205 206 207 209 210 211 212 213 214 216 217 218 219 220 221 222 223 224 225 227 228 229 230 232 233 234 237 239 242 243 244 246 248 249 250 251 252 253 254 255 256 257 261 262 263 264 265 266 267 269 270 271 272 273 274 275 276 277 278 279 280 281 282 284 285 286 287 288 289 290 291 293 294 295 296 298 301 302 304 305 306 307 308 309 310 311 313 314 315 316 317 318 319 320 322 323 324 327 328 329 331 332 333 334 335 336 339 340 341 342 343 345 346 347 348 349 350 351 353 354 355 356 358 359 360 361 362 363 365 366 367 368 370 371 372 373 374 376 377 378 379 380 381 382 384 385 386 387 388 389 390 391 392 393 395 397 399 400 401 402 403 405 406 407 408 409 410 412 413 414 416 417 418 419 421 422 423 425 426 427 428 429 431 433 434 436 439 440 441 443 444 446 447 448 449 450 451 453 454 455 456 457 459 460 462 463 464 467 469 471 472 473 474 475 477 478 480 481 482 483 484 485 486 487 489 490 494 496 497 498 499 653 977 
95: 0 2 3 4 5 6 7 8 9 10 11 14 15 17 18 19 21 23 24 25 26 27 28 30 31 32 33 34 35 37 38 42 43 44 45 46 47 48 51 52 53 54 55 56 57 58 59 60 62 63 64 65 66 67 68 69 70 71 72 73 74 75 76 77 78 79 80 81 82 84 85 86 87 88 89 90 91 93 94 98 99 101 102 103 104 105 106 107 108 109 110 111 113 114 115 117 118 119 120 121 122 123 124 125 126 127 129 130 131 133 135 136 137 138 139 142 143 146 148 150 151 152 153 155 156 157 158 159 160 161 162 163 164 166 167 168 169 170 171 172 173 174 175 176 177 178 180 181 182 183 185 186 188 189 191 193 196 197 198 202 203 204 205 207 208 209 210 211 212 214 215 216 217 218 219 221 222 223 224 225 227 228 229 231 233 234 235 236 237 238 239 240 241 242 243 244 245 246 247 248 250 252 253 254 255 256 257 258 259 260 261 263 264 265 266 267 268 269 270 271 273 274 275 276 278 279 280 282 283 284 285 286 287 288 289 290 291 292 293 295 296 297 298 299 300 301 302 303 304 305 306 307 309 312 313 314 315 316 317 319 320 321 323 324 325 327 328 329 330 331 332 333 334 335 337 338 339 341 342 343 344 345 346 350 351 353 354 355 356 357 359 360 361 362 364 365 366 367 368 369 370 371 373 374 375 376 378 379 380 381 382 383 384 385 386 387 388 390 391 392 393 396 398 400 401 403 404 407 408 409 410 411 412 413 414 415 416 417 418 419 420 422 424 426 428 430 431 432 433 434 436 437 438 440 442 444 445 446 447 449 450 451 452 453 454 455 456 457 458 459 460 462 463 464 465 466 467 468 470 471 472 473 474 476 477 479 481 482 483 484 485 486 487 488 489 490 492 493 494 495 496 497 498 499 635 750 752 995 
96: 0 2 3 4 5 6 7 8 9 10 11 12 13 15 17 18 19 20 21 22 23 24 25 26 27 28 30 31 32 34 35 36 37 40 41 43 46 47 48 50 51 52 53 54 57 58 59 60 61 62 64 65 66 67 68 69 70 71 73 76 79 80 83 85 86 87 89 90 91 92 93 94 97 98 100 101 103 104 106 107 108 109 110 113 115 116 118 120 121 122 123 125 128 129 130 131 132 134 135 136 137 138 139 140 141 142 143 144 145 146 148 149 151 152 155 156 157 158 159 160 161 162 166 167 168 169 170 171 172 174 175 176 177 178 179 181 183 185 187 189 191 192 193 194 195 196 197 198 199 200 201 202 203 204 206 208 209 210 211 212 213 215 217 219 220 221 222 223 224 225 227 228 229 232 233 234 235 237 239 240 241 242 243 244 246 247 250 251 252 254 255 257 259 260 262 263 265 266 268 269 270 271 272 273 275 276 277 278 279 280 281 282 283 284 285 286 287 288 289 291 292 293 294 295 296 297 298 300 302 303 304 305 306 307 308 309 311 312 314 315 317 318 319 320 321 322 323 324 325 326 327 328 330 331 332 333 336 337 338 339 340 341 342 344 345 346 347 348 349 350 351 352 353 354 355 356 357 358 359 360 361 362 363 365 366 367 368 369 370 372 376 377 378 379 380 381 382 383 384 385 386 387 388 389 390 391 392 394 395 396 397 398 399 400 401 403 404 405 406 407 408 412 413 414 415 416 417 418 420 422 423 424 425 427 428 429 430 431 432 434 435 436 438 439 440 441 442 443 444 445 446 447 450 451 452 453 454 456 458 459 462 463 466 467 468 469 470 471 472 473 476 477 478 479 480 481 482 483 485 487 488 489 490 491 492 493 495 496 498 499 
97: 1 2 3 4 5 6 7 8 9 10 11 12 14 15 16 17 18 19 20 21 22 23 24 26 29 30 31 32 33 34 35 38 39 41 42 43 44 45 47 48 49 53 54 56 57 58 59 61 62 63 64 65 66 70 71 72 73 76 77 78 79 80 81 82 83 84 85 86 87 90 93 94 96 98 99 100 104 106 107 108 110 111 112 113 114 116 117 118 119 122 124 125 126 127 128 130 132 134 135 136 137 138 139 140 141 142 143 144 145 146 148 149 150 153 155 156 157 158 159 160 161 164 165 166 167 168 169 170 171 172 173 175 177 178 179 180 182 183 184 185 186 187 188 189 190 191 193 194 195 196 197 198 199 200 202 205 206 207 208 209 210 211 212 213 214 215 216 217 219 220 221 223 224 225 226 228 229 230 231 232 233 234 235 236 237 238 239 242 243 244 246 247 249 252 253 257 259 260 261 262 263 264 265 266 269 270 272 276 277 279 280 281 282 283 284 286 287 288 289 290 293 294 295 296 297 298 299 302 304 305 306 307 308 309 310 311 312 313 314 315 316 317 318 319 320 322 323 324 325 326 327 328 329 330 331 332 333 335 336 338 341 343 344 346 347 349 350 351 352 353 354 355 356 357 358 359 360 362 363 364 365 367 368 369 370 373 374 375 376 378 379 380 381 382 383 384 385 386 387 388 389 390 391 392 395 396 398 399 400 401 402 404 405 406 407 408 409 410 412 413 414 415 416 417 419 420 422 423 424 425 426 427 428 430 432 433 435 438 439 440 441 442 444 445 446 447 448 449 450 455 456 457 459 460 461 462 463 464 465 466 467 468 469 471 472 474 475 476 479 480 481 482 483 484 485 486 487 488 490 491 492 493 494 495 497 498 499 961 999 
98: 0 1 2 4 5 6 7 8 11 12 13 14 16 18 19 20 22 23 26 27 28 29 30 31 33 35 36 37 39 40 41 42 43 44 45 46 47 48 52 53 54 55 57 58 59 60 61 63 66 67 68 69 70 71 72 73 74 75 78 79 80 81 83 84 85 87 88 90 93 94 95 96 97 99 100 101 103 104 105 106 107 108 109 113 115 116 118 119 120 122 123 124 125 126 127 129 130 131 133 134 135 136 137 141 142 143 144 146 150 151 152 153 154 155 157 158 159 160 161 162 163 164 165 166 168 170 171 172 173 176 177 179 180 181 182 183 184 186 187 188 190 191 192 193 194 195 196 197 199 200 201 202 203 205 206 207 208 209 211 212 213 215 216 218 219 220 222 226 227 229 230 231 232 233 234 235 236 237 239 240 241 242 243 244 246 247 248 249 251 252 253 254 255 256 257 260 261 262 263 264 265 266 267 269 270 272 274 275 276 277 278 280 281 284 285 287 288 289 291 292 293 294 295 296 297 298 299 301 302 303 304 305 306 307 310 311 312 313 316 317 318 319 320 321 322 323 324 325 326 327 328 330 333 335 336 337 338 339 340 341 342 343 344 345 346 349 351 352 353 354 358 359 360 362 365 366 368 369 370 371 372 373 375 376 377 378 379 380 381 382 383 384 385 386 387 388 389 390 391 393 394 395 396 397 398 399 400 402 403 404 405 406 407 408 409 410 411 412 414 417 418 420 423 424 425 426 429 430 433 434 436 437 441 442 443 444 445 447 448 449 450 453 455 456 457 458 459 460 464 465 466 467 468 469 470 471 473 474 475 476 478 479 481 482 486 488 489 490 491 492 494 495 496 497 499 986 
99: 0 1 2 3 4 6 7 8 10 11 12 16 17 18 23 24 26 27 29 30 32 33 34 38 39 40 41 42 43 44 46 47 48 50 53 54 56 57 58 59 61 62 63 64 65 66 67 70 71 72 73 75 76 78 80 81 82 83 84 85 86 87 89 90 93 95 97 98 100 101 102 104 105 106 107 108 109 111 116 117 122 123 124 125 127 128 129 130 132 133 134 135 136 137 139 140 141 142 143 145 146 147 149 150 151 152 153 154 157 158 159 160 161 162 164 166 168 169 170 171 172 174 177 178 179 180 181 182 183 184 185 186 187 189 191 192 194 195 196 197 198 200 202 203 204 205 206 207 208 209 212 213 214 215 216 217 219 220 221 222 224 225 226 228 229 230 232 233 234 235 237 239 240 242 243 244 245 247 248 249 250 251 252 256 258 260 261 262 264 266 267 268 269 270 271 272 273 274 275 277 278 279 280 281 282 283 285 286 287 288 289 290 291 293 294 295 296 297 299 301 302 304 305 308 309 311 313 314 315 316 317 318 321 322 323 324 325 326 328 329 330 331 332 334 335 337 339 340 341 342 343 344 345 346 347 348 349 350 351 352 353 356 357 358 359 360 362 364 365 366 368 370 371 372 373 374 375 377 379 380 381 382 383 384 385 386 388 391 392 393 395 396 397 398 399 401 402 403 405 406 407 408 409 410 411 412 414 415 416 417 418 420 421 422 425 427 428 429 430 431 432 433 434 436 437 438 439 441 442 443 444 445 446 447 448 450 451 452 453 454 455 456 457 458 459 460 461 462 463 464 466 467 468 469 470 471 472 473 475 476 477 481 483 484 485 486 487 488 489 491 492 494 495 497 498 499 794 799 
100: 0 1 4 5 6 7 8 9 11 12 13 14 15 16 17 18 20 21 22 24 25 27 28 29 31 32 35 36 37 38 39 40 41 42 43 44 45 46 47 48 49 50 51 52 53 56 57 58 59 60 61 62 63 64 65 66 67 68 69 71 72 74 75 76 77 79 80 82 83 86 87 88 89 91 92 93 94 96 97 98 99 102 103 104 105 106 107 109 110 111 112 113 114 116 118 119 120 121 123 124 125 127 128 130 131 132 133 134 135 136 138 139 140 141 142 143 146 147 148 149 151 152 153 154 155 156 157 158 159 160 161 162 163 164 165 166 167 168 169 170 172 173 174 175 176 177 178 181 182 183 184 185 186 187 188 189 190 191 192 193 194 195 196 197 198 199 201 202 203 204 205 206 208 209 210 212 214 215 216 218 220 222 223 224 225 226 227 228 229 230 234 235 237 238 239 240 242 243 244 245 246 248 249 251 252 253 254 255 257 258 260 262 263 264 265 266 267 268 269 270 272 273 275 276 277 278 280 282 283 284 286 287 290 292 294 295 299 300 301 302 303 304 306 307 308 310 311 312 313 314 315 317 318 319 320 321 322 323 324 325 326 328 329 330 331 333 335 336 337 338 339 342 343 344 345 346 348 350 351 352 356 357 359 360 361 362 365 366 367 368 369 370 371 372 374 375 377 378 379 380 381 382 383 384 385 386 387 389 391 392 393 394 395 397 398 399 401 402 403 404 405 406 407 408 409 412 414 415 416 418 419 420 422 425 426 427 429 430 431 433 434 435 437 438 440 442 444 445 446 447 448 449 450 451 454 455 456 457 458 460 461 462 463 465 467 470 472 473 477 478 479 480 482 483 484 485 486 487 488 489 490 492 494 495 496 497 498 499 643 670 684 944 971 
101: 1 2 3 4 6 8 9 10 12 14 15 16 17 18 19 20 22 23 24 26 28 29 30 31 32 33 35 36 37 38 39 40 41 42 43 45 46 49 50 51 52 53 54 55 57 58 60 61 62 63 64 65 66 67 68 69 70 71 74 75 77 78 79 80 81 82 83 85 87 89 92 93 95 96 98 99 103 104 105 109 110 111 112 113 114 115 116 117 118 119 120 122 123 124 126 128 129 130 131 132 133 134 135 136 137 138 139 140 141 143 144 145 146 147 150 151 153 155 156 157 158 159 160 162 163 164 166 168 169 170 171 172 173 174 175 176 177 178 180 181 182 183 185 187 189 190 191 193 194 195 196 197 198 199 200 201 202 203 204 205 206 207 208 209 210 211 212 214 215 216 218 219 220 222 225 226 227 228 229 230 231 232 234 235 236 237 239 240 241 242 243 244 245 247 248 249 252 253 254 255 257 258 259 260 262 263 264 266 267 268 269 270 271 272 273 276 278 279 281 282 284 285 286 287 288 291 292 293 294 295 296 297 299 301 302 303 304 305 306 307 308 309 310 314 315 318 319 320 321 322 325 326 327 329 330 331 332 333 334 335 336 337 338 339 340 341 343 344 345 347 348 350 351 353 354 355 356 357 359 360 361 362 364 365 367 368 369 370 371 372 373 374 376 377 378 379 380 383 385 386 387 388 389 390 391 392 395 396 397 398 399 400 401 402 404 405 406 407 408 411 412 413 415 416 417 418 419 420 422 423 425 426 427 428 430 431 432 433 434 436 437 438 440 441 443 444 445 446 447 448 449 450 451 455 456 457 458 459 460 461 462 463 465 466 467 468 471 472 474 475 480 482 483 484 485 486 487 488 489 490 492 493 494 495 496 497 498 499 633 637 952 
102: 1 2 3 4 5 7 8 9 10 11 12 13 15 16 17 19 20 21 22 24 25 26 27 28 30 31 32 33 34 35 37 38 40 41 42 44 45 48 49 51 52 53 54 55 56 59 61 62 63 65 67 68 69 71 72 73 74 75 76 78 79 80 81 82 83 84 87 88 90 91 93 94 95 99 100 105 106 107 108 109 110 111 112 113 115 116 117 118 119 120 121 122 123 124 126 127 128 129 130 132 133 134 135 136 137 138 139 140 142 143 144 145 146 147 148 150 151 153 154 155 156 157 159 160 161 162 163 165 167 168 169 170 171 173 174 175 176 177 178 180 183 184 185 186 188 189 190 191 192 193 194 195 197 198 199 200 201 202 204 206 208 209 210 211 212 213 214 215 216 217 218 219 221 223 225 226 227 228 229 230 231 232 234 235 236 238 241 242 243 244 246 247 248 250 251 252 253 254 255 256 257 258 259 260 261 264 265 266 267 268 269 270 271 273 274 275 276 277 278 279 281 282 283 284 285 287 288 289 290 291 292 293 294 296 298 301 302 304 305 306 307 308 309 313 314 316 319 320 323 324 325 326 328 329 330 331 332 333 334 335 336 337 339 340 342 343 344 345 346 347 348 351 352 353 354 355 357 360 362 365 366 368 369 370 373 375 377 381 383 386 388 389 390 391 392 393 395 396 398 400 401 402 403 405 406 407 408 409 410 411 412 413 414 415 416 417 418 420 421 422 424 425 426 427 428 429 432 433 434 437 438 439 440 442 443 444 447 449 450 451 452 453 454 455 456 458 460 461 462 463 464 465 466 467 468 469 471 472 473 474 477 478 481 482 483 484 485 486 488 489 490 491 492 493 494 495 496 497 498 958 
103: 0 2 4 5 6 7 8 9 10 11 12 13 14 16 17 19 20 21 22 24 25 26 27 28 29 30 31 33 34 35 36 38 39 40 41 42 44 46 50 51 52 53 54 55 57 58 59 60 63 64 67 68 69 70 71 72 73 74 75 76 77 78 79 80 81 82 83 84 85 87 88 89 91 92 94 95 96 98 100 101 104 106 108 109 110 112 113 114 116 117 118 120 121 122 125 126 127 128 129 130 131 132 133 134 135 136 138 139 140 141 142 143 146 148 149 150 151 155 156 157 158 159 160 161 162 165 166 168 169 170 171 172 173 174 175 176 177 179 180 181 182 183 185 186 187 188 189 190 191 193 195 196 197 198 199 200 201 202 203 204 205 206 207 209 210 211 212 213 215 217 218 220 222 223 224 225 227 228 229 230 232 233 234 235 236 237 238 239 240 241 242 243 244 245 246 247 248 250 251 252 253 254 256 257 258 260 261 262 263 264 267 268 269 270 272 273 274 275 276 277 279 280 281 282 283 284 286 287 289 290 293 294 295 296 297 299 300 301 302 303 304 305 306 307 309 311 312 313 315 316 317 318 319 320 322 324 325 326 327 329 330 331 332 333 335 337 338 339 340 341 342 344 345 347 348 349 352 354 355 356 359 361 362 363 364 365 366 368 369 370 372 373 374 375 376 377 378 379 380 381 382 383 384 388 390 392 393 394 395 396 397 399 400 401 402 404 405 406 407 410 411 412 414 415 416 417 418 420 421 424 426 427 429 430 431 432 433 434 435 436 438 439 440 441 443 444 445 446 447 448 449 450 451 452 454 458 459 460 461 462 463 464 465 466 468 469 470 472 474 475 477 478 479 480 481 483 485 486 488 489 490 492 493 495 496 497 498 783 789 959 
104: 0 1 2 3 4 6 8 9 12 14 15 16 17 18 21 22 23 24 25 26 29 30 31 32 33 34 36 37 39 41 42 44 45 46 47 48 49 50 52 54 55 56 57 59 60 61 63 64 65 67 68 69 70 72 73 74 75 76 77 78 79 80 81 82 83 84 85 87 88 89 90 91 94 95 96 97 98 99 100 101 103 105 106 107 108 109 113 114 116 120 121 122 123 125 126 127 128 130 131 132 133 134 135 136 137 141 142 145 146 147 148 149 150 154 155 156 157 158 159 160 162 163 164 166 167 168 170 171 173 174 175 176 177 179 181 182 183 185 186 187 190 191 192 193 194 195 196 197 199 200 202 203 205 206 207 209 210 211 212 213 214 215 216 218 219 220 221 222 223 224 225 228 229 230 231 232 235 237 238 239 240 241 243 244 246 247 248 249 250 251 252 254 255 257 258 260 261 262 263 265 266 267 268 269 271 272 273 274 275 276 278 279 280 281 283 284 285 286 287 288 289 290 291 292 293 296 298 299 300 301 304 305 306 307 308 309 311 312 314 315 316 320 322 323 324 325 326 327 328 329 330 331 333 334 335 336 337 338 339 340 341 343 344 345 347 348 349 350 352 353 354 355 356 357 358 359 360 361 362 363 364 365 366 367 368 369 370 371 372 373 375 376 377 379 380 382 383 385 386 387 388 389 390 391 392 393 394 395 397 398 400 401 402 405 406 407 408 409 410 412 414 415 416 417 418 420 421 422 424 426 428 429 430 431 432 435 436 437 438 441 442 443 444 445 446 447 448 449 450 451 452 454 455 460 464 465 466 467 468 469 471 472 475 476 477 478 479 482 483 487 490 491 492 493 494 495 496 497 498 629 640 780 
105: 1 2 3 5 6 8 9 10 12 13 14 15 17 18 19 20 21 22 23 24 25 26 27 28 29 30 31 33 34 35 36 37 39 41 42 43 44 45 49 50 51 53 55 58 59 61 62 63 64 68 69 70 73 75 76 78 79 80 81 84 85 86 87 88 89 90 91 95 98 99 100 101 102 104 107 108 109 110 111 113 114 115 117 118 119 120 121 122 123 125 126 127 129 130 132 133 134 135 138 139 141 143 145 146 147 148 149 151 152 153 155 157 158 159 162 163 164 165 166 167 170 172 173 174 175 177 178 180 182 183 184 186 187 192 193 194 196 197 199 200 201 202 204 205 206 209 210 211 212 213 215 216 218 219 220 222 223 224 225 227 228 230 232 234 235 236 237 238 240 241 242 243 244 246 247 249 250 251 252 253 254 257 258 260 261 262 264 265 266 267 270 271 272 273 274 275 276 277 279 280 281 283 284 285 286 287 288 289 290 291 292 293 294 296 297 299 300 301 302 304 305 306 308 309 310 311 312 313 315 318 319 320 321 322 323 324 325 326 327 330 331 332 334 335 336 338 339 340 342 343 344 345 346 347 348 349 350 351 352 355 356 357 358 359 361 362 363 364 365 366 367 369 370 372 374 375 376 378 379 381 382 383 384 385 386 387 388 389 390 391 393 396 397 398 399 400 401 403 404 405 406 409 410 412 413 414 415 416 417 418 419 420 421 423 424 426 427 428 429 433 434 435 437 438 439 440 441 442 443 444 445 446 449 450 451 452 453 454 455 456 457 458 460 461 462 463 464 465 466 467 469 470 473 474 475 477 478 480 481 483 484 485 487 488 489 490 491 494 495 496 498 499 940 
106: 0 3 5 7 8 9 10 11 12 15 16 17 18 19 20 21 22 24 25 26 29 30 32 33 35 36 37 38 39 41 42 43 45 46 47 48 49 51 53 55 56 57 58 60 61 62 64 65 66 67 68 69 70 71 72 74 76 77 78 79 80 81 82 85 86 87 88 89 90 91 93 94 95 96 97 98 99 100 102 103 104 107 108 110 111 112 113 114 115 116 117 118 119 120 121 122 124 125 126 127 128 129 130 131 132 134 135 136 137 138 140 141 142 143 144 145 148 149 150 151 152 153 154 155 156 157 158 160 161 162 163 164 165 166 167 170 172 173 174 175 176 178 179 181 182 183 184 185 186 187 189 190 191 192 193 194 195 196 197 198 200 202 203 205 207 209 210 211 212 213 216 218 219 220 221 222 223 227 228 229 230 231 232 234 236 237 239 241 242 243 244 245 246 247 248 249 250 251 252 255 256 258 259 260 261 262 263 264 265 267 268 270 271 273 275 276 277 279 280 281 282 283 285 286 287 288 289 290 291 292 293 294 295 297 298 299 300 301 302 303 305 306 307 310 311 313 314 315 316 317 319 320 321 322 323 325 326 327 328 330 331 332 333 334 335 336 338 339 340 341 342 345 346 347 348 350 351 352 354 355 356 358 359 361 362 363 364 365 367 368 369 370 371 372 374 375 376 377 378 379 380 381 382 383 386 387 388 389 390 391 392 394 396 397 398 399 400 401 402 403 404 405 406 407 408 409 411 412 413 414 415 417 418 419 420 421 422 423 424 426 428 429 431 434 438 439 441 442 444 445 446 448 449 450 451 454 455 457 459 460 461 462 463 464 465 466 467 469 470 471 472 473 474 475 476 477 481 482 483 485 486 487 488 489 490 491 492 494 496 497 498 628 768 791 968 
107: 0 1 2 3 4 5 6 7 9 10 11 12 13 14 15 16 17 19 21 22 23 25 26 27 29 30 31 32 33 34 35 36 37 38 39 40 43 44 45 46 47 48 50 52 53 54 55 56 57 59 60 61 62 63 64 67 68 70 71 72 74 75 76 77 79 80 81 82 85 88 89 90 91 92 94 95 96 97 98 99 100 102 104 105 106 108 110 111 112 113 114 115 116 118 119 120 121 123 124 125 126 127 128 129 130 131 132 133 134 135 136 138 139 142 143 144 145 146 148 151 152 153 154 155 156 157 158 160 162 163 164 166 169 171 172 173 174 175 177 178 179 180 182 183 185 186 187 188 189 190 191 192 193 194 195 196 197 198 199 200 201 203 204 205 209 211 213 214 215 217 218 219 220 222 225 226 227 228 229 230 231 233 234 235 236 237 238 240 241 243 244 245 246 247 248 249 250 251 252 253 254 255 256 257 258 260 261 262 263 264 265 266 267 268 270 271 273 274 275 276 279 281 282 286 287 288 289 290 291 292 295 296 297 298 299 301 302 303 305 306 307 308 310 311 312 313 314 317 319 320 321 322 323 324 325 326 327 331 332 333 335 336 337 339 340 341 342 343 344 345 346 349 350 353 355 356 358 360 361 362 363 364 365 366 367 369 370 371 372 373 375 376 377 378 379 380 382 383 384 385 386 387 389 390 392 393 394 396 397 398 399 400 401 402 403 404 411 412 413 414 415 416 417 419 420 421 422 423 424 425 426 427 429 431 436 437 438 439 440 441 442 444 445 447 448 450 451 453 454 455 457 458 459 461 463 464 465 467 468 470 471 472 473 474 476 477 478 479 482 483 484 485 487 488 489 491 492 494 495 496 497 498 499 619 663 990 
108: 0 1 2 3 4 5 6 7 8 9 10 11 12 13 14 15 16 17 18 19 20 21 22 23 24 25 26 28 29 30 31 33 34 35 36 37 38 39 40 41 43 44 45 46 47 49 50 51 52 53 54 56 58 59 60 61 62 63 64 65 68 70 71 72 73 74 75 77 78 79 80 81 82 83 84 85 86 87 89 91 92 93 94 95 96 97 98 99 102 103 104 105 106 107 110 111 112 115 116 117 118 120 121 122 123 124 125 126 127 128 129 130 131 132 133 135 136 137 139 140 141 143 144 146 147 148 149 151 152 153 154 155 156 158 159 160 161 162 164 166 167 168 169 170 172 173 174 178 179 180 181 182 183 185 186 187 188 189 190 191 192 193 195 196 197 199 200 201 203 204 205 206 207 208 210 211 212 213 214 215 216 217 219 221 223 226 228 229 230 232 233 234 235 237 238 239 240 241 242 243 245 246 247 248 249 252 253 254 255 256 257 258 260 261 262 263 265 269 270 271 274 276 277 278 279 280 281 282 283 284 285 286 287 288 289 290 291 292 293 295 296 297 298 299 301 303 304 306 307 308 309 310 311 312 315 316 318 319 321 322 323 325 326 327 328 330 331 332 333 334 335 336 337 339 340 341 342 344 345 347 349 351 352 353 354 355 356 358 359 361 362 363 364 365 366 367 368 369 370 371 372 376 377 378 379 380 381 382 383 384 385 386 387 388 389 390 392 393 394 395 396 397 398 399 400 401 402 403 404 407 408 409 410 411 412 413 414 416 417 418 419 420 424 430 431 432 433 434 437 438 440 441 443 444 445 448 449 450 451 453 454 457 458 459 460 461 462 464 465 466 467 468 469 470 471 473 474 475 476 477 478 479 480 481 482 483 484 485 486 487 488 491 492 496 498 499 656 
109: 0 1 5 6 7 10 11 12 13 16 17 19 20 21 22 23 24 25 27 28 29 30 32 33 34 35 38 39 40 41 42 43 44 45 46 49 50 51 54 57 60 61 62 64 65 66 67 68 69 70 71 72 73 74 76 77 78 79 80 81 82 83 84 86 87 88 89 90 91 92 93 94 95 96 98 99 100 101 102 103 104 105 110 111 112 113 115 116 117 118 120 122 123 124 126 127 128 129 130 131 132 133 134 136 138 139 140 141 142 144 146 147 148 149 150 151 152 154 156 158 159 160 161 163 165 166 167 168 169 170 171 172 173 175 176 177 179 180 181 182 183 185 186 188 189 190 192 193 195 196 197 198 199 200 203 204 205 206 207 208 211 212 214 216 217 218 220 221 222 223 224 225 226 227 228 229 231 232 233 234 236 237 239 240 242 244 246 248 250 251 252 254 255 256 258 260 261 264 265 266 267 269 271 272 276 277 278 279 280 282 284 285 287 288 289 290 291 293 294 295 296 297 298 299 300 301 302 305 306 308 309 310 311 312 316 317 319 320 321 323 324 325 326 327 328 329 330 331 332 333 335 336 337 338 339 341 342 343 344 345 347 348 350 351 352 353 354 355 356 357 359 360 363 366 367 368 369 370 371 372 373 376 377 378 379 381 382 383 384 385 386 387 389 390 391 393 394 396 398 399 400 401 402 403 404 405 407 408 409 410 411 412 413 414 415 416 417 418 419 420 421 422 424 425 426 427 428 429 431 433 435 436 439 440 441 442 443 444 446 447 448 449 450 451 452 453 454 455 456 457 459 460 463 464 465 467 468 469 470 471 474 476 477 479 480 482 483 485 486 487 488 489 491 492 493 494 495 496 497 498 673 
110: 0 1 2 3 4 5 6 8 9 12 14 15 16 17 19 20 21 22 23 25 26 28 29 30 31 32 33 34 36 38 39 41 42 43 44 45 46 47 48 49 51 52 53 54 55 56 57 58 59 60 61 62 63 64 65 66 67 68 69 70 73 74 75 76 77 78 79 81 82 84 85 86 87 88 89 91 92 94 95 96 97 100 101 102 103 105 106 107 108 109 112 113 114 115 116 118 119 124 125 127 129 132 134 135 136 137 138 139 140 141 142 143 144 145 146 147 148 149 150 151 152 153 154 155 156 157 158 159 160 161 162 163 164 165 166 167 168 169 170 171 172 173 174 175 176 177 178 179 180 181 182 183 185 187 188 189 191 192 193 194 195 196 197 200 201 202 203 204 205 206 207 208 209 210 211 212 214 215 216 217 218 219 220 221 222 223 224 225 226 227 228 229 232 233 236 237 240 241 242 243 244 246 248 249 250 251 254 255 257 259 261 262 263 264 265 266 267 268 270 271 272 274 275 276 278 279 280 281 282 283 284 286 288 289 290 291 292 293 294 295 298 300 301 302 304 306 307 308 309 310 311 313 314 315 316 317 318 320 322 323 326 327 328 329 331 333 335 336 338 339 340 341 342 343 344 345 346 347 348 349 351 352 353 354 356 357 358 362 363 365 367 368 369 370 371 372 373 374 375 376 377 379 380 381 382 383 385 386 387 388 389 390 391 392 395 396 397 398 401 404 405 406 407 408 409 410 411 412 413 414 415 417 418 420 423 424 425 426 428 430 431 432 433 434 435 436 437 438 439 440 441 443 444 445 446 447 448 450 451 452 453 454 455 456 457 458 459 462 463 464 465 466 467 468 470 471 472 473 474 475 476 478 480 481 482 484 485 488 489 490 491 492 493 494 495 496 499 638 639 676 768 
111: 2 3 4 5 6 7 8 10 11 12 14 15 16 17 18 19 21 22 23 26 27 28 29 30 31 32 34 35 36 37 39 40 41 42 43 44 45 47 48 49 51 52 53 54 55 56 57 58 59 60 61 62 64 65 66 68 70 71 72 73 74 75 77 78 79 80 81 83 84 86 87 88 90 91 92 93 94 95 97 99 100 101 102 105 106 107 108 109 112 114 115 116 118 119 121 123 125 126 127 128 129 130 132 133 134 136 138 139 140 143 144 145 146 147 148 149 151 152 153 155 157 160 161 163 165 166 168 170 171 172 174 175 176 177 178 180 181 182 184 185 186 187 188 189 190 191 192 193 194 197 198 199 200 201 202 203 204 205 207 209 210 214 215 216 217 218 219 220 221 222 224 225 226 227 228 229 230 231 232 236 237 238 239 241 243 245 246 247 248 249 250 251 252 253 257 258 259 260 261 262 263 264 265 266 267 268 269 271 272 273 274 275 276 277 279 281 284 285 286 287 288 290 292 293 294 295 297 298 300 301 302 303 304 305 306 307 308 309 310 311 313 314 315 316 318 319 320 323 324 325 326 327 328 329 330 331 332 333 334 335 337 340 341 343 344 345 346 349 350 352 354 355 356 357 358 360 361 362 363 364 366 369 370 371 372 374 375 376 378 379 380 381 382 385 386 388 390 391 392 393 394 395 396 397 398 399 402 404 405 407 408 409 410 411 412 414 415 416 417 418 419 420 421 423 426 427 428 430 431 432 433 434 435 436 437 438 439 440 441 442 443 444 445 446 447 448 449 450 451 452 453 454 455 457 458 459 460 461 462 463 464 467 468 469 470 471 472 474 476 477 478 479 480 481 482 484 485 486 487 488 489 490 491 492 493 496 497 498 499 657 756 986 
112: 0 1 2 3 4 6 7 8 9 10 11 12 13 14 15 16 17 18 19 20 21 23 24 25 26 27 28 29 30 31 32 33 34 36 37 38 39 42 44 45 47 48 50 52 54 55 56 58 59 60 62 64 65 66 68 69 70 71 73 74 75 77 78 79 80 82 83 85 86 87 89 90 91 92 93 97 100 101 102 103 106 107 108 109 110 111 114 116 117 119 120 121 122 123 125 127 128 130 131 132 133 134 135 136 137 138 139 140 141 142 144 147 148 149 150 151 152 153 154 156 157 158 159 160 162 163 165 167 168 169 170 171 174 175 176 177 178 179 180 181 182 183 185 186 187 188 191 193 195 196 197 198 199 201 202 203 204 207 209 210 212 214 216 217 219 220 221 222 223 225 226 227 229 230 231 232 233 236 238 240 241 242 243 244 245 246 247 249 250 251 252 253 254 255 256 258 259 261 262 263 264 266 267 269 270 271 272 273 274 275 276 277 278 279 280 283 285 286 288 289 290 291 292 293 294 295 296 297 298 299 300 302 303 305 307 308 309 310 311 313 314 315 316 317 318 319 322 323 325 326 328 330 331 332 333 334 336 337 338 339 340 341 342 343 344 345 346 347 350 351 352 353 354 355 356 357 358 359 360 361 362 363 364 365 366 367 370 371 372 373 374 375 376 377 380 381 382 384 386 387 391 392 393 394 396 397 398 399 400 402 403 404 405 406 408 409 410 411 412 413 414 415 418 419 420 421 423 424 425 426 427 428 429 431 432 433 435 436 437 439 440 441 442 443 444 445 446 447 448 449 450 451 452 454 456 457 459 460 461 462 463 464 465 466 468 469 472 473 474 475 476 477 478 479 480 481 484 485 486 488 489 490 491 492 493 494 495 496 498 499 610 626 632 752 933 947 
113: 0 3 4 5 6 7 8 9 11 12 13 16 17 18 21 22 23 24 25 26 27 28 29 30 32 34 35 36 38 39 40 42 43 44 46 47 48 49 50 51 52 53 54 55 56 60 61 64 65 67 69 71 72 75 76 77 78 79 80 81 82 83 84 85 86 87 88 89 90 91 92 93 95 96 97 98 100 101 102 103 104 105 106 107 109 110 114 115 116 117 118 119 120 121 122 125 126 127 128 129 130 131 132 133 134 135 136 137 138 140 141 143 144 147 148 150 151 152 153 154 155 157 159 162 164 166 167 168 170 171 172 174 176 178 180 182 183 185 186 187 188 189 190 191 192 193 194 195 196 197 201 203 204 205 206 207 208 209 210 211 212 213 215 216 218 219 220 222 223 224 225 226 227 228 229 231 232 234 235 237 238 240 243 244 246 247 248 249 250 251 253 256 257 258 259 260 262 263 264 265 266 267 268 270 271 272 275 276 277 278 279 280 281 282 283 284 286 287 288 289 290 291 292 293 294 295 297 298 299 302 303 304 305 308 309 310 312 313 314 315 316 317 319 320 322 323 324 327 328 329 331 332 333 334 335 336 337 340 343 344 345 346 348 349 351 352 353 354 355 356 357 358 359 360 362 363 364 365 366 368 369 372 373 374 375 376 377 378 379 380 381 382 383 385 386 387 389 391 392 395 396 398 399 400 402 403 405 406 407 408 410 411 412 413 414 416 418 420 421 422 423 424 425 426 427 428 429 430 431 432 433 434 435 436 440 442 443 444 447 449 450 451 453 455 456 457 458 459 460 461 462 464 465 466 467 468 469 471 472 473 474 475 476 477 478 479 480 482 483 484 485 486 487 488 489 490 491 492 493 494 495 496 497 498 762 936 947 
114: 1 2 3 4 5 7 8 11 13 14 15 16 17 20 21 22 23 24 26 27 28 29 30 31 32 33 38 39 40 42 43 44 46 47 48 50 51 52 53 54 55 56 57 58 60 61 63 64 65 66 67 68 69 70 71 73 74 75 76 78 79 80 81 82 83 84 85 86 87 88 89 90 91 92 93 94 95 97 100 101 103 104 105 106 107 110 111 112 113 115 116 117 118 119 120 123 124 125 126 127 128 129 130 132 133 134 135 136 137 138 139 140 142 143 145 146 147 149 150 151 153 154 155 158 159 160 162 163 165 166 167 168 170 172 174 175 176 177 179 180 181 182 184 185 186 187 188 189 190 194 195 196 197 198 200 204 206 208 210 211 212 213 214 216 217 219 220 221 223 224 225 229 230 231 232 234 235 236 238 239 240 241 242 243 244 245 246 247 248 249 250 251 252 253 254 255 256 257 258 260 261 263 264 266 268 269 270 271 272 273 274 275 276 277 278 279 281 282 285 286 287 288 290 291 292 293 294 295 296 297 298 299 300 301 302 303 306 307 308 309 310 311 312 314 315 317 319 320 321 322 324 325 326 327 328 329 331 333 334 336 337 338 339 340 341 342 343 344 345 346 348 349 351 352 354 356 357 358 359 360 361 362 363 364 366 367 368 369 370 371 372 373 376 377 380 384 385 387 389 390 392 393 395 396 399 400 401 402 403 406 407 409 410 411 412 413 414 415 416 417 418 419 420 421 422 423 424 425 426 427 428 429 431 432 434 435 436 437 438 439 440 441 443 444 445 447 450 452 454 456 457 458 459 460 461 462 464 465 466 467 468 469 472 473 474 476 477 478 479 480 482 483 484 486 488 489 491 492 493 495 496 497 498 499 
115: 0 1 2 3 5 6 7 10 12 13 15 16 17 18 19 21 22 23 24 27 28 30 31 32 33 34 36 37 38 39 41 45 46 48 49 50 52 53 55 56 57 58 59 61 62 63 64 65 66 67 68 69 70 71 72 73 75 76 77 78 81 82 83 84 86 87 90 91 92 95 96 98 101 102 105 106 107 108 109 110 111 113 114 116 117 118 119 120 121 122 123 124 125 128 129 130 131 132 134 135 138 139 140 141 142 144 145 146 147 149 150 151 152 153 154 155 156 157 159 160 161 164 165 166 167 168 169 170 173 174 176 177 178 180 181 182 183 184 188 189 190 192 194 195 196 197 198 199 200 201 202 203 204 205 206 207 208 209 210 211 212 213 214 215 217 218 219 220 221 222 223 224 225 226 227 229 230 231 232 233 234 235 236 237 238 240 241 242 243 244 245 247 248 249 250 252 253 254 255 256 257 258 259 261 262 263 264 265 266 267 268 269 270 271 272 273 274 275 278 279 280 281 283 284 286 287 288 290 292 293 294 295 298 300 301 302 303 304 305 306 307 308 310 311 312 313 315 316 317 319 320 321 322 323 326 329 330 332 333 334 337 338 339 340 341 343 345 346 347 348 349 350 356 357 358 361 362 363 365 366 367 368 369 371 372 373 374 375 376 379 380 381 382 383 384 385 386 387 388 389 390 391 393 394 395 396 397 398 399 400 401 403 405 406 407 409 411 412 414 415 416 418 420 421 423 424 425 426 428 429 431 432 433 434 435 436 437 438 440 441 444 445 447 448 449 450 451 452 454 455 456 457 459 460 462 463 464 465 466 467 468 469 470 471 472 473 474 475 476 478 480 482 483 484 485 486 487 489 490 491 492 494 495 497 499 
116: 0 1 3 4 5 6 7 8 9 10 11 12 13 14 15 16 17 20 22 23 24 26 27 28 29 32 33 34 35 36 37 38 42 43 44 45 46 48 49 52 54 55 58 59 61 62 63 64 66 67 69 70 71 73 75 77 78 79 80 81 82 83 85 86 87 88 89 91 92 93 94 96 97 98 99 100 101 102 103 104 106 107 108 109 110 111 112 113 114 115 118 119 121 122 123 124 125 127 128 129 132 136 137 138 139 142 143 144 145 147 148 149 150 151 152 153 154 155 157 159 160 162 164 166 167 170 171 172 173 174 175 177 178 179 180 181 182 183 184 185 186 187 189 192 193 194 195 196 197 198 199 200 201 203 205 206 208 211 213 214 215 216 217 219 220 221 222 223 224 226 227 228 230 231 233 234 235 237 238 239 240 242 243 244 245 247 249 250 252 253 254 256 258 259 260 261 262 263 264 265 267 268 269 272 273 275 277 278 279 283 286 287 288 289 291 293 295 297 298 299 300 301 302 303 304 306 307 308 309 310 312 315 316 317 319 322 323 324 325 326 327 329 330 331 332 334 336 337 338 340 341 342 343 344 345 346 347 348 349 350 351 352 353 354 355 356 357 358 359 360 361 362 364 365 367 368 369 371 373 374 375 376 377 378 379 380 381 382 383 385 386 387 388 389 390 391 392 393 394 395 396 397 398 399 400 402 406 407 409 410 411 412 413 414 415 416 419 420 421 422 423 425 427 429 430 432 433 434 435 436 437 438 439 440 441 445 446 447 448 449 450 451 452 453 454 455 456 458 459 460 461 462 463 465 468 469 471 473 474 475 477 478 479 480 481 483 484 486 488 489 491 492 493 494 496 497 498 499 621 
117: 0 1 2 3 6 7 9 11 12 13 15 16 17 18 19 20 21 22 23 24 25 26 27 28 29 30 32 33 35 36 37 38 39 41 42 43 44 46 47 48 49 50 52 53 54 55 56 57 58 59 60 61 64 65 67 68 69 70 71 72 74 75 76 77 78 79 85 88 90 91 94 95 97 99 101 102 103 105 106 108 109 112 113 114 115 118 119 120 121 122 123 124 125 126 127 128 129 130 133 135 136 137 139 142 143 144 145 146 148 150 151 153 154 155 156 158 159 161 162 163 164 165 166 168 169 170 171 172 173 174 175 176 178 181 182 183 184 185 187 188 189 190 192 193 194 195 198 199 202 204 207 209 210 211 212 213 214 215 216 218 219 220 222 223 224 225 226 227 228 229 230 232 233 234 236 238 239 241 242 244 245 246 248 249 250 251 252 253 254 255 256 257 258 260 263 264 265 266 267 268 270 273 274 275 276 277 278 279 281 282 285 286 290 291 292 293 296 298 300 301 302 304 306 307 308 310 312 313 314 315 316 317 318 321 322 323 324 325 326 328 329 330 331 332 333 334 335 336 337 338 339 340 341 342 343 345 346 347 348 349 350 351 352 353 354 355 356 357 358 359 360 361 362 363 364 365 366 367 368 369 371 372 373 375 376 377 378 379 381 382 383 385 387 388 389 390 391 392 393 394 395 396 398 399 403 404 405 406 407 408 409 410 411 412 413 414 415 416 417 418 419 420 421 422 423 424 425 426 427 428 429 430 431 432 433 434 435 436 437 438 439 440 441 443 444 445 447 448 449 450 451 452 455 456 457 458 459 460 461 463 464 465 466 467 468 469 470 473 474 475 476 477 478 479 480 481 482 483 484 485 486 489 490 491 492 493 494 495 496 498 499 612 966 
118: 0 1 2 4 5 6 7 8 9 10 11 12 13 14 16 17 18 19 20 21 22 23 24 25 26 27 28 29 31 32 33 35 37 40 41 42 44 45 46 47 48 49 50 51 52 54 56 58 62 64 65 66 69 70 72 75 77 78 79 80 81 82 83 85 86 88 89 90 91 94 95 96 97 98 100 101 102 103 105 106 107 108 109 110 111 113 114 115 116 117 119 120 121 122 123 124 125 126 127 128 129 130 131 132 134 135 136 137 138 139 140 141 142 143 145 147 148 149 151 153 154 157 158 161 162 164 165 166 168 169 170 171 172 173 175 176 177 178 180 184 185 186 187 189 190 191 193 194 195 197 198 199 200 201 202 203 204 205 206 208 210 211 212 213 214 215 216 217 219 220 221 223 224 225 226 227 228 229 230 231 232 234 235 236 237 238 242 243 244 246 247 248 249 250 252 253 254 255 256 257 259 260 261 262 264 266 267 268 270 271 272 273 274 275 276 277 278 279 280 282 283 284 287 288 289 290 291 293 294 295 296 297 298 300 301 303 304 305 311 312 314 315 316 317 318 319 320 321 322 324 325 326 327 328 330 331 332 335 336 338 340 341 342 343 344 347 348 349 350 351 352 353 354 355 356 357 358 359 360 361 363 364 366 369 370 371 372 373 374 377 378 379 380 381 382 383 384 385 386 387 388 389 390 391 392 393 394 395 396 398 399 400 404 405 406 407 408 410 411 412 413 414 415 417 418 419 420 421 422 423 424 425 426 427 428 429 430 431 432 433 434 435 436 437 438 439 440 441 444 445 447 449 450 451 453 454 456 458 459 461 463 464 465 468 470 471 472 473 474 475 476 478 480 482 483 484 485 487 488 489 493 494 496 497 499 951 
119: 0 2 3 4 5 8 11 12 13 14 15 16 17 18 19 20 21 22 23 24 25 26 27 28 29 30 31 33 34 35 37 38 39 40 42 43 44 45 46 48 49 51 52 53 54 56 57 58 59 60 61 62 64 66 69 70 71 72 73 74 75 77 78 80 82 83 85 87 88 89 90 92 93 94 95 97 98 100 101 102 105 106 107 110 111 112 113 114 115 116 117 118 120 121 122 123 124 125 126 128 129 130 132 133 134 135 137 138 139 141 142 143 145 146 147 148 150 151 152 153 154 155 156 157 159 160 161 162 163 164 165 166 167 168 170 171 172 173 174 175 177 178 180 181 182 184 185 187 188 189 190 191 192 193 195 196 197 198 199 200 201 202 204 206 208 209 210 211 213 214 215 216 217 218 219 220 221 222 223 224 225 226 227 228 229 230 234 235 237 238 239 240 241 242 243 244 245 246 247 248 249 251 252 253 254 255 256 257 258 259 261 262 263 264 266 267 270 271 273 275 276 277 278 280 282 283 284 285 286 287 288 289 290 291 292 293 295 296 300 301 302 303 304 305 307 308 309 312 313 314 315 316 317 318 320 321 322 323 324 325 326 327 328 329 330 331 332 333 334 335 336 337 338 339 340 341 343 344 345 346 347 348 349 350 351 352 356 358 359 360 363 364 365 366 368 369 372 374 375 377 378 379 380 384 385 386 387 388 389 390 392 393 394 395 396 397 398 399 400 401 402 404 406 407 409 410 411 412 413 415 417 418 419 420 421 423 425 426 428 429 430 431 432 433 435 436 437 438 439 441 442 443 444 445 446 449 450 451 452 454 455 456 459 460 461 462 463 464 465 466 467 468 469 470 471 474 476 478 479 480 482 483 484 485 486 487 488 491 492 493 494 495 496 497 498 499 647 688 692 938 962 
120: 0 1 2 3 5 6 7 8 9 11 12 13 14 17 18 21 22 24 25 26 27 28 29 30 31 32 34 35 36 37 39 40 41 42 43 44 45 46 48 49 50 52 53 54 55 56 58 59 60 63 67 68 69 70 71 72 74 76 77 78 81 82 83 84 86 87 88 89 90 91 95 96 98 100 101 102 103 104 105 106 107 108 109 112 113 114 115 117 118 119 121 123 125 126 127 129 130 131 132 133 134 137 138 139 141 142 143 144 146 148 150 152 153 154 155 157 158 159 160 161 162 164 165 166 167 169 170 173 175 176 177 178 179 180 182 183 184 185 187 188 189 190 191 192 196 198 200 201 202 204 205 206 208 209 210 211 213 214 215 217 218 219 220 221 224 226 227 228 229 230 232 233 234 235 236 237 238 239 240 241 242 243 245 246 247 248 249 250 251 252 253 254 255 256 257 258 259 260 261 263 266 267 268 269 271 276 277 278 279 281 282 283 284 287 288 289 290 291 292 294 295 296 299 300 301 302 304 305 306 307 308 310 311 313 314 315 316 317 318 320 321 322 323 324 325 326 328 329 330 331 333 334 335 336 337 338 339 340 341 342 343 344 346 347 348 350 351 352 354 355 356 357 358 359 361 362 363 364 367 372 373 374 375 376 377 378 379 380 381 383 384 385 386 388 389 390 391 392 393 394 395 397 398 399 400 401 402 403 405 406 407 408 409 410 411 412 413 415 416 417 418 420 421 422 423 424 425 426 427 428 429 431 435 438 440 441 442 444 447 448 449 450 451 452 453 454 455 456 457 459 460 463 465 466 467 468 469 471 472 475 477 478 479 480 481 484 485 488 489 490 491 492 493 494 495 497 499 622 634 665 
121: 0 1 2 3 5 6 7 8 12 15 16 17 19 21 22 25 26 27 28 29 31 32 33 34 35 37 38 39 40 41 42 43 44 45 46 47 48 49 51 52 53 54 56 57 58 60 61 62 64 65 66 68 69 70 71 73 75 76 77 78 79 80 81 82 84 85 86 87 88 89 91 93 95 96 100 102 103 104 105 106 107 108 111 112 113 115 116 117 118 119 120 122 123 124 125 126 127 128 129 130 131 132 133 134 135 136 137 139 140 142 143 144 145 147 149 150 152 153 154 159 160 165 166 167 168 169 170 171 172 174 175 176 177 179 181 182 183 184 185 186 188 189 190 196 197 198 199 200 202 203 204 205 207 208 209 210 211 212 214 215 216 217 221 224 225 226 227 229 230 231 232 233 234 237 238 239 240 241 242 243 244 245 246 247 248 249 250 251 252 253 254 255 256 257 258 259 261 262 263 264 265 266 267 268 269 270 272 273 274 275 276 277 279 280 283 286 287 288 289 290 294 295 296 297 298 299 300 301 302 303 304 305 307 308 311 312 313 314 315 317 318 319 320 321 322 324 325 327 328 329 330 332 338 339 340 341 342 343 344 346 347 349 350 351 352 353 354 355 356 358 359 360 361 362 363 364 365 367 368 369 370 373 374 375 377 380 381 382 383 384 385 387 388 389 390 391 392 393 394 396 397 398 399 400 401 402 404 406 407 408 409 410 411 413 414 415 417 418 419 420 421 423 424 425 426 427 428 429 430 432 434 436 437 438 439 440 441 442 443 444 445 446 447 448 449 450 452 453 454 455 457 458 460 461 462 463 464 465 466 467 470 471 472 474 475 476 477 478 479 480 481 482 483 485 486 488 489 490 491 492 493 494 495 496 497 498 769 788 944 
122: 2 3 4 6 7 8 10 11 12 13 15 16 17 20 21 22 23 24 25 26 27 28 29 30 32 33 34 35 36 37 38 39 41 42 43 44 45 46 47 48 49 50 51 52 53 54 55 57 58 59 60 61 62 63 64 65 66 67 68 71 72 73 74 77 78 79 80 81 82 83 85 86 87 88 89 90 91 92 94 95 96 97 98 99 101 102 103 104 105 106 108 109 112 113 115 116 117 118 119 121 123 124 125 126 127 128 129 130 131 133 134 136 138 139 140 142 146 147 149 150 152 154 156 157 158 159 160 161 162 163 164 165 167 168 169 170 171 172 173 174 175 177 179 180 181 183 185 186 187 188 189 190 191 192 193 198 199 200 201 202 203 204 205 206 207 208 210 211 212 213 214 215 216 218 219 220 221 222 223 224 225 226 227 230 232 233 234 236 238 239 240 242 243 244 247 249 250 251 253 255 256 257 258 259 260 261 262 264 265 267 268 270 271 272 273 274 275 276 278 279 281 282 283 284 286 287 288 290 291 292 293 294 296 298 300 301 302 303 305 306 309 310 311 312 313 314 315 316 317 318 319 320 321 323 324 326 327 328 329 330 331 332 333 335 337 338 339 340 341 342 343 344 345 346 347 349 350 351 352 353 355 358 360 361 362 363 364 365 366 367 368 369 370 371 372 373 374 375 376 377 378 379 380 381 382 383 385 387 389 390 391 392 394 395 396 400 401 402 403 404 405 406 408 410 411 413 415 416 417 420 421 422 423 424 425 427 428 429 430 431 432 433 434 435 436 437 438 439 442 443 444 447 448 449 450 451 452 453 455 456 457 459 460 461 462 463 464 465 466 467 468 470 471 472 473 474 475 476 477 478 479 482 484 485 487 489 491 492 494 496 498 
123: 0 1 2 4 7 8 10 12 13 14 15 16 18 19 20 22 23 24 25 27 28 29 30 31 32 33 35 36 37 38 39 40 41 43 44 45 46 47 48 50 51 52 54 55 56 57 58 59 60 61 62 63 64 67 68 69 71 74 75 76 77 80 81 82 85 86 87 88 89 90 91 92 93 94 95 96 98 99 100 101 102 104 105 107 108 109 111 112 114 115 116 117 118 119 120 121 122 124 126 127 128 129 132 133 134 135 136 138 139 140 141 142 143 145 146 147 149 150 151 152 153 154 155 156 157 159 160 161 162 163 164 165 166 167 168 169 170 171 172 173 174 177 178 179 181 182 183 184 186 187 188 189 191 192 194 197 198 201 202 204 205 206 207 208 209 210 211 212 215 216 217 218 219 221 222 223 224 226 227 229 230 232 233 234 235 236 237 238 239 240 241 242 243 244 246 247 249 252 253 254 256 257 258 259 260 261 263 265 266 267 268 269 270 271 273 274 275 276 279 280 282 284 287 288 289 290 291 293 296 297 298 299 300 302 304 306 307 308 309 310 311 312 313 314 315 316 317 320 322 323 324 325 326 328 330 332 333 334 336 337 338 339 341 342 343 345 346 347 349 351 352 353 354 355 356 357 361 362 367 369 370 371 372 373 374 376 377 378 379 382 383 385 386 387 388 389 390 392 393 394 396 397 398 399 400 401 403 404 405 406 408 410 411 412 414 415 416 417 418 419 420 421 422 423 424 425 426 429 430 433 434 435 436 439 442 443 444 445 446 447 448 449 451 452 453 454 455 456 457 458 459 460 461 462 463 464 466 467 468 469 470 471 472 473 474 475 476 478 480 483 484 486 487 489 491 493 494 496 497 498 499 
124: 0 2 3 4 5 6 7 8 9 10 13 14 15 16 17 18 19 20 21 22 26 27 28 29 30 33 34 35 37 38 40 42 43 44 46 47 48 49 50 51 52 54 56 57 59 60 62 63 64 65 68 69 70 71 72 73 74 75 77 78 79 80 81 82 83 84 85 86 87 89 90 91 92 93 94 95 97 98 99 100 101 102 106 107 108 109 110 114 115 116 117 118 119 121 122 123 125 126 127 129 130 132 133 134 135 136 137 138 139 140 142 143 144 145 146 147 148 149 153 156 157 158 159 160 161 162 163 164 165 166 168 169 170 171 172 173 174 175 177 178 180 181 183 184 185 186 188 189 190 191 192 193 196 197 198 199 200 202 203 204 205 206 207 208 210 211 213 214 216 217 218 219 221 222 224 225 226 227 228 229 231 232 233 234 236 238 239 240 241 242 243 244 245 246 249 251 252 253 254 255 256 258 259 260 261 262 263 266 268 269 270 271 272 273 275 277 278 279 280 281 282 283 284 285 286 287 288 289 290 291 292 295 296 297 298 299 301 302 303 304 305 306 307 309 312 314 316 318 319 321 322 323 324 325 326 328 329 331 332 333 335 337 338 340 341 344 345 346 348 349 351 352 353 354 355 356 357 358 359 360 361 362 363 364 366 367 368 369 370 371 372 373 376 377 379 380 381 382 383 384 385 387 388 390 391 392 393 394 396 397 398 399 401 402 403 404 407 409 410 411 412 413 415 417 418 419 420 422 423 424 425 426 428 429 430 431 432 436 437 438 440 441 442 443 444 445 446 447 449 450 451 452 454 455 456 457 458 459 460 461 465 466 467 468 469 471 473 474 475 476 477 479 480 481 482 483 484 486 488 489 490 491 492 493 494 495 925 
125: 1 2 3 4 6 8 9 10 11 12 13 14 15 16 17 20 21 22 23 29 30 31 32 33 34 35 36 38 39 40 41 42 45 46 47 48 49 50 52 53 54 55 56 57 58 59 60 61 62 64 65 67 68 69 70 72 73 75 76 77 78 80 81 82 83 84 85 86 87 88 89 90 91 92 93 94 95 96 97 98 99 100 103 104 105 106 107 108 110 111 112 113 114 115 116 117 118 119 120 121 122 124 126 127 128 129 131 134 137 139 140 141 142 145 146 147 148 149 150 151 152 153 154 155 156 157 159 161 162 163 164 166 167 168 169 170 173 174 175 177 178 179 181 182 183 184 185 186 187 188 189 191 192 193 194 195 196 198 199 200 201 204 205 206 208 209 211 212 213 214 215 216 218 219 220 221 222 223 224 225 226 228 229 230 231 233 234 235 236 237 238 239 240 242 244 246 248 250 251 252 253 255 257 258 259 260 261 262 263 264 265 269 272 273 274 275 276 277 278 279 280 281 282 283 284 285 286 287 288 290 291 292 293 294 295 296 297 298 299 300 302 303 305 306 309 310 311 312 313 314 315 316 318 319 320 322 323 324 326 327 328 331 332 333 336 337 338 339 340 341 342 343 344 345 346 347 348 349 350 351 353 354 355 356 357 358 359 361 362 363 366 367 368 369 370 371 372 373 375 377 378 381 382 383 384 385 386 387 389 390 392 393 395 396 397 398 400 401 402 403 404 405 406 407 409 410 411 412 413 414 415 416 417 418 419 421 422 423 424 425 426 427 428 429 430 431 432 434 437 440 441 443 444 446 447 448 449 451 453 454 455 457 458 459 460 461 462 464 468 470 471 472 473 474 475 476 478 479 480 481 482 485 486 488 489 490 491 493 495 497 498 499 630 995 
126: 0 1 2 3 6 7 8 9 10 11 14 15 16 17 18 20 21 22 23 24 25 26 27 30 34 35 36 37 38 39 40 41 45 47 48 50 51 52 54 55 56 58 59 60 61 62 63 66 68 69 71 73 74 75 77 78 79 80 82 83 84 86 87 88 89 90 92 94 95 97 98 101 102 103 104 105 106 107 108 109 111 113 114 117 118 119 120 121 122 123 124 125 127 128 129 132 133 134 135 136 137 138 139 141 142 143 144 145 146 147 148 149 150 151 152 153 154 155 156 157 158 159 160 161 164 165 168 169 172 173 174 175 176 177 180 184 185 186 187 188 190 192 194 195 196 197 198 199 200 201 202 203 204 206 207 208 211 212 213 214 215 216 217 219 222 223 224 225 226 228 229 230 231 232 233 234 235 236 237 238 239 241 242 244 245 246 247 248 249 253 254 256 257 259 260 261 262 263 264 265 266 267 268 271 273 274 275 276 277 278 279 280 284 285 287 288 290 291 293 294 295 296 297 298 299 300 302 303 304 305 306 308 309 310 311 312 313 314 315 316 317 318 319 320 321 322 325 326 327 328 330 331 332 333 335 336 338 339 340 343 345 346 348 349 350 351 354 355 356 358 359 360 361 362 363 364 365 366 367 368 370 371 372 373 375 376 377 378 379 380 381 382 383 384 385 386 388 389 390 391 392 394 395 396 397 399 400 401 403 404 405 406 407 408 409 410 411 413 414 415 416 418 419 420 421 422 423 425 426 427 428 429 430 431 432 433 434 436 437 438 439 440 442 443 444 445 446 447 449 450 451 452 454 455 456 457 458 459 460 461 462 463 464 466 467 468 469 470 471 472 473 474 475 477 478 479 480 481 483 484 485 487 490 493 494 495 496 497 498 499 
127: 0 1 3 4 5 8 9 10 12 13 14 16 17 20 21 22 26 27 29 31 32 33 34 35 36 37 38 39 40 41 43 44 45 46 47 48 49 50 51 52 54 55 56 57 58 59 61 64 65 66 68 70 71 72 73 75 76 80 81 84 85 86 87 88 89 90 91 92 94 95 97 98 99 100 102 103 104 105 106 107 108 109 110 111 112 113 114 116 117 118 120 121 122 123 124 125 126 128 129 131 134 136 137 139 140 141 142 143 144 145 146 147 149 150 152 153 154 155 159 161 162 164 165 166 167 168 169 170 171 172 173 175 176 177 178 179 180 181 182 183 184 185 186 187 189 190 191 192 193 194 195 196 198 199 200 201 202 203 204 206 207 208 209 210 212 213 214 215 216 217 218 219 220 221 222 223 224 225 226 227 230 231 233 234 235 236 239 240 244 245 246 248 249 250 251 252 253 255 257 258 261 262 263 264 265 266 267 268 269 272 274 275 276 277 278 280 281 282 283 284 286 289 294 295 296 297 299 301 302 304 305 306 307 308 309 311 313 314 315 316 318 319 320 321 324 325 326 327 329 330 331 332 333 334 335 339 340 341 342 344 345 346 350 352 353 354 355 356 357 358 360 361 362 363 364 365 366 367 369 370 371 373 374 375 377 378 379 380 381 383 384 385 386 389 390 391 392 395 396 398 399 400 401 402 403 404 405 406 407 408 410 412 413 414 415 416 418 419 420 421 425 426 427 428 431 432 433 436 438 440 441 442 443 444 445 446 448 450 452 453 454 455 457 459 461 462 463 464 466 469 471 472 473 474 475 476 477 478 482 483 484 485 487 488 489 491 493 494 495 497 498 499 627 632 771 786 920 989 
128: 0 2 3 4 5 6 7 8 9 11 12 13 14 15 16 18 19 20 21 23 24 25 26 27 28 32 33 34 35 36 37 40 43 44 45 46 47 48 49 50 51 52 55 56 58 59 60 63 65 66 67 68 70 71 72 77 79 80 81 82 85 87 88 89 90 91 93 94 96 97 99 100 101 102 103 104 106 107 108 109 111 112 113 114 115 116 117 118 119 121 122 123 125 126 127 129 132 133 134 135 136 137 139 140 141 142 143 144 145 146 147 148 149 150 152 153 154 155 156 157 158 159 160 161 162 163 165 167 169 171 173 175 177 178 179 180 181 182 183 184 185 186 187 188 191 192 195 197 198 199 200 202 204 205 206 207 208 209 210 211 212 213 214 216 217 219 221 222 223 224 225 226 227 228 231 232 234 235 236 237 238 239 240 241 242 243 244 245 246 247 248 249 250 252 253 254 255 256 257 260 261 262 263 265 266 268 270 271 272 273 274 275 276 279 282 284 285 286 287 288 291 292 293 294 295 296 297 298 300 301 302 303 304 305 307 308 309 310 311 313 314 315 317 320 321 322 323 324 325 326 327 328 329 330 331 332 334 335 337 338 339 342 343 346 347 348 349 351 352 353 354 358 359 360 361 362 363 365 366 367 368 369 370 371 372 373 374 376 378 380 381 382 383 384 385 387 388 389 390 391 393 396 397 399 400 403 405 406 408 409 410 411 413 415 417 419 420 421 425 426 427 428 429 430 431 432 434 436 437 438 439 440 441 442 443 444 445 446 447 448 449 451 452 453 454 456 458 459 460 461 462 463 464 466 468 470 471 473 475 477 478 480 481 482 485 486 487 488 491 492 493 494 495 497 498 499 767 
129: 0 1 2 3 4 5 6 9 11 12 14 15 16 19 21 23 24 25 26 27 28 29 31 33 34 35 36 37 38 39 40 42 43 47 48 49 50 51 55 56 57 58 60 61 62 63 64 67 68 70 71 73 74 75 76 77 78 79 80 81 84 87 88 89 90 91 92 94 95 96 98 99 101 102 103 105 106 107 108 109 110 111 113 114 115 116 117 118 119 120 121 122 123 124 125 126 127 128 132 133 134 135 137 139 140 141 142 143 147 149 150 151 152 153 154 155 156 157 158 159 160 161 162 163 164 165 166 167 168 169 170 171 172 173 174 175 176 179 180 181 182 183 184 185 186 187 188 189 190 191 193 194 195 196 197 198 199 200 202 203 204 205 206 207 210 211 215 216 217 219 220 221 222 223 224 225 226 230 231 232 233 236 238 239 240 242 243 244 245 246 247 248 249 250 251 252 254 255 256 258 260 261 262 264 265 266 267 269 270 273 274 275 276 277 278 279 282 284 285 286 287 288 289 291 292 293 294 296 298 300 302 303 304 306 307 308 309 310 311 312 314 315 316 318 319 320 321 323 324 325 326 328 329 330 331 333 334 335 336 339 340 342 343 344 345 348 349 350 352 353 354 355 356 357 359 360 361 362 364 365 367 368 369 370 371 372 374 375 376 377 379 380 381 382 384 385 386 387 389 390 391 392 393 394 395 396 398 399 400 401 402 403 404 407 408 409 410 411 412 413 414 415 416 419 420 421 422 423 424 425 426 427 428 429 431 432 433 434 435 436 437 438 439 441 442 443 444 445 446 447 448 449 450 451 452 453 454 455 456 457 459 460 462 463 464 465 466 467 468 469 470 471 472 473 474 475 476 477 482 483 484 485 487 488 489 490 492 493 494 495 496 497 498 499 699 931 940 
130: 0 1 2 3 4 5 6 7 8 9 10 11 12 13 14 17 19 21 22 23 24 25 26 27 28 29 30 33 34 35 36 37 38 39 40 41 43 44 45 46 47 48 49 50 51 52 53 54 55 57 58 60 62 63 64 65 66 67 68 69 71 73 74 76 78 80 81 82 84 86 87 88 89 90 91 92 95 96 97 98 99 100 101 102 103 104 105 106 107 108 109 111 112 113 114 115 117 118 119 120 121 122 124 132 133 136 137 139 140 141 142 143 144 145 146 147 148 149 152 154 156 157 160 161 162 163 165 169 171 172 173 174 175 177 178 179 180 181 182 183 184 185 187 189 190 191 192 194 195 196 197 199 200 201 203 204 205 206 208 209 210 211 212 213 214 215 216 218 219 220 221 222 223 224 225 227 230 231 232 233 234 236 238 240 241 242 243 244 245 246 247 248 249 251 252 253 254 255 256 257 258 260 261 262 263 264 265 266 267 269 270 271 272 273 274 275 276 277 278 281 285 287 288 289 290 291 292 293 296 298 299 301 302 304 305 307 308 309 312 314 315 316 317 319 320 321 325 326 327 328 330 331 333 334 335 336 338 340 341 342 344 346 347 348 349 350 351 352 353 355 356 357 358 359 360 361 362 363 364 365 368 370 371 372 373 374 375 376 377 379 380 381 382 383 384 385 386 387 388 389 390 391 393 394 395 396 398 399 401 402 403 404 405 407 408 409 410 412 415 416 417 418 419 420 422 423 424 425 426 427 428 429 430 431 433 434 435 436 437 438 439 440 442 443 444 446 447 448 452 453 454 455 457 458 459 460 461 462 463 464 465 466 467 468 470 472 474 475 476 478 480 481 482 483 484 486 488 489 490 492 493 494 495 496 497 498 675 757 
131: 1 2 3 4 5 6 8 11 12 14 15 16 18 19 20 22 23 24 25 29 30 32 34 35 37 39 40 41 42 44 46 47 48 50 51 53 54 57 58 59 60 62 65 66 67 68 69 70 71 72 73 74 75 77 78 80 81 82 84 85 87 88 89 90 91 92 93 95 96 98 100 101 103 104 106 107 108 109 112 113 115 118 120 121 122 125 127 133 134 135 136 137 138 139 140 141 143 144 145 146 148 150 151 152 153 154 156 157 158 159 160 162 163 165 166 167 168 169 170 171 172 174 175 176 177 178 179 180 183 184 185 186 187 188 189 190 191 192 193 195 196 197 198 199 201 204 206 208 209 211 212 213 215 216 217 219 220 221 222 223 224 225 226 227 229 230 231 234 236 237 238 239 240 241 242 244 245 246 248 249 250 251 252 253 254 255 256 258 260 262 264 266 267 268 269 270 272 273 274 275 276 277 278 279 280 281 283 285 286 287 291 292 294 298 299 300 301 302 303 304 305 306 307 308 309 310 311 312 313 314 315 317 318 319 320 321 324 327 328 329 330 332 333 334 335 336 337 338 340 341 342 343 344 346 348 349 350 352 353 354 355 356 357 358 359 361 362 363 364 366 367 369 370 371 373 374 375 376 377 378 379 380 381 383 384 385 386 388 389 390 391 392 393 394 395 396 397 398 399 400 401 403 405 406 408 410 411 413 414 415 416 417 418 420 421 422 423 424 425 426 427 428 429 430 432 435 437 438 441 442 443 444 445 447 448 449 450 451 452 453 455 456 457 458 462 463 464 465 466 467 468 470 471 472 473 474 475 476 479 480 482 483 484 485 486 487 488 489 490 491 492 493 494 495 496 498 499 617 694 
132: 0 1 2 3 4 6 7 8 9 10 11 13 14 15 16 18 19 20 22 23 24 25 26 27 28 29 32 34 35 36 37 38 39 40 42 43 45 46 47 49 51 52 56 57 58 59 61 62 63 64 65 67 69 70 71 73 74 75 76 79 80 81 82 83 84 85 86 87 88 89 90 91 92 93 96 97 99 100 101 102 103 104 105 106 107 108 109 110 111 112 113 114 115 116 118 119 120 121 123 124 126 128 129 130 135 136 137 138 139 140 141 142 145 146 147 148 149 150 152 154 155 156 157 158 159 160 163 164 165 168 169 170 171 176 177 178 179 181 183 184 185 186 187 188 191 193 194 195 197 198 199 200 202 203 204 205 206 207 208 209 210 212 215 216 218 219 220 221 222 223 224 225 226 227 228 229 232 234 235 236 237 239 240 241 242 243 244 245 246 247 248 249 250 251 252 254 255 256 257 258 259 260 261 263 265 266 267 269 270 271 272 273 274 275 277 282 283 284 285 286 287 289 291 292 293 294 295 297 298 299 300 301 303 304 305 306 307 308 310 311 312 313 314 315 316 317 319 321 322 323 325 326 327 328 329 330 332 333 335 336 337 338 340 342 343 344 345 346 349 350 351 353 354 357 358 360 361 362 363 364 365 366 367 368 369 370 371 372 374 375 376 377 378 379 380 381 382 384 386 387 388 390 391 393 396 397 398 399 400 401 402 404 405 406 407 408 409 412 413 414 416 417 419 422 423 425 427 428 429 430 431 433 434 436 437 438 439 441 442 443 444 445 448 449 450 451 452 453 455 456 457 458 459 460 462 463 464 466 467 468 469 470 472 473 474 475 477 479 482 484 485 486 487 490 492 493 496 497 766 
133: 0 1 3 4 5 6 8 9 10 11 13 15 16 18 19 20 22 23 26 28 30 31 32 33 34 35 37 38 39 40 41 43 44 46 47 48 49 50 51 52 54 56 57 58 59 60 61 62 63 66 67 68 69 71 73 74 75 77 78 79 80 81 82 83 86 88 89 90 91 92 93 94 95 98 99 100 101 102 103 104 105 107 108 109 111 112 113 114 117 119 120 121 122 123 124 126 128 129 130 131 134 135 136 137 138 140 141 142 143 145 146 148 149 150 152 153 154 157 161 163 164 165 166 167 168 169 170 171 172 173 174 177 178 179 180 181 182 183 184 185 187 188 189 190 192 193 194 195 197 199 201 202 203 205 206 207 208 209 210 211 212 214 215 216 217 218 220 221 222 224 225 227 229 230 232 233 234 235 238 239 240 243 245 246 247 248 250 251 252 253 254 255 256 258 259 260 262 263 264 265 266 267 268 269 271 272 273 274 276 277 279 281 282 283 284 285 287 288 289 291 292 293 294 296 298 300 302 303 304 305 307 308 309 310 311 313 314 315 317 318 319 320 322 324 325 326 327 328 329 330 331 332 333 334 336 338 341 342 343 345 346 347 348 349 350 351 353 354 355 357 358 359 360 361 362 363 364 366 367 368 369 370 371 372 373 374 377 378 379 381 383 384 386 388 390 391 392 393 395 396 397 398 400 401 402 404 405 406 407 408 409 410 411 413 414 415 416 417 418 419 420 421 422 425 426 429 430 431 432 433 434 435 436 437 439 440 441 442 444 445 446 447 448 450 451 452 454 455 456 457 459 461 462 463 464 465 466 468 469 471 472 473 474 475 476 477 478 479 480 481 482 483 484 485 486 487 488 489 490 493 495 497 
134: 0 2 3 5 6 9 10 11 12 13 14 15 16 17 18 19 20 21 22 24 27 28 29 30 32 33 34 35 37 38 40 41 42 43 45 46 47 48 49 50 51 52 53 54 55 57 58 59 60 61 62 63 64 65 66 67 68 69 70 71 72 73 75 76 80 81 82 83 84 85 86 87 88 89 90 92 93 94 96 97 98 99 100 101 102 103 104 105 106 107 109 110 111 112 113 114 115 118 119 120 121 122 123 124 125 126 127 128 129 131 133 135 137 138 140 141 142 143 144 148 149 151 152 154 155 156 159 160 162 163 164 166 167 168 170 172 173 174 175 176 177 179 181 182 184 185 186 187 188 189 190 191 192 193 194 195 196 197 199 200 201 203 204 205 206 207 208 209 210 212 213 214 215 216 217 218 219 221 223 224 225 226 227 228 229 230 231 233 234 235 236 237 239 240 241 243 244 245 247 248 249 251 252 253 254 256 257 258 259 260 261 262 263 266 267 268 269 270 271 273 276 277 278 279 280 282 284 285 287 288 289 290 291 292 293 294 295 296 297 299 301 302 303 304 305 306 307 309 310 311 312 313 314 315 316 317 318 319 320 321 323 325 326 327 328 329 330 331 332 334 335 336 337 338 339 340 341 342 343 344 345 346 347 349 350 351 352 353 356 357 358 359 360 363 365 366 368 369 371 372 373 374 375 376 377 378 380 381 382 383 384 385 387 388 390 391 392 393 394 395 396 397 398 401 405 406 407 408 410 411 412 413 414 415 417 418 419 420 421 422 423 424 425 426 428 430 431 433 436 437 438 440 441 442 443 444 445 446 447 448 449 450 452 453 455 456 457 458 459 460 462 463 465 466 467 469 473 474 478 479 480 481 482 483 485 486 487 488 489 490 491 492 495 496 497 498 787 
135: 3 4 5 6 8 9 11 12 13 14 15 16 17 18 19 22 23 24 25 26 27 28 29 30 31 34 35 36 38 39 40 41 42 43 44 46 47 48 49 50 51 53 54 57 59 60 61 63 66 67 68 69 70 71 72 73 74 77 78 79 80 82 83 84 85 86 87 88 89 90 91 92 94 95 96 97 98 99 100 101 102 103 104 105 106 107 108 110 112 113 114 115 117 118 119 121 123 124 126 128 129 131 132 133 134 136 137 138 139 140 141 142 143 144 146 148 150 152 154 155 156 157 158 159 160 161 162 163 165 166 167 168 169 170 171 172 173 174 175 176 177 180 181 182 183 184 187 188 189 190 192 193 195 196 197 199 200 202 204 205 206 207 208 209 210 211 212 213 214 215 216 217 219 220 221 222 224 225 226 227 228 229 230 231 232 233 234 235 236 238 239 240 241 243 244 245 246 247 249 250 252 253 254 255 256 257 258 259 260 261 263 264 266 267 269 272 273 274 276 277 278 280 281 282 283 284 285 286 287 289 291 292 294 296 297 298 300 301 302 304 306 307 308 309 310 311 313 314 315 316 317 318 319 320 323 324 325 326 327 328 329 330 331 333 335 336 337 338 339 341 343 347 348 349 350 351 353 354 355 356 357 359 360 361 363 364 365 366 367 371 373 374 375 376 378 379 380 381 382 383 384 385 386 387 388 390 391 392 393 394 395 396 397 398 399 400 401 402 403 404 406 407 408 409 410 413 415 416 419 421 422 423 424 425 426 427 428 429 430 431 432 433 434 435 437 438 439 440 441 442 443 444 445 446 447 448 449 450 451 452 453 454 455 456 458 460 461 462 464 466 467 469 470 473 476 477 479 482 483 484 485 486 487 488 489 491 492 494 495 496 497 654 655 774 799 
136: 0 1 3 4 5 6 8 9 10 11 13 14 15 16 17 18 19 21 22 24 25 26 28 29 30 31 32 33 34 35 36 39 41 42 43 45 46 47 48 50 53 54 59 60 62 63 64 65 66 67 69 70 73 75 76 77 78 79 83 84 85 86 87 89 90 92 95 96 97 98 99 100 101 102 103 104 106 107 108 109 110 111 112 113 114 116 117 118 121 122 123 124 126 127 128 130 131 132 133 135 137 138 141 142 144 145 146 147 148 150 151 152 153 154 155 156 157 158 159 161 162 163 164 165 166 167 169 171 172 173 174 177 179 180 181 182 184 185 186 187 188 189 190 191 192 193 194 195 196 197 198 199 200 201 202 204 205 206 207 211 212 213 214 215 216 217 218 219 220 221 223 225 227 229 230 231 232 235 236 237 238 239 241 242 243 244 245 247 249 251 252 253 254 256 257 258 259 260 261 262 263 264 265 266 267 269 270 271 272 277 278 279 280 281 282 283 285 286 287 288 289 290 291 292 293 297 298 299 300 301 302 303 304 306 307 308 309 310 311 313 314 315 317 318 319 320 321 323 324 326 327 328 330 331 332 333 334 335 336 337 339 340 341 342 343 344 346 347 348 349 350 351 353 354 356 357 358 359 361 362 363 365 366 367 368 369 371 374 375 377 378 379 380 381 382 383 384 385 386 387 388 389 390 391 392 393 394 395 397 398 399 400 401 402 403 404 405 406 407 408 410 411 413 417 418 419 420 421 422 423 424 425 426 427 428 430 431 432 433 435 436 437 438 439 441 442 443 445 447 449 450 451 452 453 454 455 456 460 461 463 465 466 467 469 470 471 472 473 474 475 478 479 481 482 483 484 485 486 487 488 490 492 493 495 496 497 498 499 679 683 784 935 941 
137: 0 1 2 4 6 7 8 9 10 11 12 13 14 15 17 18 19 20 21 22 23 24 25 27 28 29 30 31 32 33 36 37 38 39 42 43 44 45 46 47 48 49 50 52 53 54 55 56 57 58 60 61 62 63 64 65 66 67 70 71 72 73 74 75 76 77 78 79 80 81 82 83 85 86 87 88 90 91 92 93 94 95 96 97 98 99 101 102 104 106 108 110 112 113 114 116 117 118 119 120 121 124 125 126 127 128 129 130 131 132 133 134 135 136 139 140 142 143 144 147 148 149 151 152 153 154 155 156 157 158 159 160 161 162 163 164 165 166 168 169 170 171 172 173 175 176 177 178 179 180 181 182 183 186 187 189 190 192 193 194 195 196 197 198 200 201 202 204 205 208 209 211 213 214 215 217 218 220 221 222 223 225 226 227 228 229 230 231 232 233 234 235 236 238 240 241 243 245 247 248 250 251 252 253 254 255 256 258 259 261 262 263 266 268 269 270 271 273 274 275 278 280 281 282 283 285 286 287 288 289 290 291 292 293 294 295 296 297 298 299 300 301 302 303 304 305 307 308 309 310 311 312 313 316 317 318 319 322 323 324 325 326 329 330 331 333 334 335 337 338 340 341 342 344 345 347 348 351 352 353 355 356 358 359 360 361 362 364 365 368 369 372 373 374 375 377 378 380 381 384 385 386 387 388 389 390 392 393 394 395 396 397 398 399 400 402 403 404 405 406 407 408 409 412 413 414 421 422 423 426 427 428 429 430 431 433 435 436 439 440 443 444 445 446 448 449 450 451 452 453 455 456 457 458 459 460 461 462 464 466 467 468 469 470 471 472 473 477 478 479 481 483 484 485 486 487 488 490 491 492 493 494 499 784 996 
138: 0 8 9 10 11 13 14 16 18 19 20 21 22 23 26 27 28 29 30 31 34 35 36 37 38 42 43 44 45 46 49 50 51 52 53 54 55 56 59 60 61 62 64 67 68 70 71 72 73 74 75 79 80 81 82 84 86 87 88 89 90 91 93 94 95 96 97 100 101 102 103 105 106 107 109 110 111 112 113 114 115 116 118 119 120 122 123 124 126 131 132 133 134 135 136 139 140 141 142 143 144 145 147 148 149 150 151 152 153 156 157 158 160 161 162 164 165 166 168 170 171 172 174 175 176 177 178 179 180 181 182 183 184 185 187 188 190 191 193 194 196 199 201 202 203 205 206 207 208 209 210 211 212 213 214 215 217 218 219 220 221 222 223 224 225 227 228 230 231 233 235 236 237 238 239 240 243 247 248 249 250 251 252 254 255 256 258 260 261 262 263 264 267 268 271 273 274 275 276 277 278 280 281 284 285 286 288 289 290 291 292 293 295 296 297 298 300 301 303 304 309 310 311 312 313 314 315 316 317 318 319 320 321 322 324 326 329 330 331 332 333 334 335 336 337 338 339 340 341 342 343 344 346 347 348 349 350 351 352 353 354 355 356 357 358 360 361 363 364 366 367 368 369 371 372 373 375 377 379 380 381 383 384 386 388 389 390 391 393 396 398 399 400 401 402 403 404 405 406 407 408 409 410 411 412 415 417 418 419 421 422 423 424 425 426 427 429 430 431 432 433 435 436 437 438 439 440 441 442 443 445 446 447 448 449 450 451 453 454 455 456 457 459 461 462 463 464 467 471 472 473 474 475 476 477 478 479 480 481 482 483 484 485 486 487 489 490 491 492 495 497 498 499 615 641 644 921 946 
139: 1 2 3 4 5 6 8 10 11 12 13 14 15 17 18 19 20 21 22 23 24 26 28 29 30 31 32 34 35 37 39 41 42 43 44 46 48 49 50 51 52 54 55 56 58 59 61 63 64 65 66 67 68 69 70 71 72 73 75 76 77 78 79 80 81 82 83 85 86 88 90 91 93 95 96 97 99 100 101 102 103 105 107 108 109 110 111 112 114 115 116 117 118 119 120 121 122 123 124 125 126 127 128 129 130 131 132 135 137 138 140 141 143 144 145 147 148 149 150 158 160 161 162 163 164 165 167 168 169 170 172 173 174 175 176 179 180 181 182 184 185 186 187 188 189 190 191 192 194 195 197 199 201 202 203 205 206 208 209 210 212 214 215 216 217 218 219 220 222 223 224 225 226 227 228 229 230 231 232 233 235 236 237 238 240 241 242 243 246 247 248 249 250 251 252 253 254 255 256 257 258 259 261 262 264 265 266 268 269 270 271 272 273 277 278 279 280 283 284 285 287 288 289 291 292 293 294 297 298 299 300 301 302 303 304 305 306 307 308 309 310 311 313 314 315 317 318 319 320 321 322 323 324 325 326 327 328 331 332 333 334 336 337 338 340 341 343 344 345 346 348 349 350 352 353 354 355 356 357 358 359 360 361 362 364 365 366 367 368 370 371 372 373 374 376 377 379 380 381 382 384 385 386 387 388 389 390 391 392 393 394 395 396 397 398 399 400 401 403 404 405 406 407 409 410 411 412 414 416 417 418 423 424 425 426 427 428 429 430 431 432 433 434 436 437 440 443 444 445 446 447 448 449 450 452 454 456 459 461 462 463 464 465 466 467 468 469 470 472 473 474 475 476 478 479 480 482 483 485 486 487 491 492 494 495 496 497 498 499 612 652 676 930 931 
140: 0 1 3 4 5 6 8 9 11 12 13 14 15 17 18 19 20 21 23 24 25 26 27 28 29 30 31 32 33 34 36 38 39 40 42 44 48 49 50 51 52 53 55 57 58 61 62 63 64 65 66 67 68 69 70 71 72 73 74 75 76 78 79 80 81 82 83 84 85 86 87 88 89 90 92 94 96 97 99 100 101 102 103 106 108 109 110 111 112 113 114 115 118 121 122 123 124 125 127 128 129 130 131 132 133 134 135 137 138 139 141 142 143 144 146 147 148 149 150 151 153 155 156 158 159 161 162 163 164 165 166 167 168 169 170 172 173 174 175 176 179 180 181 182 183 184 185 186 187 188 189 190 191 192 193 195 197 199 200 201 202 204 205 206 207 208 209 210 211 212 213 215 216 217 218 219 220 221 223 224 227 228 230 231 232 233 234 235 236 238 239 240 241 243 244 245 246 247 248 249 250 251 252 253 254 255 256 257 258 259 261 262 263 264 265 266 267 269 270 271 272 274 275 276 277 278 279 280 282 283 284 285 287 288 290 291 294 295 296 297 298 299 300 301 302 303 304 305 306 308 309 310 311 312 316 317 318 319 321 322 323 324 325 326 327 328 331 332 335 337 338 343 344 345 348 349 351 353 354 357 358 360 361 362 364 365 366 367 368 369 370 371 373 376 377 378 380 381 382 383 384 385 386 387 388 389 390 391 392 393 394 396 397 399 400 401 402 403 404 406 408 409 410 411 412 413 414 415 416 417 418 421 422 423 424 425 427 428 429 431 432 433 434 435 436 439 441 442 444 445 448 450 451 452 453 455 456 458 464 465 466 467 469 470 472 473 474 476 477 479 480 482 483 484 486 487 490 493 494 495 496 497 498 
141: 0 1 3 4 5 6 7 8 9 10 11 12 13 14 15 16 17 18 19 20 22 23 24 26 27 28 29 30 31 32 33 35 37 38 39 40 41 42 43 44 45 47 48 50 51 52 54 55 56 58 59 62 63 64 65 66 67 68 69 70 71 73 75 78 79 81 82 84 85 86 87 88 89 90 91 92 93 94 96 97 98 99 100 101 103 104 105 106 108 109 110 112 113 115 118 119 120 123 125 126 127 128 129 130 131 132 133 134 135 136 138 139 140 142 146 147 148 149 150 151 152 153 154 156 157 158 160 161 162 163 165 166 167 168 169 170 172 174 175 177 178 179 180 181 182 183 184 186 187 188 189 190 191 193 194 195 196 197 198 199 200 201 202 203 204 205 207 208 211 212 213 214 215 216 217 218 219 220 221 225 227 228 229 230 231 233 234 235 236 237 238 239 240 242 243 244 246 247 248 249 250 251 252 253 254 255 256 257 258 259 260 261 262 263 265 267 268 272 274 275 276 277 279 280 281 282 283 284 285 286 287 288 289 290 291 292 295 296 298 299 300 301 302 303 304 306 307 308 309 310 311 314 315 317 318 319 321 322 323 324 325 327 328 331 332 333 334 335 336 337 340 341 342 343 344 345 347 348 349 350 351 352 353 354 355 356 357 359 361 362 363 364 365 366 367 368 369 370 371 372 373 376 377 378 379 380 381 382 383 384 385 386 387 388 389 390 391 392 393 394 395 396 397 398 400 401 402 403 405 406 407 408 409 410 411 412 413 415 416 417 418 419 420 421 422 423 424 425 426 428 429 430 431 432 433 434 435 436 438 439 440 441 443 444 445 446 447 448 450 451 452 455 456 457 458 460 461 462 463 466 467 468 469 470 471 472 473 474 476 478 479 480 482 483 484 485 486 488 489 491 492 494 495 496 497 499 605 606 782 787 922 993 
142: 3 4 5 6 7 8 10 11 12 13 14 15 16 17 18 19 20 21 22 24 25 28 29 31 32 33 34 35 37 38 39 40 42 43 44 45 47 48 49 50 52 53 56 59 61 62 63 64 65 67 69 71 72 73 74 75 76 77 78 80 81 82 84 85 86 87 88 89 90 91 92 94 95 96 97 98 99 100 102 103 104 106 107 109 110 112 114 115 116 117 118 119 120 121 122 123 124 125 126 127 128 129 130 132 133 134 135 136 137 138 140 141 143 144 145 146 148 150 151 152 153 154 155 156 158 159 160 161 163 164 165 166 168 169 171 172 173 174 175 176 177 178 179 180 182 183 184 185 187 189 190 191 193 194 196 197 198 199 200 202 204 206 207 208 210 211 212 213 215 216 217 218 220 221 222 223 224 225 226 228 230 233 234 235 237 238 239 241 242 246 247 248 252 254 255 256 257 259 262 264 266 267 268 270 271 272 274 275 276 277 278 279 280 281 282 284 286 288 289 291 292 294 295 296 297 298 300 301 302 303 304 306 308 309 310 311 312 313 315 316 318 319 320 321 322 324 325 326 327 329 331 332 333 334 338 339 340 341 342 343 345 346 347 348 349 350 351 352 353 354 356 358 361 362 363 364 365 369 370 371 372 373 375 376 378 379 380 381 382 383 384 385 386 387 388 389 390 391 392 393 395 396 397 400 401 402 403 404 407 408 409 411 412 413 415 419 420 421 422 423 424 425 426 427 428 429 430 432 433 434 435 436 438 439 440 441 442 443 444 446 447 449 450 451 452 456 457 458 459 460 461 462 463 464 465 468 469 470 471 472 473 474 475 476 478 479 481 482 483 484 485 486 487 488 489 490 492 493 494 495 496 497 498 944 
143: 0 1 2 3 6 8 9 12 13 14 15 18 20 22 23 24 25 26 28 30 31 32 34 35 36 37 38 39 40 41 43 44 45 46 48 49 50 51 52 53 54 55 56 57 58 59 60 61 62 63 64 65 66 67 70 71 72 73 74 75 76 77 78 80 81 82 83 85 86 88 89 90 91 92 93 95 96 97 98 99 100 101 102 103 105 106 107 108 110 111 113 114 116 117 118 119 120 121 123 124 126 127 128 129 130 131 133 134 135 137 138 139 140 142 145 146 149 150 151 152 153 154 155 157 158 159 160 161 162 163 164 165 166 168 169 170 171 172 175 176 177 178 179 180 181 183 184 185 186 188 189 192 193 194 195 196 197 198 199 200 202 203 204 205 206 207 208 210 211 215 216 217 218 221 222 223 224 225 226 227 228 229 230 231 232 233 235 236 237 238 243 244 245 246 247 248 250 252 254 255 256 257 258 259 260 261 262 264 265 267 268 269 270 271 272 273 274 275 277 279 280 281 282 283 284 286 287 288 289 290 292 293 295 296 297 298 299 301 302 303 304 305 307 308 309 314 315 317 320 321 322 323 324 326 328 329 330 331 332 333 334 335 336 338 339 340 341 343 345 346 347 348 349 351 352 354 355 356 357 358 359 360 361 362 364 366 367 368 370 373 374 375 376 377 378 379 380 381 382 383 384 385 386 387 388 389 390 391 392 393 394 396 397 398 399 400 401 402 403 405 407 408 409 410 411 412 413 414 415 416 417 418 419 420 421 422 423 424 425 426 427 430 431 433 435 436 437 438 440 441 442 444 445 446 447 448 449 450 451 452 453 454 455 456 457 458 459 460 461 462 464 465 466 467 469 470 472 473 474 476 478 480 481 482 483 484 485 486 487 488 489 491 492 494 495 497 498 499 669 927 
144: 2 3 4 5 6 8 9 10 11 12 13 14 15 19 20 21 22 23 24 25 26 27 28 29 30 31 32 33 34 35 39 40 41 43 45 48 49 52 53 54 58 59 62 63 65 67 68 69 70 72 73 74 75 76 77 78 79 80 81 82 83 84 86 87 89 91 92 93 94 96 97 98 101 102 106 107 108 109 110 111 112 113 115 116 117 120 121 124 126 127 128 130 131 134 135 136 137 138 139 140 142 145 146 148 149 150 151 154 155 157 158 159 160 161 162 164 165 167 168 169 170 171 172 173 174 175 176 177 178 179 180 181 182 184 187 188 189 190 191 192 194 195 196 197 198 199 200 201 204 205 206 207 209 211 212 213 217 218 219 220 221 222 223 224 226 227 228 229 230 232 233 234 235 236 237 238 239 240 241 242 243 244 245 247 248 249 250 251 252 253 255 256 258 259 260 261 263 264 265 266 267 268 269 272 273 275 276 278 279 282 284 285 286 287 288 289 291 292 293 297 298 299 301 302 307 308 309 311 312 313 314 316 319 320 321 322 324 325 326 327 328 329 331 332 333 334 338 339 340 341 342 343 345 346 347 349 350 351 352 353 354 355 356 357 358 360 363 364 365 366 367 368 369 371 372 375 376 377 378 379 380 381 382 383 384 385 386 387 388 389 390 391 392 393 394 395 396 398 399 400 402 403 404 405 406 408 412 414 415 417 418 419 421 422 423 424 425 427 428 429 430 431 434 435 436 437 438 439 440 441 442 443 444 445 447 448 450 451 452 454 455 456 458 460 462 463 464 466 470 473 474 476 477 478 479 480 481 482 483 484 486 487 488 489 490 491 492 493 494 497 498 499 600 615 990 
145: 0 1 3 4 5 6 7 8 9 10 11 13 14 15 16 17 19 20 21 22 24 25 26 28 29 31 32 33 34 35 36 37 38 40 42 45 47 48 49 50 51 52 53 55 56 58 60 61 62 64 65 67 69 70 71 73 74 76 78 79 80 81 82 83 86 87 89 90 92 93 96 97 99 101 102 104 105 106 107 110 111 114 115 116 117 118 119 121 123 124 125 126 127 128 130 131 132 133 136 138 139 142 143 144 146 147 149 150 151 152 154 157 158 159 161 162 163 165 166 167 168 169 170 171 174 175 176 177 179 181 182 183 184 185 186 188 189 193 195 196 198 199 202 203 204 205 206 208 211 212 214 215 216 217 218 219 220 221 223 224 225 226 227 228 229 231 233 234 238 239 240 241 242 243 244 246 247 248 249 250 251 252 254 256 257 258 259 262 263 267 269 270 272 276 277 278 279 280 282 284 285 286 288 289 290 292 293 294 295 297 298 299 301 303 304 305 306 307 308 309 310 311 313 315 316 317 318 321 322 323 324 325 326 327 329 330 331 333 334 336 338 339 340 341 342 343 344 345 346 347 348 349 350 351 352 353 354 355 356 358 359 360 361 363 364 367 369 372 377 378 379 380 381 382 383 384 385 387 388 389 390 391 392 393 394 395 396 397 399 400 401 403 404 405 406 407 408 409 410 411 413 415 416 419 420 421 422 423 424 426 427 429 431 432 433 435 437 441 442 443 444 445 446 448 450 453 455 456 460 461 462 463 464 465 466 468 469 470 471 472 474 475 479 480 481 482 483 484 485 487 488 489 490 491 492 493 494 495 496 497 498 602 775 766 
146: 1 2 3 4 5 6 7 9 10 11 12 13 14 15 16 17 18 19 20 21 22 23 25 26 27 28 30 31 32 33 35 36 37 38 39 41 42 43 44 45 47 48 49 50 51 52 54 55 56 58 60 62 63 65 66 68 69 71 72 73 74 76 77 78 80 81 82 84 85 86 87 89 90 91 92 94 95 96 97 98 99 100 101 102 103 104 105 107 108 109 110 111 114 115 117 119 120 122 123 124 125 126 127 128 130 131 132 133 135 136 140 141 142 143 144 145 147 148 150 151 152 153 154 155 156 160 161 162 163 164 165 167 168 169 170 171 172 174 176 178 179 181 182 183 184 185 186 188 190 191 192 193 194 196 197 198 199 202 203 204 208 209 210 211 212 213 214 215 216 217 218 219 220 223 225 226 227 228 229 230 231 232 235 236 237 239 240 241 243 244 246 247 248 249 250 251 252 253 255 256 258 259 260 261 262 263 265 266 268 269 271 272 273 275 276 277 278 279 280 281 282 284 285 286 287 288 289 290 292 294 295 296 297 298 299 300 301 304 305 306 307 308 309 310 312 313 315 316 318 319 320 321 325 326 329 330 331 332 333 338 340 341 342 344 345 347 348 349 351 352 354 355 356 357 358 359 360 361 362 363 366 367 368 369 370 371 372 373 374 375 376 377 378 381 382 383 384 385 387 388 389 392 393 394 395 396 397 398 399 400 401 402 403 404 405 406 407 408 410 411 412 413 414 415 416 417 419 420 421 422 423 424 425 426 427 428 430 431 434 435 436 437 438 440 442 444 445 447 448 449 450 453 454 460 462 464 465 466 467 468 470 471 474 475 476 478 479 480 481 482 483 484 485 487 489 490 492 493 495 496 497 498 499 948 
147: 0 2 4 5 7 8 9 11 12 14 15 16 18 20 25 26 27 28 29 30 31 32 34 35 39 40 41 42 43 44 46 47 48 49 50 51 52 53 54 55 56 57 58 59 62 65 66 67 68 69 70 71 72 74 75 76 77 78 79 81 82 83 84 85 86 87 88 89 90 91 92 93 94 99 100 101 102 104 105 108 109 110 111 112 113 114 115 116 118 119 121 122 123 124 125 126 127 128 129 130 132 136 137 138 139 140 141 145 146 148 149 150 151 152 154 155 158 159 160 161 163 164 165 166 167 168 169 172 173 174 176 177 179 181 184 185 186 187 188 189 190 191 192 195 196 197 199 201 202 204 206 208 209 210 211 212 214 215 217 218 220 223 224 225 226 228 229 230 231 232 233 235 236 237 240 242 246 247 248 249 253 256 257 258 259 260 261 262 263 264 267 269 270 271 272 273 274 275 276 277 278 280 281 282 283 284 287 288 289 291 292 293 295 296 297 298 299 300 302 304 305 306 307 308 309 310 311 312 315 316 318 319 320 321 324 325 326 327 328 330 331 334 335 336 337 338 339 340 341 342 343 344 346 348 350 351 354 355 356 357 358 359 360 362 363 364 365 366 367 369 370 372 373 374 375 376 377 378 380 381 382 385 386 387 391 392 393 394 396 397 398 399 400 402 403 405 407 408 409 410 411 412 413 414 416 417 418 420 421 422 423 424 426 427 428 429 431 432 433 435 436 437 438 439 440 441 442 443 444 445 446 447 448 449 451 452 453 454 455 456 457 458 459 460 461 462 463 464 465 466 467 469 470 471 473 474 475 476 478 479 480 481 482 483 484 485 486 489 490 492 493 494 495 496 497 498 499 672 927 982 
148: 0 1 2 3 6 7 8 9 10 11 12 13 14 16 17 18 19 20 22 23 24 26 28 29 31 32 33 34 36 37 38 39 40 41 44 45 46 48 49 51 52 53 55 56 57 58 62 63 64 65 66 67 68 69 70 71 72 73 74 75 76 77 78 79 80 81 82 83 84 85 86 87 91 92 93 94 95 96 97 100 102 103 104 105 106 107 108 109 110 111 112 113 116 117 118 119 120 124 125 126 128 130 131 132 133 134 135 136 137 138 139 140 141 142 144 146 147 149 150 151 153 154 156 158 159 161 162 163 164 166 167 168 169 170 171 172 173 174 175 176 178 179 180 181 182 184 185 186 187 189 190 191 192 193 195 197 198 199 200 201 205 207 208 209 210 211 212 213 214 215 218 219 220 221 222 223 224 225 226 227 228 229 230 232 233 235 236 237 239 240 241 242 243 244 246 247 248 249 250 251 255 256 257 259 260 261 262 263 266 267 268 269 271 272 273 276 278 280 281 282 283 284 286 287 288 289 290 292 293 294 295 298 299 300 301 302 304 305 306 307 308 309 312 313 314 317 318 319 320 322 324 325 326 328 329 330 331 332 334 336 338 339 340 341 342 345 346 347 348 349 351 352 353 354 355 356 359 360 361 362 363 365 366 367 368 369 372 374 375 378 379 380 381 383 384 385 386 387 388 389 390 391 392 393 396 397 400 401 402 403 404 405 407 408 409 413 414 415 418 419 420 421 423 424 425 426 427 428 430 431 432 433 434 435 436 437 438 439 440 442 443 445 447 448 449 450 451 452 453 454 456 458 459 460 461 463 464 466 467 468 470 471 472 474 476 478 479 480 481 482 484 485 486 487 488 489 490 491 495 496 498 499 
149: 0 1 2 3 4 6 7 8 9 11 12 13 14 15 16 17 18 19 20 21 23 24 25 26 27 28 31 32 34 35 36 37 39 40 42 43 44 45 46 49 50 52 53 54 55 56 57 58 59 60 61 63 64 65 66 67 69 71 72 73 75 76 77 78 80 81 82 83 84 86 87 88 89 90 91 92 93 94 96 97 99 100 103 104 105 106 108 109 110 111 112 114 115 116 118 121 122 123 124 125 126 127 128 129 130 132 133 134 137 138 139 140 141 143 144 145 147 148 150 151 152 153 154 155 156 158 159 160 161 162 163 164 165 166 169 170 171 173 175 176 177 179 181 183 184 185 188 190 191 192 193 194 195 196 197 198 199 200 201 202 203 204 205 206 207 208 209 210 211 212 214 215 217 219 220 221 222 223 224 225 226 227 228 229 230 231 232 233 234 235 236 237 238 239 241 247 249 250 251 252 253 254 255 256 257 258 259 261 262 263 264 265 266 267 268 269 270 271 272 273 274 275 276 277 278 279 280 281 282 283 284 288 289 291 292 293 295 296 298 299 300 301 303 304 305 307 310 311 312 313 314 317 320 321 323 326 327 329 331 332 333 334 335 336 338 339 340 342 343 344 346 348 349 350 351 352 353 354 355 356 357 358 359 360 361 363 364 365 368 369 371 372 374 375 376 377 378 379 380 382 383 384 385 386 387 388 389 390 391 392 393 394 395 396 397 399 401 402 403 404 405 406 408 410 411 412 414 415 416 417 418 419 420 422 423 425 426 428 429 431 432 433 434 435 436 437 438 439 440 441 442 443 444 445 446 447 449 450 451 452 453 454 455 456 458 459 460 461 463 464 465 467 468 469 470 471 472 474 475 477 478 479 480 482 483 484 485 486 488 489 490 491 493 494 495 496 498 690 779 948 
150: 0 4 6 8 9 11 12 14 16 17 18 21 22 23 25 26 27 29 31 32 33 34 35 36 37 38 40 41 43 44 45 47 48 49 50 51 52 53 54 55 56 57 58 59 60 61 62 63 65 66 67 68 70 71 73 74 75 78 80 82 83 84 85 86 88 89 90 91 92 93 95 97 98 99 101 102 103 104 106 109 110 112 113 114 115 116 117 119 120 121 122 123 125 126 127 128 129 131 132 133 135 136 138 139 140 141 142 143 144 145 146 147 148 149 151 152 154 155 156 157 159 161 162 163 164 166 167 169 171 172 173 174 175 177 178 180 181 183 184 186 187 188 189 190 191 192 194 196 197 198 199 200 202 203 205 206 207 209 211 212 213 214 216 217 218 219 220 221 222 223 224 225 226 227 228 229 230 232 233 234 235 236 237 239 241 243 245 246 248 249 250 251 253 254 256 257 258 259 260 261 262 263 264 265 266 267 268 269 270 272 273 275 276 277 278 281 282 284 286 287 288 289 292 293 294 295 296 299 300 301 302 303 304 306 307 309 310 311 312 313 314 317 318 319 323 324 327 328 329 331 332 334 335 337 338 339 340 341 343 344 345 347 348 349 351 354 355 357 358 359 360 361 362 363 365 366 367 368 369 372 376 377 380 381 382 383 384 385 387 388 389 390 391 392 393 394 395 396 397 398 399 400 402 404 405 406 407 408 410 413 416 417 418 419 420 421 422 424 425 427 428 429 430 432 436 437 438 440 441 442 444 445 446 447 448 449 450 453 454 455 456 457 458 459 460 461 462 464 465 466 467 468 469 471 472 473 474 475 476 477 478 479 481 482 483 484 485 486 488 489 490 493 494 496 497 498 499 621 
151: 0 1 2 4 7 9 11 12 13 16 17 18 19 20 21 22 23 24 26 27 28 30 31 33 34 38 39 40 42 44 45 46 47 49 50 51 52 53 54 55 57 59 60 62 63 64 65 66 67 68 69 70 72 74 75 76 78 80 81 83 85 86 87 88 90 91 93 94 95 96 98 99 100 101 102 103 105 106 107 108 109 110 111 112 113 114 115 116 117 118 119 123 125 126 129 131 134 136 137 138 140 141 142 143 144 145 146 147 148 149 150 153 154 155 158 159 161 162 163 164 165 166 167 168 170 171 173 175 176 177 178 179 180 181 182 183 184 185 186 187 188 190 191 192 193 194 195 196 198 199 200 201 203 204 208 209 210 211 212 213 214 215 216 217 219 221 223 224 227 228 229 230 231 232 233 234 235 236 237 238 239 240 242 243 245 247 248 249 250 252 254 255 257 258 259 260 262 263 264 265 267 268 270 272 273 275 276 277 280 281 282 283 284 285 287 288 290 291 294 295 296 298 300 301 302 304 305 306 307 308 309 311 314 315 316 318 319 321 322 323 325 327 328 329 330 331 333 334 335 337 338 339 340 341 342 343 345 346 347 348 349 350 352 353 354 355 356 357 358 361 362 363 364 366 367 368 369 370 371 372 373 374 375 377 378 379 380 382 383 384 385 386 390 391 392 393 394 395 397 398 399 401 402 403 404 406 407 408 409 410 412 413 415 416 417 418 419 421 422 423 424 425 426 427 429 430 431 432 433 434 435 436 438 439 440 441 442 443 444 445 446 447 448 449 450 451 453 454 456 457 458 459 460 463 464 465 466 468 469 470 471 472 473 474 475 477 478 479 480 481 482 483 484 485 486 487 489 491 492 493 494 495 496 497 498 499 656 
152: 2 4 5 6 7 8 10 11 12 13 14 15 16 17 19 20 21 22 23 24 26 27 28 29 31 32 34 35 36 37 38 39 42 43 44 45 46 47 50 51 55 57 58 60 62 64 65 66 68 69 70 71 72 74 75 76 77 78 79 81 82 83 84 85 86 87 88 90 91 92 94 95 96 98 99 100 105 106 107 108 109 110 111 112 113 115 116 119 120 121 122 123 125 126 127 128 129 130 131 132 133 134 135 136 137 138 141 142 143 145 146 147 149 150 153 154 155 157 158 159 160 161 163 165 166 167 169 170 171 172 175 176 177 179 180 181 182 183 184 185 186 188 189 190 191 192 193 194 195 197 198 199 200 204 205 208 209 210 211 212 213 214 215 217 218 219 220 221 222 223 224 225 226 227 228 229 230 231 232 233 235 236 239 240 241 242 243 244 245 246 247 248 249 251 252 253 255 256 258 259 260 262 263 264 265 266 267 268 269 272 273 274 275 278 279 280 281 282 283 284 285 288 289 290 291 293 294 295 296 297 298 299 300 301 302 303 304 306 307 308 309 311 312 313 314 316 320 321 322 323 324 325 326 327 329 331 334 337 338 340 341 342 343 345 346 347 349 350 351 352 353 354 355 356 357 361 362 363 364 366 367 368 369 371 372 373 375 376 377 378 380 381 382 383 384 385 386 388 389 390 391 392 395 396 397 398 400 401 402 403 405 407 408 409 410 412 414 415 416 418 419 422 423 424 426 427 428 430 431 432 435 436 438 439 440 441 442 443 444 445 446 447 448 449 450 451 452 453 454 455 456 457 458 459 461 463 464 465 466 467 469 470 471 472 473 475 477 478 479 480 481 484 485 486 487 488 489 490 491 492 493 494 496 498 499 697 777 967 970 
153: 0 1 2 6 7 8 9 10 11 12 13 15 16 17 18 19 20 21 23 25 27 28 29 30 31 32 33 34 35 38 39 40 42 43 44 45 46 47 49 53 55 56 57 58 59 60 61 63 64 65 66 67 68 69 70 71 72 73 74 76 77 78 82 83 86 87 88 89 90 91 92 94 95 97 98 99 100 101 102 105 106 107 108 110 111 112 113 114 115 116 117 118 119 120 121 123 124 125 126 127 128 129 131 133 136 137 138 140 141 142 143 146 148 149 151 152 154 156 158 159 161 163 164 166 167 168 169 170 171 172 173 174 176 177 179 182 184 185 186 187 188 189 190 191 192 193 194 195 196 197 198 200 201 203 206 207 208 209 210 211 212 213 214 217 218 219 220 222 223 224 225 226 227 229 230 231 233 234 235 236 237 238 239 240 242 243 244 245 246 247 249 250 251 252 253 254 255 256 258 260 261 262 264 265 266 267 268 270 271 272 273 274 276 277 278 280 281 282 283 284 286 287 288 289 290 291 292 293 296 297 298 299 300 301 303 304 305 306 308 310 311 312 313 314 315 316 318 319 320 324 326 327 328 329 330 331 332 335 336 339 340 341 342 344 346 347 348 349 350 351 352 353 355 356 357 358 360 361 362 363 364 366 367 368 369 370 372 373 375 377 380 382 383 384 385 386 387 389 390 391 392 393 396 397 398 399 400 401 402 404 405 406 407 408 411 413 414 415 416 417 418 419 420 421 422 423 424 425 426 427 428 429 430 431 432 433 434 435 437 438 440 443 444 445 446 448 449 450 451 452 453 454 455 456 458 459 461 462 463 465 467 468 469 470 471 472 478 479 480 481 482 484 485 487 488 490 491 492 494 495 496 497 498 499 612 625 985 
154: 1 2 4 5 6 8 11 12 14 15 16 17 19 20 21 22 23 24 25 28 29 30 32 35 36 37 38 39 41 42 43 44 46 47 48 49 50 51 52 53 54 55 56 57 58 59 60 61 62 63 64 66 68 69 70 72 74 76 78 79 81 83 85 86 87 90 91 93 98 99 100 102 104 106 107 108 109 110 112 113 114 115 116 117 118 119 120 121 122 123 125 126 127 128 129 130 131 132 133 134 135 136 137 141 142 143 144 145 146 147 148 149 150 151 152 153 155 156 157 158 159 160 162 164 165 166 167 168 169 170 171 172 173 174 175 176 177 178 179 181 183 184 185 186 187 188 189 190 191 192 193 195 196 197 198 199 200 201 202 205 206 208 209 211 212 214 215 216 217 218 219 220 222 223 224 226 227 229 230 232 233 235 237 240 241 242 243 244 245 246 248 250 251 252 253 254 255 256 257 258 259 260 261 262 263 264 267 268 269 270 271 272 273 274 277 278 279 281 282 283 284 285 286 287 288 289 291 292 293 294 295 296 297 298 299 300 301 302 303 304 305 307 308 309 310 311 312 313 314 315 316 318 319 321 322 323 325 326 329 330 331 332 333 334 335 337 338 339 340 341 342 344 345 346 347 348 349 350 352 353 354 355 357 358 359 360 361 362 363 365 366 367 370 373 375 377 378 379 380 382 383 384 385 386 387 388 389 390 391 392 393 394 396 397 398 399 400 401 402 404 406 407 408 409 410 411 413 414 415 417 419 421 422 423 424 425 427 428 429 431 432 433 435 439 440 443 445 446 447 448 450 451 452 453 454 455 456 457 459 460 461 462 463 464 465 466 467 468 469 472 473 475 476 477 478 479 480 481 483 484 485 486 487 488 489 490 491 492 493 494 497 498 616 920 
155: 0 1 2 3 4 6 7 8 9 10 11 12 13 14 16 18 20 21 22 23 24 25 26 27 28 30 31 32 33 35 36 37 38 40 41 42 43 44 49 50 52 53 54 55 57 58 59 60 62 63 64 65 66 67 69 70 72 73 74 75 76 77 78 79 80 82 83 85 87 88 90 91 92 93 94 95 96 97 98 100 101 102 103 104 105 106 107 108 110 111 113 114 115 116 117 119 120 123 125 126 127 128 129 132 134 135 136 137 140 142 143 144 146 147 149 150 151 152 154 156 157 159 160 161 162 163 166 167 168 169 172 174 176 177 178 179 180 181 182 183 184 185 186 187 189 192 194 195 196 197 200 201 204 205 206 207 211 212 213 215 216 217 218 219 220 221 223 224 225 226 227 229 230 231 232 233 234 235 238 240 241 244 245 246 247 248 250 251 253 254 255 257 258 259 261 262 263 264 265 266 267 268 269 270 271 272 273 274 275 276 280 281 282 284 285 286 288 289 292 293 294 295 296 298 299 301 302 304 305 306 307 308 309 310 311 313 314 317 318 319 320 321 322 323 325 326 327 328 329 330 331 333 334 336 338 339 340 341 342 344 345 346 347 348 349 351 352 353 354 355 356 357 358 362 363 364 367 369 370 371 374 375 376 380 381 382 383 384 385 388 389 391 392 394 396 399 400 401 402 403 404 405 406 407 408 409 411 412 413 414 415 416 417 418 419 421 422 423 424 425 426 429 430 431 432 433 434 437 439 440 444 445 446 447 448 449 450 451 452 453 454 455 456 457 458 459 460 461 462 463 464 466 467 468 470 471 472 473 474 475 477 479 480 481 483 484 486 487 489 490 491 492 493 496 497 498 499 922 923 928 946 
156: 0 2 4 5 6 7 8 10 12 13 14 15 16 17 18 19 20 21 22 23 24 25 27 28 29 30 31 32 33 34 36 38 39 40 42 44 47 49 50 51 52 53 54 56 58 60 62 63 64 66 67 68 70 71 72 75 77 78 79 82 83 87 88 89 92 95 96 97 100 101 102 103 104 106 107 108 109 110 112 115 117 119 122 123 124 125 126 128 129 130 131 132 134 135 136 137 138 140 141 142 146 148 149 150 153 154 155 158 161 162 163 164 165 166 168 169 170 171 174 175 176 177 179 181 182 183 184 187 188 189 190 191 193 194 195 197 198 199 200 201 202 203 205 206 207 208 209 210 211 212 213 214 215 216 217 218 220 221 222 224 225 226 227 228 231 232 233 236 238 240 241 243 244 245 247 248 250 252 254 255 256 258 259 260 261 262 263 264 265 267 268 269 271 272 273 274 275 276 277 278 279 280 281 282 283 284 285 286 289 290 292 293 294 295 296 297 298 299 300 301 302 303 304 305 306 308 309 310 311 313 314 315 317 318 320 323 326 327 329 332 333 335 336 337 338 340 341 342 343 344 345 346 347 348 349 351 352 353 354 355 357 358 359 360 361 363 366 368 370 371 372 373 374 377 378 379 380 381 382 383 384 385 386 388 389 390 393 394 395 397 398 399 400 402 404 405 406 407 410 411 412 413 415 416 417 418 419 421 422 423 425 426 428 429 430 431 432 433 434 435 436 437 438 439 440 441 442 443 445 446 447 448 449 450 451 452 453 454 455 456 457 458 460 461 462 463 464 465 467 468 469 471 472 473 474 475 478 479 480 482 484 485 486 487 489 491 492 494 495 496 497 499 600 659 696 
157: 0 1 2 4 5 6 7 8 10 12 13 14 15 16 18 20 21 22 25 26 27 28 31 32 35 36 37 39 40 42 43 45 46 47 48 49 50 52 53 54 55 56 57 58 59 60 62 63 64 65 67 68 69 70 71 72 73 75 76 77 78 80 81 82 85 86 87 88 89 90 92 93 94 95 96 97 98 99 100 101 102 103 104 105 106 107 110 111 112 113 115 116 118 119 120 122 123 124 125 126 128 129 130 131 132 133 135 136 137 138 141 143 144 145 150 152 154 155 158 159 160 161 162 163 164 165 166 167 168 169 170 171 173 176 177 178 179 180 183 184 186 187 188 189 190 191 194 195 196 197 198 199 200 202 203 204 206 207 208 209 210 211 212 213 214 215 216 217 218 220 221 222 223 224 225 227 228 229 230 233 234 235 237 239 241 242 244 245 246 248 249 250 251 252 254 255 259 260 261 262 263 264 265 266 268 269 270 271 272 274 275 276 277 278 279 280 281 282 283 284 286 287 288 289 291 294 295 296 297 298 299 300 302 303 304 305 306 307 308 309 310 311 313 314 316 317 318 319 320 324 325 326 327 328 330 331 332 333 335 338 340 341 342 343 344 345 348 350 352 353 354 356 357 358 359 360 362 365 366 367 369 370 372 373 374 375 376 377 378 379 380 382 383 385 386 387 388 389 390 391 392 393 394 395 396 398 399 400 401 402 404 405 406 408 409 410 411 412 413 415 416 417 418 421 424 427 428 429 430 433 434 435 436 437 438 440 441 442 443 444 445 446 447 448 449 450 451 452 453 454 455 456 457 458 459 460 461 462 463 464 465 466 468 471 472 473 474 475 476 477 479 481 482 483 484 487 488 489 490 491 492 493 494 495 496 497 498 951 
158: 2 3 6 8 9 10 11 15 16 17 18 19 20 22 23 25 26 28 29 30 32 33 35 36 37 39 40 41 42 43 44 48 49 50 51 52 53 54 55 56 57 61 62 64 67 68 69 70 71 72 73 74 75 77 79 81 82 83 84 85 86 87 88 89 90 91 93 94 95 96 97 98 99 100 101 103 104 105 106 107 108 109 110 112 114 117 118 120 122 124 126 128 129 131 132 135 136 137 138 139 140 141 142 143 144 145 147 148 149 151 152 153 154 156 157 159 160 161 164 165 166 167 168 169 170 171 172 173 176 177 178 179 180 181 182 184 185 187 188 190 191 193 194 195 196 197 200 201 202 203 204 205 209 210 211 212 214 215 216 217 218 220 221 222 223 225 226 227 228 229 230 231 232 233 234 235 236 237 238 239 240 241 242 243 244 245 246 248 249 250 251 252 254 255 256 258 259 260 261 262 263 264 265 266 267 268 270 271 275 277 278 279 280 281 282 283 284 287 288 289 291 293 294 296 297 299 300 301 302 304 305 306 307 308 310 311 312 313 314 315 316 317 319 320 321 322 323 324 325 327 328 329 330 331 333 334 335 337 338 339 340 341 342 343 346 348 350 351 352 353 355 356 357 359 360 361 362 363 365 366 367 368 369 370 371 373 375 376 377 380 381 382 383 384 385 387 388 390 391 393 395 396 397 398 399 400 401 403 404 405 407 409 411 412 413 414 415 416 419 420 421 422 423 424 425 426 427 429 431 432 433 434 435 436 437 438 441 442 443 444 445 446 447 448 449 450 451 452 453 454 455 456 457 458 459 461 462 463 464 465 466 467 469 470 471 472 473 475 476 477 478 479 480 481 482 483 484 485 487 488 489 491 492 493 494 495 496 498 499 609 663 752 932 970 
159: 0 2 3 4 6 8 9 10 13 15 16 17 18 19 20 21 22 23 24 26 27 28 30 31 32 33 34 35 37 38 39 40 41 43 44 45 46 48 49 51 52 53 54 56 57 59 61 66 67 68 69 70 73 75 77 79 82 83 84 85 86 88 89 91 92 95 96 97 98 99 100 101 102 103 104 105 108 109 110 112 113 114 115 116 117 119 120 121 122 123 124 125 126 127 128 129 131 132 134 135 136 137 140 142 143 144 145 147 148 149 150 151 152 153 154 155 157 158 160 161 162 163 164 165 166 167 168 170 171 172 174 175 177 178 179 180 181 182 183 185 186 187 188 190 191 192 193 194 195 199 200 202 204 205 206 207 208 209 210 211 212 215 217 219 220 221 222 223 224 226 227 230 231 232 233 234 235 236 238 239 242 244 245 246 247 250 252 254 256 257 258 259 260 261 262 263 265 267 268 269 271 273 275 276 278 279 280 281 286 287 289 290 291 292 293 295 296 297 298 299 301 303 305 306 307 309 310 311 312 313 314 316 317 318 319 320 321 322 323 324 325 326 327 328 330 332 333 336 338 339 340 343 344 345 346 347 348 349 350 351 352 353 354 355 356 358 359 360 363 364 366 367 368 370 371 373 374 377 379 380 381 382 383 385 386 387 388 389 392 394 395 396 397 398 399 400 401 402 404 405 406 407 409 413 414 416 418 419 420 421 422 423 424 425 426 427 428 429 432 434 435 436 437 438 439 440 441 442 443 444 445 447 448 449 452 453 454 455 456 457 458 460 464 468 469 470 472 473 474 476 477 478 479 481 483 484 487 488 489 490 491 492 493 495 496 497 498 499 609 995 
160: 0 2 3 5 6 7 8 9 10 13 15 16 17 18 19 20 21 23 24 25 26 28 29 30 31 32 35 36 37 39 40 42 43 44 45 46 47 49 50 51 52 54 56 57 59 60 61 62 63 64 65 66 68 70 71 72 73 74 76 79 83 84 85 86 87 88 89 91 92 93 94 95 96 97 98 99 100 101 102 103 104 106 107 108 109 110 111 112 114 115 116 119 120 121 122 123 124 126 128 129 130 131 132 134 135 137 138 139 141 142 143 144 146 147 149 152 154 155 157 158 159 161 162 163 164 165 168 169 171 173 174 175 176 180 181 182 183 185 186 187 188 189 190 191 193 194 195 196 198 199 200 201 202 204 205 206 207 208 209 210 211 212 213 214 215 216 217 219 220 221 222 223 226 227 228 229 230 232 233 234 236 237 239 240 241 242 243 244 245 246 247 248 249 250 251 252 253 254 255 257 258 259 260 263 265 266 267 268 269 270 271 272 273 274 275 276 277 278 280 281 284 285 286 287 288 289 290 291 292 293 294 295 296 297 298 303 304 305 306 307 308 309 311 312 313 315 317 319 321 322 324 325 326 327 329 330 331 332 333 334 338 339 341 342 343 345 346 347 349 350 351 352 353 354 355 356 357 358 359 360 361 362 363 364 365 367 368 369 371 372 373 374 375 377 378 379 380 381 382 383 384 385 386 388 389 390 391 392 394 395 397 398 399 401 402 403 404 405 406 407 408 410 411 412 414 415 416 417 418 419 420 421 422 424 425 427 429 430 431 432 433 435 436 438 439 440 441 442 443 445 446 447 448 449 450 454 455 456 457 458 459 461 462 464 465 466 468 469 470 471 472 473 474 476 478 480 481 484 485 487 488 489 490 491 494 495 498 499 
161: 1 3 4 5 7 8 9 12 13 14 15 17 19 20 21 22 23 24 25 27 30 32 33 34 37 39 40 41 42 43 44 45 47 48 50 51 52 53 55 56 57 59 60 62 64 65 66 67 68 69 70 71 72 73 74 75 76 77 78 79 80 81 82 83 84 86 87 89 90 91 92 93 94 95 96 97 98 99 100 102 103 106 108 109 110 111 115 117 118 119 120 122 123 124 125 126 127 128 129 130 133 135 136 137 138 139 140 141 142 143 144 145 146 147 148 149 150 151 152 153 155 156 157 158 159 160 162 163 164 165 166 168 170 172 173 174 175 176 177 178 179 180 181 182 185 186 187 188 189 191 192 193 194 195 196 197 198 200 202 203 204 205 206 207 208 209 210 212 213 214 215 216 217 218 221 222 223 224 226 228 230 231 232 234 235 236 237 238 239 240 241 242 243 244 246 247 249 250 251 252 253 254 256 257 258 260 261 262 263 265 266 268 270 271 272 273 274 276 277 278 279 280 281 282 283 284 285 287 288 289 290 291 293 296 297 298 299 300 301 302 303 304 305 307 308 309 310 312 313 317 318 319 320 321 322 323 324 325 326 327 328 329 330 331 333 334 335 336 337 338 340 341 343 344 345 346 347 348 349 350 351 353 356 357 358 361 363 364 366 367 368 369 371 372 373 375 376 377 378 379 381 384 385 386 387 388 389 390 391 393 395 396 397 398 401 403 406 407 408 409 410 412 413 414 415 416 418 419 420 422 423 424 426 427 428 429 431 432 433 434 435 436 438 439 440 441 442 443 444 445 446 447 448 449 450 452 453 454 455 456 457 458 459 460 462 463 464 465 466 467 470 472 473 474 476 477 478 479 481 482 483 485 486 487 488 489 490 491 492 493 494 495 497 498 499 
162: 0 1 2 3 4 7 10 11 12 13 15 16 18 19 20 21 22 23 24 25 26 27 28 31 32 33 35 36 38 40 41 42 43 44 45 46 48 49 52 53 54 55 56 57 60 62 63 66 67 68 69 70 71 72 73 74 75 77 78 79 80 81 82 83 85 86 87 88 90 92 93 95 96 98 99 100 101 102 103 104 105 106 107 108 110 112 113 114 116 117 118 119 120 122 123 124 125 127 128 129 130 131 134 135 136 137 138 139 140 141 143 144 145 146 148 149 150 151 154 155 156 157 159 160 161 164 167 168 169 170 171 172 173 174 175 176 177 178 180 181 182 183 184 185 186 187 188 189 190 195 196 197 198 200 201 202 203 204 205 206 207 208 209 211 212 214 215 216 217 218 219 220 221 223 226 227 228 229 230 232 234 235 236 237 238 239 240 242 244 246 249 252 253 254 256 257 258 259 260 262 263 264 265 267 268 270 271 273 274 275 277 278 279 281 283 284 286 288 289 290 291 292 293 294 297 298 299 301 303 304 305 306 307 309 310 312 314 316 317 318 319 320 321 322 323 324 325 326 327 329 330 331 334 335 336 338 340 341 342 345 346 347 348 349 351 355 356 357 358 359 360 363 364 365 366 367 368 370 371 373 375 376 377 378 379 380 381 382 383 384 385 386 387 388 390 393 394 397 399 402 404 405 406 407 408 409 410 411 412 413 415 416 417 418 419 422 423 424 425 428 429 431 432 433 434 435 436 437 438 439 440 441 442 444 445 446 447 448 450 451 452 453 455 456 457 458 459 461 462 463 464 465 466 467 469 474 475 476 477 478 481 482 483 484 486 487 488 489 490 491 495 496 497 498 499 923 933 
163: 0 1 2 3 4 5 6 7 8 9 10 11 12 13 14 15 16 17 18 19 20 22 25 27 29 31 33 34 35 39 40 41 42 43 44 45 48 49 50 51 52 53 54 55 56 58 59 60 61 62 63 65 66 67 72 73 74 75 76 77 78 79 81 82 83 86 87 88 90 92 95 98 100 101 102 104 105 106 107 109 110 111 112 114 117 119 122 123 124 125 128 129 130 131 132 133 134 135 136 137 139 140 141 142 143 145 146 147 148 149 150 151 152 153 155 156 157 159 160 161 164 165 166 167 169 170 171 172 173 174 175 176 177 178 179 180 181 182 183 184 185 186 187 188 189 190 191 192 194 197 198 199 200 201 202 203 204 207 209 210 213 214 215 217 218 219 220 221 223 224 225 226 231 232 233 234 237 238 241 242 243 244 245 247 249 250 251 253 254 255 257 258 260 261 262 263 264 265 266 267 268 270 271 273 274 276 277 278 279 280 281 282 283 285 288 289 290 291 292 293 294 295 298 299 300 302 303 304 305 306 307 308 309 310 311 312 313 314 315 316 317 318 319 321 322 323 325 326 327 328 329 331 332 334 335 336 337 338 339 340 341 342 343 344 346 348 349 350 351 352 354 355 359 360 361 362 363 366 369 370 371 372 374 375 376 378 379 380 382 383 384 385 387 389 390 391 392 394 395 396 397 398 399 402 403 404 407 408 409 410 411 412 413 414 415 416 417 418 419 420 421 422 423 424 425 427 430 431 434 435 436 438 439 440 441 443 444 445 446 447 448 449 450 451 452 454 455 456 457 458 459 460 461 464 465 466 467 468 469 470 472 473 474 475 476 477 478 479 480 483 484 486 488 489 490 491 493 494 496 497 498 499 955 
164: 1 2 3 4 5 6 7 9 10 11 12 13 14 15 17 18 19 20 21 22 24 25 26 27 28 29 30 31 32 34 35 36 37 39 41 42 43 44 45 46 47 49 51 52 53 54 55 56 57 58 59 60 61 62 63 64 65 66 67 70 71 73 74 75 76 77 78 79 80 81 83 84 85 87 88 89 90 91 92 93 94 95 97 98 99 100 101 104 105 106 107 108 110 113 115 116 117 118 119 120 122 123 124 125 126 127 129 132 133 134 136 137 138 139 140 142 143 144 146 147 148 149 150 151 153 154 156 157 158 159 160 161 162 163 165 166 167 168 170 172 173 175 176 177 178 179 180 183 184 185 186 187 188 189 190 192 193 194 195 196 197 198 201 202 203 204 205 207 208 209 210 211 212 213 214 215 216 218 221 222 223 224 225 226 227 228 229 230 233 234 235 236 237 238 239 241 242 243 244 245 246 248 249 250 252 253 254 255 256 257 258 259 260 261 262 264 265 268 269 270 271 272 273 274 278 280 281 282 284 285 286 287 288 289 291 292 293 294 295 296 297 298 299 300 303 304 305 306 307 308 309 311 312 313 315 316 317 318 319 320 321 324 325 327 329 330 331 334 335 339 340 341 344 346 347 349 350 351 352 354 355 357 359 362 364 365 368 371 372 373 374 375 376 377 378 379 381 384 385 387 390 392 393 394 395 396 397 398 399 400 401 402 403 405 406 408 409 411 416 417 419 420 421 422 423 424 425 426 427 429 431 433 434 435 437 438 439 440 441 442 443 444 445 446 448 449 450 451 453 454 455 456 457 458 459 460 461 462 463 464 465 467 468 469 472 475 476 477 478 480 482 483 485 487 488 489 491 492 493 494 495 497 498 499 680 977 
165: 0 1 2 4 5 6 7 8 9 10 11 12 13 16 18 19 20 22 23 24 25 26 27 28 29 30 31 32 33 34 36 37 38 39 40 41 42 43 45 46 47 50 51 52 55 56 57 58 62 63 64 65 66 71 72 73 74 76 77 78 79 80 82 83 84 85 87 89 90 91 93 94 97 98 100 102 103 105 106 109 110 111 112 114 115 117 118 119 120 121 122 123 124 126 127 128 129 130 131 132 133 135 136 137 138 139 140 141 142 143 144 145 146 147 149 151 152 154 156 157 158 159 160 161 163 164 166 167 168 169 171 172 174 175 177 178 179 180 181 183 184 185 186 187 188 189 190 191 192 193 194 199 200 201 202 203 204 205 208 210 211 212 213 216 217 218 220 221 222 223 225 227 228 229 230 233 234 235 236 239 241 242 243 244 245 246 247 249 250 251 252 253 254 255 256 257 258 259 260 261 262 263 264 265 266 267 270 273 275 276 277 279 280 281 282 285 287 288 291 293 294 296 297 298 299 300 301 303 304 305 306 307 309 312 315 316 317 318 319 320 321 323 325 327 331 332 334 336 337 338 339 340 341 342 343 344 345 347 350 351 352 353 354 355 357 359 360 361 362 363 364 365 369 370 371 372 374 375 376 377 378 379 382 387 388 390 391 394 395 397 398 399 400 401 403 404 405 406 408 409 410 411 413 414 415 416 418 419 421 422 423 424 425 426 427 428 429 430 431 432 433 434 435 436 437 438 439 440 444 445 446 448 451 452 453 454 456 457 458 460 461 462 464 465 467 469 470 471 472 474 475 476 477 479 481 482 484 485 486 488 489 490 492 493 495 496 498 499 
166: 0 1 2 3 5 6 8 9 10 12 13 14 16 18 19 22 25 26 27 28 29 30 31 32 33 35 37 39 40 42 43 44 45 46 47 48 49 50 53 58 59 60 61 63 64 66 67 68 69 72 73 76 77 79 80 82 83 85 86 87 88 90 91 93 94 95 96 97 98 99 100 101 103 104 105 106 107 108 109 110 111 113 114 115 116 117 118 119 120 121 123 124 125 127 129 131 133 134 135 136 137 138 140 141 142 143 145 147 148 149 150 151 152 153 154 155 156 157 158 159 161 163 164 165 167 168 169 170 171 172 173 174 175 176 179 180 181 183 184 186 187 188 189 190 191 192 193 195 197 199 200 204 206 208 209 210 211 212 213 214 215 216 217 218 219 220 221 223 224 226 228 229 230 231 232 234 236 237 238 239 240 241 242 243 244 245 247 248 250 251 252 253 254 255 256 257 258 259 260 261 263 268 269 270 272 273 274 275 276 277 278 279 280 281 283 284 285 287 288 289 290 291 292 294 295 297 298 301 303 305 307 308 309 310 311 313 315 316 317 318 319 320 322 323 325 326 327 328 329 330 331 332 333 334 336 337 338 339 340 341 344 345 346 347 348 349 350 351 352 353 354 357 358 361 363 364 367 368 371 373 374 375 377 378 379 380 381 384 385 386 387 389 391 393 395 396 397 398 399 400 401 402 403 404 405 406 407 408 409 410 411 412 413 415 416 418 421 422 423 424 426 427 428 429 430 431 432 433 436 437 438 439 441 442 445 446 447 448 451 453 454 455 456 457 458 459 460 461 462 463 464 465 467 468 469 471 473 474 475 476 477 479 480 481 482 485 486 487 488 491 492 493 494 495 496 498 499 924 938 
167: 0 1 2 3 5 8 9 10 11 13 14 15 16 17 18 19 20 21 22 23 24 25 26 29 31 32 36 37 38 39 41 42 43 44 45 46 47 48 50 51 52 53 54 55 58 59 60 61 62 63 64 65 66 67 68 70 71 72 74 75 76 77 78 79 80 83 84 85 86 87 88 89 91 92 93 95 96 97 100 102 104 105 106 108 109 110 112 113 114 115 116 119 120 121 122 123 125 127 128 129 131 133 134 135 136 139 140 141 144 145 146 147 148 150 151 152 153 154 155 157 158 159 162 163 164 165 166 169 170 171 172 173 174 175 177 178 181 183 184 185 186 187 189 190 191 192 193 194 195 196 198 200 201 202 204 206 207 208 209 211 214 215 216 218 219 220 221 222 223 224 225 226 227 228 230 231 233 234 235 236 237 239 241 242 243 244 245 248 250 251 253 254 255 256 257 259 260 261 264 266 268 270 271 272 273 274 276 277 278 279 281 282 283 285 286 287 288 290 291 292 293 295 296 298 299 300 301 302 304 306 308 309 310 311 313 314 315 316 317 318 319 320 321 322 323 324 325 326 327 328 329 330 331 332 334 335 338 339 340 342 343 345 346 347 349 350 351 353 354 355 356 359 361 362 363 364 365 366 368 369 371 373 374 376 377 378 379 380 381 382 383 384 385 387 388 389 390 391 393 394 395 396 398 399 400 401 402 403 404 405 406 407 409 410 411 414 415 416 417 418 419 420 421 422 423 424 425 426 427 428 430 432 433 434 435 436 437 438 439 440 441 442 443 446 447 448 449 450 451 453 454 456 458 459 460 461 462 463 464 466 468 470 471 472 473 475 476 477 479 484 485 486 487 488 489 490 492 493 495 498 499 946 
168: 1 2 3 4 5 7 8 9 13 14 15 16 17 19 20 21 23 25 26 27 29 30 31 32 33 35 36 37 38 39 41 42 43 44 45 46 47 48 49 51 52 53 54 55 56 57 58 59 61 62 63 64 65 68 71 72 73 75 76 77 78 79 81 82 84 85 86 87 88 89 90 91 92 93 94 95 96 97 98 99 100 101 102 103 104 108 109 110 111 112 113 114 115 117 118 119 121 122 123 124 125 126 127 129 131 132 133 134 135 137 138 139 140 141 142 143 144 145 146 147 148 151 153 154 155 156 157 158 159 160 161 162 164 165 166 169 170 171 172 173 174 176 177 179 180 182 183 184 185 186 188 189 190 191 193 195 196 197 198 199 202 204 206 209 211 212 213 214 215 216 217 218 220 221 222 224 228 230 232 233 234 235 236 240 241 242 243 244 246 247 248 249 250 251 252 254 255 256 257 258 259 260 261 262 263 264 265 268 269 270 272 273 275 276 278 279 280 281 282 283 284 285 288 289 291 292 293 294 296 297 298 300 302 303 304 305 306 308 309 310 311 312 313 314 317 319 320 321 322 324 326 327 328 329 330 334 335 338 339 344 345 346 347 348 349 353 354 355 356 359 360 361 362 363 364 365 366 367 368 372 373 374 375 376 377 378 379 382 383 385 387 388 389 390 392 393 394 395 396 397 398 399 400 401 402 403 404 405 406 407 408 409 411 412 414 418 420 421 423 424 425 427 428 429 430 431 432 434 435 437 438 440 441 442 443 444 447 448 450 451 452 453 454 455 456 457 459 460 461 462 463 464 465 467 468 469 470 471 473 474 475 476 477 478 479 482 485 486 487 488 489 490 491 492 493 494 495 496 497 499 640 793 
169: 0 1 2 3 4 5 6 7 8 10 11 12 13 14 15 16 17 18 20 22 23 24 26 27 28 29 30 31 32 33 34 36 37 38 41 42 43 44 47 49 50 51 54 55 56 57 59 61 62 63 64 65 67 68 69 71 72 73 74 75 76 77 78 79 80 81 82 83 84 85 86 87 88 89 90 92 93 94 95 96 97 99 100 101 102 103 107 108 109 110 112 115 117 118 120 121 122 123 124 125 126 127 128 129 130 131 132 133 135 136 137 139 140 141 142 143 144 145 146 147 148 149 150 152 153 154 155 156 157 158 160 162 163 165 166 167 168 172 173 174 175 176 177 178 179 180 182 183 184 185 186 187 188 189 190 191 192 193 194 198 199 200 201 204 205 206 207 208 210 211 212 213 214 215 216 217 218 219 220 221 222 224 225 226 227 228 229 230 231 232 233 234 235 236 237 238 240 243 245 246 247 248 250 252 253 255 256 257 258 259 262 263 265 266 267 269 270 273 274 275 276 277 278 279 282 284 285 286 287 288 289 290 291 292 293 294 295 296 297 298 299 300 301 303 305 306 307 312 313 314 316 318 319 320 321 322 323 325 326 327 328 329 330 331 332 333 334 335 336 337 340 341 342 348 349 350 351 352 353 354 355 356 357 358 359 360 361 362 363 364 365 366 367 368 369 370 372 373 374 377 378 380 383 385 387 389 390 391 393 394 396 397 398 399 400 401 402 403 404 405 407 408 411 412 413 414 415 416 417 418 419 420 421 422 424 425 426 429 430 431 432 433 434 435 436 438 439 440 443 445 446 447 448 449 451 452 453 454 455 456 458 460 461 462 463 464 465 466 467 468 469 472 473 474 475 476 477 478 479 480 481 482 483 484 485 486 487 488 489 490 491 492 496 497 498 604 620 674 
170: 0 1 2 3 4 5 6 7 8 10 12 13 14 15 16 17 18 19 20 21 22 23 24 25 26 27 30 31 32 34 37 38 40 44 45 47 48 49 50 53 54 55 56 57 60 61 62 63 65 66 67 68 69 70 71 72 77 78 79 81 82 83 84 85 86 87 88 89 90 91 92 93 94 95 96 97 98 99 100 101 102 103 104 105 106 108 109 110 111 112 113 114 115 116 117 118 119 120 121 122 123 124 125 127 129 131 132 133 134 135 137 138 139 140 141 143 144 145 146 148 149 151 152 153 154 156 157 158 159 161 162 163 164 166 167 168 172 173 174 175 176 177 178 179 180 181 184 185 186 190 191 192 193 194 195 196 198 200 201 202 203 205 206 207 208 209 210 211 212 217 218 220 221 222 223 224 225 226 228 229 230 231 232 233 234 237 238 239 240 241 242 244 245 247 249 250 251 252 253 254 257 258 259 260 261 264 265 266 268 269 270 271 272 274 275 276 278 279 280 281 282 284 287 288 289 290 291 292 293 295 297 298 299 300 301 302 303 304 305 306 307 308 309 310 312 314 315 317 318 321 324 325 326 328 329 331 334 335 336 337 338 339 340 344 346 347 348 349 350 352 354 356 357 358 359 360 361 362 363 364 365 366 367 369 370 371 372 373 374 375 376 377 379 380 385 386 387 389 390 391 392 393 394 395 396 397 398 401 402 403 404 407 409 410 411 412 413 415 416 418 419 420 421 422 423 424 426 430 431 432 433 434 435 436 438 440 441 442 443 444 445 447 450 452 453 455 456 457 458 459 460 462 463 464 465 466 467 468 469 470 472 473 474 478 479 480 481 483 484 485 487 488 490 491 492 493 495 496 498 499 774 
171: 0 1 2 3 5 6 7 8 10 14 15 16 17 18 19 22 23 24 25 26 27 28 29 30 31 32 33 34 36 37 38 39 41 42 43 45 46 47 48 49 50 51 52 53 54 55 56 58 59 60 62 63 65 66 67 68 69 71 73 74 75 76 78 79 80 81 85 86 87 88 89 90 91 92 93 95 96 97 98 99 101 102 103 104 107 109 110 111 112 113 116 117 118 119 121 122 123 124 127 128 129 130 131 132 133 135 136 137 138 142 143 144 145 146 148 149 150 151 152 153 154 156 157 158 159 160 162 163 165 166 167 168 172 173 174 175 176 179 180 181 182 184 185 186 187 188 189 190 192 193 194 195 196 197 198 199 200 202 203 205 206 207 208 209 210 211 213 214 216 218 219 220 221 222 226 227 228 229 230 231 232 233 235 236 237 238 239 240 242 243 245 247 248 249 250 251 254 255 256 257 258 259 260 261 262 263 264 265 266 267 269 270 271 272 273 274 275 276 277 278 279 281 282 283 284 286 287 288 289 290 292 293 295 298 300 301 302 303 304 306 307 308 310 312 313 315 316 317 319 321 322 323 324 325 326 327 328 330 332 333 334 338 340 341 343 344 345 346 347 348 349 350 351 352 353 356 357 360 361 362 363 366 367 368 369 370 371 372 373 374 375 377 378 379 381 382 383 384 385 387 388 389 393 394 396 397 398 399 400 401 402 403 405 406 408 409 411 412 413 414 415 416 417 418 421 422 423 425 426 427 429 430 431 432 433 434 436 437 438 439 440 442 443 444 445 446 447 448 449 450 452 453 454 455 456 457 458 459 460 461 462 463 464 465 466 467 468 470 471 473 474 478 479 482 483 484 485 486 488 489 490 491 492 493 494 496 497 498 499 962 
172: 0 2 3 4 5 6 7 8 9 10 13 15 17 18 19 20 21 22 24 25 26 27 29 30 31 32 33 34 36 37 38 39 40 41 42 44 46 47 48 49 50 51 52 54 55 57 58 59 60 62 64 65 66 67 68 69 70 71 72 73 74 75 76 77 78 79 80 81 83 84 85 86 87 88 89 90 91 92 93 94 95 96 97 98 99 100 101 103 105 106 107 108 109 110 111 113 114 116 117 118 119 121 122 123 124 126 127 129 130 131 133 134 135 136 137 138 139 140 141 142 143 144 146 147 148 150 152 153 154 155 158 159 161 162 163 164 165 166 167 168 169 170 171 173 174 175 176 177 178 179 180 182 183 185 186 187 189 190 191 192 193 195 196 197 198 200 201 202 204 206 207 208 210 212 213 214 216 219 220 221 222 223 224 225 226 227 228 229 230 231 232 233 234 235 236 237 238 240 241 242 243 244 245 246 247 248 249 250 251 253 254 255 256 257 258 259 260 261 262 263 264 266 267 269 270 272 273 274 275 276 277 278 279 280 281 282 283 285 286 287 288 291 292 295 298 299 304 305 306 307 309 310 311 313 314 316 317 318 319 320 322 323 324 326 327 328 330 331 332 333 334 336 337 338 339 340 341 343 344 345 347 348 349 350 351 352 353 354 355 356 357 358 359 360 361 363 364 366 367 368 369 370 371 372 374 375 376 377 378 379 380 381 384 385 386 387 388 389 390 393 394 398 399 400 401 402 403 404 405 407 408 409 410 411 412 413 414 415 416 417 418 419 420 421 423 424 425 426 427 428 429 430 431 432 434 435 436 437 438 439 440 441 444 445 446 448 449 450 451 452 454 455 456 457 458 459 461 462 464 465 468 470 471 472 473 474 475 477 481 482 483 484 486 487 488 489 490 491 492 493 494 496 497 603 
173: 1 4 5 7 8 9 11 12 13 14 15 17 18 19 20 21 22 24 27 28 29 31 32 33 36 37 38 39 40 41 42 43 45 46 47 48 50 51 52 53 54 55 57 58 59 60 62 63 65 67 68 69 70 71 72 74 75 76 78 79 80 81 82 83 84 87 88 89 90 92 94 95 97 98 100 101 102 103 104 105 106 107 108 109 110 115 116 117 118 119 120 122 123 124 125 126 127 128 129 130 133 134 135 136 137 139 140 142 144 147 148 149 150 151 153 154 157 158 160 161 162 163 164 166 167 168 169 170 171 172 174 175 176 177 178 179 180 181 182 183 184 185 186 187 189 190 191 192 196 197 198 200 201 202 203 206 207 208 209 210 212 213 214 215 216 217 218 219 220 221 222 223 224 225 227 228 229 230 232 236 237 238 239 240 242 243 245 247 248 249 250 252 253 254 256 258 259 260 262 263 264 265 266 267 268 269 271 273 275 276 278 279 280 281 282 283 284 285 286 287 288 289 291 292 293 294 295 296 299 300 301 303 305 306 307 308 310 311 312 313 314 316 318 320 321 322 323 324 328 329 330 332 333 334 335 338 339 340 341 342 344 345 346 347 348 349 351 352 353 354 355 357 358 359 360 361 362 363 364 365 367 369 371 372 373 375 377 378 379 380 381 382 383 385 386 387 389 390 391 392 393 395 396 397 398 400 401 402 404 405 406 407 408 409 410 411 412 413 414 415 416 417 418 420 422 425 427 428 429 430 431 432 434 438 442 443 444 445 446 448 449 450 451 452 453 454 455 456 457 458 460 462 463 464 465 466 468 469 470 471 472 473 475 476 477 478 480 481 482 483 484 485 486 487 488 489 490 491 492 493 494 495 496 497 498 646 
174: 0 1 2 3 4 6 7 9 10 12 14 15 16 17 18 19 20 22 23 24 25 26 29 31 33 34 35 37 38 39 40 41 42 45 46 47 48 50 51 53 54 55 59 60 61 62 63 65 66 67 68 69 70 71 72 73 74 77 78 79 81 83 84 85 88 89 91 92 93 94 95 96 99 100 101 102 103 104 105 106 107 108 110 111 112 113 114 115 116 117 119 121 122 123 124 125 126 129 130 131 133 134 135 136 138 139 140 141 142 144 145 146 147 148 150 153 154 155 156 159 160 161 162 163 165 166 167 168 169 170 171 172 173 175 177 178 180 182 183 184 185 187 188 189 190 192 193 194 195 196 197 198 199 200 201 202 203 204 206 207 208 209 210 213 214 215 216 218 219 221 222 223 224 225 226 227 228 229 230 231 233 236 237 238 239 240 241 242 243 245 247 248 249 250 253 254 255 256 257 258 259 260 262 263 264 265 266 267 268 269 270 271 272 273 274 276 278 279 280 281 282 283 284 285 286 289 290 291 292 293 294 295 297 298 299 300 302 303 304 306 307 308 309 310 311 312 313 314 315 316 317 319 321 322 323 324 325 326 327 329 330 331 333 335 336 338 339 340 341 342 343 344 345 346 347 348 350 351 352 354 355 358 359 360 361 362 363 366 370 371 372 375 376 377 378 379 381 382 383 384 385 389 390 394 395 397 398 400 401 402 403 404 405 406 407 408 409 410 412 413 414 415 416 419 420 421 422 423 424 427 428 430 431 433 434 435 437 438 440 441 442 443 444 445 446 447 448 450 451 452 453 454 455 457 458 459 460 461 462 464 465 466 467 469 470 471 472 474 475 476 477 478 479 481 483 485 487 488 489 490 491 492 493 494 495 496 497 498 499 654 682 
175: 0 1 3 4 5 6 7 8 10 11 12 13 14 15 16 17 19 21 22 23 25 26 27 28 29 30 31 32 35 36 37 38 42 43 46 47 48 50 51 52 53 54 55 56 57 58 62 63 65 67 69 70 72 73 75 76 77 78 79 81 82 84 85 86 88 89 90 91 92 94 95 96 97 100 101 102 103 104 105 106 107 109 110 111 112 114 116 117 118 119 120 121 122 124 125 126 127 128 129 130 131 134 135 137 138 139 140 141 142 143 144 145 148 149 150 151 152 154 156 159 160 161 162 163 164 165 166 167 169 170 171 172 173 174 176 177 178 179 180 181 182 183 184 185 186 187 188 189 190 191 193 194 196 197 198 200 202 203 204 205 206 209 210 213 214 215 217 219 220 221 222 223 224 225 226 227 228 229 230 231 232 233 235 237 238 239 241 243 244 245 246 247 248 249 251 252 253 254 255 256 257 258 259 260 261 262 264 265 267 269 270 271 275 276 277 279 280 281 282 283 285 287 288 290 291 293 294 295 296 297 298 299 300 301 302 303 305 306 309 310 311 312 313 314 315 316 319 320 321 322 323 324 325 326 327 328 329 330 331 332 333 334 335 338 339 340 341 343 344 345 346 347 348 350 351 352 353 355 356 357 358 359 360 361 362 363 364 367 368 370 371 373 374 375 376 377 378 379 380 381 382 383 385 386 389 390 391 392 395 396 397 398 399 400 401 402 403 404 406 408 409 410 411 412 413 416 417 418 419 420 423 426 427 428 429 430 434 435 437 439 440 443 445 447 448 449 450 451 452 453 454 457 458 459 460 462 463 464 466 468 469 470 474 477 478 480 481 482 483 484 485 487 488 489 490 491 492 493 494 495 497 498 499 966 989 
176: 0 1 2 3 5 6 7 9 10 11 12 14 15 16 17 18 20 21 22 24 27 28 29 30 31 33 34 35 36 37 38 40 42 43 45 46 47 48 49 50 51 52 54 55 56 57 58 59 60 61 63 64 66 67 69 70 71 72 73 74 75 76 77 78 79 80 81 82 83 85 86 87 88 89 90 92 93 94 95 96 98 100 101 102 103 104 106 109 110 111 112 113 114 115 117 118 120 121 126 127 129 131 132 134 135 137 138 139 140 142 143 144 145 146 147 148 149 151 152 153 154 155 156 157 158 160 161 162 163 164 166 168 169 170 171 172 173 175 177 178 179 180 181 182 183 184 185 186 187 188 189 190 192 193 194 195 196 198 200 201 202 203 205 206 207 208 209 210 211 212 213 215 216 218 219 220 221 222 225 226 227 228 229 230 231 232 234 236 237 238 240 241 242 243 244 245 246 247 248 249 250 252 253 254 255 256 257 258 259 260 261 262 264 266 267 268 269 270 271 272 273 275 276 279 280 281 282 285 286 287 288 289 292 293 294 295 296 297 298 299 300 301 302 304 305 306 307 308 310 311 312 313 315 316 317 320 321 324 325 326 327 328 329 330 332 333 334 336 337 339 341 342 343 345 346 347 349 352 354 355 356 357 359 360 362 363 366 368 369 370 371 373 374 375 376 377 378 379 382 383 386 387 388 390 392 393 395 396 397 398 400 401 402 403 404 405 406 407 409 410 411 412 413 415 418 419 420 421 422 423 425 427 428 429 430 431 432 434 435 436 437 438 439 440 441 443 444 445 446 448 449 450 451 453 454 456 457 459 460 462 463 464 465 467 468 469 470 471 472 473 474 475 476 477 478 480 481 482 483 484 486 487 489 490 491 492 494 495 496 497 498 499 605 609 663 933 
177: 0 1 2 3 5 6 7 8 9 11 12 13 14 15 16 17 19 20 21 22 23 24 25 26 27 29 30 31 32 34 35 36 38 40 41 42 43 44 45 46 48 49 50 52 53 54 55 56 57 58 62 63 64 65 68 69 71 72 75 77 78 79 80 81 83 84 85 86 89 91 93 94 95 96 97 98 99 100 101 102 103 104 105 107 109 110 111 112 114 115 116 118 119 120 121 122 123 124 125 126 127 128 130 131 132 133 134 135 136 137 138 141 142 143 144 145 147 149 150 151 152 153 154 155 156 157 158 159 161 162 163 164 165 167 168 169 170 172 173 174 175 176 179 180 181 182 184 185 186 187 188 189 190 191 192 195 197 198 200 201 202 203 204 205 206 207 208 209 210 211 213 214 215 217 218 219 220 221 223 226 227 228 229 231 232 233 234 235 239 240 241 242 243 245 246 249 252 253 254 255 256 257 258 259 260 262 264 265 266 267 268 269 270 271 272 273 275 276 277 278 279 280 281 283 285 286 288 289 290 291 292 293 294 295 296 297 298 299 301 302 303 304 305 307 308 309 310 311 312 313 314 315 316 318 320 321 323 325 326 328 329 332 333 335 336 338 339 341 342 343 344 345 346 347 349 350 351 356 357 358 360 362 363 364 366 367 370 371 372 373 374 375 376 377 379 380 381 382 384 385 386 387 388 389 390 391 392 394 396 398 400 401 402 403 404 405 406 408 410 411 413 414 415 416 417 419 423 424 425 426 427 428 429 430 432 433 434 435 436 438 439 442 443 444 445 446 447 448 449 450 451 452 453 454 455 456 457 459 460 461 463 464 468 469 470 471 472 473 474 475 478 479 480 481 482 483 484 485 486 488 489 490 491 493 494 496 497 498 965 
178: 0 1 2 3 5 6 8 9 10 11 12 14 16 17 19 20 22 25 26 28 32 33 34 35 36 37 40 41 43 44 45 46 49 50 51 52 54 55 57 58 59 61 62 64 65 66 69 70 71 72 73 74 75 76 77 78 79 80 81 82 83 84 88 89 90 92 93 94 95 96 97 99 100 101 102 105 106 107 108 110 111 112 113 115 116 117 118 119 120 123 124 125 127 128 130 131 132 133 137 138 141 142 143 144 146 148 150 151 154 155 157 158 159 161 162 163 164 165 167 169 170 172 173 174 175 176 179 181 182 183 184 185 186 187 188 189 191 192 193 194 195 196 197 198 199 200 201 202 203 206 208 210 212 214 216 217 218 221 222 223 224 225 226 227 228 229 230 231 232 233 235 236 237 238 239 240 241 242 244 245 246 247 248 249 250 251 252 253 254 255 258 259 260 261 262 263 264 265 266 268 273 274 275 277 279 280 282 283 284 285 286 287 288 289 290 292 293 294 296 297 298 299 300 301 302 303 304 306 308 310 311 312 314 315 316 317 318 319 320 321 324 325 326 327 328 329 330 332 333 335 338 341 342 343 344 345 346 347 348 349 350 351 352 354 356 357 358 359 361 362 363 364 366 367 369 370 373 374 376 377 378 379 381 382 383 384 385 386 387 389 390 392 393 394 395 397 400 401 402 403 405 406 408 411 412 413 414 415 416 417 418 419 421 423 424 425 426 428 429 430 431 432 433 435 436 437 438 441 442 443 444 445 446 447 448 449 450 452 453 454 456 457 458 459 460 462 463 464 465 467 469 470 471 473 474 475 476 477 479 480 481 482 483 484 485 486 487 488 489 490 492 494 495 496 497 498 499 647 648 670 997 
179: 1 3 4 6 7 8 9 11 14 16 19 20 21 22 23 25 26 27 28 29 30 31 32 33 34 37 38 39 40 42 43 44 45 46 47 48 49 51 52 53 54 55 56 57 58 60 61 62 63 64 66 67 68 69 70 72 73 74 75 76 79 81 83 84 85 86 87 88 90 91 92 94 96 97 98 99 103 104 106 107 108 109 110 112 114 116 120 121 122 123 125 127 128 129 130 131 132 133 134 136 137 138 139 140 141 142 143 144 145 146 147 148 149 151 152 153 154 155 156 157 158 159 161 163 164 165 166 168 169 170 171 172 173 175 176 177 178 181 182 184 185 186 187 188 190 192 193 196 197 198 201 202 203 204 206 207 209 210 211 212 213 214 215 216 218 219 220 221 222 223 224 225 227 228 229 231 232 233 234 235 238 240 241 245 247 250 251 252 254 256 257 258 259 260 261 262 264 265 267 268 269 271 272 273 274 276 277 278 279 280 281 282 283 284 285 286 287 288 293 295 297 298 299 300 302 304 305 306 307 308 309 310 311 313 314 316 318 320 321 322 323 324 325 326 327 328 330 332 333 336 338 339 340 341 343 344 347 348 349 350 351 352 353 354 355 357 358 360 361 363 364 365 366 369 372 373 375 376 377 378 379 380 381 382 383 384 385 387 388 389 391 392 394 395 396 397 398 399 400 401 402 403 404 405 407 408 409 411 412 413 414 415 416 417 418 420 421 422 423 424 426 428 429 430 432 433 436 437 439 440 441 442 443 444 445 446 448 449 450 452 453 456 457 458 461 463 464 466 467 470 471 473 475 476 477 478 479 480 482 483 484 485 486 487 488 489 490 491 492 493 494 495 496 497 499 601 608 
180: 0 1 2 3 4 6 7 9 10 11 13 14 15 16 17 18 20 21 22 24 27 28 29 30 33 35 38 40 42 43 44 45 46 47 48 49 50 51 52 53 54 55 57 58 60 61 62 63 64 66 70 72 73 74 75 76 77 78 79 80 81 82 83 84 85 86 87 88 90 91 93 94 95 97 98 99 101 102 103 105 107 108 109 110 111 112 113 114 115 116 118 119 120 122 124 126 127 128 129 130 131 133 135 136 137 138 139 140 141 142 143 144 148 150 151 152 155 157 158 159 160 161 162 163 164 165 166 168 169 170 171 172 173 174 175 176 177 181 182 183 186 187 190 191 192 193 196 198 199 200 201 202 203 204 205 206 208 209 210 211 215 216 218 219 220 221 222 223 224 225 226 227 229 230 231 232 233 234 235 236 238 239 240 241 243 244 245 247 248 250 251 252 253 254 255 256 257 258 260 261 262 264 265 266 267 269 270 271 273 274 275 276 277 278 279 280 281 284 285 286 287 288 289 290 291 292 293 297 298 300 301 302 303 304 305 306 307 308 309 311 312 313 314 315 316 317 318 321 322 323 324 325 326 328 329 333 334 335 336 337 338 339 341 342 343 345 346 348 349 351 352 354 355 359 360 361 362 363 364 365 366 367 368 369 370 371 372 374 377 378 379 380 382 384 385 386 388 389 390 391 392 393 396 397 398 399 401 402 404 405 407 409 410 411 412 413 415 416 418 419 420 421 422 423 424 425 427 428 429 430 432 433 434 436 437 439 440 441 442 443 444 445 447 448 449 450 451 452 454 455 456 458 459 460 462 463 465 466 468 470 471 472 474 475 476 477 478 479 480 481 482 484 485 486 487 488 490 491 494 496 498 499 629 634 642 644 933 961 970 
181: 0 1 2 3 4 6 7 8 10 11 12 13 15 16 17 19 20 21 22 24 25 26 28 29 30 31 32 33 34 35 38 39 40 41 42 43 46 47 48 49 50 51 52 53 54 56 57 58 59 60 61 62 63 64 65 66 67 68 69 70 71 72 74 75 76 77 78 79 80 81 82 85 86 87 89 90 91 93 94 95 96 98 99 100 101 103 104 106 108 109 110 111 112 114 115 116 117 119 121 122 123 124 125 127 128 129 130 132 133 134 135 136 137 138 139 140 141 143 144 145 146 147 148 149 150 151 152 154 155 156 158 159 160 161 162 163 165 166 167 170 171 173 175 176 177 178 179 180 182 184 185 186 188 189 190 191 192 193 194 196 197 198 199 200 201 202 205 206 208 209 210 211 212 213 214 215 216 217 218 219 220 221 222 223 224 225 226 227 228 229 230 231 232 233 234 236 237 238 239 240 241 242 243 244 246 247 248 249 250 251 252 253 254 255 256 257 258 259 260 262 263 264 266 267 268 269 270 271 273 274 275 276 277 278 279 280 281 282 284 285 286 287 288 289 290 291 292 295 296 297 299 300 301 303 304 305 306 307 309 310 311 312 314 315 316 317 318 320 321 323 324 326 327 328 329 330 332 333 334 336 337 342 343 345 346 347 348 349 351 352 353 355 357 358 359 360 361 362 363 364 366 368 369 373 374 375 376 377 378 379 380 381 382 383 384 385 387 388 391 392 393 394 395 396 397 398 399 400 401 403 404 406 408 410 414 415 419 420 422 425 426 427 428 429 430 431 432 436 438 440 441 442 443 444 445 446 448 450 451 452 454 455 457 458 459 460 461 462 463 464 465 468 469 470 472 473 475 477 478 479 480 481 482 483 484 485 486 487 488 489 491 492 494 495 496 497 498 615 676 684 
182: 0 1 3 4 5 6 8 11 12 13 14 15 17 18 19 20 21 22 23 25 26 27 28 29 30 31 32 33 36 37 38 40 41 42 43 44 45 46 47 48 49 51 52 53 54 55 56 57 59 60 61 62 65 67 68 69 70 71 72 75 76 77 78 79 80 81 82 84 85 86 87 89 90 91 92 93 94 95 97 98 99 100 101 103 104 105 106 107 108 109 110 111 112 113 114 115 116 117 119 120 121 123 125 127 128 129 130 133 134 135 136 137 138 139 140 141 142 144 145 146 148 151 152 153 155 156 158 159 160 161 162 163 168 169 171 172 173 174 175 176 177 178 179 180 181 183 184 186 188 190 191 192 193 195 197 198 199 204 205 207 208 210 211 212 214 215 217 218 219 220 221 222 223 225 226 228 229 230 231 233 234 235 236 237 238 239 242 243 244 245 246 247 248 250 251 252 253 254 257 260 261 262 263 264 265 266 267 269 270 271 272 273 274 276 279 280 281 282 283 284 285 286 287 288 289 290 291 292 293 294 295 296 297 298 299 301 302 303 306 307 309 310 311 312 313 314 315 316 318 319 320 322 323 324 327 330 331 332 334 335 337 338 339 341 342 343 346 347 348 349 350 351 352 353 354 355 356 357 358 359 362 364 365 366 368 369 370 372 373 374 375 376 377 378 379 380 381 382 383 385 387 389 390 391 392 393 395 396 397 399 400 401 402 403 404 406 407 408 409 411 412 414 415 416 418 419 420 423 424 425 426 427 428 429 430 431 432 433 434 437 438 439 440 441 442 443 445 446 447 449 450 451 452 455 456 457 459 460 461 462 463 464 465 467 468 469 470 471 472 474 475 476 477 478 479 480 482 483 484 485 486 487 488 489 490 491 492 494 495 496 497 679 794 797 926 989 
183: 1 2 3 4 6 7 9 11 13 14 15 17 18 20 23 29 30 31 32 33 35 36 37 38 39 40 41 42 43 45 47 48 49 52 54 57 58 60 61 62 65 66 67 68 69 70 71 72 73 74 76 78 79 81 82 83 84 87 89 91 92 93 94 95 96 97 98 99 100 101 102 103 104 105 106 107 108 109 110 112 113 115 116 117 120 121 122 123 124 125 127 128 129 130 131 132 133 135 137 138 140 141 142 143 145 146 149 150 151 152 154 155 156 157 159 160 162 163 164 165 166 167 168 169 172 173 174 175 176 178 180 182 184 185 187 188 190 192 193 196 197 198 199 200 201 204 205 206 207 208 209 213 214 217 218 219 220 221 222 223 224 225 226 227 229 230 231 233 234 235 236 237 239 240 241 244 245 246 247 248 249 250 251 252 253 255 256 257 260 261 262 264 265 266 268 269 270 271 277 278 280 281 282 283 284 285 286 289 292 293 294 295 296 297 299 301 305 306 308 309 310 311 312 314 315 316 317 318 319 320 321 322 323 324 325 327 331 332 333 334 336 337 338 340 341 342 343 346 347 348 349 350 351 353 354 355 356 357 358 360 361 362 363 366 367 368 369 370 371 372 373 374 375 376 377 378 380 381 383 384 385 386 387 388 389 390 392 393 394 395 398 399 400 401 402 404 405 406 408 409 411 413 414 415 416 417 418 419 421 423 424 427 428 429 430 431 433 434 435 436 438 439 440 441 443 444 446 447 448 449 451 452 453 454 455 457 458 461 462 463 466 467 468 469 470 471 474 476 477 478 479 480 481 482 483 484 485 487 488 489 491 492 493 494 495 496 497 677 679 789 
184: 0 1 2 3 5 6 7 9 10 11 12 13 14 15 18 19 20 23 24 25 27 28 29 31 32 34 35 36 37 38 39 40 42 43 44 45 46 47 48 49 52 53 54 55 56 57 58 61 62 64 65 66 67 68 69 70 71 72 73 74 75 76 77 78 79 81 82 83 85 86 87 88 92 93 94 97 98 99 100 102 105 106 111 114 115 116 117 118 119 120 121 123 124 125 126 127 128 129 130 131 132 133 134 135 136 138 139 140 141 142 143 144 145 146 147 148 149 150 151 152 153 154 155 156 157 158 162 163 164 165 166 167 168 169 170 171 173 174 175 176 177 178 179 181 182 183 185 186 187 188 189 191 192 193 196 198 199 200 201 202 203 204 205 207 208 210 212 214 215 216 217 218 219 220 221 222 223 224 225 226 227 229 230 231 233 235 236 237 239 242 243 244 246 247 248 249 250 251 252 253 254 255 256 257 259 260 261 262 263 264 265 266 267 268 269 271 272 273 274 275 276 277 278 279 280 281 282 284 285 286 288 290 291 294 297 298 300 301 302 304 305 306 307 308 309 311 312 313 315 316 321 324 325 326 327 328 329 332 333 334 335 338 340 342 343 344 346 347 348 349 350 351 352 354 355 356 357 358 359 360 361 364 365 366 367 370 372 373 374 375 376 377 379 380 381 383 384 385 386 387 388 389 390 392 393 394 395 396 397 398 399 400 402 403 404 405 406 408 411 413 414 416 418 419 420 421 422 423 424 425 426 427 428 429 430 431 432 434 436 437 438 439 440 441 442 444 445 446 447 452 453 454 456 457 458 462 463 464 465 466 467 470 471 472 473 474 477 478 479 480 481 482 483 485 486 488 490 491 492 493 494 496 498 499 635 
185: 0 1 2 3 6 8 9 10 11 12 13 14 15 16 18 21 23 24 25 26 29 30 31 33 34 35 36 37 38 39 40 41 42 43 45 46 49 50 51 54 55 56 57 58 59 60 62 63 64 65 66 69 70 73 74 75 76 77 78 79 82 85 86 87 88 89 90 91 92 93 94 95 96 97 99 100 101 102 103 104 106 107 108 109 110 111 112 113 114 116 117 118 119 120 121 122 124 125 126 127 128 129 130 131 132 133 134 136 138 139 140 142 143 145 146 147 148 149 151 152 153 154 155 158 159 160 161 162 163 164 165 167 168 169 170 171 172 173 174 175 176 177 178 179 181 183 184 186 187 188 189 190 191 193 194 195 197 200 201 203 204 205 208 209 210 211 212 213 214 215 217 218 219 221 222 225 227 228 229 230 231 232 233 236 237 238 239 240 241 242 244 245 246 247 248 249 250 251 253 254 256 257 258 259 260 261 263 264 265 268 269 271 272 273 274 276 278 279 281 282 283 284 287 288 289 291 292 293 294 296 297 298 299 300 301 302 303 304 306 307 308 309 310 311 313 315 317 318 319 320 322 323 325 326 330 333 334 335 336 337 339 340 341 343 344 346 347 348 349 350 351 352 354 356 357 358 359 360 361 364 365 366 368 369 371 376 377 378 379 380 382 383 386 388 389 391 392 393 395 396 398 399 400 401 402 403 405 406 408 409 410 411 412 413 415 416 417 418 419 420 421 422 423 424 427 428 430 431 432 433 434 435 436 437 440 441 442 443 444 445 447 448 449 451 452 453 454 455 456 457 458 459 460 461 462 463 464 465 466 467 468 469 470 471 473 475 477 479 480 481 483 486 487 488 490 491 492 494 496 497 498 499 622 646 946 961 
186: 0 1 2 3 4 5 7 8 10 11 12 13 14 15 16 17 18 19 20 22 23 25 27 28 29 30 31 32 33 34 35 36 37 39 40 41 44 45 46 47 48 49 51 52 53 54 55 56 58 59 60 61 62 66 67 68 69 70 71 72 73 75 76 77 78 79 80 82 83 85 86 87 88 89 90 91 92 93 94 95 97 98 99 100 102 103 104 105 106 107 108 109 111 112 113 114 116 118 121 122 123 124 125 126 127 128 129 131 132 134 136 137 139 140 141 143 145 146 147 148 150 151 152 153 154 155 157 159 160 161 162 163 164 165 166 167 168 169 170 171 172 173 175 176 177 178 179 180 181 182 184 185 187 188 189 190 191 192 193 196 197 199 200 201 202 203 204 205 206 207 208 210 211 212 213 214 215 217 218 219 221 222 223 225 226 227 228 230 231 232 234 237 238 239 240 241 242 243 244 245 246 247 248 249 250 252 253 254 255 257 259 260 261 262 263 264 265 266 267 268 270 271 272 273 274 276 277 279 280 281 282 283 290 291 292 293 294 295 296 297 298 299 300 301 304 305 306 307 308 309 310 311 312 314 315 316 317 318 320 321 322 323 324 327 329 330 331 332 333 334 335 336 337 338 339 340 341 342 344 345 346 347 348 349 350 352 353 354 355 356 358 359 361 362 363 364 365 366 367 368 369 371 373 374 375 376 378 379 381 382 383 384 385 386 388 389 390 391 392 393 395 396 399 400 401 402 403 404 405 406 408 409 410 411 412 413 414 415 416 417 418 419 420 421 422 423 424 425 426 428 430 431 432 433 434 436 438 440 441 442 443 444 445 446 447 449 450 451 453 455 456 457 461 462 463 464 465 468 469 470 471 472 473 476 477 478 480 481 482 483 484 486 489 491 492 493 494 495 496 499 666 778 929 961 969 
187: 0 1 3 4 5 6 7 8 9 10 11 12 13 14 16 18 19 21 22 23 24 25 26 27 29 30 31 32 34 35 38 39 40 41 42 43 44 45 46 47 48 49 50 53 54 55 56 57 59 60 62 63 64 66 67 69 70 71 72 73 76 77 78 79 80 81 83 84 85 86 87 88 90 91 92 93 96 97 98 99 100 101 103 104 105 106 107 108 110 111 112 113 114 116 117 118 119 120 122 123 125 126 127 128 129 130 131 132 133 134 135 136 137 138 139 140 141 142 144 147 148 150 151 153 154 155 156 157 158 159 160 161 162 163 164 165 166 167 169 171 172 173 174 175 176 177 178 179 180 183 184 185 186 188 189 190 191 193 195 197 198 199 200 201 203 206 207 208 210 212 213 215 216 217 218 219 220 221 222 223 224 225 227 229 231 233 234 235 236 237 238 239 240 243 244 245 246 247 248 251 252 255 257 258 259 261 262 263 264 265 268 269 270 271 272 273 274 275 276 277 278 279 282 283 284 286 287 289 291 293 294 295 296 299 301 302 303 304 305 307 308 309 310 312 313 314 316 317 318 319 320 321 322 323 324 325 326 327 329 330 331 332 334 335 336 337 338 339 340 342 343 344 345 346 348 349 351 352 353 354 356 357 358 359 361 362 363 364 365 366 368 369 371 372 374 375 377 378 379 380 383 384 385 386 387 388 389 390 392 394 395 396 397 399 400 401 402 403 404 405 406 407 408 409 410 411 413 414 415 416 418 419 420 421 422 423 425 426 427 428 429 430 432 433 434 435 438 439 440 441 442 444 445 447 448 449 451 452 454 456 459 460 461 464 465 467 468 469 470 471 472 473 476 479 480 482 483 485 486 487 488 489 490 491 492 493 494 495 496 497 498 603 631 693 787 766 
188: 0 1 2 3 4 5 6 8 9 10 11 12 13 14 15 16 17 18 20 21 22 23 24 25 26 27 28 29 30 31 32 33 34 35 36 38 39 41 43 44 47 49 50 51 52 53 55 56 58 60 61 62 63 64 67 68 69 70 71 72 73 75 76 77 78 79 80 82 85 86 88 89 90 91 94 95 97 98 100 102 103 107 108 109 110 111 112 113 114 115 117 119 120 121 122 123 124 125 126 128 129 131 132 133 134 135 136 138 139 140 141 143 144 145 146 147 149 150 151 152 153 154 156 157 158 159 160 161 162 163 164 165 166 168 169 171 174 175 176 177 178 179 181 182 183 184 185 186 187 189 190 191 192 193 194 195 196 198 199 200 201 203 204 205 206 207 208 210 211 212 213 214 215 216 217 218 219 220 221 222 224 226 228 229 230 231 232 233 234 235 237 238 239 240 242 243 244 245 247 248 249 251 252 253 254 255 256 257 258 260 263 264 265 266 267 268 269 270 273 274 275 276 277 278 279 280 281 282 283 284 285 286 287 288 289 290 291 292 293 295 296 297 299 301 302 303 304 305 306 307 308 309 310 312 313 314 317 318 319 320 322 323 325 327 329 330 331 332 333 334 335 337 338 339 340 341 342 343 344 346 347 348 349 350 351 352 353 354 357 358 360 362 363 366 367 368 371 372 373 375 376 377 378 379 381 384 385 386 387 389 390 391 393 394 399 400 401 402 403 404 405 406 407 408 409 410 411 413 414 415 417 418 419 420 425 426 427 429 430 431 432 433 434 436 441 442 443 444 446 447 448 449 450 452 453 454 455 457 460 461 462 463 464 465 466 467 469 470 471 475 476 477 478 479 480 481 482 483 484 485 486 487 488 489 491 492 493 494 495 496 498 499 644 923 941 
189: 0 1 2 3 5 6 7 10 11 12 14 17 18 19 20 21 22 23 26 28 29 30 31 32 33 34 35 36 37 38 39 40 41 42 43 45 46 47 48 49 50 51 52 53 54 55 56 57 58 59 60 61 62 63 64 65 66 70 71 72 73 74 75 76 77 78 79 81 82 83 84 86 87 88 90 91 92 93 94 95 96 97 99 100 101 102 103 106 107 108 109 110 111 113 114 115 116 117 118 119 120 121 122 123 124 125 127 129 130 131 133 134 135 136 137 139 140 141 142 143 144 145 147 148 150 152 153 154 155 156 157 160 161 162 163 164 165 166 167 168 169 171 172 173 174 175 176 177 178 181 184 185 186 187 188 190 191 192 193 194 197 198 199 200 202 204 205 206 207 209 210 211 212 213 215 216 217 218 220 221 222 223 224 227 229 230 231 232 233 234 235 237 238 241 242 244 246 247 250 252 253 255 257 258 259 260 261 262 263 264 265 266 267 268 269 270 272 273 274 275 276 277 278 280 281 282 283 284 285 286 287 288 289 290 291 292 294 295 296 297 298 299 300 302 303 304 305 306 307 308 309 310 311 313 315 317 318 320 322 323 324 325 326 327 329 331 332 335 336 337 338 339 340 341 342 343 344 345 346 348 349 350 351 352 354 355 356 357 358 359 361 362 363 364 367 368 369 370 371 372 373 374 375 376 377 378 380 381 382 383 385 387 391 393 395 397 398 399 401 402 403 404 405 406 408 410 412 413 414 416 417 419 421 423 424 425 426 427 428 431 432 433 434 435 437 438 441 442 444 445 446 448 449 450 453 454 455 456 457 458 459 460 461 462 463 464 467 469 470 473 474 475 476 477 479 481 482 483 484 485 486 487 489 490 491 492 494 495 496 499 622 664 976 
190: 0 1 2 4 5 6 7 8 9 11 14 15 17 18 19 20 22 23 24 26 28 29 31 33 35 36 37 38 39 40 41 42 43 47 48 49 51 52 53 54 55 56 57 58 59 60 61 64 65 66 68 70 71 72 73 74 75 77 79 80 82 83 84 85 86 88 89 90 92 93 97 98 100 101 102 103 104 106 107 108 109 111 113 114 115 117 118 119 120 121 122 124 126 127 129 130 131 133 134 135 136 137 138 139 140 141 142 144 146 147 148 149 150 151 152 153 154 156 157 158 159 160 162 163 164 165 166 167 168 169 170 171 172 173 174 175 176 177 179 180 181 182 183 185 186 187 188 189 192 193 195 197 198 199 200 202 203 204 205 206 208 209 210 211 213 214 215 216 217 218 219 220 221 223 224 225 227 228 229 230 231 232 234 235 236 237 239 240 241 242 243 244 245 246 247 248 249 251 252 253 254 255 256 257 258 259 260 263 264 266 267 268 270 271 272 273 276 277 278 279 281 282 283 284 285 286 288 289 290 294 295 296 297 299 300 302 305 308 309 310 311 312 313 314 315 316 317 318 319 320 321 322 323 325 326 327 328 329 330 333 334 335 336 337 338 339 340 341 342 343 344 345 347 349 350 351 352 353 354 355 357 360 361 362 363 364 365 366 368 369 370 372 373 374 375 376 377 379 380 382 383 384 385 386 387 388 390 392 393 394 395 396 398 399 400 401 403 405 407 408 409 410 412 413 414 415 416 417 418 419 420 422 423 424 426 427 428 429 430 432 434 435 436 437 440 441 442 443 444 445 446 448 449 450 452 455 456 457 458 459 460 461 462 463 465 467 468 469 470 472 473 475 476 477 478 481 482 483 484 485 486 487 489 490 492 494 495 496 497 636 951 
191: 0 1 2 3 4 5 6 10 11 12 13 14 16 17 18 19 20 21 22 24 25 26 27 28 29 31 32 35 37 38 39 40 41 42 43 44 45 47 50 51 53 56 57 59 60 61 62 63 64 65 67 68 69 71 73 77 78 79 80 82 84 86 87 88 90 92 93 95 96 97 98 99 100 101 102 103 104 106 107 108 110 111 112 113 118 119 120 122 123 124 125 127 128 129 130 131 132 134 136 138 139 140 141 142 144 146 147 148 149 150 151 152 153 154 156 157 158 159 160 161 163 165 166 167 168 169 170 172 173 175 177 178 180 181 182 184 185 186 187 188 189 192 193 194 195 196 197 198 199 201 202 203 204 205 206 207 208 209 210 212 213 214 215 216 217 218 219 223 224 225 226 227 228 230 232 233 234 235 236 237 243 244 248 249 250 251 252 253 254 256 257 258 259 260 261 263 265 266 267 268 270 272 273 276 277 279 280 281 283 285 286 288 289 290 291 292 293 294 295 296 297 299 300 301 302 303 304 305 306 307 308 309 310 311 313 315 316 318 319 324 325 328 330 334 335 336 337 338 339 340 341 342 343 344 347 348 350 351 352 353 354 356 357 358 359 360 362 365 366 367 368 370 372 373 374 375 376 377 379 381 382 383 384 385 386 388 389 390 391 392 393 394 395 396 398 399 400 401 402 403 404 405 406 409 410 411 414 415 416 417 418 419 420 421 422 423 424 425 426 427 428 429 430 431 434 436 437 438 439 440 441 442 444 445 447 448 450 451 453 455 456 457 458 459 460 461 462 463 464 465 466 468 469 470 471 473 474 475 476 477 478 479 480 481 482 483 484 485 486 487 489 490 491 492 493 494 495 496 497 498 499 
192: 0 1 2 3 4 5 6 7 8 9 10 12 13 15 16 18 19 20 21 22 23 25 26 27 29 31 32 34 35 36 37 38 39 40 41 42 43 44 45 46 47 49 51 52 53 54 55 56 57 58 60 61 62 63 64 65 66 67 68 69 70 71 72 73 74 79 80 81 82 83 84 85 86 88 89 90 91 92 96 98 99 100 102 104 105 106 107 108 109 110 111 113 115 116 117 119 120 122 123 124 125 126 127 128 130 131 133 134 135 136 137 139 140 143 144 146 147 148 149 150 151 152 153 154 155 159 161 163 164 165 166 167 169 170 171 172 173 174 176 177 178 179 180 181 182 183 184 186 188 189 190 191 193 194 196 197 198 200 201 202 204 205 206 208 210 211 212 213 215 216 218 219 220 221 222 223 224 225 226 227 229 230 231 232 234 235 236 237 239 240 241 242 244 245 246 247 248 249 250 251 252 253 255 257 258 259 261 262 263 264 265 266 269 270 271 272 273 274 275 276 277 278 279 280 281 283 285 288 289 294 296 298 299 300 301 302 304 305 306 307 308 311 312 313 315 316 317 319 321 322 323 324 325 326 327 328 330 331 332 333 334 336 337 338 339 340 341 343 344 349 350 351 352 353 355 357 358 359 360 361 362 364 366 367 369 370 371 373 374 375 376 377 378 379 380 381 382 383 384 385 387 388 389 390 391 392 393 395 396 397 398 400 401 403 404 405 406 407 409 410 411 412 413 414 416 417 418 419 420 421 422 424 425 426 427 428 429 431 434 435 436 439 440 441 443 444 446 447 448 449 450 451 452 453 454 455 456 457 458 459 461 462 463 464 465 467 468 469 470 471 474 475 476 477 479 481 482 483 484 485 486 487 488 489 491 493 494 495 497 498 499 674 998 
193: 0 1 2 3 4 5 6 7 10 11 12 13 14 16 19 20 21 22 23 24 28 30 31 33 34 35 36 37 38 39 40 41 42 43 44 45 47 48 50 51 52 53 54 58 59 60 62 64 65 67 69 71 72 73 74 75 78 79 80 81 82 84 87 89 92 93 94 95 96 97 98 100 101 102 103 104 105 106 107 108 109 110 111 112 113 116 117 118 119 122 124 125 127 129 131 132 133 134 135 136 137 138 140 141 142 143 145 146 148 149 151 152 153 154 156 158 159 160 161 164 165 166 167 168 169 170 171 172 174 175 176 178 179 180 181 182 183 184 185 186 187 188 189 190 191 192 198 201 202 203 204 205 206 207 208 209 211 212 213 216 218 219 220 221 222 223 224 225 227 228 229 230 231 232 234 237 238 239 240 244 245 247 248 249 251 252 253 254 255 257 258 259 262 263 264 265 266 267 268 269 270 271 272 274 275 277 278 279 280 281 282 283 284 285 286 287 288 290 291 293 295 296 299 300 301 302 303 305 306 307 308 309 310 311 312 313 316 318 319 321 322 324 325 328 329 330 331 332 333 335 336 337 339 340 341 343 344 345 346 347 348 349 350 351 353 354 355 357 359 361 362 363 366 367 368 369 370 371 372 373 374 376 377 378 379 381 384 385 386 387 389 391 392 393 395 396 397 398 400 401 402 404 405 407 408 409 410 411 412 414 415 417 418 419 420 421 424 425 426 427 428 429 430 431 432 435 437 438 439 441 442 443 444 445 446 447 448 452 453 454 455 458 459 460 461 462 464 466 467 468 470 471 472 473 474 476 477 479 480 481 482 483 484 485 486 487 488 489 492 493 494 495 496 497 498 499 796 935 
194: 0 1 2 3 5 6 7 8 9 10 11 12 13 14 19 20 21 22 24 26 27 28 29 30 31 32 33 34 37 39 41 44 45 46 47 48 50 51 52 53 54 55 56 57 58 60 61 63 64 65 66 67 69 71 72 74 75 77 79 81 83 84 85 86 87 88 90 91 92 93 94 96 97 98 99 100 101 102 104 105 106 107 110 111 113 114 115 116 117 118 123 125 126 127 129 130 132 133 134 136 137 138 139 141 142 143 144 146 149 150 151 152 153 155 156 157 158 159 160 161 163 164 165 167 169 170 171 174 175 176 178 181 185 188 189 191 192 196 197 198 199 200 201 202 203 204 205 206 207 209 210 211 213 214 216 217 218 219 220 221 222 224 225 226 227 228 229 230 231 232 233 234 235 237 238 239 240 241 242 243 245 246 247 248 249 250 251 252 253 254 256 257 259 262 263 264 265 266 267 268 269 270 271 272 273 274 275 276 277 278 279 280 281 282 283 285 286 288 289 290 291 292 293 295 296 297 299 301 302 303 304 305 306 307 308 309 310 311 312 314 315 316 317 318 319 320 321 322 323 324 325 326 327 328 330 331 332 333 334 335 337 338 339 340 343 344 346 349 350 351 352 353 355 357 359 361 362 363 364 365 366 367 369 370 371 373 374 375 376 377 378 379 380 381 382 385 386 387 388 390 392 393 394 396 398 399 400 401 402 404 405 406 409 410 411 413 414 415 416 417 418 419 420 421 422 424 426 427 428 430 432 433 434 435 436 437 438 439 440 441 442 443 444 445 447 448 449 450 451 452 453 454 455 456 458 459 460 461 463 464 465 469 472 473 477 478 479 481 482 483 484 485 487 488 489 490 491 492 493 494 495 496 497 498 499 612 
195: 0 1 2 3 5 6 7 8 9 10 11 13 16 17 18 22 23 24 25 26 27 28 30 31 32 33 34 35 36 37 38 39 40 41 42 43 44 45 47 49 50 51 52 53 54 55 57 58 59 61 62 65 66 67 68 70 71 72 73 74 75 76 77 79 80 82 85 86 88 90 92 94 96 97 98 99 100 101 102 103 104 106 107 108 109 110 112 113 114 115 116 117 118 119 125 126 127 128 129 130 131 132 133 134 135 136 137 139 140 141 143 144 145 147 148 149 151 152 153 154 155 156 157 158 159 160 161 162 164 166 167 168 170 171 172 174 176 177 178 182 185 187 188 190 191 197 198 199 200 201 202 205 208 209 210 211 212 214 215 216 217 219 220 222 223 224 225 226 227 229 230 232 233 234 235 236 237 238 239 240 241 242 243 244 245 246 247 248 249 250 252 253 254 255 256 257 259 260 261 262 264 265 266 267 268 269 270 271 272 273 274 275 276 277 278 279 281 282 283 285 287 288 290 291 292 293 295 296 297 299 301 302 305 306 308 310 311 313 315 316 317 318 319 321 322 324 325 326 327 328 329 330 331 332 334 335 336 337 338 339 340 342 344 345 346 347 350 351 352 353 354 355 357 358 360 361 362 363 364 365 369 370 371 372 374 376 377 378 379 380 381 382 385 386 387 388 389 390 391 393 395 396 397 398 400 402 403 405 406 407 408 409 410 411 414 416 417 418 419 421 422 423 425 426 427 428 429 431 432 433 434 435 436 438 439 440 441 443 444 445 446 448 449 450 451 452 454 455 457 459 461 462 463 464 465 466 467 468 469 470 471 472 473 474 475 476 479 480 481 482 483 485 486 487 488 489 490 491 492 493 494 495 496 497 498 499 625 636 
196: 1 2 3 6 7 8 9 10 12 14 15 16 18 19 20 21 22 23 25 26 28 29 30 31 32 33 37 38 39 40 41 43 44 45 46 47 48 49 50 51 52 53 54 56 59 60 61 62 63 64 65 66 67 68 69 71 72 74 75 77 78 79 80 83 84 85 86 88 89 90 91 92 93 94 95 96 97 98 99 100 101 103 104 105 106 107 108 109 110 112 113 114 115 116 119 120 121 124 125 126 127 129 130 131 134 135 136 137 138 141 142 143 144 145 146 147 149 150 151 153 154 155 157 158 160 161 162 164 167 168 170 171 172 173 174 175 176 178 179 180 181 183 184 186 188 191 192 194 197 198 199 200 202 205 206 207 208 210 211 213 215 216 217 218 219 220 221 225 226 227 228 229 230 231 232 233 235 237 238 239 240 244 245 246 249 250 251 252 253 254 255 256 257 258 259 260 261 263 264 265 266 267 268 270 271 273 274 275 276 277 278 279 281 282 283 284 285 286 288 289 291 293 295 296 297 298 299 304 305 306 307 308 309 310 311 312 314 315 316 318 321 322 323 324 325 326 327 328 330 332 333 334 336 337 338 339 340 341 342 343 345 346 348 350 351 352 353 354 356 357 358 359 363 364 365 366 368 369 371 372 373 374 375 376 377 378 380 381 382 383 385 386 388 389 390 391 394 395 396 397 398 399 400 401 402 403 405 406 407 408 409 411 413 415 416 417 418 419 420 421 422 424 425 426 427 428 429 430 431 432 434 435 436 437 438 439 440 441 442 444 445 446 447 448 449 451 452 453 454 455 456 457 458 459 460 461 462 463 465 467 469 470 471 472 473 474 475 477 479 480 481 482 483 484 485 486 487 488 490 492 493 494 495 496 497 498 499 625 947 953 978 
197: 0 1 2 3 4 6 7 8 11 12 13 14 15 16 19 21 22 23 24 25 26 30 31 32 33 36 37 38 39 40 41 42 44 45 46 48 49 50 51 53 54 55 56 57 58 59 60 61 62 64 65 66 68 69 70 71 72 73 74 76 77 78 79 80 81 84 85 86 87 88 89 90 91 94 95 96 97 98 99 100 101 102 103 104 105 106 107 108 109 110 111 112 113 114 115 116 118 119 121 123 124 126 128 129 130 131 132 133 134 135 136 137 139 140 141 142 143 144 146 147 148 149 150 152 153 154 155 156 157 158 161 162 163 164 166 168 171 172 173 174 175 177 178 179 181 182 183 185 186 187 189 190 191 192 194 195 196 198 199 200 201 202 203 204 205 206 208 209 210 211 212 213 214 215 216 219 220 221 222 223 224 225 227 228 229 231 232 234 235 236 239 240 241 242 243 244 245 247 249 250 252 253 257 258 259 260 261 264 265 266 267 269 270 272 273 274 275 276 277 278 279 280 281 283 284 285 286 287 290 291 292 293 295 296 297 298 299 300 301 302 303 304 305 306 307 308 309 310 311 312 315 316 317 318 319 320 321 322 324 326 328 330 331 332 333 335 336 337 339 340 341 342 343 344 345 347 348 349 350 351 353 354 355 356 357 359 360 361 364 365 366 367 369 370 371 372 373 374 375 376 377 378 379 380 383 386 388 389 390 391 392 394 396 397 398 399 400 401 402 403 404 405 408 409 411 412 413 414 415 416 418 419 420 421 422 423 424 425 426 427 429 431 432 433 434 436 437 438 439 440 444 445 446 449 450 451 452 453 454 455 456 458 460 461 462 465 466 468 469 470 471 472 474 476 477 478 479 481 482 484 485 486 487 488 490 491 493 496 497 498 499 639 684 929 
198: 0 1 2 3 4 6 8 9 10 11 12 13 14 15 17 19 20 21 24 25 26 27 28 31 32 33 34 35 36 38 39 43 45 46 48 49 50 51 52 53 54 58 59 60 61 63 64 65 66 67 68 69 70 71 72 74 76 77 78 79 80 82 84 85 86 87 88 89 90 92 95 96 97 99 100 101 102 103 106 107 109 111 112 114 115 116 117 118 119 120 121 122 123 124 125 126 127 128 129 131 132 136 137 141 142 143 144 145 146 148 149 150 151 152 153 154 156 157 160 161 162 163 164 167 168 169 170 171 172 173 174 175 176 177 178 179 180 181 182 183 184 187 188 189 190 191 192 193 194 195 196 197 199 200 201 202 203 204 205 207 209 210 211 212 213 215 216 218 219 221 222 223 224 225 226 227 228 229 230 231 232 233 234 235 236 238 239 240 241 243 244 245 247 249 250 251 253 254 255 256 257 258 260 261 262 264 265 266 267 268 269 271 273 274 275 276 277 279 280 281 282 283 285 287 288 289 290 291 292 293 294 295 296 297 298 299 301 302 304 305 306 307 308 309 310 311 312 313 314 315 316 317 318 320 321 322 323 324 325 326 328 329 331 332 333 334 335 336 337 338 339 340 341 342 344 345 346 347 348 349 350 352 354 355 356 357 358 359 362 363 364 365 366 367 369 370 371 372 373 374 375 377 380 381 382 383 384 385 386 390 391 394 395 396 397 400 401 402 403 404 405 406 409 410 411 413 416 417 419 420 422 423 424 425 426 427 429 430 431 433 435 436 437 438 440 441 442 443 444 445 446 447 448 450 451 454 457 458 460 461 462 463 464 465 466 467 468 469 471 472 473 475 476 479 480 481 482 483 486 487 488 489 490 491 493 494 495 496 497 498 921 
199: 0 1 2 3 5 6 7 9 10 11 13 14 15 17 18 21 22 23 25 26 27 29 30 31 33 34 36 37 38 40 41 42 43 44 45 46 47 48 49 51 53 54 56 57 58 59 60 61 62 63 64 66 67 70 71 72 73 76 78 79 80 81 82 83 84 88 89 90 91 92 93 94 96 97 98 100 101 102 103 104 105 107 108 109 111 112 115 116 117 118 119 121 122 124 125 126 127 128 129 130 131 132 133 134 135 136 138 139 140 141 142 143 144 145 146 147 148 149 150 151 152 154 156 157 159 160 163 165 166 168 169 171 174 178 180 181 182 183 184 186 187 188 189 190 191 194 195 196 197 198 200 201 202 204 205 206 208 211 212 213 214 216 217 219 220 221 222 225 226 227 230 233 234 235 237 238 240 242 243 244 246 247 249 250 251 252 254 255 256 257 258 259 260 261 263 265 267 268 269 271 272 273 274 275 277 279 280 281 282 283 284 285 286 287 291 292 293 294 295 298 299 301 303 304 305 306 307 309 311 312 313 314 315 316 317 318 320 321 322 323 325 326 327 328 330 331 332 334 335 336 337 338 339 341 343 345 346 347 348 350 352 353 355 356 357 359 360 361 362 364 365 366 367 370 371 372 373 374 375 376 377 378 379 380 381 382 384 385 387 388 390 391 392 393 394 395 396 397 398 399 400 403 404 405 406 407 408 409 411 412 413 414 415 416 417 418 419 420 421 423 424 425 428 429 430 431 432 433 434 435 436 438 439 440 442 443 444 445 449 451 452 453 454 456 457 458 459 460 462 463 464 465 466 467 468 469 471 472 473 474 475 477 478 479 480 482 483 484 485 487 488 489 490 491 493 495 496 497 498 499 631 697 943 
200: 0 1 2 3 4 5 6 7 8 9 10 11 12 13 14 15 17 18 20 22 23 25 26 27 29 30 31 32 33 34 35 38 39 41 42 43 44 45 48 49 50 51 53 54 56 57 58 60 61 64 65 66 67 69 71 72 74 75 76 79 80 84 85 87 88 90 91 92 93 94 96 97 98 99 101 102 103 104 105 106 107 108 109 110 111 114 115 116 118 119 120 121 122 124 125 126 127 128 129 130 132 134 135 136 137 140 141 142 143 144 148 149 150 151 152 153 154 155 156 157 158 159 160 161 162 163 165 166 167 169 170 171 172 173 174 175 176 177 178 180 181 183 184 185 186 187 188 189 190 192 194 195 196 197 198 199 201 202 203 205 206 207 208 209 210 211 213 214 215 217 218 219 220 221 222 224 225 226 227 229 230 231 232 233 234 235 237 238 240 241 244 246 247 248 249 250 251 252 253 254 255 256 257 258 259 261 263 266 269 271 272 273 275 276 277 278 279 280 281 282 283 284 285 286 287 288 289 291 292 293 295 296 297 299 300 301 302 303 305 306 307 308 309 310 311 312 313 317 319 321 322 323 324 325 327 329 331 332 333 334 335 336 339 340 341 342 343 344 345 346 347 348 349 350 351 352 353 354 355 356 357 359 360 361 362 363 364 367 368 369 372 373 374 375 376 377 378 383 384 385 386 387 388 389 390 391 392 393 394 395 396 397 398 399 400 401 402 404 405 406 407 408 409 410 411 413 414 416 417 418 419 420 421 422 423 424 426 427 428 429 430 431 434 435 437 438 439 440 441 443 444 446 447 448 449 452 455 456 457 459 460 461 463 464 465 466 467 469 470 472 473 474 475 476 477 478 479 480 483 484 486 487 489 492 493 495 496 497 498 499 928 
201: 0 1 2 3 4 5 6 7 8 10 11 13 15 16 17 18 19 20 21 22 23 24 25 27 31 32 33 34 35 36 39 41 42 43 45 46 48 49 50 51 52 53 54 55 56 57 58 59 62 63 64 65 68 69 70 71 72 73 74 75 76 77 78 79 80 81 84 85 86 88 89 90 92 93 96 98 100 101 102 103 105 107 108 110 111 112 113 115 116 118 119 120 122 123 125 126 127 130 131 133 134 136 137 138 139 140 141 144 147 148 149 151 153 154 155 156 158 160 162 163 164 165 167 169 170 172 173 174 176 177 178 179 180 181 183 184 185 186 187 188 191 192 193 194 195 197 198 199 200 202 204 205 207 208 210 211 212 213 214 215 216 218 219 220 222 223 225 226 227 228 229 231 232 234 238 240 241 242 244 245 246 248 249 250 251 252 254 255 257 258 259 260 261 262 263 264 265 266 267 270 272 273 274 276 279 280 281 282 283 284 285 286 287 289 290 291 292 293 294 295 296 297 298 299 301 303 304 305 306 308 309 310 312 313 315 316 317 319 320 321 322 323 324 325 326 327 328 329 331 333 335 336 338 340 341 343 344 346 347 348 349 350 352 353 354 355 356 357 359 360 361 362 363 366 367 369 370 371 372 373 375 376 377 378 379 380 381 382 386 387 388 389 390 391 392 393 394 395 396 397 398 400 401 402 403 404 405 408 409 411 412 413 414 416 417 418 419 420 421 422 424 425 426 427 428 429 430 431 432 434 435 436 438 440 441 444 445 450 451 453 454 455 456 457 458 459 460 461 462 464 465 466 467 468 469 470 473 474 475 476 477 478 479 480 481 482 484 485 486 487 488 489 490 491 492 493 494 495 496 499 934 
202: 0 1 2 3 4 5 6 7 8 9 10 12 13 14 15 16 17 18 19 20 23 24 25 26 27 28 29 30 31 32 34 35 37 38 41 43 44 45 47 48 49 51 52 53 54 55 56 57 58 59 60 61 62 63 64 68 69 71 72 73 74 75 77 78 80 81 82 85 86 88 89 91 92 94 95 96 97 98 99 100 101 102 103 104 105 106 110 111 112 115 117 118 119 120 121 122 123 124 126 127 128 129 132 133 135 136 137 138 139 140 141 142 143 145 146 147 149 150 154 156 157 158 159 160 161 162 163 164 165 167 168 170 171 172 173 174 175 176 177 178 179 180 181 184 186 189 190 191 192 193 194 195 196 197 198 199 200 201 203 204 206 208 210 211 212 213 215 217 218 221 223 225 227 229 230 231 232 233 234 236 237 238 240 241 242 243 244 245 246 247 248 249 251 252 253 255 256 257 259 260 261 262 263 265 266 267 268 269 270 272 273 275 276 277 280 281 282 283 284 285 286 289 290 292 293 294 296 297 298 301 304 305 307 308 309 310 311 312 313 314 316 317 319 320 321 322 323 324 325 326 327 330 331 332 333 334 336 338 339 340 341 342 343 344 345 346 347 348 349 350 351 352 353 354 355 356 357 358 359 360 361 364 365 367 368 369 370 371 372 373 374 375 377 379 380 381 383 384 385 386 387 388 390 391 392 393 394 395 396 397 398 399 400 401 402 403 404 405 406 407 408 410 411 413 414 415 416 418 419 420 421 423 424 425 426 429 430 431 432 433 434 435 436 437 440 441 442 443 444 445 446 447 450 451 452 454 456 457 458 461 462 464 465 466 467 470 471 472 473 475 476 479 480 481 482 484 485 486 487 488 490 491 492 494 496 497 498 646 792 
203: 0 1 3 5 6 7 8 9 10 12 14 15 17 18 19 20 21 22 23 24 26 29 30 31 32 33 34 36 37 38 39 40 41 42 43 44 45 46 47 48 49 51 52 53 54 55 56 58 59 61 64 67 68 69 70 71 72 73 74 76 78 81 82 83 84 86 87 88 89 90 91 92 93 94 95 96 98 99 100 101 103 104 106 107 108 109 110 111 112 113 115 116 118 121 122 124 126 127 129 130 132 133 134 138 139 141 143 145 146 149 150 151 153 156 157 158 161 162 163 164 165 170 171 173 174 175 176 177 178 179 180 184 185 186 187 188 190 191 193 194 197 198 200 202 204 205 206 207 208 209 210 212 213 214 216 217 218 219 221 222 223 224 225 226 228 229 232 234 236 237 239 240 241 242 243 244 245 247 248 250 251 252 253 254 255 256 257 260 262 263 264 265 266 267 268 270 272 273 274 275 276 277 278 279 280 282 283 284 285 286 287 288 289 290 293 294 295 296 297 299 300 302 303 305 306 307 308 309 310 311 312 313 314 315 317 318 319 321 322 323 327 328 329 330 332 333 336 337 338 340 341 342 344 345 346 348 349 351 353 354 355 356 357 359 360 361 362 363 364 365 366 367 368 369 372 374 376 377 379 380 381 382 383 384 385 386 387 388 389 390 391 392 393 394 396 397 398 399 400 402 403 407 408 409 410 411 413 414 415 416 417 418 419 421 422 423 424 425 426 427 429 431 433 434 435 436 437 439 440 441 445 446 448 449 450 451 452 453 454 456 457 458 459 460 461 462 463 464 465 467 469 470 471 472 474 475 476 477 478 479 480 481 482 485 486 487 488 490 491 492 493 494 495 496 497 498 499 
204: 2 3 4 5 8 10 11 13 14 15 16 17 18 19 20 21 22 23 24 25 26 27 28 29 30 32 34 35 36 38 39 40 43 45 46 47 48 49 50 51 53 55 56 57 58 59 60 62 63 65 66 67 69 71 72 73 74 76 77 78 79 80 81 82 83 84 85 90 91 93 94 95 96 99 100 101 102 103 105 107 108 109 110 111 112 113 114 115 117 118 119 120 121 122 123 124 125 126 127 128 129 130 131 132 134 135 136 137 140 141 142 143 144 145 146 147 149 151 152 155 157 158 159 160 161 162 163 164 165 166 167 168 169 172 174 175 177 179 180 182 183 184 185 186 188 189 190 191 192 193 194 197 198 199 201 202 203 206 207 208 210 211 212 213 214 216 220 221 222 223 224 227 228 230 233 234 236 237 238 239 240 241 242 243 245 246 248 250 251 252 253 255 256 257 258 259 261 262 264 265 266 267 268 272 274 275 276 277 278 280 281 282 285 286 287 288 289 290 292 293 294 295 296 297 298 299 300 301 302 303 304 305 307 308 309 311 313 314 315 317 319 320 322 323 324 325 326 327 328 329 330 331 334 335 336 337 338 339 340 341 342 343 344 345 347 348 349 350 351 352 353 354 355 356 357 359 360 361 362 363 367 368 369 370 371 372 373 374 375 376 377 378 379 380 381 382 384 385 386 387 388 389 390 393 396 397 400 401 403 404 405 406 407 408 410 411 412 413 414 418 419 421 422 423 425 427 428 430 431 434 435 437 438 439 440 444 445 446 448 449 450 451 452 453 454 455 456 457 458 459 460 461 462 463 466 467 468 469 470 471 472 473 474 475 476 477 478 479 480 481 483 484 485 486 487 488 489 490 491 493 494 495 496 497 499 616 636 923 996 
205: 0 1 2 4 5 6 7 8 9 12 13 14 15 16 17 18 20 21 22 23 24 25 26 27 28 29 30 31 33 34 35 36 37 39 41 42 43 44 45 47 48 49 50 51 52 55 56 57 58 59 60 61 62 63 64 65 66 67 68 69 71 72 74 75 76 77 78 80 81 82 83 84 85 86 87 88 91 92 93 94 95 97 98 99 100 101 103 104 105 106 107 108 109 110 111 113 115 116 118 120 121 122 123 124 125 128 129 130 132 133 134 135 136 137 138 139 140 141 143 144 145 148 149 150 152 154 155 156 158 159 160 161 162 164 165 169 170 171 175 176 177 180 181 182 183 184 185 186 188 189 190 191 192 193 194 195 196 197 198 199 200 201 203 206 207 209 212 214 215 216 217 218 219 220 221 222 223 224 225 226 227 228 231 232 233 234 235 236 238 239 241 242 243 244 245 247 248 250 252 253 254 255 256 257 258 259 261 262 263 265 266 267 269 270 271 272 274 275 276 278 279 280 281 282 283 284 285 286 287 288 289 290 291 293 294 295 297 298 299 300 301 302 303 305 307 309 310 311 312 313 314 315 316 317 318 320 321 322 323 324 325 327 329 331 332 334 336 338 339 340 341 342 343 345 346 347 348 349 350 351 352 354 355 356 357 358 361 362 363 365 366 369 370 373 374 375 376 377 378 379 382 383 384 386 387 388 389 390 392 393 394 395 396 397 398 399 400 402 403 404 405 406 407 408 409 410 412 413 414 415 416 417 418 419 420 421 423 425 426 427 428 430 431 432 434 436 438 439 441 442 443 444 445 446 448 449 450 452 453 454 456 457 458 459 460 461 462 464 466 467 468 470 471 473 476 477 478 479 481 483 484 485 486 487 488 489 490 493 496 497 499 689 933 
206: 0 2 3 5 7 8 9 13 15 16 17 18 20 21 22 23 24 25 26 27 28 30 31 32 33 34 35 36 37 38 39 40 41 45 47 49 50 51 52 56 57 60 61 63 65 66 67 68 69 70 72 74 75 77 78 79 80 81 82 83 86 87 88 89 90 91 93 94 96 97 98 99 100 101 102 103 104 105 108 109 110 113 114 115 116 118 119 120 122 123 124 125 126 127 128 129 130 131 132 133 134 135 136 138 139 140 142 143 144 145 147 149 150 153 154 155 156 157 159 160 161 162 166 167 168 169 170 171 172 173 174 175 176 177 178 179 180 181 183 186 187 188 189 190 191 192 193 194 196 197 199 200 202 203 204 205 207 208 209 210 211 212 213 215 216 217 218 219 221 222 223 225 226 227 228 229 232 233 234 235 237 239 240 241 242 243 244 245 246 247 249 251 252 253 254 255 256 257 258 259 260 262 264 265 268 269 270 271 272 273 276 277 279 280 281 285 286 287 290 292 293 295 297 298 299 300 301 302 303 304 305 306 307 308 309 310 311 312 315 316 317 318 319 320 321 322 324 325 327 328 329 330 332 333 335 336 337 338 339 340 342 344 345 346 348 349 350 351 352 353 354 355 356 357 358 359 360 361 362 363 364 365 366 367 368 371 373 374 375 376 378 379 380 381 382 384 385 386 387 388 389 391 393 395 396 397 399 400 401 402 403 404 406 408 409 410 411 412 413 414 416 417 418 419 420 421 422 424 425 426 428 429 430 431 433 434 435 436 438 439 440 441 443 444 446 447 448 449 450 451 452 455 456 457 458 460 461 462 464 465 466 467 468 469 470 471 472 475 476 477 478 479 480 481 482 483 484 486 487 488 489 490 491 492 493 494 496 498 925 991 993 994 
207: 1 2 3 4 5 6 7 8 9 10 11 12 13 15 17 18 19 20 21 22 24 25 26 28 29 30 31 32 35 36 37 38 39 41 42 44 45 46 48 49 50 52 53 55 57 58 59 60 61 62 63 64 67 68 71 72 73 74 75 76 77 78 79 80 81 82 83 85 86 87 88 89 91 92 93 94 95 97 98 99 101 103 104 106 108 109 110 111 112 113 115 117 121 122 123 124 126 127 128 129 132 133 134 135 136 138 140 141 142 143 144 148 149 150 153 155 156 157 159 160 161 162 163 164 167 169 170 171 172 173 174 176 177 179 182 183 184 186 187 188 189 191 193 194 196 198 200 201 203 204 205 206 208 209 210 211 212 214 216 217 218 219 221 222 223 224 226 227 228 229 230 232 233 234 236 237 239 240 241 243 244 246 247 249 250 251 254 255 256 257 258 259 261 263 264 265 267 268 270 271 275 276 277 279 281 282 283 284 286 288 289 292 293 296 297 298 299 301 303 304 305 306 307 311 312 313 314 315 317 318 319 320 323 324 326 327 330 331 332 336 337 339 340 341 342 343 344 345 347 348 349 350 351 352 353 354 355 358 359 361 363 364 365 366 367 368 369 370 371 372 374 375 376 377 378 380 382 383 386 387 388 389 391 392 393 394 397 398 399 401 402 404 405 406 407 408 409 410 411 413 414 415 416 417 418 419 423 424 425 426 427 428 430 431 434 438 439 440 441 443 445 447 448 449 450 451 452 453 455 456 457 458 459 460 461 462 463 464 465 466 468 469 470 471 472 473 476 477 479 480 481 484 485 486 488 489 490 491 493 494 495 498 499 617 625 788 791 
208: 1 2 3 4 5 6 7 10 12 13 14 15 16 18 19 21 22 25 26 27 28 29 31 32 33 34 37 38 39 40 41 43 44 46 48 49 50 51 52 53 54 56 57 59 60 63 66 67 68 73 74 75 76 77 78 79 84 85 86 87 88 90 91 95 96 97 98 99 100 101 102 108 109 110 113 114 115 116 118 119 120 121 122 123 124 125 126 127 128 130 131 132 133 134 135 137 138 139 140 141 142 143 145 146 147 148 149 151 152 153 154 156 157 159 160 161 162 164 165 166 167 169 170 171 172 173 174 176 177 178 180 181 182 183 184 185 186 187 188 190 191 192 193 195 196 197 199 200 201 202 203 204 206 207 210 211 212 213 214 215 216 218 219 220 222 224 225 226 227 228 230 231 232 233 234 236 237 238 239 240 241 242 243 244 245 246 247 248 249 250 251 253 254 255 256 257 259 260 261 262 265 267 268 269 270 271 272 273 274 276 278 280 281 282 283 285 287 288 289 290 291 292 293 294 295 296 299 301 302 303 304 305 306 307 308 309 311 312 313 315 316 318 319 320 321 322 324 325 326 327 328 329 331 332 333 334 338 339 340 341 342 343 345 346 347 349 350 352 353 354 355 356 357 358 360 361 362 363 365 366 367 368 369 370 372 374 375 376 379 381 382 383 384 386 387 388 389 391 393 394 395 396 399 400 401 403 404 405 407 408 409 411 413 414 415 416 417 418 419 420 421 422 423 424 425 427 429 430 431 434 435 436 438 440 444 446 447 450 453 454 456 457 458 459 460 461 462 463 465 466 468 471 472 475 476 477 478 479 480 483 485 486 487 488 489 490 491 493 494 495 496 497 498 499 630 640 645 673 926 992 996 
209: 0 1 2 3 4 5 8 10 13 14 15 16 18 19 20 21 22 23 24 25 26 27 29 30 31 32 35 36 37 39 40 41 42 43 44 45 46 47 49 50 53 55 56 57 58 59 60 61 63 64 65 66 67 68 69 70 71 73 74 76 77 78 79 80 81 83 84 85 86 87 89 90 91 94 95 96 97 98 99 100 101 102 103 104 105 106 107 110 111 112 113 115 117 119 120 121 123 125 127 128 130 131 132 133 134 135 137 138 139 140 144 146 147 148 149 150 151 152 153 154 156 157 158 159 160 161 162 163 164 166 167 168 170 171 173 174 175 176 177 179 180 181 183 185 189 190 191 193 194 195 197 198 200 203 205 206 207 210 212 214 215 216 217 218 219 221 222 223 224 226 227 228 229 230 232 235 238 239 240 241 242 243 244 245 247 248 250 253 254 255 256 257 258 260 261 262 263 264 265 266 267 268 269 270 272 273 274 277 278 281 282 283 287 288 289 290 291 292 293 294 295 298 299 300 301 302 303 304 305 306 307 308 309 310 311 312 313 314 315 316 317 322 323 324 325 326 327 328 329 330 331 332 333 334 337 338 339 340 343 344 346 347 348 350 351 354 355 356 357 358 359 360 363 364 365 367 368 370 371 372 373 374 375 377 378 379 380 381 382 383 384 385 387 388 389 390 391 392 395 396 397 398 399 400 401 404 405 408 409 410 411 412 413 414 416 417 419 420 421 422 423 424 425 426 428 429 430 433 434 435 436 439 441 442 443 444 445 446 448 450 451 452 453 454 455 456 457 458 459 460 461 462 463 464 465 466 467 469 470 471 472 473 474 475 477 478 479 480 481 482 483 484 486 487 488 490 491 492 493 494 495 496 497 498 499 618 765 952 955 986 
210: 0 1 2 3 4 6 7 8 9 10 11 12 13 14 15 16 17 18 20 21 22 23 24 25 26 27 29 30 31 33 34 35 36 37 38 40 41 44 45 46 47 48 49 50 51 52 54 55 56 57 58 59 60 62 63 64 65 66 68 69 70 73 74 76 77 79 80 82 83 84 85 86 87 89 90 91 92 93 94 95 96 97 100 101 102 103 104 105 106 108 110 111 112 113 114 115 117 118 119 120 121 122 123 124 127 128 129 130 132 133 134 135 138 139 140 142 143 146 147 148 149 151 152 153 156 157 158 159 160 161 163 164 165 166 169 170 171 172 173 174 175 176 177 178 179 180 181 182 184 185 186 187 188 189 190 191 192 194 195 196 197 198 200 201 202 203 204 206 207 208 209 211 213 215 216 217 220 221 223 224 226 227 228 229 230 231 233 234 235 236 237 240 242 243 244 245 246 249 250 251 253 254 255 257 258 259 260 261 262 263 267 268 269 270 271 272 274 275 276 277 279 280 283 284 285 287 288 291 293 294 296 297 298 299 300 301 303 304 305 306 307 308 310 311 312 313 314 315 317 318 320 321 322 323 324 327 328 329 330 331 332 337 338 339 342 344 345 347 348 350 351 352 353 354 355 356 357 358 359 360 361 362 363 364 365 366 367 370 371 372 373 374 375 376 377 378 379 380 381 383 384 385 387 389 390 391 392 393 394 396 397 399 401 402 403 405 408 409 410 411 413 414 415 417 418 419 420 421 423 424 425 426 427 429 430 431 432 433 434 436 437 438 439 441 443 444 446 448 449 450 452 453 455 456 457 459 461 463 464 465 466 467 469 471 472 473 474 475 477 478 479 480 481 482 483 484 485 487 489 491 492 493 494 495 496 498 499 682 753 
211: 0 1 2 3 4 5 6 8 11 12 13 18 19 21 22 23 25 26 27 28 29 30 32 34 35 37 38 41 42 43 44 45 46 47 48 52 53 54 55 56 57 58 59 60 61 62 63 65 66 67 68 69 71 73 74 75 77 78 81 82 83 84 85 86 87 89 90 91 92 94 95 96 97 98 101 102 103 104 105 106 107 108 109 110 113 114 115 116 117 118 119 120 121 122 123 124 125 126 128 129 130 131 133 135 136 137 138 140 141 142 143 144 145 146 147 148 149 150 151 152 153 154 155 156 157 158 159 160 162 164 165 166 167 168 169 170 171 176 177 179 180 181 182 185 186 188 189 190 192 193 194 195 196 197 198 199 200 201 202 204 206 207 208 210 212 213 214 215 217 218 219 221 222 223 224 225 226 227 230 231 232 233 234 235 236 237 238 239 241 242 243 244 245 246 247 248 249 251 252 255 256 257 258 261 262 263 264 265 266 267 269 270 271 272 273 275 278 280 281 282 283 285 286 289 291 293 294 295 297 298 300 301 302 303 304 305 306 307 309 310 311 312 313 314 315 316 320 321 322 323 324 325 326 327 328 329 330 332 333 334 335 336 337 338 339 340 342 343 344 347 349 350 351 352 353 354 355 358 359 361 362 364 365 366 368 369 375 376 378 379 380 382 383 384 385 386 387 389 390 391 392 393 394 395 397 400 402 403 404 405 406 407 410 412 413 415 416 417 418 420 421 422 424 426 427 428 430 431 433 436 437 438 440 441 442 444 445 447 449 450 451 452 453 454 455 456 457 458 459 460 461 463 465 466 468 469 470 471 472 474 478 479 480 481 482 483 484 486 487 488 490 492 493 494 495 496 497 498 676 761 
212: 1 2 3 4 5 6 7 8 9 10 12 13 14 15 16 17 18 19 20 21 23 24 25 26 28 29 30 31 32 33 34 35 37 38 40 41 42 45 46 47 48 49 50 51 52 53 54 56 57 58 59 60 61 62 63 64 65 66 67 68 69 70 73 74 76 77 79 80 81 82 83 84 85 86 87 88 89 90 91 92 93 94 95 96 97 98 99 100 101 102 103 104 105 106 108 109 110 112 113 114 115 117 118 121 122 123 125 126 127 128 130 131 132 133 134 135 136 138 139 140 141 142 144 145 146 147 148 149 150 151 152 153 154 155 156 157 158 159 160 161 162 164 165 166 168 169 170 172 173 176 178 179 181 182 184 185 186 187 188 189 191 192 193 195 197 198 199 201 202 203 204 205 206 207 208 209 211 214 215 216 217 219 220 221 224 225 226 228 229 230 231 233 235 236 237 239 240 242 243 244 248 249 250 251 252 255 256 257 259 260 261 263 264 266 267 268 269 270 272 274 275 276 277 278 279 280 281 282 284 285 286 287 288 289 290 292 294 297 298 301 304 305 306 307 308 309 310 311 312 314 316 317 318 319 320 321 322 324 325 326 327 328 329 331 332 335 336 338 340 341 342 343 344 345 346 347 348 349 350 351 352 355 356 357 358 359 360 361 362 363 364 365 367 369 372 373 374 375 377 378 379 380 383 384 385 387 388 389 391 394 395 396 397 398 399 401 402 403 408 409 410 411 412 413 416 417 418 420 421 422 424 425 427 428 429 430 431 433 434 435 436 437 438 439 440 441 442 443 444 445 446 447 448 449 450 452 453 454 455 456 457 458 459 461 462 463 464 465 466 467 468 469 470 471 472 473 474 475 476 477 478 479 480 481 482 484 485 486 487 488 489 490 491 492 493 494 495 498 499 636 657 691 
213: 0 1 2 3 5 9 10 11 12 13 14 15 17 18 19 20 21 22 23 25 28 29 31 33 34 35 36 37 39 41 42 43 44 45 46 49 50 53 54 57 59 60 62 63 64 65 68 69 70 71 72 73 74 75 76 79 81 82 83 84 85 86 87 88 89 91 92 93 94 96 97 98 99 102 103 104 105 106 107 108 113 114 115 116 117 118 119 120 122 124 125 126 127 128 130 131 134 135 136 137 138 140 141 142 144 146 148 150 151 152 153 155 156 157 160 161 163 164 165 166 168 169 171 172 173 174 175 176 177 179 181 183 185 186 187 188 189 190 191 192 193 194 196 197 198 199 200 201 202 203 204 206 208 210 211 214 216 219 220 221 223 227 228 231 232 233 234 235 236 237 238 239 240 241 242 243 244 245 247 249 250 252 253 254 255 256 257 258 259 260 261 263 264 265 266 268 269 270 271 273 275 276 279 280 281 282 285 288 289 290 291 292 294 296 297 298 300 301 302 304 307 308 310 311 312 313 314 315 316 317 318 319 322 324 325 326 327 328 329 330 332 333 334 335 336 337 338 340 341 343 344 345 346 349 350 351 352 353 354 355 356 357 359 360 361 364 365 368 369 370 372 373 374 375 376 377 379 380 381 383 384 385 386 387 389 390 391 392 394 396 397 398 399 400 403 404 405 406 407 408 409 410 411 412 413 415 416 417 418 420 422 423 424 425 426 427 429 431 432 433 435 436 437 438 439 440 441 442 443 446 447 448 449 450 451 452 454 455 456 457 458 459 460 461 462 463 465 467 468 469 470 472 475 476 478 480 482 483 484 485 486 487 489 490 491 492 494 495 497 499 776 920 961 
214: 0 5 6 8 10 11 12 13 14 16 17 18 19 20 21 23 24 26 29 30 31 32 33 34 36 37 40 41 42 43 45 46 48 49 51 53 55 56 57 58 59 60 61 63 64 65 66 68 69 70 71 73 74 75 77 79 80 83 84 87 89 90 91 92 93 94 95 97 99 100 101 102 104 107 108 109 110 111 112 114 115 116 117 118 119 120 121 122 124 125 126 127 128 130 133 134 135 136 137 138 139 141 145 146 147 148 149 150 151 152 153 154 156 157 158 160 161 162 163 164 166 167 168 169 171 172 173 174 175 177 178 179 181 182 183 184 185 186 188 190 191 194 195 197 199 200 201 203 204 205 207 208 209 211 212 213 215 216 217 219 220 221 222 225 226 227 229 230 231 232 233 234 235 236 237 239 240 241 242 243 244 245 247 248 249 250 251 252 254 255 256 260 261 262 263 264 265 267 268 269 270 271 272 273 274 276 277 278 279 280 281 282 283 284 285 286 288 289 290 292 294 295 298 301 302 303 304 305 306 307 308 309 311 312 314 315 316 317 319 321 322 323 324 325 327 329 330 332 335 336 337 338 339 340 341 343 344 345 349 350 351 352 353 354 355 356 357 358 359 360 361 362 363 365 366 367 368 369 371 373 374 375 376 378 380 382 383 384 386 387 388 389 393 394 395 397 398 399 400 401 402 403 405 406 407 408 409 410 411 412 413 414 415 416 417 418 419 420 421 422 423 424 425 426 427 429 430 433 434 435 436 437 438 439 440 441 443 444 445 446 447 448 449 450 451 452 453 454 455 456 458 459 460 461 463 465 466 467 468 469 471 472 473 474 475 476 477 478 479 480 481 482 483 485 486 487 488 489 490 491 493 494 495 496 498 610 624 649 768 
215: 0 1 2 4 6 7 8 9 10 11 12 14 15 16 17 18 19 20 22 23 24 25 28 29 31 33 34 36 37 38 39 40 41 42 43 44 45 47 50 51 52 53 56 57 59 61 62 63 66 67 68 69 70 71 72 73 74 75 76 77 78 79 80 83 84 85 86 87 88 89 90 92 93 95 96 97 98 99 100 101 102 103 104 105 107 108 110 111 113 115 116 117 118 119 120 121 122 123 125 126 127 129 130 131 132 133 134 135 136 137 138 139 140 141 142 143 145 146 147 148 149 151 152 154 155 156 157 158 159 160 161 162 163 164 166 167 168 169 173 174 175 176 177 179 180 181 182 184 185 186 187 188 189 190 191 192 195 196 197 198 200 201 202 205 206 208 209 210 211 212 214 218 220 221 223 224 225 226 228 229 230 231 232 235 237 238 239 240 241 242 243 245 246 247 248 249 250 251 252 253 254 255 257 258 259 260 261 262 263 264 265 266 267 268 271 273 274 275 276 277 278 279 281 282 283 284 285 286 287 288 289 290 292 293 294 295 296 297 298 299 300 301 302 303 304 305 306 308 309 310 311 312 313 314 315 317 318 319 320 321 323 324 325 326 327 328 329 330 331 333 335 336 339 340 341 342 345 346 347 350 351 352 353 354 356 357 358 359 360 361 362 363 364 366 367 368 369 370 372 373 374 375 376 377 378 379 380 381 383 384 385 386 387 388 389 390 391 392 394 396 397 400 401 402 403 404 405 406 407 408 409 410 411 413 414 415 416 417 418 419 420 421 424 425 426 427 428 429 430 431 432 436 438 439 440 441 442 443 446 447 448 449 450 451 452 453 454 455 456 457 458 459 460 462 463 464 465 466 467 469 472 473 474 475 476 477 478 479 480 481 482 483 484 485 486 490 492 493 494 495 496 498 499 675 679 974 
216: 1 2 3 4 5 6 7 8 9 10 11 12 13 14 15 17 18 19 20 21 22 23 24 25 26 29 31 34 36 37 39 40 41 42 44 45 46 47 48 49 50 51 55 56 57 58 59 60 61 62 63 64 65 66 68 69 70 71 72 73 74 75 76 77 79 80 82 83 85 86 87 88 89 90 92 93 94 95 97 98 99 100 101 102 104 105 106 108 109 110 111 112 113 114 116 117 118 119 121 122 123 124 125 126 127 128 129 130 131 132 133 134 135 136 139 140 141 142 143 145 146 150 151 154 155 156 157 158 160 161 162 164 165 166 167 168 169 171 172 173 174 176 178 179 180 181 184 187 188 189 190 191 192 193 194 195 196 197 198 199 201 203 204 205 206 207 208 209 210 212 213 214 217 218 219 220 221 222 223 226 228 229 230 231 232 234 235 236 238 239 241 242 243 244 245 246 247 248 249 251 253 255 257 258 259 260 261 263 264 265 266 267 268 270 271 274 275 277 278 279 280 281 282 284 287 290 291 292 293 295 296 297 298 299 300 301 302 303 304 305 306 307 308 309 311 313 314 317 318 319 320 323 325 326 327 328 329 332 334 336 337 339 340 341 343 345 346 347 349 351 353 354 356 357 358 359 360 361 362 363 365 367 368 369 370 373 374 376 377 378 379 380 381 383 384 386 388 389 390 394 395 396 397 398 399 400 401 403 404 406 407 408 409 410 411 412 413 414 415 416 418 420 422 423 424 425 426 427 428 430 432 433 434 435 436 437 438 439 440 442 443 444 445 446 448 449 451 453 454 456 457 458 459 460 461 462 464 465 466 467 468 469 470 472 473 474 475 476 477 478 479 480 483 484 485 486 487 488 489 491 493 494 497 498 499 942 987 
217: 0 3 4 5 7 8 9 11 14 15 16 17 18 19 20 23 24 25 26 27 28 29 31 32 33 34 35 36 37 39 40 41 43 46 47 49 50 51 52 53 54 55 56 57 58 59 61 62 63 64 65 66 68 70 74 75 76 77 78 79 80 82 83 84 85 86 87 88 89 90 91 92 93 94 95 96 97 99 102 103 107 108 109 110 111 112 114 115 116 118 119 120 121 123 124 126 127 128 129 131 133 134 135 136 137 138 139 140 141 142 143 144 145 146 147 149 150 151 152 153 154 155 156 157 158 159 160 161 162 163 165 166 168 169 170 173 175 177 178 181 182 183 184 185 186 187 188 189 190 191 194 195 196 199 200 202 203 205 206 207 209 210 211 212 214 216 219 220 222 223 224 226 228 230 231 232 234 236 237 238 239 241 242 243 245 246 248 249 250 251 252 253 254 255 256 257 258 259 260 261 262 263 264 266 267 268 270 272 274 275 276 277 278 279 280 282 283 284 285 287 288 289 292 293 294 295 296 297 298 300 301 302 303 304 305 309 312 313 315 316 317 318 320 324 325 326 327 330 331 332 333 334 335 336 338 339 340 341 343 344 346 348 352 353 354 355 356 359 360 362 363 364 365 369 370 371 372 373 374 375 376 377 378 380 381 382 383 384 385 386 387 388 389 390 391 393 394 395 396 398 399 400 401 402 403 404 405 406 407 408 409 410 411 412 413 415 416 418 419 420 421 422 423 427 428 429 431 432 433 435 436 437 438 439 440 441 443 444 445 449 450 452 453 454 455 456 457 458 459 460 462 463 464 465 466 467 468 470 471 472 473 474 475 476 477 479 480 481 482 485 486 488 489 490 491 493 495 496 497 498 620 
218: 0 1 3 4 5 6 7 9 10 11 12 13 14 15 16 17 18 21 22 23 24 25 26 27 28 29 30 31 32 33 34 35 36 37 38 39 40 41 42 44 45 46 47 48 49 50 51 52 53 54 55 56 57 58 61 63 64 65 69 70 71 72 73 74 76 77 78 79 80 81 82 83 84 85 86 87 88 89 90 92 93 94 95 98 100 101 102 103 104 105 106 107 109 110 111 113 115 117 119 120 122 123 124 125 127 130 132 133 134 136 137 138 139 140 141 142 143 144 145 146 147 148 150 152 153 154 155 156 157 158 161 162 163 164 165 166 167 168 169 170 171 173 174 176 177 178 179 180 181 182 183 184 185 186 187 188 189 190 191 192 193 194 196 198 200 201 202 203 205 206 207 208 209 211 215 216 219 220 221 222 223 224 225 226 229 230 231 232 233 235 236 239 240 241 242 243 247 248 249 250 251 252 253 254 255 256 257 258 259 260 261 262 263 264 265 266 269 270 271 272 273 275 276 277 278 279 280 282 284 286 287 288 289 291 292 294 297 298 299 300 301 302 303 304 305 306 307 308 309 310 311 312 313 314 315 316 317 318 319 320 321 322 324 325 326 327 328 329 330 331 332 333 334 335 336 337 338 339 340 341 343 344 345 346 347 348 349 350 351 353 354 355 356 357 358 361 362 363 364 365 366 368 369 370 371 372 373 374 377 378 379 381 382 384 386 387 389 390 391 392 393 395 396 401 402 403 404 405 406 407 408 409 411 412 413 414 415 416 417 418 419 421 422 423 424 425 426 427 430 431 432 433 435 436 437 438 439 441 442 443 444 445 446 448 449 451 452 453 454 455 456 457 458 459 461 462 463 465 466 469 470 471 473 474 475 478 479 482 483 484 486 488 489 491 492 493 494 495 496 497 499 689 955 
219: 0 1 2 3 4 5 6 7 8 9 10 13 14 15 16 17 18 19 20 21 26 27 28 29 30 31 32 33 34 35 37 38 39 40 42 43 47 48 49 50 51 52 54 55 56 57 58 59 61 62 63 66 67 69 70 71 73 74 75 76 77 78 82 83 84 86 87 88 89 90 92 93 94 95 96 97 98 99 101 102 104 105 106 107 108 110 111 112 113 114 115 116 117 118 119 120 122 123 124 125 126 127 128 129 130 131 132 134 135 136 138 139 140 141 144 145 146 148 149 150 151 152 153 154 155 159 160 162 163 166 167 169 171 172 173 174 175 176 177 179 180 181 182 183 184 185 186 187 188 190 191 192 193 194 195 196 197 198 199 200 201 203 205 206 207 208 209 211 212 213 214 216 217 218 220 221 222 223 225 226 227 228 229 231 232 233 235 238 239 241 242 243 244 245 247 248 249 250 251 252 254 255 256 258 260 261 263 264 265 266 267 268 269 270 271 272 273 275 276 277 278 280 282 283 284 285 286 287 290 292 293 294 295 297 298 299 303 306 307 308 309 310 312 313 315 316 317 318 319 320 321 322 325 326 327 328 329 330 331 332 333 334 335 337 338 339 340 342 344 346 347 349 350 351 352 353 354 355 359 360 361 362 363 364 366 367 368 369 370 371 373 374 376 377 378 379 380 381 382 383 386 387 389 390 392 393 397 398 399 402 403 404 405 406 407 408 409 410 411 414 416 418 419 420 421 422 425 426 427 430 431 432 433 435 436 439 442 444 445 447 448 449 452 453 454 455 456 462 463 464 465 466 467 468 469 470 471 472 473 475 477 478 479 480 481 482 484 485 486 487 488 489 490 491 492 493 494 495 496 498 499 618 
220: 0 1 2 3 4 5 6 7 8 9 10 12 13 14 15 17 18 19 20 21 22 23 24 25 26 27 28 30 32 33 34 35 36 37 38 39 40 41 44 45 46 47 49 50 51 53 54 55 56 57 58 60 62 63 65 66 68 70 71 72 73 74 75 76 77 81 82 83 86 87 88 91 92 93 94 96 97 98 99 100 101 103 104 105 106 107 109 110 111 112 113 114 115 116 117 118 119 120 122 125 127 129 130 131 132 133 135 136 137 138 139 140 141 142 144 145 146 147 148 149 150 152 153 154 155 156 157 158 159 160 162 163 165 166 167 168 169 170 171 172 173 175 176 177 179 180 181 182 183 184 187 188 189 190 192 193 194 195 196 197 199 200 201 204 205 208 210 212 213 214 215 216 217 218 219 221 222 223 224 225 227 228 229 230 232 233 234 235 236 237 238 239 240 242 243 244 245 246 247 248 249 253 254 256 257 258 259 260 261 262 263 265 267 268 270 271 272 273 274 275 277 278 280 283 284 288 289 290 293 294 295 297 298 301 302 303 304 305 306 308 310 311 312 313 315 316 317 318 320 321 323 324 325 326 327 328 329 331 332 333 335 337 338 339 340 341 342 343 346 348 351 353 354 355 357 359 360 361 362 363 364 365 366 368 369 370 371 372 374 375 376 377 378 379 381 382 383 384 385 386 387 388 389 390 392 393 394 395 398 399 400 402 403 404 405 406 407 408 409 410 411 412 413 414 415 417 418 419 420 421 423 424 425 426 429 430 431 432 434 436 437 438 439 440 442 443 444 445 446 447 449 450 452 456 457 459 460 461 462 463 464 465 466 467 468 469 471 474 475 476 482 483 484 485 487 488 489 490 491 493 494 495 496 499 658 949 959 
221: 2 4 5 6 7 8 9 10 11 12 13 14 15 17 18 20 21 22 23 24 25 26 27 28 30 31 32 33 34 36 37 38 41 43 46 47 49 51 52 53 54 55 57 58 60 61 62 64 65 66 67 68 69 70 71 72 75 77 78 79 80 81 82 83 84 86 87 89 90 91 92 93 94 95 96 97 99 102 104 106 108 109 110 111 112 114 115 116 118 119 120 121 122 123 124 125 127 128 129 130 131 132 133 134 135 136 137 138 140 141 142 143 144 145 148 149 150 151 152 155 156 157 158 159 160 161 162 163 164 165 166 167 168 169 170 171 172 173 174 175 176 177 178 179 180 181 182 183 184 185 186 187 188 189 190 192 193 194 196 197 198 199 200 202 203 204 205 206 207 209 210 211 212 213 214 215 216 218 219 220 222 223 225 226 227 228 230 231 232 233 234 236 237 238 239 241 243 244 245 247 248 249 250 251 252 253 254 255 257 258 259 261 262 263 264 266 268 269 270 272 273 275 277 278 279 280 281 282 283 284 285 286 287 288 289 290 291 293 294 295 296 297 298 299 300 301 302 303 304 305 306 308 309 310 311 312 313 314 317 319 320 321 322 323 324 326 327 328 329 330 331 332 333 334 335 336 337 338 339 340 341 342 343 344 345 346 348 349 350 351 354 355 356 357 361 362 363 364 366 367 368 370 371 374 375 376 377 378 379 380 381 385 387 388 389 390 391 392 393 394 395 397 399 400 401 402 403 404 405 406 407 408 411 413 414 415 416 417 418 419 420 421 423 424 425 426 429 430 431 433 434 436 437 440 442 443 444 445 446 447 448 449 450 452 454 455 457 458 460 461 462 463 464 465 466 467 468 470 471 472 473 474 475 476 477 479 481 482 483 484 485 486 487 491 493 494 495 496 497 498 978 
222: 0 1 2 3 4 5 6 7 8 9 11 14 15 17 18 19 20 21 22 25 26 27 28 29 30 32 34 35 36 37 38 39 40 41 42 43 45 46 47 49 50 52 54 55 56 57 58 59 60 62 64 65 67 68 69 70 72 73 74 75 76 78 79 80 82 83 84 85 87 88 90 91 92 93 94 95 96 98 99 100 101 103 104 105 106 107 109 110 111 112 113 115 116 117 119 122 123 124 125 126 127 128 129 130 131 132 133 135 137 138 139 142 143 144 148 149 150 152 153 154 156 157 158 159 160 161 164 165 167 168 169 170 171 172 173 174 175 176 178 179 180 181 182 183 184 185 186 187 188 189 192 193 194 195 197 198 199 200 201 203 204 205 206 207 208 209 211 214 216 217 218 219 220 221 223 225 227 229 231 232 236 237 238 239 241 244 245 246 247 248 249 250 251 252 253 254 256 257 258 259 260 262 263 264 265 266 267 268 269 270 271 272 273 274 275 276 278 281 282 283 284 285 287 288 289 291 292 293 294 295 297 298 300 302 303 305 306 307 309 310 311 312 313 314 315 316 319 320 321 322 323 325 326 329 330 331 332 333 334 335 336 337 338 341 344 346 347 349 350 351 353 354 355 356 357 358 359 360 361 362 363 364 365 366 369 372 373 375 376 377 378 379 380 381 382 383 386 387 388 389 390 391 392 394 396 398 399 400 401 405 406 409 412 414 415 416 417 418 419 420 421 422 423 424 426 427 428 431 432 433 434 435 439 440 441 442 443 444 445 446 447 448 449 450 451 453 454 455 456 457 458 459 461 462 463 464 465 466 467 468 469 470 471 472 473 475 476 477 478 479 480 482 483 484 485 486 487 488 489 490 491 492 493 495 496 497 498 785 920 994 
223: 0 1 3 5 6 7 8 10 11 12 13 14 15 16 17 19 21 23 25 26 27 28 31 32 33 34 36 37 39 40 43 45 48 49 50 51 53 55 56 57 58 59 60 61 62 63 64 65 68 69 70 71 72 73 74 75 76 78 79 80 81 83 84 85 88 89 90 91 92 94 95 96 97 100 102 103 104 105 106 108 109 110 112 113 114 115 116 117 118 119 122 123 125 126 127 128 129 130 131 132 134 136 137 138 139 140 142 143 144 145 146 147 148 149 150 151 152 153 154 155 157 158 159 160 161 162 163 164 165 166 167 170 172 173 174 175 177 178 179 180 181 182 183 184 186 187 189 190 191 192 193 195 197 198 201 202 203 204 205 206 207 209 210 211 213 215 216 217 218 219 220 221 222 224 225 226 227 228 229 230 231 232 234 235 237 239 240 242 243 244 245 246 247 249 250 251 253 254 255 256 258 259 260 261 262 264 265 266 271 274 275 276 278 279 280 281 282 283 284 286 287 289 290 291 292 294 295 296 297 298 299 300 301 302 303 304 305 306 307 309 311 312 313 314 315 317 318 319 320 321 322 323 325 326 327 328 329 331 332 334 336 337 338 342 344 345 348 351 352 354 355 356 357 358 359 360 361 362 363 364 365 366 367 369 370 371 374 375 378 379 380 381 382 383 385 386 387 388 389 390 391 392 393 394 395 396 398 400 402 403 404 406 408 409 410 411 414 415 416 417 418 419 420 421 422 423 424 425 426 427 430 431 432 433 434 435 436 437 440 442 443 445 446 448 449 450 452 453 454 455 457 458 459 460 461 463 464 465 466 467 468 469 470 471 472 473 474 475 476 478 480 481 482 483 484 485 486 487 488 489 490 492 493 494 496 499 
224: 1 2 3 4 8 9 10 12 13 14 15 16 17 19 20 22 23 26 27 28 29 30 33 35 38 39 40 43 44 45 46 48 50 51 52 53 54 55 58 59 60 61 63 64 65 66 67 68 71 73 74 75 76 77 78 79 80 81 82 83 85 87 89 90 91 92 94 95 96 97 99 100 103 104 105 109 110 111 113 114 115 116 117 118 119 120 121 122 123 124 125 126 127 128 129 130 131 132 133 134 135 138 139 140 142 143 144 145 147 148 149 150 151 152 153 154 155 156 157 159 161 163 164 166 167 168 169 170 172 173 174 175 178 179 180 181 183 184 187 188 189 190 191 192 193 194 195 197 198 200 203 204 205 207 208 209 210 211 212 215 217 218 220 223 225 226 227 228 229 230 231 232 233 234 235 236 238 239 241 242 243 244 245 246 247 248 249 251 255 256 257 258 259 260 261 262 263 266 268 270 272 273 274 275 277 279 280 281 283 284 285 287 288 289 290 291 292 294 295 298 299 300 301 302 303 306 307 308 309 310 311 313 314 315 316 317 319 320 321 322 323 324 327 328 329 330 331 332 333 334 336 337 338 339 340 341 343 345 346 347 354 355 356 357 358 359 360 361 362 363 364 366 367 369 370 371 372 373 374 376 377 378 379 380 381 383 384 385 386 387 388 389 390 392 393 396 397 398 399 400 401 403 404 406 407 408 409 410 411 412 413 414 415 417 418 419 420 423 424 425 426 428 429 430 431 433 434 436 437 439 440 441 444 445 446 448 449 450 452 455 456 457 458 459 461 462 463 464 465 466 467 468 470 471 472 473 474 476 477 478 480 481 482 483 484 485 487 488 489 491 492 493 495 496 497 498 966 
225: 0 1 2 3 4 6 7 11 12 13 14 15 16 17 19 20 21 22 23 25 27 28 29 30 31 32 33 34 35 36 37 38 40 41 42 44 45 46 47 49 50 52 54 55 56 57 58 59 60 61 62 63 64 67 68 70 72 75 76 77 78 80 81 82 83 84 85 90 93 94 95 96 97 99 100 101 102 103 104 105 107 109 110 111 112 113 114 115 117 118 119 121 122 124 125 126 127 128 129 130 131 132 133 134 135 136 137 138 139 141 142 143 145 146 147 148 149 150 152 153 155 156 157 158 163 164 165 167 169 170 172 173 174 175 176 178 179 180 181 182 183 184 185 186 187 190 191 192 193 194 195 196 197 198 199 200 201 202 203 205 206 208 211 212 214 215 218 219 220 221 222 223 224 227 228 229 230 231 232 233 235 236 238 239 242 243 244 245 246 247 248 249 250 251 252 253 254 255 256 257 258 259 260 261 262 263 264 266 268 269 270 272 273 274 275 277 279 280 283 284 285 286 287 288 289 290 291 293 294 296 297 298 299 302 303 304 305 306 308 309 310 311 312 313 314 315 317 320 322 324 325 326 328 329 330 333 337 338 339 340 342 344 345 347 349 351 352 354 355 357 358 359 360 362 363 365 366 367 368 369 370 372 373 375 377 378 379 380 383 384 386 388 389 390 391 392 394 395 396 397 398 401 402 404 406 407 408 410 412 413 414 415 416 417 418 420 421 422 423 425 426 427 429 430 431 432 433 434 438 439 440 441 442 443 444 445 446 450 451 453 454 455 456 457 458 460 461 463 464 465 466 473 474 476 478 479 480 482 483 484 486 487 488 489 490 491 493 494 496 499 619 642 756 978 
226: 0 1 2 3 4 5 6 7 8 11 14 16 18 19 22 23 24 25 26 27 28 29 30 32 33 34 36 37 38 39 40 41 42 44 45 46 48 51 52 53 54 56 57 58 59 60 61 62 63 64 65 66 67 68 71 72 73 74 75 76 77 78 79 80 81 83 85 86 87 88 89 90 91 92 93 97 98 99 100 101 102 107 108 109 110 111 112 113 115 116 117 118 119 120 121 122 123 124 125 126 127 128 129 131 132 134 135 137 139 142 143 144 145 146 147 148 149 150 152 153 154 155 156 158 159 160 161 162 163 164 166 167 169 170 171 172 174 175 176 177 178 180 181 182 183 184 186 188 191 192 194 195 196 198 199 200 201 203 205 206 207 208 209 210 211 212 214 215 216 217 218 219 221 223 224 227 229 230 231 232 233 234 236 237 238 239 240 242 243 244 245 246 247 248 249 250 252 253 254 255 256 257 258 259 260 262 263 264 266 267 270 271 272 273 274 276 277 280 281 282 283 284 285 287 288 289 290 291 293 294 296 297 298 299 300 301 302 304 306 307 308 309 310 311 312 313 314 315 316 317 322 323 324 325 326 327 328 329 330 331 332 334 335 336 337 338 339 340 341 342 344 345 346 347 349 350 351 352 354 355 356 357 359 360 361 362 363 366 367 368 369 371 372 373 374 375 376 377 378 381 382 383 385 389 390 391 392 393 395 396 397 399 400 401 402 403 405 406 407 408 409 411 413 414 416 417 418 419 420 421 422 424 427 428 431 434 435 436 437 438 439 443 444 445 446 448 450 451 453 454 455 457 458 459 460 461 464 465 466 468 469 470 473 474 476 477 480 481 482 483 484 485 486 488 489 490 492 493 494 496 497 499 698 
227: 0 1 2 3 4 5 6 7 8 9 10 11 13 16 17 20 22 24 25 26 27 28 29 30 32 33 34 35 36 37 38 40 42 43 44 45 46 48 50 51 52 55 57 58 59 61 62 63 64 65 67 68 70 71 72 73 74 75 76 77 78 80 81 82 83 84 85 86 87 88 90 92 93 94 95 96 98 100 101 102 103 105 106 107 109 110 111 112 113 115 116 117 118 119 120 121 122 123 124 127 128 130 131 132 133 134 135 136 137 138 139 140 141 143 144 145 146 148 149 150 151 152 153 154 155 156 157 158 159 160 162 164 165 167 169 171 172 173 174 175 176 177 178 179 180 181 183 184 185 186 187 189 190 191 192 193 194 195 196 197 198 199 200 201 202 204 205 206 207 208 209 210 211 213 214 219 220 221 222 223 224 225 226 228 229 232 233 234 235 237 238 239 240 241 242 243 244 246 247 249 250 251 252 254 255 257 261 262 263 265 268 269 270 272 273 275 276 277 278 279 280 282 283 284 286 287 288 289 290 291 292 294 296 297 298 299 300 303 304 305 307 308 310 311 313 316 317 319 321 322 324 325 326 327 328 329 330 333 335 337 338 339 340 341 342 343 345 346 348 350 352 353 354 355 356 357 360 361 362 363 366 367 369 371 373 374 375 377 378 381 382 383 385 388 389 391 393 394 397 399 400 401 402 403 404 405 406 407 408 409 410 411 412 413 415 416 417 418 419 420 421 423 424 425 426 427 428 431 432 434 435 436 437 438 439 440 441 442 443 444 445 448 449 450 451 452 453 454 455 456 458 459 462 463 464 466 467 468 469 471 472 473 474 475 476 477 478 480 481 482 483 484 485 487 488 489 491 492 493 494 495 497 498 499 629 640 921 955 976 
228: 0 1 2 3 4 6 7 8 9 10 11 13 15 16 18 19 20 22 23 25 27 29 30 31 32 33 34 35 36 38 39 43 44 46 47 48 49 50 51 52 54 55 56 57 58 61 62 64 65 66 67 69 70 71 72 74 75 76 78 79 80 81 82 83 84 86 87 88 89 90 91 92 93 94 95 96 97 99 100 101 102 103 104 105 106 107 108 109 110 111 113 116 117 118 119 120 124 125 126 128 132 134 135 137 138 139 140 141 142 143 144 145 146 147 148 149 150 151 152 156 157 158 160 161 162 164 165 166 167 168 169 170 171 172 173 174 175 176 177 178 179 181 182 185 186 188 190 191 193 194 196 197 198 201 203 204 205 206 207 208 209 210 212 213 215 216 217 219 220 221 223 224 225 227 230 231 232 234 235 236 237 238 239 240 242 243 244 245 247 248 249 251 252 253 255 256 257 258 259 260 262 263 265 266 267 269 270 273 274 275 276 281 282 283 284 286 287 290 291 293 294 295 297 298 299 300 301 303 304 305 306 307 308 309 310 311 312 313 314 316 317 320 321 322 323 324 325 326 327 328 329 330 331 332 334 335 336 338 339 341 342 343 344 345 346 347 350 351 352 354 356 357 358 360 362 363 364 365 366 369 372 373 374 375 377 378 379 380 381 383 384 385 387 388 389 390 391 393 394 395 396 397 398 400 401 402 403 404 405 406 407 408 409 411 412 413 414 415 416 417 418 419 420 421 422 423 424 425 427 429 431 432 433 434 435 436 437 438 441 443 444 445 446 447 449 450 451 454 455 456 457 459 460 461 462 464 465 466 467 468 472 473 474 475 476 477 479 480 481 482 483 484 485 487 489 490 492 494 495 496 497 498 499 696 931 
229: 0 1 3 4 5 7 8 10 11 12 13 15 16 17 18 19 21 22 23 24 25 27 28 32 34 35 37 39 41 43 44 45 46 47 48 49 50 51 52 53 55 57 58 59 60 61 63 64 65 67 68 70 71 72 73 75 76 77 78 79 80 81 82 83 84 85 86 87 90 91 92 93 94 95 96 97 98 99 100 101 102 103 104 106 107 108 109 110 111 112 113 114 115 117 118 119 120 121 123 124 125 126 131 132 133 134 135 136 137 139 141 143 144 145 146 147 148 149 150 151 152 153 154 155 157 158 160 162 164 165 166 169 170 171 172 173 174 175 176 177 178 179 180 181 182 183 184 185 187 188 189 190 192 193 194 195 196 197 198 200 201 202 203 206 207 209 210 212 214 215 216 218 219 220 222 223 224 225 226 227 230 231 232 233 234 236 237 239 240 241 242 243 244 246 247 248 249 250 251 252 253 254 255 256 257 258 260 261 262 263 264 265 266 267 268 269 270 271 272 273 275 278 279 281 282 284 285 286 287 289 290 291 292 293 295 296 297 298 299 300 301 302 304 305 306 307 308 309 312 313 315 316 317 318 319 320 322 323 324 325 328 329 330 331 332 333 336 338 339 340 342 344 345 346 347 348 349 351 352 353 354 355 356 358 359 360 361 362 364 365 367 368 369 370 371 372 373 374 375 376 377 378 379 381 382 383 385 386 387 388 390 391 392 394 395 396 397 399 400 404 405 406 407 409 410 411 412 413 414 415 416 417 419 420 421 423 424 425 427 428 429 431 432 433 435 436 438 439 440 441 442 445 446 448 449 450 452 453 454 455 457 458 459 460 461 462 464 465 466 467 468 470 471 472 473 474 475 478 480 481 482 485 487 490 491 493 495 496 498 499 627 
230: 1 4 5 6 7 8 9 10 11 12 13 14 15 16 17 18 19 20 21 22 23 25 26 27 28 29 30 31 32 33 34 36 37 38 40 41 42 43 46 47 48 49 50 52 53 54 55 56 59 60 61 62 63 64 65 69 70 71 72 75 76 77 79 81 83 85 86 88 89 91 92 93 94 97 98 99 100 101 102 103 104 105 106 107 108 111 112 114 115 116 117 118 119 120 121 122 123 125 126 127 129 130 131 133 134 135 136 137 138 139 140 141 142 143 144 146 147 148 149 150 151 152 153 154 155 157 158 159 160 161 162 164 165 166 167 168 169 170 171 172 173 174 175 176 178 180 181 182 183 184 185 186 188 189 190 191 192 193 194 195 196 198 199 200 202 204 207 208 209 210 211 212 214 215 216 217 218 220 221 223 224 225 226 228 229 231 232 233 234 236 237 239 240 241 243 244 245 246 247 248 249 250 251 252 253 255 256 257 258 260 261 262 264 265 266 267 269 271 272 273 274 276 277 278 279 280 281 282 283 284 285 286 287 288 289 290 291 294 295 296 297 298 300 301 304 305 306 307 309 310 313 314 315 317 318 319 320 321 322 324 325 326 327 328 330 332 333 334 335 336 339 340 342 343 344 345 346 347 348 349 350 351 352 353 354 355 356 357 358 359 360 361 362 365 366 367 368 369 370 372 375 376 377 379 380 381 382 386 387 388 390 391 392 393 395 396 397 398 399 400 401 402 403 404 405 407 408 409 410 412 413 414 415 416 417 419 422 423 424 425 426 427 428 429 430 431 432 434 435 436 438 440 442 443 444 446 447 448 449 451 453 454 455 456 457 458 459 460 461 462 464 469 471 474 475 477 478 479 480 481 482 483 484 486 487 488 489 490 491 492 493 495 499 771 
231: 0 1 2 4 5 6 7 8 9 10 11 12 13 14 16 17 18 19 20 21 22 23 24 25 26 28 29 30 31 35 36 37 38 39 41 42 43 45 46 47 48 49 50 51 53 54 55 56 57 58 59 62 63 65 66 67 68 69 70 71 73 74 75 76 77 78 79 80 81 82 84 85 86 88 89 91 92 95 97 98 101 102 104 106 107 109 111 112 113 114 115 116 118 121 124 125 126 127 128 129 130 131 134 135 136 137 138 139 140 141 143 145 146 147 149 151 152 153 155 156 158 159 161 163 166 167 169 170 171 172 174 175 176 177 178 179 180 181 182 183 184 185 186 187 188 189 190 192 193 194 196 197 198 200 201 202 205 208 210 211 212 213 214 215 216 217 218 219 221 222 223 224 225 226 228 229 230 232 233 234 235 237 238 239 240 243 244 245 246 247 249 250 251 252 253 254 255 257 261 262 263 264 265 267 268 269 270 273 275 276 277 279 280 281 283 285 286 287 288 291 293 295 296 297 298 299 300 301 303 305 306 308 309 310 311 312 313 314 315 316 318 320 321 324 325 326 327 331 332 334 335 336 337 338 339 340 343 344 345 346 347 348 349 350 353 356 357 358 359 360 361 362 365 366 367 369 370 372 373 374 375 376 377 378 379 380 381 383 384 385 386 389 390 391 392 393 394 395 396 397 399 400 401 402 403 404 405 407 408 409 410 411 415 416 417 419 420 421 422 423 424 425 427 428 429 430 431 432 434 435 436 437 438 439 440 441 442 443 444 445 447 448 449 450 451 452 453 454 455 456 457 458 459 460 461 462 464 465 466 467 468 469 470 472 475 478 480 482 483 484 485 486 487 489 490 491 493 494 495 496 497 498 499 997 
232: 1 2 3 4 5 6 7 8 9 11 12 13 14 15 16 17 18 19 20 21 22 23 26 27 28 29 30 31 32 35 36 37 38 39 44 45 46 47 49 50 52 53 54 55 56 57 58 59 60 61 62 63 64 65 66 68 69 70 71 72 73 74 76 78 79 80 81 82 83 84 85 87 88 89 90 91 92 94 96 97 98 99 101 102 103 104 105 106 108 109 110 111 112 113 114 115 117 118 120 121 122 123 124 126 128 129 130 132 133 135 136 137 139 140 143 144 146 147 148 149 150 151 152 154 155 156 158 159 160 161 162 163 166 168 169 170 171 172 173 175 176 177 178 179 180 181 185 186 188 189 190 191 192 193 194 195 196 197 198 200 201 202 203 205 206 207 208 209 211 213 214 215 216 217 218 219 220 221 222 223 224 225 226 227 228 229 230 231 233 234 235 236 238 239 241 244 245 246 247 249 251 252 253 256 257 258 260 261 262 263 265 266 267 268 270 271 272 273 274 276 277 279 280 281 282 283 285 287 288 290 291 292 293 295 296 298 299 300 301 303 305 306 308 310 311 312 313 316 317 318 319 320 321 322 323 324 327 328 329 330 331 332 334 335 336 339 340 341 343 344 345 346 347 348 349 350 352 353 356 357 359 361 362 365 367 368 369 370 371 373 374 375 376 378 379 380 381 382 383 384 385 387 388 389 390 392 393 394 396 397 398 399 400 402 405 407 408 409 410 411 412 413 414 416 418 420 422 423 424 425 426 428 429 430 431 433 434 435 436 437 438 439 440 441 442 443 445 447 448 449 450 451 452 454 455 456 457 458 459 460 461 462 463 464 466 467 468 469 471 472 473 474 475 476 477 480 483 484 485 486 487 488 491 493 494 496 498 499 782 
233: 0 1 2 3 4 5 7 9 11 13 14 15 17 19 20 23 24 25 27 29 31 32 34 35 36 37 38 39 40 41 42 43 44 45 46 47 48 49 50 51 52 53 54 55 57 58 59 60 61 62 63 64 65 66 67 68 69 70 71 73 74 76 77 78 79 80 81 83 84 85 86 88 89 90 91 92 94 95 96 97 98 99 103 107 108 109 110 112 115 116 117 120 121 122 123 124 125 126 127 129 130 133 134 135 137 138 139 140 141 142 143 144 145 147 148 149 150 151 152 153 154 155 156 157 158 159 160 163 164 165 167 168 169 170 171 172 174 175 177 178 179 180 181 182 183 184 185 187 188 189 191 194 195 196 198 199 200 202 204 205 206 207 208 210 211 212 213 214 218 219 220 221 224 225 226 227 229 230 231 232 234 236 238 239 240 241 244 246 247 248 249 250 251 252 254 255 256 257 258 259 260 261 262 263 264 265 268 269 270 271 272 273 275 277 278 279 280 281 282 283 284 285 286 287 288 290 292 293 294 295 296 297 298 299 300 301 302 303 304 306 307 308 309 311 312 313 314 315 316 317 319 320 321 322 323 324 325 326 327 328 329 331 332 333 334 335 336 339 340 342 343 344 345 346 347 348 349 350 351 352 354 355 356 357 358 360 361 363 364 365 366 368 369 370 371 373 374 375 376 377 379 380 381 382 383 384 385 386 387 388 390 391 392 394 395 397 398 399 401 402 404 405 406 407 408 409 410 411 413 414 415 416 417 418 419 420 421 422 423 424 425 426 427 428 430 432 433 434 435 436 437 438 440 441 442 443 444 446 447 448 450 451 452 453 455 456 457 459 460 461 462 463 465 466 467 468 469 471 472 473 475 476 477 478 479 482 484 485 486 487 490 491 492 493 494 495 498 499 649 956 
234: 0 1 2 3 4 5 6 7 8 9 10 11 12 13 14 15 16 17 18 19 20 21 22 24 25 26 27 28 29 30 31 32 33 34 36 37 38 39 40 43 45 46 47 48 49 50 51 52 55 58 59 60 62 63 64 65 66 67 68 71 72 73 74 77 78 83 84 85 86 88 89 90 91 92 93 94 95 96 97 98 99 100 101 102 103 105 106 107 108 109 113 114 115 116 117 118 119 120 121 122 123 124 125 126 127 128 130 131 132 133 134 135 137 140 141 142 144 145 149 150 151 153 155 157 158 159 160 161 162 163 164 165 166 167 168 169 170 172 176 177 179 180 181 182 183 186 187 188 189 190 191 192 193 194 195 197 198 199 200 201 202 203 204 205 206 207 208 210 211 213 214 216 217 220 221 223 224 226 227 228 229 230 231 232 233 236 239 240 245 247 249 250 251 252 254 255 257 258 259 260 261 262 263 264 265 266 267 269 271 272 273 274 275 277 278 279 281 282 283 285 286 287 288 289 290 291 293 294 297 298 299 300 301 302 304 305 306 307 309 310 311 312 314 316 318 319 320 321 322 323 324 325 326 327 328 329 330 332 334 335 336 337 338 339 342 343 346 348 349 352 353 354 356 357 358 359 361 362 363 364 365 366 368 369 371 372 373 374 375 376 377 378 379 380 381 382 383 384 385 388 390 391 392 393 394 396 397 401 402 404 406 408 409 414 416 419 420 421 422 423 425 427 428 430 431 432 433 435 437 438 439 440 441 443 444 445 446 447 449 450 451 453 454 455 456 457 458 459 460 462 463 464 465 466 468 469 470 471 472 473 474 475 476 477 478 479 480 481 482 483 484 485 488 489 490 491 492 493 494 495 496 497 498 499 774 958 968 
235: 0 1 2 3 5 6 7 9 11 12 13 14 15 16 19 20 21 23 24 25 26 27 29 30 32 33 34 35 37 38 39 40 41 42 44 45 48 49 51 54 55 56 57 58 59 60 61 62 63 64 65 66 67 69 70 71 72 74 75 77 78 79 80 81 84 85 86 87 88 89 90 91 92 95 96 97 98 99 100 101 102 103 104 105 107 108 113 114 115 116 118 119 120 123 125 126 127 128 132 133 134 135 136 137 138 139 140 141 142 143 144 146 147 148 149 150 151 152 153 154 155 157 158 159 161 162 164 165 167 168 169 171 172 175 177 178 179 180 182 183 184 187 188 189 190 191 192 194 195 196 197 198 199 200 205 206 209 210 211 212 213 214 215 216 218 219 220 223 224 225 227 228 231 232 236 237 238 240 241 242 244 245 246 247 248 249 251 252 253 255 256 257 258 259 260 261 262 263 265 266 267 268 270 271 272 273 275 277 278 279 282 283 284 285 286 289 290 291 293 294 295 296 299 300 302 303 304 306 308 309 310 311 312 313 314 316 317 318 319 320 321 322 324 326 327 328 329 330 331 332 333 334 335 336 338 340 341 342 343 344 345 346 347 348 350 352 353 354 355 357 358 359 360 361 363 364 365 366 367 368 369 370 371 373 374 375 378 379 380 381 383 384 385 387 388 389 390 392 393 394 395 398 400 402 403 404 405 408 409 410 411 413 415 417 418 420 421 422 424 425 426 427 428 429 431 432 433 434 438 439 440 441 442 443 444 445 446 447 448 449 450 453 455 456 457 459 460 463 464 465 466 468 472 473 474 476 477 479 480 481 482 484 485 487 490 491 492 493 494 496 497 498 499 
236: 0 1 4 5 6 8 9 10 11 12 13 14 16 18 19 21 22 23 24 25 26 27 28 29 31 33 34 36 39 40 41 42 43 46 47 48 49 50 51 55 56 58 59 60 63 64 65 66 68 71 72 73 74 75 77 78 79 80 82 83 84 88 89 90 91 93 95 97 98 101 102 103 105 106 107 109 110 111 112 114 115 117 118 120 122 123 124 125 126 127 128 129 130 131 132 134 135 136 137 138 139 140 141 143 144 146 147 148 149 150 151 152 153 156 158 159 160 161 162 164 165 166 167 168 169 171 172 173 174 176 178 180 181 182 183 184 185 187 190 191 192 195 197 198 202 203 204 205 207 208 210 211 212 213 214 216 217 218 220 221 222 224 225 226 228 229 230 232 233 234 235 237 238 239 240 241 243 244 245 246 247 248 251 252 253 255 256 257 258 260 261 262 263 264 265 266 267 268 269 270 271 272 273 274 275 276 278 279 282 283 285 286 287 288 289 290 291 292 293 294 295 296 298 301 302 303 304 305 306 307 308 309 310 311 312 313 316 317 319 321 322 323 324 325 326 328 329 330 331 332 333 334 335 336 338 339 341 342 343 344 345 346 348 349 350 351 352 354 355 357 358 359 360 361 364 365 366 367 368 369 370 371 372 373 374 375 376 377 381 383 384 385 386 387 388 389 390 391 392 393 394 396 397 399 400 401 403 406 407 408 409 410 411 413 416 417 418 419 420 421 423 425 427 428 429 430 431 432 433 434 435 438 439 440 441 444 445 446 447 448 451 452 453 454 455 456 457 458 459 460 461 463 464 466 467 468 470 472 475 476 477 478 480 483 488 489 490 491 492 493 494 496 497 498 499 602 670 974 
237: 0 1 3 5 6 7 8 10 13 16 17 18 19 20 22 23 27 28 30 31 32 33 35 36 37 38 39 40 41 42 43 44 46 47 50 51 53 56 59 60 61 63 64 67 68 69 72 73 74 75 76 78 79 80 82 84 85 86 87 88 89 90 91 92 93 94 95 96 97 98 99 100 101 103 104 105 106 107 108 109 110 111 113 115 116 118 119 120 121 123 125 126 128 131 132 134 136 138 139 141 142 143 144 146 147 148 149 150 151 153 154 157 158 160 161 162 163 164 166 167 169 170 171 172 173 174 175 176 178 181 182 183 184 185 186 187 188 189 190 191 192 193 194 195 196 199 200 202 203 204 206 207 208 210 211 212 213 214 215 217 220 221 222 223 226 227 228 229 230 231 235 236 238 239 241 243 244 245 246 247 249 250 251 252 253 254 256 257 258 259 260 261 262 264 265 267 268 269 270 271 272 273 277 279 282 283 284 287 288 290 291 292 293 294 295 296 297 298 299 300 301 302 303 304 305 306 308 309 310 311 313 314 315 316 317 319 320 321 322 323 324 325 327 328 329 330 331 333 334 335 336 337 338 339 340 341 344 345 346 347 348 349 350 351 353 354 355 357 358 359 360 361 362 364 366 367 368 369 370 371 373 374 375 377 378 381 384 385 386 387 390 391 392 393 395 397 398 399 400 401 402 403 405 406 407 408 411 412 413 414 415 416 417 418 419 420 421 422 423 424 425 427 428 429 431 432 433 434 435 436 437 438 439 440 441 442 443 447 449 451 452 453 454 455 456 458 461 462 463 464 465 466 467 468 469 471 472 473 474 475 477 478 479 480 481 483 484 486 487 489 492 493 495 498 499 632 
238: 1 2 3 4 5 7 8 10 12 13 15 16 17 18 19 20 21 22 23 24 25 26 27 29 30 31 32 33 34 35 36 38 39 40 42 44 47 48 49 50 51 52 54 55 57 58 60 61 62 64 65 66 67 68 69 71 72 74 75 76 78 80 81 82 83 84 85 86 87 88 90 91 92 93 95 97 100 102 103 104 105 107 108 111 112 113 114 115 116 117 118 119 120 121 122 123 124 125 126 128 129 130 131 133 135 136 137 138 139 140 141 142 143 144 145 149 151 153 155 156 158 159 161 162 163 164 166 169 170 171 172 173 174 175 176 178 179 180 181 182 185 186 187 188 189 193 194 195 196 198 199 200 201 202 204 205 208 209 211 213 215 216 217 219 220 221 222 224 225 226 227 228 231 232 233 235 236 237 239 240 241 242 243 245 246 247 249 250 251 252 253 254 255 256 257 259 260 261 262 263 264 265 266 268 269 271 272 273 275 276 277 278 279 282 283 285 286 287 288 289 290 291 292 293 294 297 298 300 302 304 305 306 307 309 310 311 312 313 316 318 320 321 322 324 325 327 329 330 332 333 334 335 336 337 338 340 341 342 343 344 346 349 350 351 352 353 356 357 358 359 361 362 363 364 365 366 367 368 370 371 372 373 374 375 376 377 378 379 380 381 382 383 385 386 387 388 389 391 392 394 395 396 397 398 399 400 401 402 403 404 405 406 407 408 409 410 414 415 416 417 418 419 420 421 422 423 424 425 426 427 428 429 430 431 432 433 434 435 436 437 438 439 441 443 444 445 446 447 448 450 451 452 453 454 455 458 459 460 462 463 464 465 466 468 469 470 471 472 473 476 477 478 479 480 481 482 483 485 486 487 488 489 490 491 492 493 494 495 496 497 498 499 
239: 0 1 4 5 6 7 8 9 10 11 14 15 17 18 19 20 22 24 25 26 27 28 30 31 32 33 35 36 37 38 41 42 44 45 46 49 51 52 54 55 56 57 58 61 63 64 66 67 68 69 70 71 72 74 75 76 77 78 81 82 84 85 88 89 90 93 94 95 96 97 98 99 100 101 103 104 106 108 109 111 114 116 117 119 120 121 122 123 124 125 126 127 128 129 131 132 133 134 135 136 138 140 141 142 144 145 146 148 149 150 151 152 153 157 158 159 160 161 162 164 165 166 167 170 171 173 174 175 177 178 180 181 182 183 184 185 186 187 188 190 192 193 194 195 196 197 198 203 204 205 206 207 208 209 211 212 213 214 215 216 217 218 219 220 221 222 223 224 225 226 227 228 229 230 231 232 233 234 236 237 238 240 241 242 243 246 247 248 249 250 251 252 253 254 256 257 258 259 260 261 262 265 266 267 271 272 273 275 278 281 282 283 284 287 288 289 290 291 292 293 294 295 296 297 300 302 303 304 305 308 309 310 312 313 314 315 316 317 318 319 320 321 322 324 325 326 327 328 329 331 332 333 334 335 336 338 339 340 341 343 345 346 347 349 350 351 352 354 356 357 358 361 362 363 364 365 366 368 369 370 371 372 373 374 375 376 377 378 380 383 384 385 386 389 391 392 393 395 396 397 398 400 401 402 403 404 405 406 407 409 410 411 413 414 415 416 417 419 420 421 422 423 424 425 428 430 432 433 434 435 437 438 439 440 441 444 446 447 448 449 450 451 452 453 455 456 457 459 460 461 462 463 465 467 468 469 471 472 473 474 475 476 481 482 483 484 485 487 488 490 491 492 493 494 495 496 497 498 499 688 789 750 759 
240: 0 2 3 4 6 7 8 9 10 12 13 14 15 16 17 18 19 21 23 24 25 26 27 28 29 30 31 32 33 34 35 36 37 39 40 41 44 48 50 51 52 53 54 55 56 57 58 60 61 62 63 64 65 67 68 69 70 71 73 74 75 77 78 82 83 84 85 86 87 90 91 92 93 95 96 98 99 100 101 103 104 105 107 108 109 110 112 113 114 115 116 119 120 121 122 123 124 125 127 128 129 130 131 132 133 134 135 137 138 139 140 141 144 145 146 147 148 151 152 153 154 155 156 158 160 161 162 166 168 169 170 171 172 173 174 176 177 178 179 180 181 183 185 186 187 188 190 192 193 194 195 196 197 198 199 200 201 202 203 204 206 207 208 209 210 212 213 214 215 218 220 223 226 227 228 229 230 231 233 234 235 236 238 239 241 242 243 244 245 246 248 249 250 251 252 253 254 255 256 257 258 260 261 262 263 264 266 268 269 271 272 274 275 276 277 279 280 281 282 283 284 286 287 288 289 290 291 292 293 294 295 297 298 299 300 301 302 303 304 306 307 310 311 312 313 314 315 316 317 322 323 324 326 327 328 329 330 331 335 336 337 339 341 342 343 344 345 347 349 350 351 352 353 354 355 356 357 358 359 361 362 363 364 365 369 371 372 373 374 375 379 380 382 383 385 386 387 388 389 390 391 393 394 395 396 397 398 399 400 401 402 403 404 405 408 410 412 413 414 415 417 422 424 425 426 427 428 431 432 433 434 435 436 437 439 440 441 443 444 445 446 447 448 449 450 452 453 454 455 456 457 459 460 461 462 463 464 465 466 467 468 469 470 471 472 473 474 475 477 479 480 481 482 483 485 486 487 488 489 490 493 494 495 497 498 499 617 652 
241: 0 2 3 4 5 6 7 8 9 10 11 12 14 16 19 20 21 22 23 24 25 26 27 28 29 30 31 32 33 34 35 37 38 39 42 43 44 45 46 48 49 50 51 52 54 55 56 57 58 59 60 61 62 65 66 67 69 72 73 74 75 76 77 78 81 83 85 86 87 88 89 90 91 92 93 95 96 98 101 102 103 104 105 106 107 108 110 111 112 114 115 117 119 120 121 123 124 126 128 130 131 132 134 135 136 137 139 140 142 144 145 146 148 149 150 152 154 155 156 157 158 160 161 163 164 165 166 167 168 170 172 174 175 176 177 178 179 180 181 183 185 186 189 190 192 194 195 197 198 200 201 202 203 204 205 206 207 208 209 211 213 214 215 216 217 218 219 221 222 224 227 229 230 232 233 235 236 237 238 239 240 242 243 244 245 247 250 252 253 254 256 257 259 260 261 263 264 266 267 268 269 270 271 272 273 274 275 276 277 279 280 281 282 283 284 287 288 289 290 291 292 293 294 296 297 299 300 302 304 305 306 307 308 309 310 311 312 313 314 315 317 319 323 324 325 326 327 328 329 330 331 333 334 335 337 338 340 341 345 346 347 350 352 353 354 356 357 359 360 361 362 363 367 370 375 376 377 378 379 381 382 383 384 386 388 390 391 392 393 394 395 396 397 398 399 400 401 402 403 404 405 406 407 409 410 411 412 413 414 415 416 418 421 424 425 426 427 428 429 430 431 432 434 435 436 438 439 440 441 443 444 445 447 448 450 451 452 453 454 455 457 458 459 460 461 463 464 465 466 467 469 470 471 472 473 474 477 478 479 480 481 482 483 485 486 487 489 490 491 492 493 494 495 496 497 498 499 949 956 
242: 0 1 2 4 6 7 8 10 11 12 13 14 15 17 19 21 22 24 26 27 28 29 30 32 33 34 35 36 38 41 42 43 44 46 48 50 51 52 53 54 58 59 60 61 62 66 67 68 70 72 74 75 76 77 78 79 80 81 82 83 85 86 87 89 90 91 94 95 96 97 98 99 100 101 102 103 105 106 108 109 110 112 114 115 116 117 118 119 120 121 122 123 124 125 126 128 129 130 131 132 136 139 141 142 144 145 147 148 151 152 153 154 157 158 159 160 161 162 163 164 165 166 167 168 170 171 172 173 174 176 177 178 181 182 184 185 186 188 189 190 192 194 195 197 199 201 202 203 204 205 206 208 209 210 211 212 213 214 215 216 217 218 219 220 223 224 225 226 227 228 229 235 238 239 240 241 243 244 245 246 247 248 249 250 251 253 254 255 256 257 258 260 261 262 263 264 265 266 268 269 270 271 272 273 274 275 276 277 278 279 280 281 282 283 284 285 287 288 289 290 291 293 294 295 296 297 298 299 301 302 303 304 305 307 310 311 313 314 315 316 317 319 320 321 323 326 327 328 329 330 332 333 336 337 338 339 340 341 342 343 344 345 346 347 348 350 351 352 353 355 356 357 360 361 362 363 364 365 366 367 368 369 370 371 372 373 374 375 376 377 378 379 380 381 382 383 385 386 387 388 389 390 391 392 393 395 396 397 398 399 400 401 404 405 407 408 409 410 411 413 414 415 416 417 419 421 426 428 429 430 431 432 433 434 435 436 437 438 440 441 444 447 448 450 451 452 454 455 456 457 458 459 460 461 462 463 464 465 466 467 468 469 470 471 472 473 474 475 476 477 478 479 480 481 482 483 484 486 489 490 491 493 494 497 499 628 768 765 973 976 
243: 0 1 2 3 4 6 7 9 10 12 13 14 15 17 19 20 21 22 23 24 25 27 28 29 31 32 34 35 36 37 38 39 40 41 42 43 44 45 46 50 51 52 55 56 57 58 59 60 61 62 63 64 65 66 68 70 71 72 74 76 77 78 79 80 81 83 84 85 86 87 88 89 90 91 92 93 94 95 96 97 98 99 100 101 102 103 104 105 106 107 108 110 111 112 113 114 115 116 118 119 120 121 122 123 124 128 129 130 132 133 134 135 136 137 138 139 140 141 143 144 145 146 148 150 151 152 153 154 156 158 160 161 163 164 165 166 167 168 169 171 172 173 174 175 176 177 180 181 182 184 186 187 188 190 191 194 195 197 198 199 202 203 204 205 206 207 208 209 210 211 212 213 214 215 216 217 218 219 220 221 223 224 225 226 227 228 229 230 231 236 237 238 239 240 241 242 244 245 246 247 248 249 252 254 255 256 257 258 259 260 262 263 264 265 267 268 269 271 272 274 277 278 280 284 285 286 287 288 289 291 293 294 295 296 297 298 299 300 303 304 306 307 309 310 311 312 313 314 317 318 319 321 323 325 326 327 328 329 330 331 332 334 336 338 339 340 341 342 344 345 346 347 348 349 350 351 353 354 355 356 357 358 359 360 362 363 364 365 366 367 369 370 371 373 375 376 378 379 380 381 382 383 384 385 386 387 388 389 390 391 392 393 394 395 396 399 400 401 402 405 407 410 411 413 414 415 416 417 420 421 422 423 424 425 426 427 428 429 430 432 433 434 435 436 437 438 439 440 441 442 443 444 445 446 447 448 449 451 452 453 454 455 456 458 459 460 461 463 464 465 467 468 469 470 472 473 474 475 477 478 479 480 481 482 483 484 485 486 487 488 491 492 494 495 496 497 498 499 662 753 
244: 2 3 4 5 6 7 8 9 10 12 13 14 15 16 17 18 19 21 22 24 28 29 30 31 32 33 34 35 36 37 38 39 40 41 42 43 45 46 47 51 52 53 54 55 56 58 59 60 61 62 63 64 65 69 70 71 72 76 80 83 84 85 87 88 90 91 92 93 94 95 96 97 98 99 100 101 102 103 104 105 106 107 109 110 112 113 114 115 116 117 118 119 121 122 123 124 125 126 127 128 129 130 131 132 134 135 136 140 141 143 144 145 146 148 152 153 154 155 156 157 158 159 160 161 162 163 164 165 166 167 168 170 172 175 176 178 180 181 182 183 184 185 186 187 188 189 190 191 192 193 195 196 197 198 199 200 201 202 203 205 206 207 208 209 210 211 212 213 214 216 219 220 221 222 223 224 225 226 227 228 229 230 231 232 233 235 236 237 240 241 242 243 248 249 250 251 253 254 255 256 258 259 260 261 262 263 267 268 269 270 271 272 273 274 276 277 279 280 281 282 283 284 286 287 289 290 292 293 294 295 296 297 298 299 300 301 302 304 305 307 308 309 310 311 312 313 315 316 317 318 319 320 322 323 324 325 328 329 331 332 334 335 336 337 339 340 341 343 344 345 347 348 349 350 352 353 354 355 356 357 358 359 362 364 365 369 370 371 372 373 374 375 376 377 378 379 381 382 383 384 385 386 387 388 390 392 393 394 395 396 397 399 400 402 404 405 407 408 409 410 411 412 413 414 415 416 417 418 419 420 421 422 423 425 426 427 428 430 432 434 435 436 437 438 439 440 441 442 443 445 446 447 448 449 450 452 453 454 456 457 458 459 460 461 463 464 466 467 469 470 471 473 475 476 477 478 479 480 481 482 483 484 486 487 490 491 492 493 494 495 497 498 499 624 751 765 961 
245: 0 1 2 3 4 6 7 8 9 10 11 12 13 16 18 19 20 21 22 25 26 27 28 29 30 32 33 34 35 36 40 41 42 43 44 46 47 48 51 52 53 54 57 59 60 61 62 65 66 67 68 69 70 71 72 73 76 77 78 81 82 85 86 87 88 89 90 91 92 93 95 99 100 101 103 106 107 108 111 112 114 115 116 117 119 120 121 124 126 127 128 129 130 131 132 133 134 135 136 137 140 143 144 150 151 152 153 154 155 156 157 158 159 160 163 164 165 166 167 169 170 171 172 173 174 175 176 177 178 179 180 182 183 185 186 187 188 190 192 193 194 195 196 197 198 201 202 203 204 205 206 208 209 210 211 213 214 215 216 217 219 220 221 222 223 224 225 226 228 230 231 232 234 235 236 237 238 240 241 242 243 246 247 248 250 251 253 254 257 258 259 261 262 263 264 266 267 268 269 271 272 273 275 278 279 280 281 282 283 284 285 287 288 290 292 293 294 296 297 299 300 301 302 304 305 306 307 308 309 310 311 312 313 314 315 316 317 318 319 320 321 322 323 325 326 327 328 329 330 331 332 333 334 335 338 339 340 341 342 343 344 345 346 347 349 350 351 352 353 355 356 357 358 359 360 361 362 363 364 365 366 367 369 370 371 373 374 376 377 378 379 380 382 383 384 386 388 389 391 392 394 396 397 399 400 401 402 403 404 405 406 410 411 412 413 415 416 417 419 420 421 422 423 424 426 427 429 430 431 432 433 435 436 438 442 443 444 445 447 448 450 451 452 453 454 455 459 460 461 462 463 464 465 466 467 471 472 473 474 475 477 478 479 480 481 482 484 485 486 487 488 489 490 493 495 496 497 498 499 619 756 
246: 0 1 2 3 4 5 6 7 8 9 10 11 12 13 14 16 17 18 19 21 22 23 24 25 26 30 31 32 33 34 35 36 37 39 41 42 43 44 45 46 48 50 52 53 54 55 56 57 58 59 60 61 63 64 65 66 67 68 69 70 71 73 74 75 77 78 79 81 82 83 84 85 86 87 88 89 90 91 92 94 95 96 97 98 100 102 103 104 105 106 107 108 109 110 111 112 113 114 117 118 119 120 121 123 124 125 126 127 128 129 130 131 132 133 135 139 140 141 142 143 145 146 147 148 150 152 153 154 155 157 158 159 160 161 162 164 165 168 169 172 175 176 177 178 181 182 183 184 185 186 187 189 190 192 194 195 196 199 200 201 202 204 206 207 208 210 211 215 216 217 220 222 223 224 225 226 227 229 230 231 232 233 235 236 237 238 239 240 242 243 245 247 248 249 250 251 252 254 256 257 258 260 261 262 263 264 265 266 267 268 270 272 273 274 275 276 278 279 280 281 282 283 285 286 288 289 290 291 292 293 295 296 297 298 299 300 301 302 303 304 305 306 307 308 309 311 312 313 316 318 319 320 321 322 323 325 327 328 329 331 332 333 334 335 336 337 338 339 341 344 345 346 347 349 350 352 353 354 355 356 357 358 359 361 362 363 366 369 370 372 373 377 378 379 381 383 384 385 386 387 388 389 390 391 392 393 394 395 396 397 398 400 401 402 403 404 405 406 407 408 409 410 411 412 413 414 415 416 418 419 420 421 422 423 424 425 426 427 428 429 432 433 434 435 437 438 439 440 442 443 444 445 446 447 448 450 452 454 455 457 458 459 460 461 463 464 465 466 467 468 469 470 471 472 473 474 475 480 481 483 484 486 488 489 491 493 494 496 497 498 499 644 970 
247: 1 3 4 5 6 7 9 11 12 13 14 15 18 19 20 21 22 23 24 25 26 27 28 30 31 32 33 34 36 37 38 40 42 44 45 46 48 49 50 51 52 53 56 58 59 60 61 62 64 66 67 69 70 72 73 74 76 77 78 79 80 81 83 84 85 86 87 88 89 90 91 92 93 95 96 97 98 99 101 102 103 104 105 106 107 108 111 112 113 114 115 116 118 119 120 121 122 123 126 128 129 130 132 133 134 135 136 137 138 139 140 141 142 143 144 145 146 147 148 149 151 152 153 155 156 159 160 161 163 165 166 168 169 170 171 172 173 174 175 176 178 179 180 181 182 183 184 185 186 187 188 189 190 192 193 194 195 197 198 199 200 202 203 205 206 207 208 209 211 213 214 215 216 218 219 220 221 222 223 224 225 226 227 228 229 230 231 232 233 234 235 236 237 238 239 241 242 243 245 246 248 249 250 251 253 254 255 256 257 258 259 260 261 262 263 264 265 266 267 268 269 270 271 272 273 275 276 277 279 281 282 283 284 285 287 289 290 291 292 293 295 296 298 299 301 302 303 304 305 306 307 308 309 311 312 314 316 317 318 320 321 322 324 325 327 328 329 330 332 333 336 337 339 340 341 342 343 345 346 347 348 349 350 351 352 353 354 355 356 357 359 360 361 362 363 364 365 366 367 368 370 371 372 373 374 376 377 378 381 383 385 387 388 389 390 391 394 395 397 398 399 400 402 403 405 408 409 410 412 413 416 418 419 421 422 423 424 427 428 429 430 431 432 433 435 436 438 439 440 442 443 444 445 446 447 448 449 450 452 453 454 455 457 458 460 461 462 463 464 466 467 468 469 470 471 472 473 474 475 477 478 479 480 481 482 483 485 487 488 489 490 491 492 493 494 495 497 498 499 608 616 943 981 
248: 0 1 2 3 5 6 7 9 10 11 12 13 14 15 16 17 18 19 20 21 23 24 26 28 30 31 32 33 34 35 36 37 38 39 41 43 44 45 46 48 49 50 51 52 53 54 56 57 58 59 60 61 62 65 66 67 68 69 71 72 73 74 75 77 78 80 81 82 83 84 85 86 87 88 89 90 91 92 94 95 98 99 100 101 102 103 104 106 107 108 109 110 111 113 114 115 117 118 119 120 121 125 126 127 128 129 130 131 132 133 134 137 138 139 140 141 142 143 144 145 146 147 148 150 151 152 154 155 156 157 158 160 164 166 167 168 169 171 172 173 174 175 176 178 180 181 182 183 184 185 186 187 188 190 191 192 193 194 195 200 201 202 203 204 205 208 209 211 212 214 215 216 217 218 219 220 221 222 224 225 226 228 229 230 233 235 236 239 240 242 243 244 245 246 247 249 250 251 254 256 258 261 262 263 265 268 269 270 273 274 275 276 277 279 280 281 283 284 286 287 288 289 290 292 293 294 295 296 298 299 300 302 303 304 307 308 309 310 311 314 316 317 318 319 320 321 322 323 324 325 327 328 329 330 332 333 334 336 337 338 339 340 341 342 343 344 345 346 348 349 350 352 353 354 355 356 357 359 361 363 364 366 367 368 369 370 371 372 373 374 375 376 377 378 379 381 382 383 384 385 386 387 388 389 390 392 393 395 396 397 398 399 400 401 402 404 406 407 408 409 410 411 412 413 414 415 416 417 418 419 420 421 422 423 425 426 427 429 430 431 432 433 435 436 438 439 440 441 443 444 447 448 450 452 453 455 456 457 458 460 461 462 463 464 465 468 469 471 472 474 475 476 477 479 480 481 482 483 484 485 486 489 490 491 492 493 494 495 496 497 
249: 0 1 2 5 8 9 10 12 13 14 15 16 19 20 21 22 23 24 25 26 28 29 30 31 33 34 35 36 37 39 40 41 43 44 45 48 49 50 51 52 53 55 56 58 60 62 64 65 66 67 68 69 70 71 72 74 75 76 77 78 79 80 81 82 83 85 86 87 89 90 91 92 93 94 97 98 99 100 101 104 105 106 107 108 110 111 112 113 114 115 116 117 118 119 120 121 122 123 124 126 127 128 129 130 131 132 134 135 136 138 139 140 141 144 145 146 147 148 149 150 151 152 153 157 158 160 161 162 163 164 165 168 170 171 172 173 174 175 176 177 178 181 183 184 185 186 188 190 191 192 193 194 195 196 197 198 199 200 201 202 206 207 208 210 211 212 213 214 215 216 217 218 219 220 221 222 223 224 225 226 227 228 229 230 231 232 233 234 235 237 238 239 240 242 243 244 246 247 248 250 251 252 253 254 255 257 258 259 260 261 262 263 264 266 269 271 274 276 277 278 279 280 281 282 283 284 287 288 289 291 292 294 296 297 298 300 301 302 305 306 307 308 309 310 313 314 316 317 319 321 322 323 324 325 326 327 328 329 330 331 333 334 335 337 338 339 340 341 343 345 346 347 349 350 351 353 354 355 356 357 358 359 361 362 365 366 367 368 370 371 373 374 375 376 377 378 379 380 381 382 383 384 385 387 388 389 390 391 392 394 395 396 398 402 403 404 405 407 409 410 412 413 414 415 416 417 419 420 422 423 425 426 427 428 429 430 431 432 433 434 436 437 439 440 441 442 443 445 447 449 450 451 452 453 454 456 457 458 459 461 462 464 465 467 468 469 470 471 473 474 475 476 477 478 479 480 481 482 483 484 485 487 488 489 490 494 495 496 497 499 650 
250: 1 2 3 4 5 6 9 11 12 13 14 16 17 18 19 20 21 22 23 24 25 26 29 30 31 32 33 35 36 38 40 41 42 43 46 47 48 49 50 51 52 54 57 58 60 61 62 63 64 66 67 68 69 71 72 73 75 76 77 79 80 81 82 83 84 86 87 88 89 90 91 92 94 95 96 99 102 103 104 105 106 107 109 110 111 112 113 114 115 116 117 118 120 121 122 125 127 128 129 131 132 133 135 137 138 139 140 141 143 144 145 146 148 149 150 151 153 154 155 156 157 158 159 160 161 163 164 165 166 167 168 169 170 171 172 173 174 176 178 179 180 181 182 183 184 185 186 189 191 192 194 195 196 197 198 199 200 201 203 204 205 207 208 209 210 212 213 214 215 217 218 219 221 222 223 225 226 227 229 230 231 233 234 237 238 239 240 241 242 244 245 246 247 248 249 251 252 254 255 256 257 258 260 261 262 264 265 268 269 272 273 274 275 276 277 278 279 280 281 282 283 284 285 286 287 288 289 290 291 292 294 295 296 297 299 300 301 302 303 304 305 307 308 310 311 313 314 315 316 317 319 320 323 324 325 326 327 328 329 331 332 333 334 335 337 339 340 342 343 344 345 348 350 351 352 353 354 355 356 357 358 359 360 362 363 364 365 367 368 369 370 371 373 374 375 376 377 378 379 380 381 382 383 385 386 387 388 390 393 395 396 397 398 399 400 402 403 404 405 408 409 410 411 412 413 415 416 417 418 419 420 421 422 423 424 426 427 429 431 432 433 434 435 437 438 439 440 441 442 443 444 446 448 449 450 451 452 453 454 455 456 457 459 460 461 462 463 464 465 467 468 469 470 471 472 474 476 478 479 480 483 484 485 486 487 488 489 491 492 493 494 495 497 499 779 
251: 0 1 4 5 6 8 9 11 12 13 14 18 19 20 21 22 23 24 25 26 27 32 34 35 36 38 40 44 47 48 50 51 52 55 56 58 59 60 61 62 63 64 67 68 69 70 71 72 73 74 75 76 77 78 79 80 81 82 83 84 88 89 90 91 93 94 96 98 99 100 102 103 104 105 106 107 109 110 111 112 113 114 117 119 120 121 122 124 125 127 129 130 131 132 133 134 136 137 138 139 140 141 144 145 146 148 149 150 152 153 154 155 157 158 160 161 163 165 166 167 168 170 171 172 175 178 179 180 181 182 183 184 185 187 188 190 191 192 193 194 196 198 199 200 201 202 203 204 206 207 208 210 211 212 214 215 216 217 218 219 221 222 223 224 225 227 228 229 230 231 232 233 234 235 236 237 238 239 240 242 244 245 246 247 248 249 250 252 253 254 255 256 258 259 260 261 262 263 264 266 267 269 270 271 272 273 274 275 280 281 282 284 285 286 289 290 291 293 294 295 296 297 298 299 301 302 303 304 305 306 307 308 313 314 316 318 319 320 325 326 327 328 329 330 331 332 333 335 336 337 339 341 343 344 345 346 347 348 351 352 353 354 355 356 358 360 361 363 364 365 367 369 370 371 372 374 375 376 377 378 380 382 383 384 385 386 387 388 390 391 392 393 394 395 396 397 399 400 402 403 404 405 406 409 410 411 413 414 415 416 419 420 421 423 424 425 426 429 430 431 432 433 434 435 436 437 439 441 442 444 446 447 448 449 450 451 452 453 454 456 457 459 460 461 462 463 464 465 466 467 470 471 473 474 476 479 480 481 482 483 485 486 487 488 489 490 492 493 494 496 497 498 499 677 988 
252: 0 1 2 4 5 8 10 12 14 15 17 18 19 21 22 23 26 27 28 29 30 31 32 34 35 36 37 38 40 41 42 43 44 45 46 47 48 49 50 51 52 53 54 55 56 58 59 60 61 62 63 64 66 67 68 69 73 74 75 76 77 78 79 80 82 84 86 87 89 92 93 94 95 96 97 98 99 100 101 102 103 104 105 106 107 108 109 111 112 114 115 116 117 118 119 120 121 123 124 125 127 128 129 130 131 132 133 134 135 136 137 138 139 140 141 142 143 144 145 146 149 151 152 153 154 156 157 158 159 160 161 162 164 165 166 168 169 170 173 175 176 177 178 179 180 181 182 183 184 186 187 188 189 190 191 192 193 194 195 196 197 199 200 201 202 203 204 205 206 211 212 213 214 215 217 218 219 221 222 225 226 227 228 229 230 231 232 233 234 235 236 237 238 239 240 241 243 246 249 250 251 253 254 255 256 257 259 261 263 266 267 268 269 270 271 272 274 276 277 278 279 280 281 283 285 286 287 288 289 290 292 293 294 295 297 298 299 300 301 302 303 305 306 307 308 309 311 312 314 317 319 322 324 325 326 327 328 329 330 331 332 333 334 336 337 338 340 341 342 343 344 345 347 348 350 353 354 356 358 359 360 362 363 364 366 369 370 371 372 374 375 376 377 378 379 380 381 382 384 385 386 387 388 389 390 391 392 393 394 396 397 398 399 400 401 402 403 404 405 406 407 409 410 412 413 414 415 416 417 418 421 422 423 424 425 426 427 428 429 430 434 435 436 438 439 441 442 444 445 446 447 448 450 451 453 454 455 456 457 458 459 460 461 464 465 466 468 469 471 472 474 475 476 478 479 481 483 484 487 488 489 490 491 496 497 498 499 667 769 756 956 
253: 0 2 4 5 6 7 8 9 12 14 15 18 19 20 21 22 23 24 25 26 27 28 30 31 33 34 35 37 38 39 40 41 42 43 44 46 47 48 49 51 52 53 55 56 57 58 63 64 66 67 68 69 70 71 72 73 75 76 77 78 79 80 82 83 84 85 87 89 92 93 94 95 97 98 100 101 102 103 105 107 108 111 112 113 114 115 116 117 118 119 120 121 122 123 124 125 126 127 128 130 131 133 134 135 136 137 139 140 141 144 146 147 149 150 152 153 154 155 160 161 162 163 164 165 166 167 169 170 172 173 174 175 176 177 178 180 181 182 183 184 185 186 188 189 190 191 192 193 194 195 196 197 198 200 202 203 204 205 206 208 209 210 213 215 216 217 218 220 221 222 223 225 226 228 229 230 231 232 235 236 237 238 239 240 241 242 244 245 247 249 251 252 254 255 256 259 260 261 262 263 264 265 266 267 269 270 273 275 276 277 278 279 280 282 283 284 285 286 287 288 289 292 293 294 296 297 299 300 302 303 304 305 306 307 308 309 310 311 312 313 314 316 317 318 320 321 322 323 327 329 330 332 333 334 335 336 337 341 342 343 344 345 346 347 348 349 350 351 352 353 355 357 358 360 361 363 364 365 366 367 368 369 370 371 372 373 375 376 377 378 379 382 383 384 385 387 388 389 390 391 392 393 395 396 397 399 401 402 404 405 406 407 408 409 410 412 413 418 419 420 421 424 425 426 427 428 429 430 431 432 433 434 435 438 439 440 442 444 446 447 448 452 453 454 455 456 457 458 459 461 462 463 464 465 467 469 470 472 473 475 477 478 479 481 483 486 487 488 489 490 492 493 494 495 496 497 498 499 615 931 976 
254: 0 1 2 4 6 9 10 12 14 18 19 20 22 23 24 25 27 28 29 30 32 33 35 36 37 38 39 40 42 43 44 45 48 49 50 51 53 54 56 57 60 61 63 65 66 67 68 70 73 76 77 78 79 80 81 82 83 86 87 88 89 91 92 94 95 96 98 100 101 102 103 104 105 107 108 109 110 112 114 115 116 117 118 119 120 121 123 124 126 128 129 130 131 132 133 134 135 136 137 138 139 140 141 142 143 145 149 150 151 153 154 155 156 157 158 159 160 161 162 163 164 165 166 167 168 170 171 172 173 174 175 176 177 178 179 180 181 182 184 185 186 188 190 191 193 194 195 196 198 199 200 201 203 205 206 207 208 209 210 213 214 215 217 218 219 220 221 222 223 225 226 227 229 231 233 234 237 238 239 240 241 242 243 244 245 246 247 248 249 250 251 252 253 255 257 259 260 261 262 264 265 266 267 268 269 270 271 273 274 275 276 279 280 281 282 284 286 287 289 290 293 294 295 296 297 298 299 301 303 304 305 306 307 308 309 310 311 312 313 314 315 316 317 318 319 320 322 323 324 325 331 333 334 335 336 337 338 339 340 341 343 344 346 347 348 350 351 352 353 354 355 357 358 360 361 362 363 364 365 366 368 369 370 371 372 373 374 375 376 377 379 380 381 383 384 385 386 389 391 392 394 395 396 397 399 401 402 406 408 410 411 412 413 414 415 416 418 420 421 424 425 427 428 429 430 431 433 434 435 436 438 439 440 441 443 445 446 447 448 449 450 451 453 454 455 456 458 459 460 461 462 463 464 465 466 467 470 471 472 474 475 476 477 478 480 482 483 487 488 489 490 491 492 493 494 495 497 498 635 784 755 943 
255: 0 1 2 3 4 5 6 8 9 10 11 13 14 15 19 20 21 23 24 25 26 27 28 29 30 31 32 34 35 37 39 40 41 42 43 45 46 47 48 49 50 51 52 53 55 57 59 60 63 64 65 66 67 68 69 70 73 74 75 77 78 79 80 81 82 83 84 85 86 87 88 90 91 92 94 95 96 98 100 101 102 104 106 107 108 109 110 112 114 115 117 118 119 120 121 122 124 125 127 128 129 130 131 132 133 135 137 138 139 140 141 142 143 144 146 148 149 151 152 153 154 155 156 157 158 160 163 164 165 166 167 168 169 171 172 174 175 176 177 178 180 181 183 184 186 187 188 189 190 192 193 195 196 198 199 200 201 202 203 204 205 206 207 208 209 210 211 212 213 214 215 216 217 218 219 221 223 224 225 226 227 228 229 230 231 233 234 235 236 238 240 242 243 244 247 249 250 251 252 253 254 256 257 259 260 261 262 263 264 265 266 268 269 270 271 273 275 277 279 281 283 284 285 287 290 291 292 293 294 295 296 297 298 299 300 302 303 304 305 307 309 310 311 312 314 315 316 318 321 322 323 324 325 326 328 331 332 333 335 336 338 339 340 341 342 343 347 348 349 350 352 353 354 355 356 360 361 362 363 364 365 366 367 368 369 370 371 372 373 374 375 377 378 379 381 382 384 385 390 391 394 395 396 397 399 400 401 402 403 404 405 407 408 409 410 412 414 415 416 417 418 419 421 422 423 424 425 426 427 429 430 432 435 437 438 439 440 441 443 444 445 446 448 449 451 452 453 454 456 458 459 460 462 464 465 466 467 468 469 470 471 472 474 475 477 479 480 481 483 484 485 486 487 488 490 491 492 493 494 496 497 498 499 640 950 961 
256: 0 1 2 3 4 5 6 9 10 11 12 13 14 16 17 18 19 20 21 22 23 24 25 26 27 28 29 30 31 32 34 36 38 39 41 43 44 45 46 47 48 49 51 52 53 54 55 56 57 58 59 60 61 62 63 64 65 66 67 69 70 72 73 77 78 79 80 81 82 83 84 86 87 88 89 90 91 92 93 94 95 98 99 102 103 106 107 108 109 112 113 114 115 116 117 118 119 120 121 122 123 124 126 128 129 130 131 132 133 134 135 136 137 138 139 140 141 142 143 144 145 146 147 148 149 150 152 153 154 156 158 159 161 162 164 165 166 167 168 169 171 172 173 174 175 176 177 179 180 181 183 184 185 188 190 191 194 195 196 198 199 200 202 203 204 205 206 207 208 209 211 212 213 214 217 218 219 220 222 223 224 225 226 228 229 230 232 233 235 236 237 238 239 240 241 242 243 244 246 247 248 250 251 252 253 255 257 258 259 260 261 262 263 264 265 266 267 268 269 270 271 275 276 277 278 280 284 285 286 287 288 292 293 294 295 296 297 299 300 301 302 303 304 305 307 308 309 310 311 312 313 315 316 317 318 319 320 321 322 324 325 326 327 328 329 330 331 335 337 338 339 340 341 342 345 346 347 349 350 351 352 353 354 355 356 357 358 359 361 362 364 365 366 368 370 371 372 373 375 376 377 378 379 380 381 382 383 384 386 387 388 389 390 391 392 393 395 396 397 398 399 400 401 402 406 407 408 410 411 412 413 414 415 416 418 420 421 422 423 424 425 426 427 428 430 431 432 434 435 436 438 439 440 441 442 443 444 445 446 448 450 451 452 453 455 456 459 460 461 464 465 467 468 469 470 471 472 474 476 477 478 479 481 482 483 484 485 486 487 489 490 491 493 494 497 498 499 628 699 784 956 
257: 0 3 5 6 7 8 9 10 11 12 13 14 15 16 19 20 21 22 23 24 25 26 27 29 30 33 34 36 37 38 39 40 42 43 45 46 47 48 50 52 53 54 55 56 57 58 59 61 63 64 65 66 68 70 71 72 73 74 76 77 78 80 81 83 85 86 88 89 90 91 92 94 95 96 97 98 100 101 102 103 104 105 107 108 110 111 113 114 115 117 118 119 120 121 122 123 125 126 127 128 130 132 134 135 136 139 140 141 142 143 145 147 148 149 150 151 154 155 159 160 161 162 163 164 165 166 167 168 169 170 171 172 174 175 176 177 179 180 181 182 183 184 185 186 187 188 189 190 191 192 193 194 195 196 197 198 199 200 201 202 203 204 205 206 207 208 209 210 211 212 213 215 216 217 218 220 221 222 224 225 226 227 228 229 230 231 232 233 234 235 236 237 238 239 240 241 242 243 245 246 247 249 250 252 254 255 256 258 259 260 261 262 263 264 266 267 268 269 270 271 272 274 275 276 277 279 280 281 282 284 286 287 288 289 290 291 292 294 295 297 299 300 301 302 306 308 309 311 313 314 315 316 317 318 319 320 321 322 323 324 325 326 327 328 330 331 332 333 335 336 338 342 343 344 345 346 348 349 352 353 354 356 357 358 359 360 361 362 363 364 365 366 368 370 371 372 374 375 376 378 379 380 381 382 383 384 385 390 393 395 397 398 399 400 401 403 404 405 406 407 408 409 411 412 413 415 416 418 420 422 423 425 426 427 428 433 434 435 437 438 439 440 441 443 444 445 446 447 448 449 450 451 452 453 454 455 456 457 458 459 460 461 462 464 465 466 467 468 470 472 473 474 475 477 478 479 480 481 482 483 484 485 486 487 489 490 491 492 493 494 495 496 498 499 
258: 0 1 2 4 5 7 8 9 10 11 12 13 14 15 16 17 20 21 22 23 24 26 27 28 29 30 31 32 33 34 35 36 37 39 40 41 42 43 45 46 47 48 49 50 51 52 54 55 56 57 58 59 60 61 64 65 66 67 68 71 72 73 74 75 76 77 80 81 82 83 84 85 86 88 89 90 91 92 93 95 99 100 101 102 103 104 105 106 107 108 109 111 112 113 114 115 116 117 119 120 121 122 123 124 125 127 129 130 131 132 133 134 135 136 137 138 139 140 141 143 144 145 146 147 149 150 151 152 153 154 155 156 158 159 160 161 162 163 164 165 166 168 169 170 171 172 173 174 175 176 177 178 179 180 181 185 187 188 189 190 191 192 193 196 197 198 199 200 201 204 205 206 207 209 210 211 213 215 216 217 218 219 220 221 222 223 224 225 226 228 229 230 232 233 234 235 236 237 239 240 242 243 244 245 246 247 248 249 250 251 256 257 260 261 263 264 265 266 267 269 270 271 272 273 274 276 279 280 281 283 284 285 286 287 289 290 291 292 293 294 295 296 297 298 299 301 302 304 305 307 309 310 312 313 314 315 316 317 318 319 322 324 325 328 329 330 331 333 334 335 336 338 339 340 341 342 344 345 346 347 348 349 350 351 352 354 355 358 359 360 361 362 363 364 366 367 368 371 372 373 374 375 376 378 379 380 381 382 383 384 385 387 390 391 393 394 395 398 399 400 402 403 404 405 406 407 408 409 410 411 412 413 414 415 416 417 418 420 422 423 424 425 427 428 429 430 431 432 433 434 435 436 437 439 440 441 442 443 444 445 446 447 450 451 453 454 456 457 458 459 460 461 462 463 464 465 466 467 468 469 470 472 473 474 475 476 479 481 483 485 486 487 490 491 492 496 497 498 499 656 967 
259: 0 1 2 3 4 5 7 8 9 10 12 13 14 15 16 17 18 20 21 23 24 25 26 28 29 30 31 32 34 35 36 37 40 42 43 44 45 46 47 48 51 53 54 55 56 58 60 61 62 64 65 66 67 68 69 70 72 73 74 76 77 78 79 80 81 82 83 85 86 87 88 89 90 91 92 95 96 97 101 102 106 110 111 112 113 115 116 118 119 120 121 122 123 124 125 126 132 133 134 135 136 137 139 140 141 142 143 144 145 146 147 148 149 150 151 152 154 155 156 157 158 159 160 162 164 165 166 167 168 169 170 171 172 173 174 175 176 177 178 179 181 184 185 186 187 189 190 191 192 193 194 195 196 197 199 200 201 202 204 205 206 207 208 210 212 213 215 216 217 218 220 221 222 223 224 225 226 228 233 234 235 237 238 239 241 243 244 245 247 249 251 252 253 254 255 256 257 260 261 263 264 266 268 270 272 274 275 276 277 279 280 281 282 283 284 285 286 287 289 290 291 292 293 294 295 297 298 299 300 301 302 304 305 306 307 308 309 310 311 312 313 315 316 317 320 321 322 323 324 327 328 330 331 333 334 335 336 337 338 339 341 342 343 345 347 348 349 350 351 353 354 357 358 359 360 361 363 365 366 367 368 369 370 372 374 375 376 377 378 379 380 381 382 383 384 385 387 388 390 391 393 394 395 396 397 398 399 400 402 403 404 407 408 409 410 411 412 413 416 417 418 419 420 421 422 423 424 425 426 427 428 429 430 431 432 433 434 435 436 437 438 439 440 441 442 443 444 445 446 448 454 455 456 457 458 460 462 463 464 465 466 467 468 469 471 472 474 475 476 477 478 479 480 483 484 485 486 489 490 491 492 493 495 496 497 498 499 602 984 
260: 0 1 2 4 5 6 7 9 10 11 14 15 16 17 18 19 20 21 22 23 24 26 27 30 31 32 33 34 37 38 39 42 44 45 46 47 48 49 50 51 52 55 56 57 58 59 61 62 63 64 65 66 67 68 69 71 72 73 74 75 76 78 79 81 82 83 84 86 87 88 89 90 91 92 93 95 96 97 98 99 100 101 102 103 104 105 106 107 108 109 111 113 114 116 117 118 120 122 123 124 125 126 128 129 130 131 132 133 134 135 136 138 141 143 144 146 147 148 150 151 152 153 154 156 157 158 159 160 161 162 163 164 165 166 167 168 170 171 172 173 174 175 176 177 178 179 180 181 182 183 184 185 186 188 189 190 191 195 196 197 198 199 201 202 203 206 208 209 210 212 213 214 215 216 217 218 219 220 222 223 224 225 226 228 229 230 232 233 234 235 236 237 238 239 240 241 242 243 244 246 247 249 250 251 253 254 255 256 257 258 259 261 265 266 267 268 269 270 271 273 274 276 277 278 279 280 282 283 284 285 286 287 288 289 290 291 292 295 298 300 302 303 305 306 308 309 311 312 313 314 315 317 318 319 320 321 322 324 325 326 329 330 331 332 333 334 336 338 340 341 343 344 347 349 350 351 352 353 354 355 357 358 359 361 363 364 366 367 368 371 373 374 375 377 378 382 383 384 385 387 389 390 391 392 394 395 397 398 399 400 401 403 405 407 409 410 411 412 413 415 416 418 419 420 421 422 423 424 426 427 428 430 431 432 433 434 436 437 438 439 440 443 444 445 446 447 448 449 450 451 452 453 455 457 458 459 460 461 462 463 466 468 470 471 472 476 477 478 479 480 482 486 487 488 491 492 493 495 497 498 499 931 
261: 1 2 3 4 6 7 8 9 10 11 12 13 14 16 18 19 25 26 27 28 30 31 32 33 34 35 36 37 38 39 41 42 43 45 47 48 49 50 51 52 53 56 57 58 59 60 62 64 66 67 70 71 72 73 74 75 76 77 78 79 80 81 83 84 86 87 88 89 90 91 92 93 94 95 97 98 99 102 103 104 105 106 107 108 109 110 111 112 114 115 116 118 119 120 121 122 123 124 125 126 127 128 129 130 132 134 135 136 137 138 139 140 141 143 144 146 147 148 149 150 153 154 155 156 157 158 159 161 163 164 165 166 167 168 170 171 172 175 176 178 179 180 182 183 184 185 186 187 189 191 192 195 196 197 198 199 200 201 202 204 205 207 208 209 210 211 212 213 214 215 216 217 218 219 220 221 223 224 225 227 229 230 231 232 233 234 235 236 237 238 239 240 241 242 244 245 246 247 248 249 250 251 252 253 254 255 256 257 258 259 260 262 263 264 266 267 269 270 271 273 276 278 279 283 284 285 286 287 288 289 290 292 293 296 297 298 299 300 305 306 308 309 310 311 312 316 317 318 319 321 322 323 324 325 326 327 329 331 333 334 336 337 339 341 342 343 344 345 346 347 350 351 352 353 354 355 357 358 360 363 364 365 366 367 368 370 371 372 373 374 375 376 378 379 382 385 386 387 388 389 391 392 394 395 396 397 398 399 400 401 402 404 405 406 407 408 409 410 411 412 413 414 416 417 418 419 422 423 425 428 429 430 431 432 433 435 436 437 438 439 440 441 442 443 444 445 446 447 448 449 450 452 453 454 455 456 457 459 460 461 462 463 464 465 466 467 468 471 472 474 476 477 478 479 480 482 483 484 485 486 487 489 491 492 493 494 495 497 498 499 637 683 792 999 
262: 0 1 2 3 4 5 6 7 8 9 11 13 14 16 17 18 19 20 21 23 24 28 29 31 33 34 35 36 37 39 41 42 43 44 45 46 47 48 49 50 52 53 54 56 57 58 60 61 62 63 64 65 66 68 69 70 71 72 73 74 76 77 78 79 80 82 83 84 85 86 87 88 89 91 92 93 94 96 97 98 99 100 101 103 104 105 106 107 108 110 111 112 113 115 116 118 119 121 122 124 125 126 127 128 129 130 131 133 134 136 137 138 139 140 141 142 143 145 146 147 148 149 150 151 152 153 154 155 156 157 158 159 161 162 163 164 165 168 169 171 172 173 174 175 176 177 178 179 180 181 182 183 184 186 187 189 192 193 194 195 198 201 202 203 204 205 206 208 209 210 211 214 215 217 218 220 221 222 223 224 225 226 227 228 229 230 231 232 233 234 235 236 237 238 239 240 242 243 244 245 246 247 248 249 250 251 253 254 255 256 257 261 264 265 266 267 268 269 270 271 272 273 274 277 278 279 281 283 285 286 287 288 289 290 291 294 295 296 297 298 299 300 301 302 303 304 306 308 309 310 311 312 313 314 316 317 319 320 321 322 323 324 325 326 327 329 330 331 332 335 336 338 339 340 341 343 344 345 346 347 348 349 351 352 353 354 355 356 358 359 360 361 362 363 364 367 370 372 373 374 375 376 377 378 379 380 381 382 383 384 385 386 388 389 390 392 394 395 396 397 398 399 401 402 403 404 405 406 407 408 409 410 411 412 414 416 418 419 420 421 422 423 424 425 427 429 430 431 432 433 436 437 438 440 441 442 444 445 446 448 450 451 452 454 455 457 458 459 461 462 463 464 465 466 467 468 470 471 472 473 474 475 476 477 479 480 481 482 483 486 487 488 489 490 491 492 493 494 495 496 498 499 655 667 990 
263: 0 1 4 10 11 12 13 15 17 18 21 22 23 25 27 28 29 32 34 35 36 38 39 40 41 42 45 46 48 49 50 51 52 53 55 56 57 58 59 60 61 62 63 65 66 67 69 70 72 73 74 75 76 78 79 80 81 82 83 84 85 86 87 89 90 91 92 93 94 95 96 97 98 100 101 103 104 106 107 108 110 111 112 113 114 115 116 117 119 120 121 123 124 125 126 127 128 130 132 133 134 135 136 137 138 140 141 144 145 146 147 148 149 150 151 152 154 155 156 157 158 159 160 161 162 163 165 166 168 169 171 172 173 174 178 181 182 184 185 186 187 188 189 190 191 192 193 194 196 199 200 201 202 203 205 207 209 210 211 212 213 214 215 216 217 218 219 220 221 222 224 225 226 227 228 229 231 232 233 234 235 236 238 240 241 242 243 244 245 246 247 248 249 251 252 253 255 256 257 258 259 261 264 265 266 268 269 272 273 276 277 278 279 280 281 282 283 286 287 288 289 290 292 294 295 296 297 298 299 300 301 302 303 304 305 306 307 308 310 311 312 315 316 317 318 319 321 322 323 325 328 329 331 332 333 334 336 337 339 340 341 344 345 346 347 348 350 351 352 354 355 356 359 360 361 362 363 364 365 366 367 368 369 370 371 372 374 375 376 377 379 380 381 382 383 384 385 386 387 388 390 392 395 396 398 401 402 404 405 406 408 409 410 411 412 413 414 415 416 418 419 421 422 424 425 426 427 428 429 431 432 433 434 435 436 437 438 440 441 442 443 444 445 447 449 450 451 452 454 455 456 457 459 461 462 463 464 465 468 469 471 472 473 474 475 476 477 478 479 480 481 483 484 485 486 487 488 489 490 492 493 494 495 496 497 498 499 666 781 962 
264: 0 1 2 3 4 6 7 8 11 12 13 14 15 19 20 22 23 25 26 27 28 29 30 31 33 34 35 36 37 38 40 41 42 44 47 48 49 50 51 52 53 54 55 56 57 58 59 60 61 62 64 66 67 68 69 71 72 73 74 75 76 77 78 79 80 81 82 83 84 85 86 87 88 89 90 91 92 93 94 95 97 98 99 100 101 102 103 105 106 107 109 110 111 112 113 114 115 116 117 118 119 121 122 125 126 127 129 130 131 133 135 136 138 139 140 142 143 144 147 149 150 151 152 153 154 155 156 157 158 162 163 164 165 167 168 170 171 172 173 174 175 176 177 178 179 180 181 182 183 184 185 186 187 188 189 190 192 193 194 195 196 197 198 201 203 204 206 207 209 211 212 213 214 215 216 217 218 219 221 222 223 225 226 229 230 231 233 234 236 237 238 240 241 242 243 245 246 247 249 250 251 253 254 255 256 257 258 259 261 262 263 265 266 268 269 270 272 273 274 275 276 278 279 280 282 283 284 285 286 287 288 289 291 292 294 295 298 299 301 302 304 305 306 307 308 309 310 311 312 314 315 316 318 319 320 321 322 323 325 326 327 329 331 332 334 335 336 337 338 339 340 341 342 344 345 346 347 348 349 350 351 352 353 354 355 358 359 360 361 362 363 364 365 366 367 368 370 371 373 375 377 378 379 381 382 383 384 385 387 388 390 391 392 393 395 396 397 398 399 400 403 404 405 406 407 408 410 411 414 415 416 418 419 420 421 422 424 425 426 428 429 430 432 433 434 435 436 437 439 440 441 442 443 447 449 451 452 454 455 456 457 458 459 460 463 464 465 466 468 469 470 471 472 473 477 478 480 481 482 483 484 485 486 487 490 491 492 493 495 498 499 649 
265: 0 1 2 3 4 5 6 9 11 13 15 18 19 20 21 22 24 25 26 27 28 29 30 31 32 33 35 36 37 38 39 42 43 44 45 46 47 48 49 50 51 52 54 55 58 59 60 61 62 63 64 65 66 67 68 69 70 71 72 75 76 77 78 79 80 81 82 84 86 87 89 90 93 94 95 96 97 98 100 102 104 105 106 107 108 109 110 111 113 115 116 117 121 122 123 125 126 127 128 129 130 132 133 136 139 140 141 143 144 146 149 150 151 152 153 155 156 157 158 159 160 161 162 163 164 165 168 169 170 171 173 174 175 177 178 179 180 182 183 184 185 186 187 188 189 191 192 193 194 195 196 197 198 199 201 202 203 204 205 206 207 208 209 211 213 214 215 216 218 219 220 222 223 227 228 229 230 231 232 233 234 235 236 237 238 239 242 243 246 247 248 250 253 254 255 256 258 260 262 263 264 267 268 269 270 271 272 273 274 275 277 280 283 284 285 288 290 293 295 296 297 298 300 301 302 303 304 305 306 307 308 309 310 311 313 314 315 316 318 321 324 325 326 327 328 329 330 331 332 333 334 335 336 337 339 340 341 342 344 346 347 348 349 350 354 355 356 357 358 359 360 361 362 363 365 366 367 368 369 371 372 373 374 375 376 377 380 381 385 386 387 388 390 392 393 394 395 396 397 398 399 400 402 403 404 405 406 407 408 409 410 411 412 415 416 418 421 422 423 424 425 426 427 430 431 432 433 434 435 436 437 440 441 442 443 444 445 446 447 450 451 454 456 458 459 460 462 464 465 467 468 469 470 471 473 474 475 476 477 480 481 482 483 484 486 488 491 492 493 494 495 496 498 499 627 672 966 
266: 0 1 2 3 4 5 6 7 9 10 11 12 13 14 16 17 18 19 20 21 22 23 24 25 29 30 31 33 34 35 36 37 39 40 41 44 45 46 47 48 49 50 51 52 54 56 57 58 59 61 62 64 65 66 68 69 70 72 73 74 76 77 78 81 82 84 85 86 87 88 89 90 91 92 93 94 95 96 97 98 99 100 101 102 104 105 107 109 110 111 112 113 114 115 117 118 119 120 121 123 124 126 127 128 129 130 131 132 133 134 135 136 137 139 140 142 144 146 148 149 150 152 153 155 157 158 160 161 163 165 167 169 170 171 172 173 174 176 177 178 180 181 182 183 184 186 188 189 190 191 192 193 194 195 196 197 198 200 201 202 203 204 205 209 211 212 213 215 216 217 218 219 221 222 223 224 225 226 228 229 230 232 234 235 236 238 239 240 241 242 245 246 247 249 251 252 253 254 255 256 257 258 259 260 261 262 263 264 268 269 270 272 274 276 277 278 279 280 282 285 286 287 289 290 291 293 294 295 296 298 300 301 302 304 305 306 309 310 311 312 314 315 317 318 319 320 321 322 323 324 325 326 327 328 329 330 331 332 333 334 335 336 338 339 340 341 342 343 346 348 349 350 351 352 353 354 355 356 357 358 359 360 361 362 363 364 365 367 368 370 371 373 374 376 377 378 379 381 382 383 384 385 387 389 390 391 393 394 396 397 398 399 400 402 403 404 407 410 411 412 413 417 418 419 421 422 423 424 425 426 428 429 430 431 434 435 436 437 438 439 440 441 442 443 444 445 446 447 448 449 450 451 452 453 454 455 456 457 458 459 460 461 462 463 464 465 467 469 470 471 473 474 477 478 479 480 481 482 483 488 489 490 491 494 495 496 497 499 769 
267: 1 2 4 5 6 7 9 11 12 13 14 15 16 18 19 20 21 22 23 26 27 28 29 30 32 35 37 38 39 40 41 42 43 45 46 47 48 50 53 54 55 56 57 58 60 61 62 64 65 66 67 68 69 71 72 73 74 75 77 78 79 82 83 84 85 86 87 88 89 90 91 92 93 94 95 98 99 100 101 102 103 104 105 106 107 109 110 111 112 113 115 116 117 118 119 120 121 122 123 126 127 129 130 131 132 133 134 135 136 138 140 141 142 143 144 145 147 148 149 150 151 152 153 154 155 156 158 159 160 162 163 165 169 171 172 173 174 175 176 177 179 180 181 182 184 186 188 189 190 191 193 194 195 196 197 198 199 201 202 203 204 205 207 208 209 210 211 212 214 215 216 217 219 220 222 226 228 229 230 231 232 234 235 236 237 239 241 243 244 245 246 247 251 252 253 254 256 257 258 260 261 262 265 269 270 271 272 274 275 277 278 279 281 282 283 284 285 286 288 289 290 291 294 295 296 297 298 300 301 302 303 304 305 306 307 308 309 310 311 312 313 314 315 316 317 318 319 320 321 322 323 325 326 327 328 329 330 332 334 335 336 337 338 339 340 341 342 343 344 346 347 348 349 351 353 354 355 356 357 358 359 361 363 364 365 366 367 368 371 372 373 374 375 377 379 381 382 383 384 385 388 389 390 392 393 397 398 399 401 403 404 405 407 408 409 410 411 412 413 414 415 417 418 419 420 421 422 423 424 427 429 431 432 433 434 436 438 439 440 441 443 444 446 447 448 450 451 452 453 454 456 457 458 459 460 461 462 463 465 466 467 469 471 473 474 475 476 478 479 480 481 482 484 485 486 487 488 489 490 491 493 495 496 497 499 
268: 4 5 6 7 8 11 13 14 15 16 17 18 19 20 21 22 24 25 26 28 30 31 33 34 35 36 37 38 41 43 44 46 47 48 49 51 53 54 55 56 57 58 59 60 61 62 64 65 66 68 70 71 73 74 75 76 77 78 79 80 81 83 84 85 86 87 89 90 91 93 95 96 99 100 101 102 103 104 106 107 110 111 113 114 115 116 117 118 120 121 122 123 124 126 127 128 131 133 134 137 138 139 141 142 143 144 146 148 149 150 151 152 153 154 155 156 157 158 159 160 161 162 163 164 166 167 168 170 173 174 176 177 178 179 181 183 184 185 186 187 188 189 190 191 193 194 195 196 198 199 202 203 204 206 207 208 209 210 212 213 214 215 216 217 219 220 221 222 224 225 227 229 231 232 233 235 236 237 238 240 241 242 243 244 245 246 247 248 250 252 254 255 256 257 259 260 262 263 264 265 266 270 271 272 273 274 277 278 279 280 281 282 283 284 285 286 287 288 292 293 294 295 296 297 298 299 300 302 303 307 309 310 311 312 313 314 315 316 318 319 320 321 322 323 324 326 327 330 332 334 335 336 337 338 339 340 341 342 343 344 346 347 348 350 351 352 353 354 355 356 357 358 359 361 362 363 365 366 369 370 371 372 373 374 376 377 379 381 382 383 384 385 386 389 390 391 392 393 394 395 396 397 398 399 400 403 407 408 409 412 413 414 416 417 418 419 420 421 423 424 425 426 427 428 430 433 434 436 437 438 440 441 442 443 445 446 447 448 449 454 455 456 457 458 459 460 461 462 463 467 468 470 471 473 475 476 477 478 479 480 482 483 485 487 490 492 494 495 496 498 499 690 950 
269: 0 1 2 3 4 5 7 8 9 10 11 12 13 14 15 16 17 18 19 20 21 23 25 29 31 32 33 34 35 36 37 38 39 40 45 47 49 50 52 53 55 56 57 58 59 60 62 64 65 67 68 72 73 74 75 76 77 79 80 81 82 83 87 88 90 91 92 93 94 95 96 97 98 99 100 101 102 103 104 108 109 111 112 114 115 116 120 121 123 124 125 127 129 130 131 132 133 134 135 136 137 139 140 143 144 145 146 147 148 149 150 152 154 155 156 157 159 160 164 166 168 169 170 171 172 173 174 175 176 177 179 180 181 182 183 184 185 187 188 189 192 193 194 195 197 198 199 200 202 205 206 208 209 210 211 212 213 214 218 219 221 222 225 227 228 229 230 231 233 234 236 237 238 240 241 242 243 244 245 247 248 249 250 251 252 253 254 255 256 257 258 260 261 262 263 264 265 266 267 270 272 274 277 278 279 280 281 282 283 285 286 287 288 289 292 293 294 296 297 298 299 300 302 303 304 306 307 308 312 313 314 315 317 318 319 320 322 323 324 325 326 331 333 335 336 337 338 339 340 341 342 343 345 346 347 348 350 353 354 355 357 359 362 363 364 365 366 368 370 371 372 374 375 377 378 380 382 383 384 385 386 387 388 389 391 392 393 394 395 396 399 401 402 403 404 405 407 408 409 410 412 413 414 416 417 418 419 420 421 422 423 424 425 428 429 430 431 435 436 437 438 439 440 441 442 443 444 445 446 448 449 450 453 457 458 459 461 462 463 465 468 469 470 473 475 477 478 479 480 481 482 483 484 485 486 487 489 490 491 492 493 494 495 497 498 499 
270: 0 2 3 4 5 6 7 8 11 12 13 14 15 16 17 18 19 20 21 22 23 24 25 26 27 28 30 31 33 34 37 38 39 40 41 43 44 45 46 47 48 50 51 52 53 54 55 56 57 58 59 60 61 62 64 65 69 70 71 72 74 75 76 77 78 79 80 81 82 84 86 88 90 91 93 94 95 96 97 98 99 100 101 102 103 105 106 107 108 110 112 113 114 115 117 118 119 121 122 123 124 128 129 130 131 132 134 136 137 139 140 142 143 145 147 149 150 151 153 154 155 157 158 160 161 162 163 164 165 166 167 168 169 170 171 172 174 175 176 177 180 181 182 183 186 187 188 189 190 191 192 193 194 195 196 197 201 202 203 205 206 207 208 209 210 211 212 213 214 216 217 218 219 220 221 222 224 225 226 227 228 229 231 232 233 235 236 237 241 242 244 246 247 248 251 252 253 254 255 256 257 258 259 260 261 262 264 265 266 267 268 269 272 274 275 277 278 279 280 281 282 283 284 285 286 288 289 292 294 295 296 298 299 300 301 302 303 304 305 306 307 308 310 311 312 313 314 315 316 317 318 319 320 322 323 325 327 328 329 330 331 332 333 334 335 336 337 338 340 341 342 343 345 347 348 349 350 351 353 354 355 357 358 359 360 361 362 363 365 366 367 370 372 373 374 376 379 380 381 383 384 385 386 387 388 389 390 391 393 394 395 396 397 398 399 400 404 405 406 407 408 409 410 412 414 415 416 418 419 420 421 423 424 425 426 427 429 430 431 432 433 434 438 440 441 443 444 447 448 449 450 451 453 454 455 458 459 460 461 462 464 465 466 467 468 470 471 472 473 475 476 477 478 479 480 484 485 488 490 491 492 494 495 496 498 499 
271: 0 1 3 4 8 9 10 11 12 13 14 15 16 17 18 19 20 21 22 23 24 25 26 28 30 31 33 34 35 36 37 38 39 41 43 44 45 47 48 49 50 52 53 54 55 56 58 59 60 62 63 64 65 66 67 68 69 70 72 73 74 75 77 78 79 80 81 83 84 85 86 87 88 89 90 91 92 93 94 95 96 99 101 102 104 105 106 107 108 109 110 111 112 113 114 115 118 119 120 122 123 124 126 128 130 132 133 134 136 137 138 139 140 142 143 146 147 148 149 153 154 155 156 157 158 159 160 161 162 163 164 167 170 171 173 174 175 176 177 179 180 181 182 183 184 185 186 187 190 192 193 194 195 196 198 199 200 205 206 207 208 210 211 213 214 215 216 218 219 220 222 223 226 229 230 232 233 234 235 236 237 238 239 240 241 242 243 244 245 247 249 251 252 254 255 256 257 258 260 261 262 265 267 268 273 274 275 276 278 280 281 282 284 288 289 291 294 296 297 300 301 302 303 304 306 307 308 310 311 312 313 316 317 319 320 321 324 325 326 327 328 329 331 332 333 334 336 337 338 339 340 341 342 343 345 347 348 349 350 351 352 353 354 355 356 357 359 360 361 363 364 365 367 368 369 370 371 374 375 376 377 378 379 380 381 382 383 385 386 387 389 394 395 396 398 400 401 402 404 405 406 408 409 410 411 412 413 415 417 418 419 420 421 422 423 425 426 428 429 430 431 432 434 437 438 439 440 441 443 444 447 448 449 451 452 454 456 457 458 459 462 464 465 466 467 469 470 471 472 474 475 476 477 478 479 480 481 483 484 486 487 488 489 490 491 492 493 494 495 497 631 649 
272: 0 1 2 4 5 6 7 8 9 11 12 13 14 18 19 20 21 22 23 24 25 26 27 28 29 31 33 34 36 38 39 40 41 42 43 44 45 46 47 48 49 50 51 52 54 55 56 57 58 59 60 61 62 66 67 68 69 71 72 73 74 76 77 78 79 81 82 83 84 85 89 91 92 93 94 96 97 98 99 100 101 103 104 105 109 110 111 112 113 114 115 116 118 121 122 124 125 127 128 130 131 132 133 135 136 139 140 141 142 143 144 145 146 147 148 149 150 151 152 153 154 155 156 157 160 161 164 166 167 168 170 171 172 174 176 177 179 182 184 185 186 187 189 190 191 192 193 194 195 197 199 200 201 202 203 204 205 206 208 209 210 211 212 214 217 218 219 220 221 222 224 225 226 227 229 230 232 233 234 235 236 237 238 239 240 241 242 243 244 245 246 247 250 251 252 257 258 259 262 263 264 265 266 267 268 269 270 273 276 277 278 280 281 285 286 287 288 290 293 294 295 296 297 298 299 300 303 305 307 309 310 311 312 313 314 315 316 317 318 319 320 321 322 323 324 325 326 328 329 330 331 332 333 334 336 337 338 339 340 341 342 343 345 346 347 349 350 351 352 353 354 355 357 358 360 365 366 368 369 370 371 372 373 376 377 378 380 381 382 384 385 386 387 388 389 390 392 393 397 398 399 400 401 403 404 405 407 408 409 410 411 413 415 416 418 419 420 421 422 423 424 425 426 427 428 430 431 432 433 434 435 436 437 438 439 440 441 442 443 444 445 446 447 448 451 452 453 454 455 457 460 461 462 464 466 467 470 472 473 474 475 478 479 481 482 485 486 487 488 489 490 491 492 493 494 495 496 497 498 499 781 920 
273: 0 1 2 3 4 5 7 8 9 10 11 12 13 15 18 19 20 21 22 23 24 26 27 30 31 32 33 34 35 36 38 40 41 42 43 45 46 47 48 49 50 51 52 53 54 55 56 57 58 59 60 61 66 67 68 69 71 72 73 74 75 76 77 78 79 80 81 82 83 84 85 86 87 88 89 90 91 92 93 94 95 96 99 100 101 102 103 104 105 106 107 111 112 114 115 116 117 118 119 121 122 123 124 125 126 128 129 130 131 132 133 134 135 137 138 139 143 144 146 147 148 149 150 151 152 153 154 155 156 159 160 161 162 163 164 165 166 167 168 169 171 172 173 174 176 177 178 179 180 181 182 184 185 186 187 188 189 190 191 192 194 195 196 197 198 199 200 201 202 203 206 208 209 211 213 214 215 218 219 220 221 222 224 225 226 227 228 229 230 231 232 233 234 235 236 237 238 239 241 242 244 245 246 247 248 250 251 253 254 255 258 260 261 262 263 264 265 268 271 272 274 275 276 277 278 279 281 282 283 284 285 287 288 289 290 291 293 295 296 297 299 300 301 302 304 305 306 307 308 311 312 313 314 315 316 317 318 319 320 321 322 323 324 325 326 327 328 329 332 333 334 335 336 337 339 340 341 342 343 344 345 347 349 352 353 355 357 359 360 361 362 364 365 366 367 368 370 372 373 374 375 376 378 380 381 382 383 384 386 387 389 390 391 392 393 394 395 398 400 401 403 404 406 407 408 409 410 412 414 416 417 419 422 424 425 426 427 428 429 430 431 432 434 435 436 437 438 439 441 442 443 444 446 447 449 450 452 453 454 455 456 457 458 460 461 463 466 467 468 469 470 471 473 474 475 476 477 478 479 480 481 483 485 486 487 488 489 490 491 492 493 494 495 496 498 499 778 945 995 
274: 0 1 2 3 4 5 6 8 9 10 11 12 13 15 16 17 18 19 20 22 23 25 26 27 28 29 30 31 32 33 34 35 36 37 41 42 43 44 45 46 47 48 49 50 52 53 54 55 56 57 59 62 63 64 66 67 68 70 71 72 73 74 75 77 79 80 82 83 84 85 86 87 89 91 93 94 95 98 99 102 103 104 105 107 108 110 111 112 114 115 117 118 121 122 123 125 126 127 128 129 130 131 132 133 135 137 138 140 141 142 143 147 149 152 153 154 155 156 157 160 161 162 163 164 166 167 169 170 171 172 174 178 179 180 181 182 184 185 186 187 188 189 192 193 194 195 196 197 198 199 201 203 204 205 208 209 210 212 214 215 216 217 220 222 223 224 225 226 228 230 232 234 236 240 241 242 243 244 246 248 249 250 251 252 254 257 258 259 260 262 264 265 266 267 268 269 270 271 273 275 276 277 278 281 282 283 284 285 286 287 288 289 291 294 295 296 297 298 299 300 301 302 303 304 305 306 307 308 309 310 311 312 313 315 316 318 319 320 321 322 323 325 326 327 329 330 331 332 334 335 336 337 338 339 340 341 342 344 345 346 347 349 350 352 353 354 356 357 358 359 361 362 363 365 366 367 368 370 371 373 376 377 378 380 381 382 383 384 385 386 387 388 390 391 393 394 395 396 399 400 401 402 403 404 405 407 408 409 410 411 413 414 417 421 422 423 424 425 427 430 432 433 434 435 436 437 438 441 442 443 444 447 448 450 452 453 454 456 458 459 460 461 462 463 464 466 468 469 470 471 472 473 474 477 479 480 481 482 485 486 487 488 489 490 491 492 493 494 495 496 497 498 973 
275: 0 1 2 3 4 5 6 7 8 9 11 12 13 14 17 18 19 20 21 22 23 24 25 26 27 30 32 33 34 35 37 38 39 40 41 42 43 44 45 46 48 49 52 53 54 55 56 57 58 59 60 62 63 64 65 66 67 68 69 70 72 74 75 76 77 79 80 81 83 84 85 86 87 89 90 93 94 95 96 98 99 100 102 103 104 105 106 107 110 111 112 113 114 115 116 117 118 119 121 122 123 124 125 126 127 128 129 130 131 132 137 138 140 141 142 143 144 146 147 149 150 151 152 155 156 157 158 159 160 162 165 166 168 169 170 171 172 173 175 176 177 178 180 181 184 187 188 189 192 193 194 195 196 197 198 199 200 202 203 204 205 207 210 211 212 213 215 216 217 218 219 220 221 222 223 224 225 227 228 229 231 233 234 235 236 238 239 240 241 242 245 246 247 248 250 251 253 254 255 256 257 259 264 265 267 270 271 273 274 277 278 280 281 282 283 284 286 287 289 290 291 292 293 294 295 297 298 299 300 301 302 303 305 307 308 310 311 312 313 314 315 316 317 318 319 320 321 322 323 324 325 327 328 329 330 331 334 336 337 339 340 341 342 343 344 345 346 348 349 350 351 352 353 354 356 359 362 363 364 365 367 368 369 371 376 377 378 380 381 382 383 384 385 386 387 388 390 391 392 393 394 395 396 398 399 400 401 402 403 405 406 408 409 410 412 413 414 415 417 419 420 421 422 426 427 428 431 433 434 435 437 438 439 440 441 442 443 444 445 447 449 450 451 452 453 455 456 457 458 459 460 462 463 465 466 467 469 470 471 472 474 475 479 482 483 484 486 488 489 490 491 492 493 494 495 497 498 499 652 991 
276: 0 1 2 3 4 6 7 8 9 10 11 14 16 18 19 20 21 22 23 24 25 26 29 30 32 33 34 36 37 38 39 40 41 43 44 45 47 48 49 50 51 53 54 55 56 57 58 59 60 61 62 63 65 66 67 68 72 73 75 76 77 78 79 80 81 83 84 85 86 87 88 89 90 92 93 94 95 96 97 98 100 101 102 103 104 105 106 107 108 109 110 111 112 113 114 117 118 119 120 121 122 123 125 126 127 128 129 130 131 133 134 135 138 140 141 142 144 145 146 147 148 149 150 151 153 155 156 157 159 160 161 163 165 166 167 168 169 170 171 172 173 174 175 176 177 179 180 181 182 184 185 186 187 188 189 190 191 192 194 195 196 197 198 200 201 202 203 204 205 206 207 208 210 212 213 214 215 217 218 219 222 223 226 227 228 230 231 232 236 238 240 241 242 244 246 247 248 249 250 252 253 254 256 257 258 259 260 261 263 264 266 271 272 273 274 279 280 281 283 284 285 286 287 288 291 293 294 295 296 297 298 299 301 302 303 304 305 306 307 308 309 310 311 312 314 315 317 318 319 321 322 323 324 325 326 327 328 329 330 331 333 334 335 336 339 340 341 342 343 344 345 347 348 349 350 351 352 353 354 355 356 357 358 360 361 362 363 364 365 366 367 368 370 371 374 375 376 377 378 379 380 381 383 384 385 386 387 388 389 390 391 392 393 394 395 396 397 398 403 404 405 406 408 409 410 411 412 413 414 415 418 419 421 422 423 424 425 426 427 428 429 431 433 435 437 439 442 443 444 445 446 447 448 449 450 452 453 454 455 457 458 459 460 461 462 463 466 467 468 470 471 473 474 476 477 478 479 481 482 483 484 485 486 489 490 491 492 493 494 495 496 497 498 499 602 
277: 0 1 2 3 4 5 6 7 8 9 10 11 13 14 15 16 17 18 19 21 22 23 24 25 26 28 29 32 33 34 35 36 37 38 39 40 41 42 43 44 45 46 47 49 50 52 53 54 55 56 57 59 60 61 62 63 64 65 66 67 68 69 71 72 73 74 75 76 77 78 80 82 83 86 87 90 91 92 93 94 96 97 98 99 100 102 103 105 106 108 109 111 112 113 114 116 117 118 119 120 121 124 125 126 127 129 130 131 132 133 134 135 136 138 139 140 141 142 143 145 146 147 149 150 151 153 154 156 157 158 160 161 162 163 165 166 167 169 171 172 175 177 178 179 180 181 183 184 186 187 188 189 190 191 192 193 194 195 196 197 198 199 200 202 203 204 206 207 209 210 212 214 215 216 217 218 219 220 221 224 225 226 227 230 231 232 233 234 235 237 238 240 241 242 243 244 247 248 249 250 252 253 255 256 257 259 260 262 263 265 266 267 268 269 270 272 273 274 275 279 280 281 282 283 284 285 286 287 288 290 292 293 294 295 296 297 299 300 301 302 303 304 305 306 307 308 309 310 311 312 313 314 315 316 317 318 319 320 321 323 324 325 326 327 328 329 330 331 332 333 334 335 337 338 339 340 341 343 347 348 349 351 354 355 356 359 360 361 362 363 365 366 367 368 371 372 373 375 376 378 379 381 384 386 387 389 390 391 392 394 396 397 398 399 400 402 404 405 406 408 410 412 413 414 415 417 418 419 422 423 424 425 427 430 432 433 434 435 436 438 439 440 441 442 443 444 445 446 447 449 450 451 452 453 455 456 457 458 459 460 462 463 464 465 466 467 468 469 470 472 473 474 475 477 478 479 480 481 482 483 484 485 486 487 488 489 490 494 495 496 497 498 663 669 
278: 0 2 3 4 7 8 9 10 11 13 14 16 17 18 21 22 26 28 29 30 32 33 34 35 36 38 42 43 44 45 46 47 49 50 54 55 57 58 59 61 63 65 66 67 69 70 71 73 74 75 78 79 80 81 83 84 85 86 87 89 92 93 94 95 96 98 99 100 101 102 104 108 109 110 112 113 114 115 116 117 118 119 120 122 124 125 126 127 129 130 131 134 135 136 137 138 139 140 142 144 145 146 147 148 149 150 152 153 154 156 157 158 159 160 161 162 163 164 166 167 168 169 170 171 172 173 174 177 179 180 181 183 184 185 187 188 189 190 192 193 194 195 196 197 200 203 204 205 208 209 211 212 214 215 216 217 218 219 220 221 222 223 227 229 230 233 234 235 236 238 239 242 243 245 246 249 250 252 253 256 260 261 262 263 264 266 267 268 269 270 271 272 273 274 275 279 280 281 282 283 284 285 286 287 288 290 291 293 294 295 296 298 299 300 302 303 304 305 308 309 310 311 312 313 314 316 317 318 319 320 322 323 324 325 326 327 329 330 331 332 333 334 335 336 338 339 340 341 343 344 345 346 347 349 350 351 352 353 354 357 358 361 362 363 364 365 367 368 372 374 377 378 379 381 382 383 384 385 386 388 389 390 391 392 393 394 397 399 400 401 402 403 404 405 408 409 410 411 412 415 416 417 418 420 421 422 423 424 425 426 427 428 429 431 432 433 434 435 436 437 439 440 441 442 443 444 445 447 448 449 450 451 452 453 454 455 457 458 459 460 462 463 465 466 467 468 469 470 471 472 473 474 475 476 478 479 480 482 483 484 485 486 488 489 491 492 493 494 497 498 499 650 981 988 
279: 0 1 2 4 5 6 7 8 9 10 14 15 16 18 20 21 22 23 24 25 28 30 32 34 35 36 37 39 41 42 43 44 45 46 48 52 53 54 55 56 57 58 59 61 62 64 65 66 67 69 70 71 75 76 77 79 80 81 82 84 85 86 87 89 90 91 92 93 94 95 96 97 99 101 102 103 104 105 106 107 108 109 110 111 112 113 114 115 116 117 118 120 121 122 123 124 125 126 128 129 131 133 134 136 139 140 141 142 143 144 145 146 149 152 154 156 157 158 159 161 162 163 165 166 167 168 169 170 171 172 173 174 175 176 177 178 179 180 181 182 184 185 186 187 188 190 191 192 193 194 195 196 197 198 199 200 201 203 205 206 207 210 212 213 214 215 216 217 218 221 223 224 225 227 229 230 231 232 233 234 235 236 237 238 240 241 242 244 245 246 247 248 249 250 252 253 254 255 257 258 259 260 261 262 263 264 266 267 268 269 270 273 276 277 278 280 281 282 283 285 286 287 291 292 293 295 296 297 299 300 302 303 304 305 306 307 308 309 310 311 312 313 314 315 316 318 319 321 322 323 324 325 328 330 331 332 333 334 335 337 338 339 340 341 343 344 345 347 348 350 351 352 353 354 355 357 358 359 360 361 362 364 365 366 367 369 370 371 373 374 375 376 378 379 380 381 384 385 386 387 388 389 390 391 392 393 394 396 397 398 399 400 401 403 404 405 406 407 408 409 411 412 413 414 415 417 418 419 420 421 422 424 425 426 428 429 430 431 433 434 435 436 438 439 440 441 442 444 445 447 448 449 450 451 453 454 455 457 458 459 460 461 462 463 464 465 466 467 469 470 471 472 473 474 475 476 477 480 482 483 484 485 486 487 489 491 492 493 494 495 496 497 498 499 601 675 769 773 985 
280: 0 2 4 6 7 8 9 10 11 12 13 14 15 17 19 20 22 23 24 26 27 29 30 31 32 33 34 35 36 38 39 40 41 42 43 44 45 47 49 50 51 52 53 54 55 56 57 62 65 66 68 69 70 71 72 73 75 76 77 78 79 80 81 82 83 84 86 87 88 89 90 91 92 93 94 95 96 97 98 99 100 103 104 105 106 108 109 110 112 113 115 118 119 121 123 124 125 126 127 131 134 135 136 137 138 139 140 141 142 143 145 146 147 148 149 151 152 153 155 156 157 158 159 160 161 163 164 165 166 168 170 172 173 174 175 176 177 178 179 180 181 182 183 184 186 188 189 191 192 193 194 197 198 199 200 201 202 203 204 205 206 208 210 211 212 213 214 216 217 218 219 220 221 223 224 225 226 227 230 231 232 233 240 241 242 243 244 245 246 248 249 250 251 252 253 254 256 257 258 259 260 263 264 265 266 268 269 270 271 272 275 276 277 278 279 282 283 284 289 290 291 292 293 294 296 297 298 299 300 301 302 303 304 305 306 307 308 311 313 314 315 316 317 318 319 320 321 323 324 325 326 327 328 329 330 332 333 334 336 337 338 339 340 341 342 343 344 346 348 351 352 353 354 355 356 357 358 359 360 361 362 363 365 366 369 371 372 374 375 376 377 378 379 380 381 382 383 384 385 387 389 390 391 393 394 395 396 397 398 400 401 402 403 405 406 407 408 409 410 411 412 413 415 416 417 418 419 420 421 422 423 425 427 428 430 431 433 434 435 436 438 439 441 443 444 446 447 448 450 452 453 454 455 456 459 460 462 463 464 465 466 467 468 469 470 471 474 475 477 479 482 484 485 486 487 488 489 490 492 493 494 497 498 499 985 
281: 0 1 2 3 4 5 9 10 11 12 14 15 16 17 18 19 20 21 22 23 26 27 28 29 30 32 33 34 35 36 37 39 40 41 43 44 46 48 49 50 51 52 53 54 55 56 57 58 59 60 62 63 64 66 68 70 71 72 73 75 76 77 78 79 80 81 82 83 84 85 86 87 88 89 91 92 93 94 96 97 98 99 101 102 103 104 105 106 107 108 110 111 113 114 115 117 120 122 124 125 127 130 131 133 135 136 137 138 141 142 143 146 147 148 149 150 151 152 153 154 155 156 157 158 159 160 161 162 163 164 165 166 167 168 170 171 172 173 174 175 176 177 179 180 181 182 183 184 185 186 188 189 190 191 192 193 194 195 196 197 198 199 200 201 202 204 205 206 207 208 209 211 212 213 214 215 216 221 222 223 224 226 228 229 230 231 232 233 234 239 240 241 242 244 245 246 247 248 249 250 251 252 254 255 257 258 259 262 263 267 268 269 270 271 272 273 274 275 276 277 278 279 282 284 285 286 287 288 289 291 292 293 294 295 296 297 299 300 301 302 303 304 305 306 307 308 309 311 313 315 316 318 319 320 321 322 323 324 325 327 328 329 330 331 332 333 335 336 337 338 339 341 343 344 345 347 348 349 350 351 353 354 355 356 357 358 359 360 361 364 365 367 368 369 370 371 373 374 375 376 377 378 380 382 383 384 386 388 389 391 393 394 395 396 398 399 400 401 402 403 405 406 410 411 413 416 417 418 420 423 424 425 426 427 429 430 431 433 434 435 437 438 439 440 442 443 444 445 446 448 450 451 452 453 454 455 456 457 458 463 464 465 467 469 470 471 472 473 474 475 476 477 478 479 480 481 482 483 484 485 488 489 490 492 493 496 497 615 789 933 
282: 0 2 3 4 5 7 9 10 12 13 14 15 16 18 19 20 21 23 24 25 27 28 29 30 31 33 35 36 37 38 39 40 41 43 45 48 49 51 53 54 55 56 57 58 59 61 64 65 66 67 68 69 70 71 73 75 76 78 79 80 81 82 84 85 86 88 89 90 91 92 93 94 95 96 97 99 100 101 102 103 106 107 108 109 110 113 114 117 118 119 120 122 123 124 125 127 128 129 132 133 134 135 136 137 140 141 142 143 144 145 146 147 148 149 150 151 152 153 154 155 156 157 158 161 163 164 165 167 168 169 170 171 172 173 174 175 176 178 179 181 182 183 184 185 186 187 188 189 190 193 194 195 196 198 199 200 201 202 203 204 205 207 208 209 211 212 213 214 215 216 217 218 219 221 222 223 226 227 228 229 230 232 233 234 235 236 237 238 239 240 241 242 244 245 246 247 249 250 251 253 254 257 259 260 263 264 266 267 268 269 270 271 273 274 275 277 278 279 280 281 283 284 285 288 291 292 294 296 297 299 300 303 305 306 307 309 310 311 312 314 315 316 317 318 319 321 322 323 324 326 327 328 329 330 331 332 333 334 335 337 338 339 340 342 343 344 345 346 347 348 349 352 356 358 359 360 361 362 363 364 365 366 367 368 369 370 373 375 378 381 382 383 387 388 390 391 393 394 395 396 397 398 400 403 405 406 407 408 409 410 411 412 413 415 417 418 419 420 421 423 424 425 426 429 430 432 433 434 435 436 437 438 439 440 441 442 443 444 445 446 447 448 449 450 452 453 458 459 460 461 462 463 464 465 466 467 468 469 470 471 472 474 475 477 478 480 481 484 485 486 487 489 490 491 492 493 495 496 498 499 662 
283: 0 2 3 4 5 6 7 8 9 10 11 12 13 14 16 20 22 23 24 25 26 28 31 33 35 36 37 39 40 42 43 45 46 47 48 49 50 52 53 54 55 57 58 59 60 61 62 64 65 66 67 68 70 72 73 74 76 77 78 79 80 81 82 85 86 88 89 90 91 92 93 95 96 97 99 100 102 103 104 105 106 108 110 112 113 115 116 118 119 120 121 122 124 125 127 131 132 133 135 136 137 139 140 141 143 147 148 149 151 152 153 154 156 157 158 161 162 163 166 167 168 171 172 173 174 175 177 178 179 182 183 185 186 187 188 189 190 191 192 193 194 195 196 197 198 199 200 201 202 203 205 207 208 209 210 211 214 215 217 219 220 221 222 223 224 225 226 227 228 230 231 232 233 234 235 236 237 238 239 240 241 242 244 245 246 247 248 249 250 252 253 255 258 259 260 261 262 263 264 265 267 268 269 270 273 274 275 276 277 278 279 280 282 285 286 287 288 290 291 292 293 294 295 296 297 299 301 302 303 304 306 308 310 313 318 319 320 321 322 323 324 325 326 327 328 332 333 334 335 336 337 338 339 340 343 344 345 346 347 348 349 352 354 355 356 357 359 361 362 363 364 365 366 367 368 369 370 373 374 376 377 378 379 381 382 383 384 385 386 388 389 390 393 394 396 397 398 399 400 401 402 403 404 405 406 408 409 410 411 412 414 417 419 421 422 423 425 427 428 429 431 432 433 434 435 436 439 440 441 442 443 444 445 447 448 450 451 452 453 454 455 456 457 459 461 462 463 465 466 467 468 469 470 471 472 473 474 476 477 480 481 484 487 489 490 492 493 494 495 496 497 498 499 755 941 965 
284: 1 3 6 7 8 9 11 13 15 17 18 19 20 21 22 24 25 26 27 28 29 30 31 32 33 34 36 38 39 40 41 42 43 46 47 48 49 50 51 52 54 55 56 57 58 59 60 61 62 63 64 65 66 67 68 69 70 71 72 73 74 76 77 79 80 81 82 83 84 87 89 90 91 92 93 94 95 96 97 98 100 101 102 103 104 105 108 109 110 111 113 115 118 119 120 122 123 124 125 126 127 128 129 132 133 134 135 138 139 140 141 142 143 144 145 146 147 148 149 150 151 152 153 154 155 156 157 158 160 161 162 164 166 168 169 170 171 173 174 178 179 180 181 182 183 184 185 187 188 189 190 193 196 197 199 200 201 202 203 205 207 210 212 214 215 216 217 218 219 220 221 222 223 224 225 226 227 228 229 230 233 235 237 239 240 241 242 243 244 245 247 248 249 250 251 253 254 255 256 257 258 259 260 261 264 265 267 268 270 271 273 274 275 276 277 278 280 281 282 285 288 289 291 292 296 297 298 299 300 301 302 303 304 309 310 311 312 313 315 316 317 318 319 320 322 324 326 327 328 329 330 331 333 334 335 336 337 338 339 340 343 344 345 346 347 348 349 350 351 352 353 354 356 359 360 361 362 363 364 365 366 367 369 370 371 372 373 375 376 377 378 379 380 381 382 383 385 386 389 390 391 392 393 394 395 398 400 401 403 404 405 406 409 410 411 412 413 414 415 416 417 418 420 421 424 425 426 427 428 430 431 433 435 436 439 440 441 442 444 445 447 448 449 450 452 453 454 455 456 457 459 460 461 464 465 468 469 470 471 473 474 475 476 477 478 479 480 482 483 485 486 487 488 489 490 492 494 495 496 497 499 658 950 
285: 0 1 2 6 7 8 9 10 11 12 13 14 15 16 18 19 20 21 22 23 25 28 29 30 34 35 36 37 38 39 40 41 42 44 45 46 47 48 49 50 52 53 55 56 57 58 63 64 66 67 69 70 71 73 75 76 77 78 79 80 81 82 83 85 86 87 88 89 90 91 92 93 94 95 96 98 99 101 102 104 105 106 108 109 111 112 114 117 119 124 125 126 128 129 130 131 132 133 134 135 136 137 138 139 140 141 144 145 146 151 152 154 155 156 160 161 163 164 165 166 167 168 169 172 173 174 175 176 177 178 179 180 181 182 183 184 188 189 190 191 192 193 194 195 196 197 198 199 200 201 202 203 204 205 206 208 210 211 212 213 214 215 217 219 221 222 224 225 226 229 230 231 232 233 234 235 236 238 242 243 245 246 247 250 251 252 253 255 256 258 259 260 261 262 264 265 266 267 268 269 270 272 273 274 276 277 278 279 281 282 283 284 286 288 290 291 294 295 297 298 299 300 302 303 304 305 306 307 308 309 310 311 312 313 316 318 320 322 323 324 325 328 329 330 331 332 333 334 335 336 337 338 339 341 342 343 344 345 346 347 348 349 350 351 352 353 355 356 357 358 359 360 362 363 364 365 366 367 368 369 370 371 372 373 374 375 377 378 379 380 381 382 383 384 385 386 387 388 390 391 392 393 394 396 398 399 400 401 405 406 407 408 409 410 411 412 413 415 416 417 418 420 421 423 425 426 427 428 429 430 431 432 436 437 438 440 441 442 443 444 445 447 448 449 450 451 452 453 454 455 456 457 458 459 460 462 463 465 466 467 468 469 471 474 475 477 478 479 480 481 482 483 485 486 487 488 489 490 491 492 494 496 497 498 759 953 961 
286: 0 1 2 3 4 5 6 7 8 9 10 12 14 15 16 17 18 19 20 21 22 23 24 25 27 28 29 31 32 33 35 37 38 39 40 42 43 44 45 46 47 48 50 51 52 53 54 56 57 58 60 61 62 63 64 65 66 67 68 69 70 71 72 73 74 75 76 77 78 80 82 83 84 85 86 87 88 89 90 92 93 94 95 96 97 99 100 101 103 104 105 106 107 108 110 111 112 113 114 115 116 117 119 121 122 124 125 127 128 129 131 132 135 136 137 138 141 142 143 144 145 146 148 150 153 154 155 156 157 159 160 162 164 167 169 171 172 173 174 176 177 178 179 180 181 182 183 184 187 188 189 190 191 193 194 196 197 199 200 201 202 203 204 205 206 207 211 212 214 215 218 219 221 223 225 227 228 229 230 231 233 234 235 236 238 240 243 244 246 248 250 251 252 253 254 256 257 258 259 260 261 262 263 264 266 267 268 269 270 272 274 275 276 277 278 279 281 283 285 288 289 290 291 292 294 296 297 298 299 300 301 302 303 304 306 307 308 310 312 313 314 315 317 318 320 321 323 324 325 326 327 329 330 332 333 334 337 338 339 340 341 342 343 344 345 346 348 349 351 352 353 354 356 357 360 361 364 365 366 368 369 371 372 373 374 376 378 379 381 382 383 384 385 386 387 388 389 390 391 392 393 394 395 396 398 400 401 402 404 405 406 408 409 410 411 412 413 415 416 417 418 419 420 421 422 425 426 427 428 429 430 433 435 437 438 439 440 442 443 444 445 446 449 450 451 452 453 454 455 456 457 458 459 460 461 462 463 465 466 467 468 469 470 471 472 473 474 476 477 479 480 481 482 483 484 485 486 487 488 489 490 492 493 494 495 496 497 498 499 794 930 
287: 0 3 4 5 6 9 10 11 12 13 14 15 16 17 19 20 22 23 24 25 26 27 28 31 32 33 34 36 37 38 39 40 41 43 44 45 46 49 50 51 52 53 54 56 58 59 60 62 63 65 66 67 68 70 71 72 74 77 78 79 80 81 83 86 87 88 89 90 92 94 95 96 97 98 99 100 101 102 103 104 105 106 107 108 109 111 113 114 115 116 118 119 120 121 122 123 124 125 126 128 129 130 131 132 133 134 135 136 137 139 140 141 143 144 146 147 148 150 151 153 154 157 158 159 160 161 164 165 166 167 169 170 171 172 173 175 176 178 179 180 181 182 185 187 188 189 193 195 197 198 199 200 201 203 204 205 206 208 209 210 212 215 216 217 218 219 221 222 223 224 225 226 227 228 229 230 231 232 233 234 236 237 238 239 240 241 242 243 244 245 247 248 249 250 252 253 254 255 256 257 258 259 260 261 262 263 264 266 268 269 272 273 274 275 276 277 278 279 281 283 288 289 290 291 292 293 295 296 297 299 300 303 304 305 306 307 309 310 312 313 314 315 316 317 318 319 320 321 322 323 324 325 327 328 329 330 331 332 334 335 336 337 338 339 340 341 342 343 344 345 346 349 350 351 352 353 355 357 358 360 361 362 363 364 366 367 369 370 371 372 373 374 375 377 378 379 380 381 382 384 385 386 387 388 389 390 391 392 393 394 395 396 397 400 401 404 405 406 407 409 410 412 413 414 415 416 417 419 420 421 422 424 425 426 427 428 430 431 432 433 434 435 436 437 439 440 441 442 443 444 445 446 448 449 450 451 453 456 457 459 460 461 462 463 464 465 466 467 468 469 471 472 475 476 477 478 479 480 481 482 483 484 485 486 487 488 490 492 494 497 499 671 763 950 
288: 2 3 5 7 9 10 12 13 14 16 17 18 19 20 23 24 25 26 27 28 30 33 34 35 36 38 39 40 41 42 43 44 45 47 49 50 51 52 54 55 56 57 58 60 61 62 64 65 66 67 68 70 71 72 73 74 75 76 77 78 79 81 84 85 86 87 88 89 91 92 93 94 95 96 97 98 99 101 102 104 105 106 107 108 109 110 111 112 113 114 115 116 118 119 120 121 122 123 124 125 126 128 129 130 133 134 136 137 138 139 140 141 142 143 144 145 146 147 148 149 150 151 152 153 154 155 157 158 160 161 162 163 164 165 166 167 168 169 170 171 172 173 175 176 177 178 179 180 181 182 184 185 188 189 190 191 192 193 194 195 196 198 200 203 204 205 207 208 209 210 212 213 214 215 217 218 220 221 222 224 225 226 227 230 231 232 233 234 236 237 238 239 240 241 242 243 245 246 248 249 250 252 253 256 257 260 261 262 263 264 265 267 268 269 270 271 272 273 274 276 277 278 281 282 283 284 285 286 287 289 291 293 294 295 296 297 300 301 302 303 304 305 308 310 311 312 313 314 316 317 318 319 320 322 323 324 325 326 327 329 330 331 332 333 334 335 336 338 339 340 341 342 344 346 347 348 349 350 351 353 354 358 359 361 362 364 365 366 368 369 370 371 373 374 376 377 378 379 380 381 382 384 385 387 388 390 391 392 393 395 396 397 398 399 400 401 402 403 405 407 408 409 410 412 413 414 415 416 417 418 420 421 422 423 424 425 426 427 428 429 430 431 432 433 434 435 436 437 438 439 440 441 442 444 445 446 447 448 449 452 453 454 457 458 459 460 462 463 464 465 466 467 468 469 470 471 472 474 475 476 477 478 480 485 487 488 489 490 491 492 494 496 497 498 499 613 635 692 694 754 
289: 0 1 2 3 4 5 8 10 11 12 13 14 16 17 18 19 20 21 22 23 24 26 27 28 30 31 32 33 35 36 37 38 39 40 43 44 45 46 48 50 51 52 54 55 56 57 58 60 61 62 63 64 65 66 70 71 72 73 74 75 76 77 81 82 84 85 86 87 88 89 90 91 92 93 94 95 96 97 98 99 102 103 104 105 106 107 108 109 110 112 113 116 118 119 120 121 123 124 127 129 130 132 133 134 135 136 137 138 139 141 142 143 144 145 146 147 148 149 150 152 153 154 155 156 157 158 159 160 161 162 163 164 166 168 169 170 171 173 174 176 177 178 180 181 182 183 185 187 188 189 190 191 192 194 196 198 200 201 202 203 204 205 207 208 209 211 212 213 214 215 217 218 220 221 222 223 224 225 226 227 229 230 234 235 236 238 239 240 241 242 243 244 246 247 248 249 250 251 252 253 254 257 258 259 260 261 262 263 264 266 267 269 270 271 273 274 275 280 281 284 286 287 288 290 291 293 294 297 298 299 300 301 303 304 305 306 307 308 309 310 311 312 313 314 317 318 319 320 321 322 323 324 325 326 327 328 329 330 331 332 333 334 335 336 337 338 339 341 342 343 344 345 346 347 348 350 353 354 355 357 358 359 361 362 363 364 365 366 367 369 370 372 373 374 375 376 377 379 380 382 383 384 387 388 389 391 392 394 395 396 397 398 402 403 405 406 407 408 409 410 411 412 414 415 416 418 420 421 422 423 427 428 430 431 432 433 435 436 437 438 440 441 443 444 445 446 447 448 449 450 453 454 457 460 461 462 469 470 471 472 473 475 476 477 478 479 480 481 482 484 486 487 488 489 490 493 494 495 496 497 498 499 671 
290: 1 2 3 4 6 7 10 12 13 14 16 17 19 20 21 22 23 24 29 30 31 32 34 36 37 39 40 41 43 44 46 47 48 49 50 51 52 53 55 57 58 61 63 64 66 67 68 69 70 71 72 73 75 76 77 78 79 80 81 82 83 84 85 86 87 89 91 94 95 97 99 100 102 103 104 105 106 107 108 109 110 111 112 113 114 115 117 118 119 120 121 122 123 124 125 126 130 134 136 137 138 140 141 143 145 146 148 151 152 153 156 159 160 161 162 163 166 167 169 170 171 174 175 177 178 180 181 182 184 186 188 189 190 191 193 194 195 197 198 201 202 203 204 205 206 208 209 212 213 214 215 216 219 220 221 223 224 225 226 227 228 229 230 232 233 234 235 236 237 238 239 240 241 242 244 245 246 247 248 250 251 252 254 255 257 258 259 260 261 262 263 265 266 267 272 273 275 277 278 280 283 285 286 287 289 291 293 294 295 297 298 299 300 302 303 305 306 307 308 309 310 311 312 313 316 318 319 320 321 322 323 325 326 327 328 329 331 332 333 334 335 337 339 341 342 343 344 345 346 347 348 349 350 352 353 354 355 356 357 358 360 362 363 364 365 366 367 369 370 371 373 374 375 376 377 381 382 384 385 386 391 392 393 394 395 397 398 399 400 401 402 403 405 406 407 409 410 411 412 413 414 416 417 418 419 421 422 423 424 425 426 427 428 429 432 433 435 436 438 439 440 441 442 443 444 445 446 447 448 451 454 455 456 457 458 459 460 461 462 463 464 465 466 468 470 472 473 474 475 476 477 478 479 481 482 484 486 487 488 489 490 491 493 494 495 496 497 498 499 636 931 999 
291: 1 2 3 4 5 6 7 8 9 10 11 12 13 14 16 17 18 19 21 23 25 27 29 30 31 33 36 37 38 39 40 41 42 43 44 46 47 48 49 50 51 52 53 55 56 57 58 59 60 62 63 64 66 67 69 70 71 72 74 75 76 77 81 82 83 84 85 86 87 88 91 92 93 94 95 96 98 99 101 102 104 105 106 107 108 109 110 112 113 114 116 117 118 119 120 122 123 124 125 126 128 129 130 131 132 133 134 135 136 137 138 139 140 141 142 144 147 149 151 152 153 154 157 158 159 160 161 162 163 164 165 166 167 168 169 170 172 173 174 175 177 180 181 182 184 185 186 187 188 189 191 193 194 195 196 197 198 199 200 201 205 208 209 210 211 213 216 218 221 222 223 224 225 226 227 228 229 230 231 232 234 235 236 237 238 239 240 241 242 243 246 247 249 250 251 255 257 258 259 260 262 264 266 267 271 273 274 275 276 278 279 280 281 282 283 284 285 286 287 288 289 290 292 293 294 295 296 298 299 300 301 302 304 305 306 310 311 312 313 314 315 316 317 318 320 321 325 327 328 329 330 331 333 334 335 338 339 340 341 342 343 344 345 348 349 353 354 355 356 358 359 360 362 363 365 369 370 372 373 375 376 377 378 380 382 383 384 386 387 389 390 391 393 394 396 397 398 405 407 408 409 410 411 412 413 414 415 416 418 419 420 421 422 425 426 427 428 430 431 434 435 436 437 439 440 441 442 444 445 450 451 452 453 454 455 456 458 459 460 461 462 463 464 465 466 467 468 469 470 472 473 474 475 476 477 479 480 483 484 487 489 490 491 493 494 495 496 497 498 499 782 
292: 0 1 2 3 7 8 9 11 15 17 18 20 21 22 23 25 26 27 28 29 30 31 32 35 36 37 38 39 41 42 43 44 46 47 48 50 51 52 53 54 55 56 57 58 59 60 61 62 63 65 66 68 69 70 73 74 75 76 77 78 79 80 81 82 83 84 85 86 87 88 89 90 93 95 96 98 100 101 102 104 105 106 107 108 110 111 112 113 114 115 117 119 120 122 124 125 128 129 130 131 132 133 134 135 136 137 138 139 141 142 143 144 145 146 147 148 149 150 153 154 155 156 159 160 162 163 164 166 167 168 169 170 171 172 173 174 176 177 178 180 181 182 183 185 186 188 189 191 194 195 197 198 199 200 201 202 204 206 207 208 209 212 213 214 215 216 217 218 219 222 223 224 227 229 232 233 236 237 238 239 240 241 244 245 246 247 248 249 250 252 253 255 256 257 258 259 260 261 263 264 268 269 270 275 277 279 280 281 282 283 284 286 287 291 294 295 296 297 298 299 301 302 303 304 305 307 308 309 310 312 313 314 316 317 318 319 320 322 323 325 327 328 329 331 333 334 335 336 337 338 340 342 344 345 346 347 348 349 350 352 353 354 355 356 357 358 359 360 361 362 363 365 366 367 368 369 370 371 372 373 374 377 379 380 382 383 384 385 386 387 389 393 394 396 398 399 400 401 402 404 406 409 411 412 413 414 415 416 417 418 420 421 424 425 426 427 428 429 430 431 433 434 435 436 437 438 440 441 442 443 444 449 450 451 453 454 456 457 459 460 461 463 465 466 468 470 471 472 474 475 477 478 481 482 483 484 486 487 489 491 492 493 494 496 497 498 625 649 696 769 775 759 978 
293: 0 1 2 5 6 7 8 10 11 13 15 17 18 19 20 21 22 23 24 25 26 27 28 31 32 33 34 35 36 37 38 39 41 42 43 44 45 46 47 49 50 51 52 53 54 56 57 58 59 62 63 64 65 66 67 68 70 72 73 74 76 78 79 81 83 84 85 86 87 88 89 91 92 93 94 95 96 97 98 99 101 102 103 104 105 106 108 109 110 111 112 113 114 115 116 117 118 119 122 123 125 126 128 129 130 132 133 134 136 137 138 139 143 144 145 147 148 149 150 152 153 154 155 156 158 159 160 161 162 163 164 165 167 168 169 170 171 173 174 175 176 177 178 179 180 182 183 185 186 187 188 191 193 194 195 196 197 198 199 200 201 202 203 204 205 206 207 208 209 210 211 215 216 217 219 220 221 222 225 226 228 229 231 232 233 234 235 236 237 238 239 240 241 242 243 244 245 246 247 248 251 252 253 254 255 256 258 259 261 265 266 268 269 272 273 275 276 277 278 279 280 281 283 287 288 289 290 291 294 296 297 298 299 303 304 305 307 308 309 310 311 312 313 314 315 316 317 318 319 320 321 323 324 325 326 327 329 332 336 337 338 343 344 345 346 347 348 349 350 352 353 355 356 357 359 360 361 362 367 369 372 373 375 377 378 379 380 381 382 383 384 385 386 388 389 392 394 395 396 397 398 399 400 401 402 403 404 405 406 407 408 409 411 412 413 414 415 416 417 418 419 420 422 423 425 426 427 428 429 430 431 432 433 434 435 436 438 439 440 441 442 443 446 447 448 449 450 451 453 455 456 457 458 459 460 461 462 464 465 466 467 468 469 471 472 474 475 476 477 479 480 481 482 483 484 485 487 489 490 491 492 494 495 496 497 498 684 
294: 0 1 2 3 4 5 6 8 9 10 11 12 14 15 16 17 18 19 20 21 22 23 24 25 26 28 29 30 31 33 34 35 36 38 39 40 41 42 43 44 45 46 47 48 50 51 52 53 54 56 57 58 59 60 61 65 66 67 69 70 72 73 74 75 76 79 80 81 82 83 84 85 86 87 89 90 93 94 96 97 98 99 100 101 102 103 105 106 109 110 111 112 113 114 115 118 120 121 122 125 126 127 128 129 131 132 133 134 135 137 139 140 142 145 146 148 150 151 152 154 155 156 157 158 160 162 163 164 165 166 168 169 173 174 175 176 177 178 182 183 184 185 186 187 189 190 191 192 198 199 201 202 203 204 205 208 209 210 211 212 213 214 215 217 218 219 220 221 222 223 224 225 226 227 228 230 233 234 235 236 237 238 239 240 241 242 243 244 245 248 249 250 251 252 253 254 255 256 257 258 259 262 263 264 266 267 268 269 270 271 272 274 275 276 277 278 280 281 282 283 285 286 288 289 290 291 292 293 295 298 299 300 301 302 303 304 305 306 307 308 309 310 311 312 314 315 316 317 320 321 322 324 325 326 327 328 329 330 331 332 333 334 335 336 337 338 341 345 347 348 350 351 352 353 355 357 358 360 361 362 363 365 367 369 371 372 373 374 375 377 378 379 380 381 386 388 390 391 392 393 394 395 396 397 398 401 402 404 405 407 408 409 410 411 412 413 414 415 416 417 419 421 422 423 424 425 426 427 428 429 430 431 432 433 436 437 438 439 441 443 444 445 448 449 450 451 452 454 455 456 457 458 459 461 463 464 465 466 467 468 469 470 471 472 473 475 476 477 480 481 483 484 485 486 488 489 490 491 492 494 495 496 497 498 499 979 
295: 0 2 3 4 6 7 9 11 12 13 14 15 17 18 19 20 21 22 23 24 26 27 29 31 32 35 36 37 39 41 42 43 44 45 46 47 49 50 52 54 55 57 59 60 62 63 64 65 67 69 70 71 73 74 76 77 78 79 80 83 84 85 86 87 89 91 92 94 95 96 97 98 99 100 101 103 106 107 108 109 110 111 112 113 114 115 116 118 119 120 121 124 125 126 127 128 132 134 137 138 140 141 142 143 145 146 147 148 149 150 151 152 154 155 156 157 159 160 163 164 166 167 169 170 171 172 173 174 175 176 177 179 181 182 183 186 187 188 189 190 191 193 194 195 196 197 198 199 200 201 203 204 205 206 208 209 211 214 215 216 217 219 220 221 222 223 224 228 229 230 231 232 233 235 236 237 239 240 242 243 244 246 247 248 250 251 252 254 255 256 257 258 259 260 262 263 264 265 266 267 268 270 272 273 274 275 276 277 278 279 281 283 285 287 288 290 291 292 294 296 298 299 300 301 302 303 305 306 307 308 309 310 311 312 314 315 316 317 320 321 322 323 324 325 326 327 328 330 331 332 334 336 337 338 339 340 341 342 344 345 346 347 348 349 350 351 354 355 356 358 359 360 361 362 363 364 365 366 367 368 369 370 372 374 375 376 378 379 380 381 382 383 385 386 387 391 392 394 395 396 397 398 399 402 404 405 406 407 408 410 416 417 418 420 422 424 428 429 431 432 433 434 435 436 438 439 440 441 442 445 446 449 450 451 452 454 455 456 458 459 460 461 462 463 464 465 466 467 469 470 471 472 473 474 475 476 478 479 481 483 484 486 487 488 490 491 492 495 496 497 498 499 679 691 999 
296: 0 1 3 4 5 6 8 9 10 11 12 13 14 15 16 18 19 20 21 24 25 26 29 30 32 33 34 35 36 37 40 41 42 43 44 45 46 47 50 51 52 53 54 55 58 60 61 62 63 65 67 68 69 70 71 72 75 76 77 78 79 80 83 84 85 86 87 91 92 93 94 95 96 97 98 99 101 102 103 104 105 107 108 109 112 114 117 118 119 120 121 122 123 124 125 126 127 128 129 130 133 134 135 137 138 140 141 142 143 146 147 149 150 151 152 153 154 155 156 157 158 159 160 161 164 165 167 168 169 173 175 176 177 178 181 182 183 185 186 187 188 189 190 191 192 193 194 195 196 197 198 200 201 202 203 204 207 208 210 213 215 216 217 221 223 225 226 227 229 230 231 232 233 235 236 237 239 241 242 243 244 245 246 247 248 249 250 251 253 254 255 256 258 261 262 263 265 266 267 268 269 270 271 272 273 274 276 277 278 279 280 281 282 283 284 286 287 288 291 292 293 295 299 300 301 304 305 306 307 308 309 311 312 314 315 316 318 320 321 322 323 324 325 326 328 330 332 333 335 336 337 338 340 341 342 343 344 345 346 348 349 350 353 354 355 356 358 359 360 363 365 366 367 368 369 370 372 373 375 377 378 379 380 381 382 383 384 385 386 387 388 389 390 391 392 393 394 395 396 397 398 400 401 402 403 404 405 406 407 408 409 410 411 412 414 419 420 421 423 424 425 426 427 428 429 432 433 435 436 438 440 441 443 444 445 446 447 448 449 450 453 454 455 458 459 460 461 462 463 464 465 466 469 470 472 473 475 476 477 478 481 482 483 485 486 487 488 489 490 492 494 497 498 678 977 
297: 1 4 5 6 7 8 9 10 11 12 13 14 15 16 17 18 19 21 22 23 24 25 26 27 28 29 30 32 33 36 37 38 40 41 42 43 44 45 46 49 50 54 57 59 60 62 63 64 65 66 67 68 69 70 73 74 75 76 78 79 81 83 84 85 86 87 88 90 91 92 95 96 97 98 99 101 103 105 106 107 108 109 111 112 113 114 116 118 121 123 124 125 126 127 128 132 134 135 136 137 138 139 140 142 143 144 145 146 147 152 153 154 156 157 158 159 160 161 162 164 165 166 168 169 170 174 175 176 177 178 179 180 181 182 183 184 185 186 188 189 190 191 194 195 196 197 198 200 201 202 203 204 205 206 207 210 211 212 213 215 216 217 218 219 220 221 222 223 225 226 227 228 229 230 231 233 234 237 238 239 240 241 242 243 244 245 246 249 250 251 252 253 254 255 256 257 258 259 261 262 263 265 267 268 269 271 272 273 274 275 276 277 279 280 281 282 283 284 285 286 287 288 289 290 292 293 298 300 302 303 304 305 306 307 308 309 310 311 312 313 314 315 316 317 318 319 320 321 324 325 326 329 330 331 333 335 336 337 338 339 340 341 342 343 349 350 351 352 353 354 355 356 357 358 360 362 363 364 365 366 367 369 372 373 374 375 376 377 379 381 382 383 385 386 387 388 389 390 392 393 394 395 396 399 400 401 402 403 404 406 407 408 409 411 414 416 418 419 420 421 422 423 424 425 427 429 430 431 432 433 434 436 439 440 441 442 443 444 445 446 447 448 449 450 452 453 455 456 457 458 459 460 462 463 464 465 467 468 470 471 472 473 474 476 477 478 479 480 482 484 485 487 489 490 491 492 493 494 495 496 497 498 638 933 985 
298: 0 1 3 4 5 6 8 9 10 11 13 14 15 17 18 19 20 22 23 24 25 28 29 30 31 32 34 35 36 37 38 39 40 41 42 43 45 46 47 49 50 51 52 54 55 56 57 58 60 61 63 64 65 66 67 68 69 70 71 73 74 76 79 80 82 83 84 85 86 87 88 89 93 94 95 96 97 98 102 104 106 107 108 109 110 111 112 113 114 115 116 117 118 121 122 123 124 125 126 128 129 130 131 132 133 135 136 137 138 139 140 141 142 143 144 145 146 147 148 149 151 152 153 154 155 156 157 159 160 161 162 163 164 165 166 167 168 169 170 171 172 174 175 176 177 178 179 180 182 184 185 186 189 192 196 197 198 199 201 202 204 205 206 207 209 210 211 212 213 214 215 216 217 218 219 220 221 222 223 224 225 226 227 228 229 230 231 232 233 234 236 237 238 240 242 243 244 246 247 248 249 251 252 254 255 258 259 260 261 262 263 264 265 266 267 268 269 270 272 274 275 276 278 280 284 285 286 289 290 291 292 293 294 295 297 299 300 301 302 303 304 305 306 307 308 310 315 317 318 323 324 327 330 331 332 333 335 336 338 340 341 342 343 344 347 350 351 353 354 355 356 357 360 361 362 363 364 366 367 368 369 370 372 373 374 375 376 380 381 384 385 386 387 389 390 391 392 393 396 398 399 401 403 404 405 407 408 409 410 412 413 414 417 418 419 420 421 425 426 428 429 430 431 432 433 434 436 437 441 442 443 445 446 447 448 449 450 451 452 453 454 455 456 457 459 461 462 463 464 465 467 468 470 471 472 473 475 476 477 478 479 480 481 482 483 484 485 486 488 489 490 491 494 495 496 497 940 
299: 0 1 2 3 5 6 7 8 9 10 11 13 15 16 17 18 19 20 21 22 23 24 25 26 28 29 30 32 33 35 41 42 43 44 45 47 48 49 52 53 54 55 56 58 59 60 62 63 64 65 66 67 68 72 74 75 76 77 80 81 82 84 85 86 87 88 89 90 91 92 93 95 97 98 99 100 101 103 104 105 106 107 108 109 112 113 114 116 120 121 123 124 125 126 127 130 131 132 134 136 137 139 140 141 143 144 145 146 147 148 149 150 152 153 154 155 156 157 158 159 161 162 163 164 165 167 169 170 172 173 174 175 176 177 178 179 181 182 183 185 186 187 188 189 190 191 192 193 194 195 196 197 198 199 200 201 203 204 205 206 207 208 209 210 215 216 218 219 221 223 224 225 226 227 228 229 231 232 233 234 235 237 240 241 242 243 244 245 246 247 248 250 251 252 253 254 255 256 257 258 259 261 262 263 264 268 269 270 272 273 274 275 276 277 278 279 280 281 282 283 284 285 286 287 289 290 291 292 293 294 295 296 298 300 302 304 305 307 308 309 312 314 315 316 317 318 322 323 325 327 328 330 331 333 334 335 336 337 338 339 340 342 344 346 348 349 350 351 353 354 355 356 360 361 363 364 365 366 367 369 370 371 372 376 377 378 379 380 381 382 383 384 386 388 389 391 392 393 397 398 399 400 401 402 403 404 405 406 407 408 409 410 411 412 413 414 415 416 417 418 419 422 424 425 426 427 428 429 430 431 432 433 434 435 436 437 438 439 440 443 444 445 446 447 448 449 450 451 452 453 456 458 459 460 461 463 464 467 469 471 472 473 474 475 478 479 480 481 482 483 484 485 486 487 488 489 490 492 493 494 496 497 499 600 799 
300: 1 3 5 6 7 11 13 14 17 18 19 22 23 24 25 26 28 29 30 32 33 36 37 38 39 40 41 42 43 44 45 49 51 53 54 55 56 57 58 59 60 61 62 63 65 66 67 68 69 70 72 74 75 77 78 79 80 81 84 85 87 90 92 95 96 100 103 104 105 106 109 110 111 112 114 115 116 117 118 119 120 121 122 123 125 126 128 129 131 132 133 135 136 137 138 139 140 141 142 146 147 148 149 150 151 152 153 154 156 157 158 161 163 164 165 167 168 169 170 171 173 174 175 176 178 179 180 181 184 185 186 189 190 191 192 193 197 200 203 204 205 206 209 210 211 213 215 216 217 218 221 222 223 224 226 227 228 229 230 231 232 233 234 235 237 238 239 240 241 243 244 245 246 248 249 250 252 253 255 256 257 259 260 261 262 263 265 266 267 268 269 270 271 272 273 274 275 277 278 279 280 281 282 284 285 286 287 288 289 290 291 294 295 296 297 298 299 301 302 303 304 306 308 309 310 311 312 313 314 315 316 317 318 321 322 323 324 326 327 329 331 332 333 334 336 337 338 339 340 341 344 345 346 347 348 350 351 352 354 355 356 357 358 359 360 361 362 363 364 365 366 368 370 371 372 373 374 375 376 378 380 381 382 383 384 385 386 387 388 389 390 391 392 393 394 395 396 397 400 403 404 406 407 408 410 411 412 413 414 415 416 417 418 421 422 423 425 426 427 428 430 431 433 434 435 436 437 438 439 440 441 442 444 445 446 447 448 449 450 452 456 457 459 460 461 462 463 468 469 470 472 473 474 475 477 478 479 481 482 483 484 486 487 488 489 490 492 493 494 495 496 497 498 499 643 
301: 0 1 2 3 4 5 6 7 10 11 12 13 14 15 17 20 21 22 23 25 26 27 29 30 31 32 33 34 35 36 39 40 41 42 44 45 46 48 49 50 52 53 54 57 58 60 62 63 64 65 66 67 68 69 70 71 74 75 76 77 78 80 81 84 86 87 88 89 91 93 94 95 98 99 100 101 102 103 104 105 106 107 108 109 110 111 114 115 116 117 118 119 120 121 122 124 127 128 130 131 132 134 135 136 137 138 139 140 141 142 143 144 145 146 148 149 150 151 152 153 154 155 156 158 159 161 162 165 166 167 169 170 171 173 175 176 177 178 180 181 182 183 184 185 186 187 188 191 192 193 194 195 197 198 199 200 201 202 204 205 206 207 208 209 210 211 212 213 214 215 216 217 218 220 221 223 224 226 228 229 230 231 232 233 234 236 237 240 242 244 245 246 247 249 250 251 252 254 256 257 258 259 262 263 264 265 266 267 270 271 273 274 275 276 277 280 281 283 284 286 288 289 291 292 294 295 296 298 300 302 303 305 306 307 308 309 310 311 313 315 318 319 320 321 322 324 325 327 328 329 332 333 334 335 336 337 338 339 340 341 344 345 346 347 348 349 350 352 353 354 355 356 357 358 359 360 361 362 363 365 366 367 368 369 371 372 373 374 375 376 377 378 380 382 383 384 385 386 387 389 390 392 393 394 395 396 397 398 399 400 401 402 403 405 406 407 408 409 411 412 413 414 416 417 418 419 420 421 422 424 425 426 427 430 432 434 435 436 437 438 439 440 441 442 444 445 446 447 448 449 450 451 452 453 456 461 462 463 464 466 468 469 470 471 473 474 476 477 478 480 481 482 484 485 486 488 489 490 491 492 493 494 495 496 497 498 661 666 683 685 953 
302: 1 3 4 5 6 7 9 10 11 12 13 15 16 17 18 20 21 23 24 25 26 27 30 31 32 33 34 35 36 38 39 40 42 44 45 46 47 48 49 50 52 53 54 59 60 61 62 63 64 65 66 68 69 70 71 73 74 75 76 77 78 80 82 83 84 85 86 87 88 89 90 91 92 93 94 95 96 97 98 99 100 101 102 103 105 106 107 109 110 111 112 113 114 115 116 117 119 120 121 122 123 124 125 126 127 128 129 130 131 133 134 135 136 137 139 140 141 142 143 144 147 148 150 151 152 154 155 156 157 158 161 163 167 168 170 171 174 175 176 177 178 179 180 182 184 185 187 188 189 190 191 192 193 194 195 197 198 200 203 204 205 206 208 209 211 213 214 215 216 217 218 220 221 222 223 224 225 226 229 233 234 235 236 237 238 239 240 241 242 244 245 246 247 248 249 250 251 252 253 255 256 257 258 259 260 262 263 264 265 266 267 268 269 270 271 273 274 275 276 277 278 279 280 281 283 284 285 286 288 290 291 292 294 295 297 298 299 300 301 303 304 306 307 308 309 311 315 316 317 318 320 321 322 323 324 325 326 327 328 330 331 332 334 335 336 338 339 341 342 343 344 345 346 347 348 350 351 352 353 354 356 357 358 359 360 362 363 365 366 367 368 369 370 371 372 373 374 375 376 377 378 379 380 381 383 385 386 387 388 389 391 392 393 394 397 398 399 400 401 402 403 404 405 406 407 412 414 415 416 420 421 422 423 425 426 427 428 429 430 431 432 433 434 435 436 438 439 440 442 443 444 445 446 447 448 449 450 451 452 453 454 456 458 460 461 462 463 464 465 466 467 468 469 470 471 473 474 475 477 478 479 480 482 483 484 485 486 488 489 490 491 494 496 497 498 499 637 960 972 
303: 0 1 2 5 6 7 8 9 10 11 16 17 18 19 21 22 23 28 29 31 35 36 37 39 40 41 42 43 44 45 46 47 48 49 51 52 53 54 55 57 58 59 60 61 62 63 68 69 70 71 72 73 74 75 77 78 79 80 81 82 83 84 85 86 87 88 89 90 92 95 96 98 100 101 103 106 107 108 111 112 113 114 115 116 118 119 121 122 124 125 126 128 129 131 132 133 134 136 137 138 139 140 141 142 143 145 149 150 152 153 154 156 157 159 160 161 162 163 164 165 166 168 169 170 171 173 174 175 177 178 180 181 182 185 187 188 189 191 193 194 197 199 200 201 203 204 205 206 207 208 209 210 211 214 215 216 217 218 219 220 221 222 223 224 225 227 228 231 232 233 235 236 237 239 240 242 243 246 247 248 250 251 252 253 254 255 256 260 262 263 265 267 268 269 270 271 272 274 275 276 277 278 279 280 281 282 283 284 285 286 287 288 289 290 292 293 294 295 297 298 300 301 302 305 306 307 308 309 310 311 312 313 314 315 317 318 319 320 321 324 325 326 327 328 329 330 332 333 334 335 336 337 339 340 341 342 343 344 345 346 347 348 349 351 352 353 355 356 357 358 359 360 362 363 366 367 368 369 372 373 374 375 377 378 379 380 381 382 383 385 386 387 388 389 390 391 392 393 394 395 396 397 398 399 400 401 402 403 405 406 407 408 410 411 412 413 414 416 417 418 419 420 421 422 423 426 427 429 430 431 432 433 434 436 437 439 440 441 442 443 444 445 446 447 449 451 453 454 456 458 459 461 462 463 464 465 466 467 468 469 471 472 473 474 477 478 480 481 482 483 484 486 487 488 489 491 492 494 495 496 497 498 499 619 678 785 798 922 932 
304: 1 2 3 4 5 6 7 8 9 10 11 12 13 14 16 17 21 22 24 25 26 27 29 31 32 33 34 36 37 39 40 41 42 43 45 46 47 48 50 51 54 55 56 58 59 60 61 62 63 64 65 67 70 72 73 74 75 78 79 80 81 83 84 86 88 90 91 92 93 94 95 96 97 98 99 100 101 102 103 104 105 108 110 111 113 115 116 117 118 119 120 121 123 124 126 127 128 129 130 131 132 133 134 135 136 137 138 139 140 141 142 143 145 146 147 148 149 150 151 152 153 154 155 156 157 158 160 161 162 163 164 165 167 168 170 171 172 174 176 177 178 179 180 181 184 185 186 187 188 189 191 192 194 196 197 198 199 201 202 204 206 207 208 209 210 211 212 213 214 215 216 217 218 220 221 223 225 226 227 228 229 230 233 234 235 236 237 238 239 240 241 242 243 244 245 246 247 248 250 251 253 254 255 256 258 259 262 263 264 265 266 267 269 270 271 273 274 276 277 278 279 280 281 283 284 285 286 287 288 289 291 292 293 294 296 297 298 299 300 302 305 306 309 310 312 315 316 317 318 319 321 322 324 326 327 328 329 331 332 333 335 336 337 338 339 341 343 344 345 346 348 349 350 351 352 353 355 356 357 358 359 360 361 362 363 364 365 367 368 369 370 371 372 373 375 376 377 378 379 380 381 382 383 384 385 386 387 388 389 390 391 392 395 396 397 399 400 401 402 403 404 406 407 408 409 410 411 412 413 414 416 418 419 421 423 424 426 427 428 429 430 431 432 433 436 437 438 439 441 442 444 445 446 448 449 450 451 452 453 455 456 457 458 459 460 461 462 463 464 465 466 467 468 469 470 472 473 474 475 476 479 480 481 482 483 484 485 486 487 488 489 490 491 492 493 494 495 496 497 499 609 656 927 
305: 0 3 4 5 6 7 8 9 11 12 13 14 16 18 20 21 23 24 25 26 27 29 30 31 33 34 35 36 38 39 40 43 49 50 51 52 53 55 57 58 60 62 64 65 66 67 68 69 70 71 72 73 75 76 77 79 81 83 84 85 88 90 91 92 93 94 95 96 97 98 99 101 102 103 104 105 106 107 109 111 112 113 115 118 119 120 121 122 124 125 126 127 128 130 131 132 133 134 137 139 140 143 145 146 147 148 149 151 153 154 155 156 157 158 159 160 161 162 163 164 165 166 168 169 170 172 173 175 176 177 179 180 181 183 184 186 187 188 189 190 191 192 193 194 195 196 197 198 199 200 201 202 203 204 205 206 207 208 209 210 211 212 214 215 216 217 218 220 221 222 223 225 227 228 229 230 231 232 234 236 237 238 239 241 242 244 245 246 247 249 250 251 252 253 254 255 256 258 259 260 261 263 264 265 266 267 270 272 273 274 275 276 277 278 279 280 281 282 285 287 288 289 290 291 292 293 294 295 296 297 298 299 301 303 304 306 307 308 309 310 312 313 315 317 318 319 320 321 323 324 325 326 328 329 332 334 335 336 339 340 344 346 347 348 350 351 353 354 355 357 358 359 360 362 363 364 365 366 367 368 370 371 372 373 374 375 376 378 381 383 386 387 388 389 391 392 393 394 395 396 398 399 400 402 404 405 406 407 408 410 411 413 414 415 418 419 420 421 422 423 424 426 427 428 429 430 432 433 434 435 436 437 438 439 441 442 443 446 447 448 449 450 451 452 453 454 456 457 458 460 461 463 464 466 467 468 469 470 471 472 473 474 475 476 477 478 479 481 482 483 484 485 486 487 488 489 490 491 492 493 494 495 497 499 
306: 0 1 2 4 5 7 8 9 10 12 14 16 18 21 22 23 25 26 27 28 29 30 33 34 35 36 37 38 39 40 41 44 45 46 47 48 49 50 52 53 54 56 59 60 61 62 63 65 69 70 71 72 73 74 75 76 77 79 81 83 85 87 89 90 91 92 93 94 95 96 97 98 100 101 102 103 104 105 106 107 108 109 110 111 114 115 116 117 120 122 123 124 125 126 127 129 131 132 134 135 136 139 140 141 142 145 146 147 148 150 151 152 153 155 156 157 158 159 160 162 163 164 165 167 168 169 170 171 172 173 174 175 176 178 179 180 181 182 183 184 185 186 188 189 191 192 193 194 195 196 197 198 199 200 201 203 206 207 208 209 210 211 212 214 215 216 218 219 220 221 222 223 224 225 226 228 229 230 231 232 233 234 235 236 237 238 240 241 243 245 246 247 249 251 252 253 254 257 259 260 261 262 263 264 265 266 267 269 270 271 273 274 276 277 279 280 281 282 283 285 286 287 289 290 291 294 295 296 297 298 300 301 302 303 304 305 308 309 310 312 314 315 316 318 320 322 323 325 326 327 328 330 331 332 333 334 335 336 337 338 339 341 343 345 346 347 350 351 352 353 354 355 356 358 361 364 365 366 367 370 371 372 373 374 376 377 379 381 382 384 385 386 388 389 390 391 392 393 394 395 396 397 398 399 400 401 402 403 404 405 406 407 409 410 411 412 414 415 416 417 418 419 420 422 423 424 425 426 427 428 430 431 432 433 434 437 440 441 443 444 445 446 447 448 449 451 452 453 454 457 459 460 461 462 465 466 469 470 471 473 474 475 476 477 478 479 480 481 484 485 488 489 490 491 492 493 494 495 496 497 498 645 
307: 0 4 6 8 9 10 12 15 18 19 20 21 22 23 24 25 28 29 30 31 32 33 34 35 38 39 40 41 42 43 44 45 46 48 50 51 52 53 54 55 56 57 58 59 60 61 62 63 64 65 66 67 68 69 70 71 73 74 75 76 77 78 79 81 82 83 85 86 87 88 89 90 91 92 93 94 95 96 97 98 100 101 102 103 104 106 107 108 110 111 112 114 115 116 117 119 120 121 123 124 127 128 129 130 131 132 133 134 135 136 137 139 141 143 144 145 146 147 148 149 150 151 152 154 155 157 158 159 160 161 162 163 164 165 166 169 170 171 172 173 174 176 177 179 180 181 182 184 185 186 187 188 189 191 192 193 194 196 197 198 199 200 202 203 204 205 206 207 208 209 210 211 212 213 214 216 218 219 222 223 224 226 227 228 229 230 233 234 236 238 240 241 242 243 244 245 246 247 248 249 250 251 252 253 254 255 256 258 259 263 264 265 267 268 269 270 271 272 273 274 275 276 277 279 280 281 282 285 286 287 289 290 292 293 294 295 296 297 298 299 301 302 303 305 309 310 311 314 317 318 319 320 321 322 323 324 325 326 327 329 330 331 332 333 334 335 336 337 338 340 341 342 343 345 346 347 348 349 350 351 352 354 355 356 357 362 363 364 365 366 367 369 370 371 372 373 374 376 377 378 379 381 382 384 385 386 387 389 390 391 392 393 396 397 398 399 400 402 403 404 405 406 407 408 409 411 412 413 414 415 416 418 419 422 423 425 426 427 428 430 431 432 433 434 437 438 439 441 443 445 447 450 451 452 453 454 455 456 458 461 462 463 464 465 466 467 468 469 470 471 474 475 476 477 478 479 480 481 482 484 485 486 487 488 489 491 492 493 494 495 496 497 498 771 760 761 
308: 0 1 4 5 6 7 8 9 10 11 12 14 15 16 18 21 23 24 25 26 27 28 29 30 31 32 33 34 35 36 37 38 41 42 43 44 45 46 50 51 52 54 55 56 58 61 62 63 64 66 68 69 70 71 74 75 76 77 78 79 81 82 83 85 87 88 89 90 91 92 93 94 96 97 99 100 101 102 104 105 107 108 109 110 111 112 113 114 115 116 117 119 120 121 123 126 127 128 129 130 131 132 133 135 136 137 139 140 141 142 143 144 145 146 147 148 151 152 153 154 155 156 157 158 160 161 163 164 166 167 168 170 171 173 174 176 177 178 179 180 183 184 185 186 187 188 189 190 191 192 193 194 195 196 197 198 200 201 202 203 204 206 208 209 210 212 213 214 215 216 218 219 220 221 224 225 226 227 228 229 231 232 233 235 236 237 239 241 244 245 246 247 248 249 250 251 252 253 254 256 257 259 260 261 262 263 264 265 267 269 270 271 273 274 275 276 277 278 279 280 281 283 285 286 288 289 290 292 293 294 295 296 297 298 299 300 301 302 303 305 306 309 310 311 312 313 314 315 316 317 318 319 321 322 323 325 326 327 328 329 330 331 333 334 336 337 338 339 340 341 342 343 344 345 346 347 349 350 351 353 354 356 357 358 359 361 362 365 367 368 369 370 372 373 374 375 376 377 378 384 386 387 389 391 392 393 394 395 396 397 398 399 402 403 404 405 407 408 409 410 412 415 416 417 418 421 422 423 424 426 428 429 430 431 433 435 437 438 439 440 441 442 444 445 446 447 448 449 450 451 453 454 455 456 459 462 465 467 468 473 475 476 477 478 479 481 482 485 486 488 490 491 492 494 495 496 498 499 750 975 
309: 0 1 2 4 6 7 8 9 10 11 12 13 14 15 16 18 19 20 21 22 23 24 26 28 30 31 32 33 34 36 37 38 39 40 41 42 43 44 47 48 49 50 51 52 53 54 56 57 58 59 60 61 62 63 64 67 69 70 71 72 73 74 75 77 78 79 80 81 83 85 86 87 88 89 90 91 92 93 94 95 96 97 99 101 102 103 104 105 108 109 110 111 112 113 114 116 119 122 123 124 125 126 127 128 129 130 131 133 134 135 136 137 138 139 140 141 142 143 144 145 146 147 148 150 151 152 154 155 156 157 159 160 161 162 163 164 165 166 167 168 170 172 174 175 177 179 180 181 182 183 184 185 186 187 188 189 190 191 193 194 196 197 198 199 200 201 202 203 204 205 206 208 209 211 212 214 215 216 217 218 219 221 222 223 224 225 226 228 229 230 231 233 234 235 236 237 238 239 241 243 244 245 246 247 248 249 252 253 254 255 256 257 258 259 260 261 262 264 265 266 267 268 272 274 276 277 278 279 281 282 284 285 287 289 290 292 293 294 295 296 297 299 300 301 302 303 304 305 306 307 308 310 311 313 314 315 316 317 319 320 321 322 323 324 325 326 327 329 330 331 332 333 335 336 337 338 340 343 344 346 347 349 350 351 352 353 354 355 358 359 360 361 362 365 366 369 370 371 372 373 374 376 377 378 379 380 381 382 383 385 386 387 389 390 391 392 393 395 397 398 399 400 401 402 403 404 405 408 409 411 412 413 414 415 417 418 419 420 421 423 425 426 427 428 430 431 433 434 435 436 437 440 442 443 444 445 446 447 448 449 450 451 452 453 454 455 458 459 460 461 462 466 467 468 470 471 472 473 474 477 478 479 481 482 483 484 485 486 487 488 489 491 493 494 496 497 498 499 675 998 
310: 1 2 3 4 5 6 10 11 14 16 17 18 19 20 21 22 23 24 25 26 27 28 29 30 31 32 33 34 35 36 37 38 40 42 43 44 47 48 49 50 51 52 54 55 56 57 58 59 60 61 62 63 65 66 68 69 70 71 72 73 74 76 77 78 79 80 81 82 84 85 86 88 89 91 92 93 94 97 98 100 101 105 106 107 108 109 110 111 112 113 114 115 116 117 120 122 123 125 126 128 129 131 132 133 134 135 136 137 138 139 140 141 142 145 146 147 149 150 153 154 155 156 157 158 159 161 162 163 166 167 168 170 171 172 173 174 175 176 177 178 179 181 182 183 185 186 187 188 189 190 191 193 194 195 196 197 198 200 201 202 203 205 206 209 210 211 212 213 215 218 219 220 221 222 224 225 226 227 228 230 231 232 234 235 236 237 238 239 240 241 242 243 244 245 248 249 250 253 254 255 256 258 259 261 262 263 264 265 266 267 268 270 271 272 274 275 276 277 278 279 282 283 284 285 286 287 288 289 290 291 292 293 294 295 297 298 300 301 303 304 305 306 307 308 309 311 312 313 314 316 317 318 319 320 321 324 325 326 327 328 329 330 331 332 334 335 337 338 339 341 342 344 345 346 349 350 351 352 353 355 356 357 358 360 361 362 363 364 366 368 369 370 371 373 374 375 376 378 379 380 381 382 383 385 386 388 389 390 391 392 393 394 395 396 397 398 399 400 402 403 404 405 407 408 409 410 411 413 414 416 417 420 421 422 423 425 426 427 428 429 430 432 433 434 435 436 437 439 440 442 443 444 445 446 447 448 450 451 452 453 454 455 456 457 458 459 462 463 464 465 466 467 468 469 470 472 473 474 476 477 478 479 481 482 484 485 486 487 488 489 490 491 492 493 496 497 498 637 751 
311: 0 1 2 3 4 6 7 8 10 11 14 15 17 20 21 22 23 24 25 26 27 28 29 30 31 32 33 34 35 36 37 39 40 41 42 43 44 45 46 47 48 49 50 51 52 54 55 56 57 58 59 60 61 62 63 65 67 68 69 70 72 73 74 75 76 78 79 81 83 84 85 86 87 88 89 90 91 92 94 96 97 98 99 100 103 104 105 106 107 108 109 110 111 112 114 115 118 120 121 122 123 125 126 127 128 129 131 132 133 134 135 136 137 138 139 140 141 142 144 145 147 149 150 151 152 153 154 155 156 157 158 159 160 163 164 166 167 168 172 173 174 175 176 177 178 179 180 181 182 183 184 185 186 189 190 191 192 193 194 195 196 197 198 199 200 202 203 204 205 206 207 208 209 210 211 212 213 214 215 216 218 220 221 222 223 224 225 226 227 228 231 232 233 234 235 236 237 238 240 241 242 243 244 245 246 247 248 250 252 253 254 255 256 257 259 260 261 262 263 264 265 266 267 268 270 271 272 273 274 275 276 277 278 279 280 281 282 284 285 288 289 290 291 293 294 295 296 297 300 301 302 303 307 308 309 310 313 314 315 317 318 319 321 322 323 325 326 327 328 329 330 332 334 335 336 337 339 340 341 342 343 345 346 347 348 349 350 351 353 354 355 358 359 361 362 363 364 365 367 369 372 374 376 378 379 380 382 383 384 385 386 387 388 389 390 391 392 393 394 396 397 398 399 401 403 404 406 407 408 409 410 411 412 413 414 416 417 418 419 421 422 424 426 427 430 431 432 433 435 436 437 438 439 440 441 443 444 445 447 448 451 453 455 456 457 458 459 462 463 464 465 466 467 468 469 470 471 473 476 477 478 479 480 481 482 483 484 485 487 488 489 491 492 493 494 495 496 497 498 499 
312: 0 1 3 4 6 7 8 9 11 12 13 14 17 18 19 21 23 24 25 26 28 30 31 33 34 35 36 39 40 41 42 44 45 46 47 48 49 52 53 55 56 57 58 59 60 61 62 63 64 67 68 71 72 73 74 75 77 78 79 81 83 84 85 87 88 89 90 91 92 95 96 97 98 100 103 104 105 107 108 109 113 114 115 116 117 118 119 121 122 123 124 125 126 129 130 131 132 134 137 138 140 142 144 146 147 148 149 150 152 153 154 158 159 160 161 162 163 164 165 168 169 170 171 173 174 175 176 177 178 180 181 182 183 184 186 187 188 190 192 193 194 196 197 198 199 200 201 202 203 205 206 207 208 209 210 211 212 213 214 215 217 218 219 220 221 222 223 225 226 228 229 231 232 233 234 235 236 238 239 240 241 243 244 245 246 247 252 253 254 255 256 258 259 260 261 262 263 264 266 267 268 269 270 271 272 273 274 275 276 277 278 279 282 284 285 286 287 288 289 290 291 292 293 294 295 296 297 299 300 303 304 305 306 308 310 314 315 317 318 319 320 321 322 323 324 325 326 327 328 329 330 331 332 333 335 336 337 339 340 341 343 344 345 347 349 350 353 354 355 356 357 361 362 365 366 368 369 370 372 373 374 375 377 378 379 380 381 382 383 384 385 386 388 389 390 391 395 396 397 399 400 401 402 404 405 406 408 409 410 411 413 415 416 419 420 421 423 425 426 427 428 429 430 431 432 433 435 436 438 439 440 441 442 443 445 447 448 449 450 451 452 453 454 455 456 457 458 459 460 462 463 464 466 467 468 469 470 471 472 474 475 477 478 479 480 481 482 483 484 487 488 490 491 492 495 496 497 498 647 678 786 
313: 1 2 5 6 8 9 10 11 12 13 14 15 16 17 20 21 22 23 24 25 26 28 30 31 32 34 35 36 37 38 39 40 42 43 44 45 46 47 48 49 50 51 52 54 55 56 57 58 59 60 61 62 63 64 65 67 68 69 70 72 74 75 76 77 78 79 80 81 82 83 84 85 87 89 90 91 92 93 94 95 97 98 99 100 102 103 105 106 107 110 111 112 113 115 117 119 120 121 122 123 125 126 127 128 131 132 133 134 135 136 137 138 139 142 144 145 146 148 149 150 152 153 154 155 156 157 158 159 160 161 163 164 166 167 168 169 171 172 173 174 175 176 177 179 180 182 184 185 187 188 189 190 191 192 193 195 198 199 200 201 202 203 204 205 207 208 209 210 211 213 215 216 217 218 219 220 221 222 223 224 225 226 227 228 229 230 231 232 233 235 236 237 238 239 240 241 242 243 244 245 246 249 250 251 253 254 256 257 258 259 260 262 265 267 268 269 270 271 272 273 274 275 277 278 279 280 281 283 284 285 286 287 288 289 290 291 292 293 297 300 301 303 305 308 309 310 311 315 316 318 319 320 321 322 323 324 326 327 328 329 330 331 332 333 335 337 338 341 342 343 344 346 347 348 349 351 352 353 354 355 356 357 358 359 360 361 362 363 365 366 368 370 371 372 373 374 375 376 377 378 380 381 382 383 384 385 386 387 388 389 390 391 392 393 394 395 396 397 398 399 400 401 403 404 405 407 409 410 411 412 413 414 416 417 418 419 421 423 424 425 426 427 429 431 432 433 434 436 438 439 440 442 444 445 446 447 448 449 451 452 453 454 455 457 458 459 460 461 462 464 466 467 468 469 470 471 472 473 474 475 478 479 482 483 484 486 488 489 490 491 492 493 494 495 496 497 629 
314: 0 1 2 4 6 7 8 9 11 12 15 16 18 19 20 21 22 23 24 25 26 27 28 29 30 31 32 33 34 36 37 39 40 41 42 43 45 46 47 48 49 51 52 53 54 55 56 57 59 60 61 63 65 66 67 68 69 70 71 72 73 75 76 77 78 79 80 81 82 83 84 86 88 89 90 91 94 95 96 97 99 100 101 102 104 106 107 110 111 112 113 114 117 118 119 120 121 122 123 124 125 126 127 128 129 130 131 132 133 134 135 136 138 139 141 143 144 148 149 150 151 152 153 154 155 156 157 158 159 162 163 167 168 169 170 172 173 174 175 177 178 179 180 181 182 183 186 187 188 190 194 196 198 199 202 203 204 205 207 209 210 211 212 213 214 215 216 218 221 222 223 224 225 226 228 230 231 233 234 235 237 239 240 241 242 243 245 247 248 249 250 251 252 253 254 255 257 258 260 262 264 265 266 267 268 269 270 272 273 275 276 277 278 279 280 282 286 287 288 289 291 292 293 294 295 296 297 299 300 303 306 307 308 309 310 311 312 315 316 319 320 321 324 326 327 330 331 332 333 334 335 337 338 339 340 341 342 343 344 345 347 348 349 351 352 353 354 355 356 357 359 360 361 362 363 364 365 370 371 372 374 375 376 377 378 379 381 383 384 385 386 387 388 389 391 392 393 395 396 397 398 399 400 401 402 403 404 405 406 408 410 411 413 414 415 416 417 418 419 420 421 423 424 425 426 427 428 429 430 431 432 434 435 436 437 438 441 443 444 446 447 448 449 450 451 452 453 454 455 456 458 460 461 462 463 464 465 466 469 470 471 472 473 474 475 476 478 479 480 481 482 484 485 486 487 488 489 490 491 492 494 495 496 499 652 765 935 979 
315: 0 2 3 4 6 8 9 10 12 13 15 16 17 19 20 21 22 25 26 28 29 31 32 33 34 37 40 41 42 43 44 45 46 47 49 50 53 55 56 57 58 59 60 61 62 63 64 65 66 67 68 69 71 74 75 76 77 78 79 80 81 82 84 85 86 87 88 89 90 91 92 93 94 95 96 97 99 100 101 103 104 105 106 108 110 111 112 113 114 115 116 117 118 119 120 121 122 123 125 126 127 128 129 130 131 132 133 134 135 136 138 139 141 142 143 145 146 147 151 153 154 156 158 160 163 164 165 166 167 170 171 174 175 176 177 178 180 181 182 183 184 185 186 189 190 191 192 194 195 196 197 198 199 201 203 204 205 206 207 208 209 210 211 213 214 215 217 218 219 220 222 223 224 225 226 229 230 231 233 237 239 240 241 242 244 245 250 254 255 256 257 258 259 260 263 264 265 266 267 268 269 270 272 273 274 275 276 277 279 280 281 282 284 286 287 291 293 294 295 296 297 298 299 300 301 302 303 304 305 306 308 309 311 312 313 314 316 317 318 319 321 322 324 326 328 329 330 331 333 334 335 336 337 338 339 340 341 342 343 344 345 346 349 350 351 352 353 355 358 359 360 361 362 363 364 365 366 367 371 372 377 378 379 380 381 383 384 386 387 388 389 390 391 392 393 394 395 396 397 399 400 401 402 403 404 405 407 408 409 410 412 413 414 415 416 417 419 420 424 425 427 428 430 431 432 434 436 437 438 439 440 441 442 443 444 445 448 449 450 451 452 453 454 455 456 458 459 460 461 462 463 465 466 467 468 469 470 471 473 474 475 476 477 478 479 482 483 486 488 489 490 491 492 493 494 495 496 497 499 636 950 
316: 0 1 3 4 5 6 8 9 11 13 14 15 16 17 20 21 22 23 24 25 26 28 29 31 32 33 34 35 36 38 39 44 46 47 48 49 50 51 52 55 56 57 59 60 61 63 65 67 70 71 72 73 74 75 76 77 78 80 81 82 83 84 85 86 87 91 92 93 94 95 97 98 99 102 103 104 106 108 109 110 111 112 113 115 116 117 118 119 120 122 123 124 125 126 127 129 130 132 134 135 137 138 140 142 144 145 146 147 151 152 153 154 157 158 159 162 163 164 165 166 167 169 171 172 173 174 175 176 177 178 179 180 181 182 183 184 186 187 190 191 192 193 194 195 196 197 198 199 201 202 205 206 208 209 211 212 213 214 217 218 219 220 222 224 226 227 228 229 231 232 233 234 235 236 237 238 239 240 242 244 245 246 247 248 249 250 251 253 254 255 256 257 258 259 261 262 263 264 265 267 268 270 271 272 273 274 275 277 278 279 280 281 282 284 285 287 288 290 291 292 293 294 295 296 297 299 300 302 304 306 308 309 310 313 314 315 317 318 319 320 321 323 324 325 326 328 329 331 332 333 334 335 337 338 339 340 341 342 343 344 346 347 348 349 350 351 352 353 354 355 356 357 359 360 361 362 364 365 366 367 368 369 370 371 372 373 375 376 377 378 381 382 385 386 387 388 389 390 393 394 395 396 397 398 399 400 401 402 403 404 405 407 409 410 411 412 413 414 415 417 418 419 420 421 423 425 426 427 428 429 430 431 432 434 435 436 437 438 440 441 442 443 444 445 446 448 449 450 452 453 454 455 456 457 458 459 460 461 462 464 465 466 467 468 469 470 471 473 474 477 478 479 480 481 483 484 485 486 487 490 494 496 497 499 624 660 666 799 
317: 0 1 2 4 5 6 7 10 11 13 15 16 17 18 19 22 23 25 26 27 30 31 32 33 34 35 36 37 38 40 42 44 45 46 47 48 50 51 52 53 54 55 56 57 58 60 61 62 63 64 65 66 67 68 69 70 71 73 75 76 77 78 79 80 81 82 83 84 86 88 89 90 91 92 94 95 96 97 98 99 100 103 106 107 109 110 112 113 114 115 116 117 118 119 120 121 122 123 126 128 130 131 132 133 134 135 136 137 138 139 140 141 143 145 148 149 150 155 156 157 158 159 160 161 162 163 164 165 166 167 168 170 171 172 174 176 178 180 181 183 185 186 187 188 189 190 192 194 195 197 198 199 200 201 202 203 204 205 206 207 209 210 212 213 214 215 216 217 218 219 220 221 223 224 225 226 227 228 229 230 232 233 235 236 237 239 240 241 242 243 244 245 247 248 249 250 252 253 254 256 257 258 259 260 261 262 263 266 267 269 270 271 272 273 275 276 277 278 280 282 284 286 287 288 289 291 292 293 294 295 297 298 299 300 302 303 304 305 307 308 309 310 311 312 315 316 318 319 320 321 322 323 324 325 326 327 328 329 330 331 332 333 334 335 336 337 338 340 341 342 343 344 345 346 347 348 349 353 355 356 357 358 359 360 361 362 364 366 367 368 369 372 373 374 375 376 377 378 379 380 381 382 383 384 386 388 390 391 392 393 396 397 398 400 401 403 404 405 406 407 409 410 411 413 414 417 418 419 422 423 424 425 426 427 428 429 430 432 433 434 435 436 437 438 439 440 441 442 444 446 447 449 450 452 453 454 456 457 458 459 460 463 464 465 467 468 469 470 472 474 476 477 478 479 480 481 484 485 486 487 488 489 490 491 492 493 494 495 496 498 499 
318: 0 1 3 4 5 6 8 10 11 12 15 16 17 18 19 20 21 22 24 25 27 29 30 32 33 34 35 36 37 39 40 41 42 43 45 47 49 53 54 55 56 57 58 59 60 62 63 64 65 66 67 68 69 70 71 72 74 76 77 78 79 80 83 84 85 87 88 91 92 93 94 96 97 98 99 100 101 103 105 108 110 111 112 117 118 119 120 121 122 124 125 126 127 129 131 133 134 135 136 137 138 139 140 141 142 145 146 147 148 150 151 153 154 155 156 157 159 161 162 163 164 165 166 167 169 170 172 173 177 178 179 180 181 182 183 185 186 187 188 189 190 191 193 194 195 196 197 198 199 203 205 206 207 208 210 212 213 215 216 217 218 219 220 223 229 230 231 232 234 235 238 239 243 244 245 246 247 248 251 253 254 255 256 257 258 260 261 263 264 265 266 267 268 269 270 272 273 274 275 276 277 278 279 280 281 282 283 284 285 286 287 288 289 290 291 292 293 296 297 298 299 300 301 302 303 304 305 306 307 308 310 311 312 313 315 316 317 319 320 321 322 323 324 325 326 327 332 333 335 336 337 338 339 340 341 343 347 348 349 350 351 352 354 355 356 358 359 360 361 362 364 366 367 369 371 372 373 374 375 376 377 378 381 382 383 384 385 386 388 390 392 393 394 396 397 398 399 400 401 402 404 405 407 408 410 411 412 413 414 415 416 417 420 422 423 424 426 427 428 431 432 433 434 435 436 438 439 440 441 443 444 445 446 448 449 450 451 452 453 457 458 459 461 462 463 464 465 466 467 468 469 471 472 473 474 475 476 477 478 479 480 482 484 485 486 487 488 489 490 491 492 493 495 496 497 498 499 634 656 676 929 
319: 0 1 2 3 4 5 6 7 10 11 12 13 15 16 17 18 19 20 21 22 25 26 28 29 30 31 32 34 37 38 40 41 42 43 44 45 46 48 50 51 52 53 54 56 57 58 59 60 62 64 65 66 67 68 69 72 73 75 76 77 78 79 80 81 82 83 84 85 87 88 89 93 94 95 96 97 98 100 101 102 103 105 106 107 108 109 111 112 113 114 115 116 118 121 122 124 125 126 127 129 130 131 132 133 134 135 136 137 138 139 140 141 142 144 146 147 148 150 151 153 154 155 157 158 159 160 161 162 163 164 165 166 167 168 169 171 172 174 175 178 182 183 185 187 188 190 191 192 193 194 195 197 200 201 202 203 204 206 207 208 212 213 214 215 216 218 219 221 222 223 224 227 229 230 232 233 234 235 236 237 239 241 242 243 244 245 246 248 249 250 251 252 254 256 257 258 260 261 262 263 264 266 267 268 269 270 271 272 273 274 275 276 277 278 279 280 281 282 283 284 287 288 289 290 292 293 297 301 303 304 305 307 308 309 310 311 312 313 314 315 316 317 318 320 321 322 323 324 325 326 328 330 331 332 333 334 335 337 339 341 342 343 344 345 346 347 348 349 350 351 352 353 354 356 357 358 359 360 362 363 364 365 366 367 368 369 370 373 375 376 377 378 379 381 382 385 386 387 390 391 393 394 395 396 397 400 402 403 404 406 408 411 412 413 415 416 417 418 419 420 422 423 424 429 430 431 432 433 434 436 437 438 439 440 442 444 445 446 447 450 451 452 455 456 457 458 459 461 463 464 465 466 467 468 469 470 471 472 473 474 475 476 477 479 481 483 484 485 488 490 491 493 494 496 497 498 499 625 631 649 667 996 
320: 0 2 3 5 6 7 8 9 11 13 14 15 16 18 19 20 21 22 23 24 25 26 27 29 30 31 32 33 34 35 37 39 40 42 43 44 45 46 47 49 50 51 52 53 54 57 58 59 60 61 62 63 64 65 66 67 68 69 70 71 72 75 76 78 79 80 81 82 83 84 85 86 89 90 91 92 93 94 95 96 97 98 100 101 102 103 104 105 106 107 109 110 111 113 114 115 118 119 120 121 122 123 125 126 127 128 129 130 131 133 134 135 136 138 139 142 143 144 146 147 148 149 152 153 155 156 157 158 159 161 162 164 165 166 167 168 169 172 173 175 176 177 178 179 181 182 183 185 186 187 188 189 190 194 197 198 199 201 202 204 205 206 207 208 210 211 212 215 216 217 218 219 220 221 222 223 224 225 228 229 230 231 232 233 234 235 237 238 239 242 244 245 246 247 248 250 251 253 254 256 257 259 260 262 264 266 267 268 269 270 271 272 273 274 275 277 278 280 281 283 284 285 286 287 288 289 290 291 292 293 294 295 296 297 301 302 303 305 306 307 309 310 312 313 314 316 317 318 319 321 322 324 325 326 327 328 329 330 332 333 334 335 336 337 338 340 341 343 346 347 348 349 351 352 353 354 355 357 358 359 360 361 362 363 366 367 368 369 370 371 373 375 376 377 378 380 381 382 384 385 386 387 390 392 393 394 395 396 399 401 402 403 404 405 407 409 410 411 412 413 414 415 416 417 421 422 424 425 426 427 428 429 431 432 433 434 435 436 437 438 440 443 445 446 448 449 450 451 452 454 455 456 458 459 460 461 462 463 464 465 466 468 469 470 472 473 474 476 477 479 480 481 483 484 485 486 487 489 490 491 492 493 496 497 499 653 678 999 
321: 0 1 3 4 5 6 8 9 10 12 14 15 16 17 19 20 21 23 24 25 26 27 28 29 31 32 33 34 35 36 37 38 39 40 41 42 43 45 46 47 48 49 50 51 53 54 55 56 57 58 59 60 61 62 63 65 66 68 69 70 71 72 73 75 76 77 78 79 80 82 83 86 87 88 91 92 93 95 96 98 99 100 101 105 106 107 108 109 114 115 117 118 119 120 121 122 124 126 127 128 129 130 131 132 134 136 138 139 140 141 142 143 144 145 146 147 149 151 152 154 155 158 159 160 161 162 163 164 165 167 168 169 170 171 173 174 175 176 177 178 179 180 181 183 184 186 187 190 192 193 194 195 196 197 198 199 200 201 202 203 205 206 208 210 211 212 214 215 218 219 220 221 222 223 224 227 228 230 231 232 233 234 235 236 237 238 239 242 243 245 246 247 248 249 253 255 256 257 259 260 261 262 263 264 265 266 267 268 271 272 273 274 275 276 277 279 280 281 282 283 286 287 289 290 291 293 294 295 296 297 300 301 302 303 304 305 307 308 309 310 311 312 313 314 315 316 317 318 319 320 322 323 324 325 326 329 330 331 332 334 335 336 337 338 339 340 341 342 343 345 346 347 348 351 352 353 354 355 356 357 359 361 362 363 364 366 367 368 369 370 372 373 374 375 376 377 378 379 381 382 383 387 390 391 392 393 394 395 396 397 398 399 400 401 402 403 405 406 407 408 409 411 413 414 415 417 419 420 421 422 423 424 426 427 429 430 431 432 433 435 436 438 439 441 442 444 446 448 450 451 452 453 454 456 457 459 461 463 464 465 466 467 468 469 471 472 473 474 477 478 479 480 481 482 483 486 487 488 489 490 493 494 495 496 497 498 499 662 790 999 
322: 0 1 3 5 6 8 9 10 11 12 13 14 15 16 17 19 20 21 22 23 24 26 27 29 30 31 33 34 35 36 37 39 41 42 43 44 45 46 49 52 53 54 55 57 59 60 62 64 65 66 68 69 70 72 74 75 76 77 78 80 81 82 83 84 87 89 90 91 92 93 94 96 97 98 99 100 101 103 104 105 106 107 108 110 112 113 114 115 116 117 118 119 120 121 123 124 125 126 128 132 133 137 138 139 140 141 142 143 144 145 148 151 152 154 155 158 159 160 161 162 163 166 167 168 169 171 172 173 174 175 179 180 182 183 185 186 187 188 189 190 192 193 194 195 196 197 198 199 200 201 202 203 204 205 206 208 209 210 211 212 213 214 218 219 221 222 223 224 225 226 227 228 229 230 232 233 234 235 236 237 238 239 240 244 245 246 247 248 249 252 253 254 255 256 257 258 259 260 261 262 263 264 266 267 268 269 270 272 273 274 275 276 278 279 281 282 283 284 285 287 288 289 290 292 294 295 296 299 300 301 302 304 306 307 308 309 311 312 313 315 317 318 319 320 321 323 324 325 326 327 328 330 332 333 335 336 337 338 340 342 343 344 346 347 348 350 351 352 353 354 355 356 357 359 360 362 363 364 365 366 370 374 376 377 378 379 380 382 385 387 388 389 392 393 394 395 396 397 398 399 401 402 405 406 407 408 410 411 413 414 416 417 418 419 420 421 422 423 424 425 428 430 431 434 435 438 439 440 441 442 443 444 445 446 447 450 452 454 455 456 458 459 460 461 462 463 464 465 466 467 469 471 472 474 475 476 477 480 483 484 485 486 487 488 490 491 492 493 494 495 496 497 498 499 
323: 0 3 4 5 6 7 9 10 11 12 15 17 19 20 21 23 25 26 27 28 30 32 33 34 35 36 38 39 41 42 43 45 46 48 49 50 54 55 58 59 60 61 62 64 65 66 67 68 71 72 73 74 75 76 77 78 79 80 81 82 83 84 85 86 87 88 89 90 91 92 94 95 96 97 98 99 100 102 104 105 106 107 108 109 110 111 112 113 115 116 117 119 120 122 123 124 125 128 129 132 134 135 136 137 139 140 141 143 145 149 150 151 152 154 155 156 158 159 161 162 163 165 166 167 169 171 172 173 174 175 177 179 180 181 182 183 185 186 187 188 189 190 192 194 196 198 199 200 201 202 203 204 205 207 209 210 211 214 215 216 220 221 222 223 224 226 228 229 232 233 234 236 237 240 241 242 243 244 245 246 248 249 250 253 254 255 257 259 261 262 263 264 266 267 268 269 270 272 273 274 275 276 277 278 279 280 281 282 283 285 286 287 288 289 290 292 293 295 296 298 299 300 302 305 306 307 308 309 311 312 313 316 317 318 319 321 322 326 327 328 329 331 332 334 335 336 338 339 340 341 342 343 345 346 347 348 349 350 351 352 353 354 355 357 358 360 361 362 363 364 365 366 367 368 371 372 374 375 376 379 380 381 382 383 384 386 387 388 389 390 391 392 394 395 396 397 398 399 400 401 403 404 405 406 407 408 409 410 411 412 413 414 416 418 419 420 421 422 423 424 425 426 427 428 429 430 431 432 433 434 436 437 438 439 442 444 445 446 447 448 449 451 452 453 456 457 459 460 461 463 464 465 467 468 471 472 474 475 478 479 481 482 483 485 486 487 488 492 493 495 497 499 617 921 
324: 0 1 2 3 5 6 8 10 11 12 13 15 18 19 20 21 22 23 24 25 27 28 29 30 31 32 34 36 38 39 40 41 42 43 44 45 46 47 48 49 52 53 54 55 56 58 61 63 64 65 66 68 72 74 75 76 77 78 79 80 81 82 83 84 85 86 90 92 93 94 95 96 97 98 99 100 102 103 104 105 107 109 111 113 114 116 117 118 119 120 121 122 123 124 125 127 128 129 131 133 135 136 137 138 139 140 141 142 143 144 145 147 148 150 152 153 157 158 159 160 161 162 164 167 168 170 171 172 173 174 175 176 178 179 180 181 182 183 184 186 187 189 191 192 193 194 195 196 197 198 200 201 202 204 205 206 207 208 209 210 211 212 213 214 215 217 218 220 221 224 225 226 227 228 229 230 231 232 233 234 235 236 237 238 239 240 241 244 247 248 249 250 252 254 255 256 257 258 259 260 261 262 265 266 268 269 271 272 273 275 276 277 278 279 280 281 282 283 284 285 286 287 288 289 293 294 295 296 297 298 300 301 302 303 304 305 307 309 310 312 313 314 315 316 317 318 319 320 321 322 325 326 327 328 329 330 331 333 334 337 338 339 340 341 342 343 344 345 346 347 348 351 352 353 354 356 357 358 359 360 361 363 364 365 366 367 368 369 370 373 374 375 376 377 378 379 380 381 382 383 384 385 386 388 389 390 391 392 393 394 395 396 397 398 399 400 401 402 403 404 405 407 408 409 411 413 414 415 416 418 419 421 422 423 424 425 427 428 429 431 433 434 435 436 438 439 440 441 442 444 448 449 451 454 455 458 461 462 464 465 466 467 468 470 471 472 474 475 476 477 478 479 480 482 483 484 485 486 487 490 491 492 494 495 496 498 499 
325: 1 2 4 5 6 8 9 10 11 12 13 14 15 16 17 18 19 20 21 22 23 24 25 28 31 32 33 34 35 36 37 38 39 40 41 42 43 45 46 47 48 49 50 51 52 53 54 55 57 58 59 62 63 66 67 68 69 70 71 72 74 75 76 77 78 79 80 82 83 85 87 88 89 91 92 93 95 96 97 98 99 100 101 102 103 104 105 106 107 108 109 111 112 114 116 117 118 119 120 121 123 124 126 127 128 129 130 132 133 134 135 137 139 140 141 142 144 145 146 147 148 151 152 154 155 157 158 159 160 161 162 163 164 165 166 167 169 170 171 174 175 176 177 178 179 180 183 184 185 187 188 189 190 191 192 193 194 195 196 198 199 200 201 202 204 205 206 208 209 211 212 213 214 215 216 217 218 219 220 222 223 225 226 227 228 229 230 231 233 234 236 237 238 239 241 243 244 245 246 247 248 249 250 251 252 254 255 256 257 258 260 261 262 263 264 265 266 267 269 270 271 272 273 274 275 276 277 278 279 280 281 283 285 286 287 288 289 290 291 292 293 294 295 296 297 299 301 302 303 305 306 307 308 309 310 311 312 316 317 318 319 320 321 322 324 326 327 328 329 330 331 332 333 334 336 337 338 339 340 341 342 343 344 345 347 348 349 351 352 353 354 355 356 357 358 360 361 362 363 364 365 366 367 369 371 373 375 376 377 378 379 380 381 382 384 387 388 389 390 391 392 393 396 397 398 399 400 401 403 404 405 408 411 412 413 414 415 416 417 418 419 421 422 423 424 426 427 428 429 431 433 434 436 437 438 439 444 445 448 449 450 452 453 454 455 457 459 460 461 462 463 464 465 466 467 469 470 472 473 474 476 477 478 479 480 481 482 483 484 485 486 487 488 489 490 491 492 493 494 495 496 497 498 619 692 
326: 0 1 2 3 5 6 7 8 10 11 12 14 15 16 18 19 20 22 23 25 26 27 28 29 30 31 34 35 36 37 40 41 42 43 44 45 46 49 50 51 52 55 56 57 58 59 60 61 62 64 66 67 68 69 70 71 75 76 78 79 80 81 84 85 86 87 88 89 90 91 93 96 97 98 99 100 101 102 103 104 105 106 107 108 109 110 111 112 114 115 116 117 118 119 120 122 123 124 125 126 127 128 129 130 132 133 134 135 136 137 138 139 140 142 143 144 145 146 147 148 149 152 153 154 155 156 157 159 160 161 162 163 166 167 168 169 170 171 172 174 175 176 177 178 179 180 181 184 185 187 189 190 192 194 195 196 197 198 199 201 202 204 207 208 209 211 212 213 215 216 217 218 219 220 221 222 223 225 226 227 228 230 231 233 234 235 236 239 240 241 242 243 245 249 250 251 252 255 256 257 260 261 262 264 265 266 267 268 269 271 272 273 274 276 277 278 280 282 283 284 286 288 289 290 293 294 295 296 297 300 302 303 304 305 306 307 308 309 310 311 312 313 314 315 316 317 318 319 320 321 322 323 324 325 327 328 329 330 331 332 334 335 339 340 342 343 344 345 346 347 348 349 350 351 352 355 356 357 358 359 360 361 362 363 367 368 369 370 372 373 374 375 376 377 379 381 383 384 386 387 389 390 391 393 394 395 396 397 399 400 401 402 403 406 407 408 409 410 411 412 413 414 417 419 420 422 423 424 425 426 427 428 429 430 432 433 434 435 436 437 438 439 440 441 442 443 444 445 446 447 450 452 454 456 457 458 459 460 461 462 463 464 465 466 467 468 469 470 472 473 474 475 476 478 479 480 483 484 485 486 487 488 489 491 492 494 498 499 625 791 993 
327: 0 1 2 3 4 5 6 7 8 9 10 11 12 13 14 15 16 17 18 19 21 23 25 26 28 29 31 32 33 34 35 36 37 38 39 40 41 42 43 44 46 47 48 50 52 53 54 56 57 58 60 61 62 63 64 66 67 68 69 70 71 72 73 74 75 76 77 78 80 81 82 83 84 85 86 87 88 89 90 91 93 94 95 96 97 98 101 103 104 105 106 107 108 109 110 111 113 114 116 118 119 121 122 125 126 127 128 130 131 132 133 134 135 136 139 140 141 142 144 145 147 149 150 151 152 153 155 156 157 158 159 160 161 162 163 164 165 166 167 168 169 171 172 174 175 176 178 179 181 182 183 184 186 187 188 189 190 192 194 195 196 199 200 201 202 203 204 205 206 207 208 209 210 211 212 213 214 215 216 217 218 219 220 221 223 224 226 227 228 230 231 232 233 234 235 237 238 239 240 241 242 243 245 246 247 248 249 250 251 252 253 256 257 259 261 262 264 265 266 267 268 270 271 273 274 275 276 277 278 280 281 282 283 284 286 287 288 289 290 291 292 293 294 295 298 299 300 301 302 303 304 306 307 308 309 310 311 312 313 314 317 318 320 322 323 324 325 326 329 330 331 332 335 336 337 339 340 342 343 345 346 347 348 349 350 354 355 356 357 358 359 360 361 363 364 365 366 367 369 371 374 375 376 377 378 379 380 381 382 383 384 386 387 388 389 391 392 393 395 396 399 400 401 402 403 404 405 407 408 409 410 411 412 413 414 415 416 417 418 419 420 421 422 424 425 426 427 428 429 431 432 433 434 435 436 437 438 439 440 441 442 443 445 446 447 448 449 451 452 453 454 457 458 459 460 461 462 463 464 466 467 468 470 471 472 473 477 478 479 480 481 482 483 484 486 487 488 489 490 492 493 494 496 497 499 649 763 
328: 0 1 2 3 4 5 6 8 9 10 11 12 13 14 17 18 20 21 23 25 28 29 30 32 33 34 35 38 40 41 42 43 44 47 48 49 50 51 52 53 54 55 56 57 58 59 60 62 65 66 67 68 69 70 71 72 73 74 76 77 79 81 82 83 84 85 86 87 89 90 91 92 93 94 95 96 97 98 99 100 102 104 106 108 109 110 111 112 113 114 117 118 119 120 121 122 123 124 125 126 128 129 130 131 132 133 134 135 136 139 140 141 143 144 147 148 150 151 153 155 157 158 159 161 163 166 167 168 169 170 171 172 173 175 176 177 178 179 180 181 184 190 191 192 193 194 195 196 197 198 199 201 203 204 206 208 209 210 211 212 213 215 216 218 219 220 221 223 224 225 226 227 228 229 230 232 233 234 235 236 237 239 240 241 242 243 244 245 246 247 248 249 250 251 252 255 256 257 258 259 263 265 266 267 270 271 272 273 275 276 277 279 280 281 282 283 284 285 287 289 290 291 292 294 295 296 299 301 302 303 304 305 306 308 310 311 312 313 315 316 317 319 320 322 323 324 325 326 330 331 332 333 334 335 337 338 339 340 341 342 344 345 346 347 349 350 351 352 353 354 355 356 357 358 359 360 364 365 366 367 368 369 370 371 372 374 375 376 377 378 379 381 382 383 384 385 386 387 388 389 390 391 392 393 395 396 397 398 402 404 405 406 407 409 410 411 412 414 415 416 417 418 419 421 422 423 424 425 427 428 429 430 431 432 434 436 437 438 439 440 441 442 443 444 445 446 447 448 450 454 455 456 457 458 459 460 464 465 467 469 470 472 473 475 476 477 478 479 480 481 483 484 486 487 488 489 490 491 492 493 494 495 496 497 498 499 634 944 
329: 0 1 2 5 7 8 9 11 12 14 15 16 17 19 22 24 25 27 28 29 31 32 33 34 35 36 38 39 40 41 43 44 45 46 49 50 51 52 53 54 55 56 57 58 60 61 62 64 65 67 68 69 71 72 73 74 75 76 77 78 79 80 81 82 84 85 87 88 89 90 91 92 93 94 95 97 99 100 101 102 103 104 109 110 111 113 114 115 116 117 119 120 121 122 124 127 128 129 131 132 133 134 135 137 138 142 143 144 145 146 148 149 150 151 152 153 154 155 156 158 160 161 162 163 164 166 167 168 169 170 173 174 175 176 177 178 180 181 184 186 187 188 189 190 193 195 198 200 201 203 204 205 206 208 209 210 211 212 213 214 215 216 218 219 220 221 222 223 224 225 226 227 228 229 232 233 234 235 236 237 238 239 240 241 242 243 244 245 246 247 248 249 250 251 252 253 256 258 260 261 262 263 264 265 266 267 270 271 272 273 274 275 276 277 278 280 281 282 284 285 286 287 288 289 290 291 292 293 294 297 300 301 303 304 305 307 308 309 310 311 312 313 315 316 317 320 321 323 324 325 326 327 330 331 332 333 334 335 336 337 339 340 341 342 343 345 347 348 349 351 352 354 355 356 357 359 360 361 364 365 366 368 369 370 371 372 374 375 376 378 380 381 382 383 384 385 386 389 390 391 392 395 397 398 400 402 404 405 406 407 409 410 411 412 413 414 415 416 417 418 419 420 421 422 423 424 425 427 429 430 431 432 434 435 437 438 439 441 442 443 444 445 446 447 449 450 452 454 456 457 458 459 462 464 465 466 467 468 469 470 471 472 473 474 475 476 477 479 480 481 482 483 485 486 487 488 489 490 491 493 494 495 497 499 
330: 0 1 2 3 5 6 7 8 9 10 11 12 13 14 16 17 18 19 20 21 22 23 26 28 29 31 34 35 36 37 38 40 42 43 44 45 46 47 49 50 51 52 53 54 57 58 59 62 63 64 65 66 68 69 71 73 74 75 79 80 81 83 84 85 86 87 88 89 90 91 92 93 95 96 97 98 99 100 101 102 103 104 105 106 108 109 111 112 115 116 117 118 119 120 121 122 123 126 127 128 129 130 131 132 133 134 135 136 137 138 143 145 146 147 148 151 153 154 155 157 158 159 160 161 162 164 166 167 168 169 171 172 173 174 175 176 178 179 181 182 185 186 187 188 190 191 192 193 194 195 196 197 199 202 203 204 206 207 209 210 211 213 214 215 217 218 219 221 222 224 225 226 227 228 229 230 232 234 235 236 237 238 240 241 242 243 245 247 248 249 251 252 253 256 257 258 259 260 262 265 266 267 268 270 272 274 275 276 277 278 279 280 281 282 284 285 286 287 288 289 291 294 295 296 297 298 299 302 303 306 307 308 309 310 311 312 313 314 315 317 319 320 321 322 324 325 326 327 328 329 331 332 334 336 337 339 340 342 343 344 345 346 347 348 350 351 352 354 356 357 359 360 361 363 364 368 369 370 371 372 375 376 378 379 380 381 382 386 387 389 390 391 392 394 395 396 399 400 403 407 408 411 412 413 415 418 419 420 421 422 423 425 426 427 428 429 430 431 432 433 436 438 441 442 443 444 447 448 449 450 451 452 453 454 455 456 457 460 462 463 464 466 467 468 469 471 472 475 476 477 479 480 481 483 484 486 487 488 489 490 492 493 494 495 496 497 498 499 658 
331: 0 2 3 4 5 6 8 9 13 14 15 17 18 21 22 23 24 25 27 28 29 30 35 36 37 38 40 41 42 43 44 45 46 47 49 50 51 53 54 56 58 60 61 62 63 67 68 69 70 71 72 73 75 76 77 80 82 84 85 86 87 88 89 90 91 92 93 94 95 96 97 99 100 101 102 103 104 105 106 107 108 109 110 111 112 113 114 116 117 118 119 120 122 124 125 126 127 128 129 130 133 134 135 136 137 138 139 140 141 142 143 144 145 146 147 148 149 150 151 152 153 154 155 157 158 160 161 162 163 164 165 166 167 169 170 172 174 175 182 183 186 187 188 189 192 193 194 195 197 198 199 200 201 202 204 205 207 208 209 210 212 215 217 218 219 220 221 222 223 224 226 228 229 231 232 233 235 236 237 239 240 241 243 244 245 246 249 250 251 252 254 255 256 257 258 259 260 261 262 263 264 265 266 269 270 271 272 274 275 276 277 278 279 281 282 284 285 287 288 289 290 291 292 294 295 297 298 299 300 302 304 306 307 308 309 310 312 313 314 315 316 317 319 321 323 324 325 326 327 328 329 330 332 333 334 336 337 338 339 340 341 342 343 344 345 346 347 349 351 352 353 354 355 356 357 358 360 361 362 363 364 365 366 367 368 369 370 372 373 374 377 379 381 383 385 386 387 388 389 390 391 392 393 394 395 396 397 398 400 401 403 405 407 408 409 410 411 412 413 415 416 417 418 419 420 421 422 423 424 425 429 430 431 433 434 435 437 438 439 440 441 443 444 445 446 447 450 452 453 455 456 457 458 459 461 462 463 464 465 467 468 469 473 474 475 478 480 481 482 483 484 485 487 488 489 490 493 495 497 498 613 640 648 679 927 
332: 0 1 2 3 4 5 7 8 9 11 13 14 15 16 18 19 20 21 22 24 25 26 28 29 30 32 33 34 35 36 37 38 39 41 42 43 44 45 46 47 48 49 50 51 52 53 55 56 57 59 60 61 63 64 66 67 68 69 71 72 74 75 78 79 81 82 83 85 87 89 90 92 94 95 96 97 99 101 102 103 105 106 107 108 109 111 112 113 115 116 117 118 119 121 122 123 124 125 126 127 128 131 132 133 134 136 138 139 140 141 142 143 144 146 148 149 150 153 154 156 157 159 160 163 165 166 167 169 171 172 173 175 176 177 178 179 181 182 183 184 186 187 188 189 192 193 194 195 196 197 198 199 200 202 203 205 206 207 208 209 210 211 212 213 214 216 217 218 219 220 221 222 223 224 226 228 229 230 231 232 233 234 235 236 238 239 242 243 244 245 246 247 248 250 251 252 253 255 257 260 262 263 264 265 266 267 268 270 271 272 273 274 277 278 279 280 281 282 283 285 286 287 288 289 290 293 294 295 296 298 300 301 302 303 304 305 306 307 309 310 311 312 313 314 316 317 318 319 320 321 322 323 325 326 327 328 329 330 331 333 334 335 336 337 338 339 340 341 342 344 345 346 347 348 349 350 351 353 354 355 357 360 362 363 364 365 366 368 370 371 372 374 375 376 378 379 380 382 384 385 386 387 388 389 390 392 393 394 395 396 397 398 399 401 403 404 405 406 408 409 410 411 412 413 414 416 417 418 419 421 422 423 424 425 430 431 432 433 434 435 436 437 438 439 440 441 443 446 449 450 451 452 453 455 456 457 459 460 461 462 463 464 465 466 467 468 469 470 471 473 474 475 476 477 478 479 480 481 482 483 484 486 487 489 490 491 492 494 496 497 498 499 774 946 
333: 2 3 4 5 7 8 9 10 11 12 13 14 15 16 17 19 20 21 22 23 24 25 26 27 28 29 31 33 35 36 37 39 40 41 42 44 45 47 48 50 51 52 54 55 56 58 59 60 61 62 63 64 65 66 67 68 69 70 73 74 75 76 77 79 80 81 82 83 84 85 86 87 88 89 90 91 92 93 94 95 96 97 98 100 101 102 103 104 106 107 108 109 110 111 112 113 114 115 117 119 120 122 123 124 125 126 127 129 130 131 132 133 135 136 137 138 139 141 142 143 144 145 146 149 151 154 155 156 157 158 159 160 161 166 169 171 172 173 174 175 176 177 178 179 180 181 183 184 185 186 188 190 192 193 194 196 197 198 200 201 202 203 206 208 209 211 213 215 217 218 219 220 221 222 224 225 227 229 230 233 235 236 237 238 239 241 242 245 246 247 248 249 250 251 252 253 254 255 257 258 259 260 261 263 265 266 269 270 271 272 273 276 277 278 279 280 281 282 283 284 285 286 288 289 290 291 292 294 296 297 298 299 300 301 303 304 306 307 308 309 312 313 314 315 316 317 318 319 320 322 324 325 328 329 331 332 334 335 336 337 338 339 340 341 344 346 347 348 349 350 351 352 353 354 355 357 358 360 362 363 364 369 370 371 372 374 375 377 379 380 381 382 384 385 386 387 388 389 390 391 392 393 394 396 397 398 399 400 401 402 404 405 407 408 409 412 413 414 417 418 419 420 421 424 425 426 427 428 430 431 433 434 435 436 437 441 442 444 446 447 448 449 451 452 453 454 455 456 458 459 460 461 462 463 464 467 469 470 471 472 474 475 476 477 478 482 484 485 487 488 490 491 493 494 495 496 497 499 
334: 0 1 3 4 5 6 8 9 10 11 12 13 14 15 16 18 21 22 23 24 25 26 28 29 30 32 36 37 38 39 40 42 43 44 45 46 49 51 52 53 54 56 57 58 59 61 62 64 65 66 68 69 71 72 74 75 76 77 79 80 82 86 87 88 89 90 91 92 93 94 95 99 101 102 104 105 106 108 111 112 113 114 115 116 117 119 120 123 127 128 129 130 131 133 134 136 137 138 139 141 142 143 144 145 147 148 149 150 151 152 154 155 158 160 161 162 163 164 165 166 167 168 169 170 171 172 173 175 176 180 181 182 183 184 185 186 187 188 190 191 192 194 195 196 198 199 200 202 204 205 208 209 211 213 216 217 218 219 221 222 223 224 226 228 230 231 232 233 234 235 236 237 238 239 241 243 244 245 246 248 249 250 252 253 254 258 259 260 261 263 264 265 266 267 268 270 271 272 273 274 275 276 277 278 279 280 282 283 284 285 286 287 288 289 290 291 292 294 295 299 300 301 302 303 305 306 307 308 310 311 314 315 316 317 319 320 321 323 324 325 326 328 329 330 331 332 333 338 339 340 341 342 343 344 345 346 347 348 350 351 352 353 354 356 357 359 360 362 363 364 367 368 369 370 371 372 373 374 375 376 377 378 380 381 383 384 385 387 388 389 390 393 394 395 396 397 398 399 400 401 403 404 405 406 407 408 409 410 411 412 413 414 418 419 422 423 425 426 427 428 429 430 431 432 434 435 436 437 438 439 440 441 442 444 445 447 448 449 450 451 452 453 454 455 456 457 458 459 460 468 469 470 471 472 473 475 476 478 480 481 482 483 484 485 487 489 490 491 493 494 495 496 497 498 499 670 975 998 
335: 0 2 3 4 5 6 7 8 9 11 12 13 14 16 17 18 20 21 22 23 24 26 30 31 32 33 34 35 36 38 39 40 41 42 43 44 45 46 47 48 49 50 52 54 55 56 57 58 59 60 61 62 63 64 65 66 67 68 69 70 72 73 74 76 77 78 79 81 82 84 85 86 87 88 89 91 92 94 95 97 98 99 100 101 102 103 104 105 106 107 108 109 110 111 113 117 118 119 120 122 124 126 127 128 129 130 131 132 134 135 136 137 138 140 141 143 147 149 150 151 153 154 156 157 158 161 162 163 164 167 168 169 170 173 174 175 177 178 180 182 184 185 186 187 188 189 190 191 193 194 195 197 198 199 200 201 204 206 211 212 213 214 215 217 218 219 220 221 222 226 227 228 230 231 232 233 234 235 236 237 238 239 240 241 244 245 246 249 250 251 253 254 255 256 257 258 259 262 264 265 266 267 268 269 270 273 274 276 277 278 279 281 282 283 284 285 287 288 289 290 291 292 294 296 297 298 299 301 302 303 304 305 306 307 309 310 311 312 313 314 315 316 317 318 319 320 321 322 323 326 327 328 329 332 333 336 337 338 340 342 343 344 345 348 351 352 353 354 357 358 362 364 365 366 368 370 371 372 373 374 375 376 377 378 379 381 382 383 384 385 387 389 390 391 393 394 398 399 400 401 402 403 404 405 406 407 408 409 410 412 413 414 416 418 419 420 421 422 423 426 428 429 433 434 435 436 437 438 440 441 442 443 444 448 449 450 451 452 453 454 455 456 457 458 459 461 463 464 465 467 468 469 470 471 476 478 480 481 482 484 485 486 487 488 489 490 491 493 494 495 496 497 498 499 608 953 
336: 0 1 2 3 4 5 8 13 14 15 16 17 19 20 22 23 24 26 28 29 30 31 32 33 34 36 37 38 40 41 42 43 44 45 47 48 50 51 52 53 54 55 56 57 61 63 64 65 66 67 68 69 70 71 72 73 74 76 77 78 79 80 81 82 85 86 87 89 91 92 94 96 97 98 100 101 102 104 105 106 107 108 109 110 112 113 114 116 117 118 119 120 123 125 126 129 130 131 132 133 134 135 136 138 139 141 143 145 147 148 149 153 155 156 159 161 162 163 165 166 169 170 172 174 176 177 179 180 181 183 185 186 187 189 190 191 192 193 195 196 197 198 199 200 201 202 203 204 205 206 207 211 212 213 214 215 216 217 218 221 222 223 224 226 228 229 230 231 232 233 234 235 236 237 238 239 240 242 243 244 246 247 248 251 252 253 254 255 257 258 259 260 261 262 263 264 265 266 267 268 269 270 271 272 273 274 275 276 278 280 281 283 284 285 287 288 289 292 293 294 295 296 297 298 299 300 301 302 303 304 305 306 307 308 309 311 312 315 317 318 320 321 322 323 325 327 329 330 331 332 333 335 339 340 341 342 343 345 348 349 350 351 352 353 354 355 356 357 359 361 362 363 364 365 366 367 368 369 370 372 373 375 377 378 380 382 383 388 389 390 392 393 394 396 398 399 400 402 404 405 406 407 408 409 410 412 413 414 415 416 417 418 420 421 422 423 424 425 427 430 432 433 434 435 436 438 440 441 442 443 444 445 446 447 448 449 450 451 452 456 457 458 459 460 462 463 464 465 466 467 468 470 471 472 473 474 475 476 477 478 481 483 484 487 488 489 491 492 494 495 496 499 654 677 958 997 
337: 0 1 2 3 4 5 7 8 9 11 12 13 15 17 18 19 20 21 22 23 24 26 28 29 30 31 33 34 35 36 37 38 39 40 42 43 44 46 47 48 49 50 51 52 53 54 55 56 57 58 59 61 62 63 64 66 67 68 69 70 71 72 73 74 75 78 79 80 81 82 83 84 85 86 87 88 90 91 92 93 95 96 98 99 100 101 102 103 104 107 108 109 111 112 113 114 115 116 117 119 120 122 123 124 125 128 131 132 134 135 136 137 138 139 140 141 147 150 151 152 154 156 158 161 163 165 166 169 170 172 176 180 181 182 183 185 186 187 188 189 190 191 192 193 194 195 196 197 198 199 203 204 206 207 209 210 211 213 214 216 218 219 220 221 222 223 224 225 226 227 231 234 237 238 240 241 242 244 246 247 248 249 250 251 252 253 254 256 259 261 263 264 265 267 268 269 270 271 272 273 274 275 277 279 280 281 282 283 284 285 286 287 289 290 292 293 294 295 296 297 299 300 301 303 304 306 307 308 309 310 311 312 313 314 315 316 317 318 319 320 321 322 324 325 327 328 329 330 331 332 333 335 338 339 341 342 343 344 345 346 347 351 352 353 354 355 356 357 358 359 360 361 362 363 364 365 367 369 371 372 373 374 375 376 380 382 384 385 386 388 390 391 392 394 395 397 398 400 402 403 404 405 406 408 409 410 411 412 414 415 416 417 418 421 422 423 424 425 428 430 431 432 434 435 436 437 439 442 443 444 445 446 447 448 449 450 451 452 453 454 455 457 464 468 471 472 473 474 476 477 479 480 482 483 484 485 486 487 489 490 491 492 494 495 496 498 499 691 789 993 
338: 0 1 3 4 5 6 7 8 9 11 12 13 14 16 17 18 19 21 22 23 24 25 26 27 28 29 30 31 32 33 34 36 38 39 40 41 42 43 44 45 46 47 48 51 52 53 54 56 57 58 59 60 61 62 63 65 66 67 68 69 72 73 74 75 76 77 78 80 81 82 83 84 86 89 90 91 92 95 96 97 98 100 101 103 104 105 106 109 110 112 114 115 116 117 118 119 120 121 122 123 124 125 126 128 130 131 132 133 134 135 137 138 139 140 142 143 144 145 146 147 148 149 150 151 152 154 155 156 157 158 159 160 161 162 163 165 166 167 168 170 171 172 173 174 175 177 178 179 180 182 183 184 186 187 188 189 190 191 192 194 195 196 198 199 201 202 203 204 205 206 208 209 210 211 212 213 214 217 218 219 220 221 222 223 224 225 226 227 228 229 231 234 235 236 237 238 239 241 242 243 245 246 248 249 252 254 255 256 257 258 259 260 262 264 266 267 268 269 270 271 272 274 277 278 279 280 281 282 283 284 285 286 287 288 289 291 292 293 294 295 296 297 298 299 300 301 302 304 306 307 308 309 310 313 314 315 316 317 318 320 321 322 323 324 325 328 331 332 333 334 335 337 339 340 341 342 343 344 345 346 347 348 349 350 351 352 353 354 356 357 358 359 360 361 364 365 366 367 368 370 371 372 373 374 375 376 377 379 380 381 384 386 388 389 392 393 394 395 397 398 399 400 402 403 404 406 407 409 410 411 413 414 415 416 417 418 419 420 423 424 426 427 428 429 430 431 432 433 435 436 437 438 439 440 441 442 443 445 446 449 451 452 453 455 457 460 462 463 464 467 468 469 471 472 473 475 476 477 478 479 480 482 483 484 486 487 488 489 490 491 492 494 496 497 498 499 686 789 931 
339: 0 3 4 5 6 9 10 11 12 13 14 15 16 17 18 19 20 21 22 23 24 25 26 27 31 32 33 34 35 36 37 38 39 40 42 43 44 45 47 50 51 52 54 55 56 57 58 59 60 62 64 65 66 67 71 72 73 75 76 78 79 80 82 83 84 85 87 88 91 92 93 94 95 96 98 99 100 101 102 103 104 105 106 107 108 109 110 112 114 115 117 119 120 121 122 123 125 126 127 128 129 134 135 136 138 142 143 144 145 147 148 149 150 151 153 154 155 158 159 160 163 164 165 166 167 168 170 172 173 174 175 176 177 179 180 182 185 186 187 188 189 190 191 192 193 194 195 196 197 198 199 200 202 204 205 206 207 208 209 210 211 214 215 216 217 218 219 220 221 224 225 226 227 228 229 230 231 232 233 234 236 237 239 240 242 243 244 245 246 247 248 249 250 251 254 255 256 258 259 261 262 263 264 265 266 267 268 269 271 272 273 274 275 276 277 278 279 280 281 282 283 284 285 286 287 288 289 290 291 295 297 299 300 301 302 303 304 305 306 308 310 311 312 314 315 316 318 319 321 323 324 325 326 327 328 329 330 331 332 333 334 336 337 338 341 342 343 346 347 348 349 351 352 354 355 356 357 358 359 360 361 362 363 364 365 366 367 368 369 370 371 372 373 374 375 376 377 378 379 380 381 383 385 386 387 389 390 391 392 393 394 395 396 397 398 401 402 403 405 408 409 410 411 413 416 417 418 419 422 424 425 426 427 429 431 432 434 438 440 442 443 445 446 447 448 449 450 451 454 458 459 461 462 463 464 465 467 468 469 470 471 472 473 474 475 477 478 479 481 482 483 484 485 486 488 489 491 493 494 495 496 498 499 780 949 
340: 0 1 2 3 4 5 6 7 8 9 10 11 12 13 14 15 16 17 19 20 22 23 24 25 26 27 28 29 30 31 32 33 34 35 37 39 40 41 42 43 44 45 46 47 48 49 50 51 52 54 55 56 57 58 59 60 61 62 63 64 65 66 67 68 69 70 71 72 73 74 75 76 78 79 80 81 82 83 84 85 86 87 88 89 90 91 92 93 94 96 98 99 101 102 103 104 105 106 107 108 110 111 112 113 114 115 116 117 118 119 120 121 122 124 125 126 127 129 130 131 132 134 136 137 138 139 141 142 143 144 145 146 147 148 149 150 151 152 153 154 155 156 157 158 159 161 162 163 164 165 166 167 169 170 171 172 173 174 175 179 183 184 185 186 187 188 189 190 191 192 193 194 195 196 197 198 200 201 202 203 204 205 206 207 208 209 211 212 213 214 215 216 217 218 219 220 221 224 225 226 227 229 230 231 232 233 235 237 238 239 241 242 243 244 245 247 248 249 250 252 254 255 256 258 260 262 263 264 265 266 267 268 269 270 271 272 273 274 275 276 277 278 279 280 282 283 284 286 287 288 291 292 295 296 297 298 299 300 301 303 305 307 308 309 311 312 314 315 316 317 318 320 321 322 323 324 325 326 327 328 329 330 331 332 333 334 335 336 338 341 342 343 344 347 348 350 351 353 354 355 356 357 358 359 360 361 362 363 364 366 367 368 369 370 371 374 375 376 377 378 379 381 382 383 384 385 386 388 389 390 394 396 397 398 399 400 401 402 404 405 406 407 408 409 410 412 413 415 416 417 418 419 420 422 423 424 425 426 427 428 429 431 433 434 435 436 437 438 439 440 443 444 445 446 447 448 449 452 453 454 455 456 459 460 461 462 463 464 465 466 467 469 470 471 472 474 475 476 478 479 480 483 485 486 487 488 489 490 491 492 493 494 495 496 497 498 692 773 789 930 
341: 0 1 7 9 10 11 12 13 14 15 16 17 19 20 23 26 27 28 29 31 34 36 38 39 41 42 43 44 47 49 54 56 57 58 59 60 62 63 66 67 68 69 70 71 73 74 75 76 77 78 79 80 81 82 83 84 85 86 87 88 89 90 91 92 93 94 95 96 97 98 99 101 103 104 106 107 108 109 110 111 112 114 115 116 117 118 119 120 121 122 123 124 125 127 130 131 133 134 135 136 137 138 139 141 142 143 144 145 146 147 148 150 151 152 153 154 155 156 157 158 160 161 162 163 164 165 166 169 171 172 173 174 175 176 177 178 179 180 182 183 185 186 188 189 190 191 192 193 196 197 198 199 200 201 202 203 204 205 207 208 212 213 214 215 216 217 218 220 221 222 224 226 227 228 232 235 236 237 238 239 240 241 242 243 244 245 246 247 248 249 251 252 253 254 255 256 258 259 260 261 262 263 264 265 266 267 268 269 270 271 272 273 274 275 276 277 278 279 280 281 285 286 287 288 289 290 291 294 295 296 297 298 300 301 302 303 304 306 307 308 310 311 312 313 314 315 316 317 318 319 320 321 323 324 325 328 329 331 332 333 334 336 337 338 339 340 343 344 345 346 347 348 349 351 352 353 354 355 356 357 359 362 363 364 366 367 368 369 370 371 372 375 377 380 381 382 383 384 385 386 388 390 391 393 394 395 397 399 400 401 402 403 404 405 407 408 409 410 412 413 415 417 419 420 421 422 423 424 425 426 428 429 430 431 432 433 436 437 438 440 441 442 443 445 446 449 450 451 452 453 454 455 456 457 458 460 461 462 463 464 465 468 469 471 473 474 475 476 477 478 479 480 481 482 483 484 485 487 488 490 491 494 495 497 499 938 
342: 1 3 4 5 6 7 8 9 10 11 12 13 14 15 16 17 18 19 20 22 24 25 26 27 28 31 33 34 36 38 40 41 42 43 44 45 46 47 48 49 50 51 53 54 55 56 57 58 59 60 62 63 64 65 66 67 69 70 71 72 73 74 75 76 77 78 79 81 82 83 84 85 86 88 89 90 91 92 93 94 95 96 98 99 100 102 103 105 106 107 108 109 110 112 114 116 117 118 120 121 122 123 125 127 128 129 130 131 132 133 134 136 137 138 141 142 144 145 146 147 148 149 151 152 153 154 155 156 157 158 160 162 163 165 167 169 173 174 176 177 178 180 181 182 183 184 186 187 188 189 190 191 195 196 197 198 200 202 203 204 205 206 207 208 210 211 212 215 219 220 221 223 225 226 227 228 229 230 233 234 235 236 238 240 242 243 245 247 248 250 252 253 255 256 257 258 259 261 264 265 266 267 268 269 270 271 272 273 274 275 276 280 282 285 286 287 288 289 290 291 292 295 296 297 298 299 302 303 307 308 310 311 313 314 315 316 317 319 321 322 323 324 325 326 327 328 329 330 331 332 334 335 336 337 338 339 340 343 344 345 346 347 348 350 351 352 353 355 356 357 358 359 360 361 362 363 364 366 368 369 370 371 372 373 375 377 378 379 380 381 382 383 387 388 389 390 391 392 393 395 396 397 398 399 400 401 402 403 404 405 406 407 408 409 410 411 412 413 414 415 417 419 420 421 423 424 425 431 432 433 434 435 436 437 439 440 441 442 444 445 446 447 448 449 450 451 452 453 454 455 456 458 459 461 462 463 464 466 467 469 470 471 472 473 474 477 478 480 481 482 485 486 488 489 490 493 494 496 497 498 499 761 935 
343: 0 1 2 4 5 6 7 8 9 11 12 13 14 15 16 20 21 22 23 24 25 26 27 28 29 30 32 34 35 36 37 38 39 40 41 42 43 45 46 48 51 52 53 54 55 56 57 58 59 60 61 62 63 64 65 66 67 68 69 71 72 73 74 75 77 78 79 80 81 82 84 85 87 88 89 90 91 92 93 94 95 97 98 99 100 101 102 104 105 107 109 110 111 112 113 114 115 116 117 118 119 120 121 122 123 125 126 128 129 131 132 133 134 135 136 138 139 140 141 142 143 144 145 147 149 150 151 152 156 157 158 159 160 161 163 165 167 171 172 174 175 176 177 178 179 180 181 182 183 184 185 187 188 189 190 191 192 193 194 196 197 199 200 201 202 204 205 207 208 209 211 212 213 214 216 217 218 220 221 224 227 228 230 231 232 233 234 235 236 238 239 240 242 244 245 247 248 249 250 251 252 253 254 255 257 259 260 261 262 266 267 268 269 270 271 272 273 275 276 277 278 279 280 281 282 283 284 285 286 287 289 290 291 293 296 297 298 302 303 304 306 307 308 309 311 312 313 314 315 316 317 318 319 320 321 322 323 324 325 326 327 329 330 331 334 335 336 337 338 339 340 341 342 344 345 346 348 349 351 352 353 354 355 356 359 360 361 362 363 365 368 371 372 373 374 375 376 377 378 379 380 381 382 384 385 386 387 388 389 390 391 393 394 396 397 398 399 401 402 403 404 405 406 408 410 411 413 414 415 416 417 418 419 421 422 423 424 426 428 429 434 435 436 437 438 440 441 444 445 446 448 451 452 453 454 457 459 461 462 463 464 466 468 469 470 472 473 474 476 477 478 479 481 483 485 486 487 488 489 491 492 494 496 497 498 499 930 992 
344: 0 2 3 4 5 6 7 9 10 12 13 14 15 16 17 19 20 21 22 24 25 26 27 28 29 30 33 35 36 37 38 39 40 41 42 45 46 47 49 50 51 54 55 56 57 58 59 60 61 62 63 64 65 66 70 71 72 73 74 75 76 77 78 79 81 82 83 86 87 88 89 90 93 95 96 97 98 99 100 101 102 103 104 105 107 108 109 110 111 112 113 114 116 118 119 120 121 122 124 125 127 129 130 131 132 134 136 137 138 139 140 141 145 146 147 149 150 153 154 155 156 157 159 161 163 164 165 166 168 170 171 172 173 174 175 177 178 179 184 185 186 187 188 189 190 191 192 193 194 195 197 198 200 201 202 203 204 206 207 209 210 211 212 213 214 217 218 219 221 222 223 225 226 228 229 230 231 232 233 235 236 237 238 240 242 243 244 245 246 248 250 251 252 253 254 257 258 260 261 262 263 264 265 267 268 273 274 275 276 278 279 280 281 282 283 284 285 286 287 288 289 290 291 292 293 295 296 298 299 300 301 302 303 304 305 308 309 310 312 313 314 315 316 317 319 322 324 325 326 328 330 331 332 333 334 335 337 338 340 341 342 343 345 346 347 348 350 351 352 353 354 355 356 357 358 361 362 365 366 367 368 369 371 372 373 374 376 378 379 380 382 384 385 386 387 388 390 391 393 394 395 399 401 403 404 405 406 408 409 410 411 412 414 415 416 418 419 422 423 424 425 426 427 428 429 430 431 432 434 435 436 437 440 441 442 443 445 448 449 450 451 452 453 454 455 456 457 458 459 460 461 462 463 464 465 466 468 469 470 473 474 475 477 480 481 483 484 485 486 487 488 489 490 491 492 493 494 495 496 497 498 613 
345: 0 2 3 4 5 8 9 10 11 12 14 15 16 17 19 20 21 22 23 24 25 26 28 29 30 31 32 33 34 35 36 37 38 40 42 43 44 45 46 48 49 50 51 52 53 54 55 56 58 59 60 61 63 64 66 68 69 70 71 72 73 74 75 78 80 81 83 84 85 86 87 88 90 91 93 94 95 96 98 99 100 101 102 103 104 105 106 107 108 109 110 111 112 113 114 115 116 117 119 122 123 124 125 126 127 129 132 133 134 137 139 140 141 142 143 144 145 146 148 150 151 152 154 155 156 157 159 160 161 162 165 166 167 168 171 172 173 174 175 176 177 178 180 181 186 187 189 190 193 195 196 197 198 199 200 202 203 204 205 206 207 208 210 212 213 214 215 216 218 221 223 224 225 226 227 228 229 230 231 232 233 235 236 237 239 240 241 242 243 244 245 246 247 248 249 250 251 252 253 256 257 258 259 261 262 263 264 269 270 271 272 273 274 275 276 278 279 281 282 283 284 285 286 287 289 290 291 292 293 294 295 296 300 301 302 303 304 306 307 308 310 311 312 314 315 317 319 321 323 324 325 326 327 328 329 330 331 332 334 335 336 337 338 341 342 343 344 346 348 349 350 351 352 353 354 355 356 357 358 359 360 361 362 363 365 366 367 368 369 370 373 374 376 377 378 379 380 381 383 384 385 386 387 389 390 391 392 395 397 398 401 402 403 404 405 406 407 410 411 412 413 414 415 416 417 418 419 420 421 422 425 426 427 428 429 430 431 434 435 437 438 439 440 441 442 443 444 445 446 447 448 451 452 453 454 457 458 461 462 464 465 466 467 468 469 470 473 475 477 479 480 481 482 483 485 486 487 488 489 490 491 492 493 494 495 496 497 498 499 
346: 0 1 3 5 6 7 8 9 10 13 14 15 16 19 20 21 23 25 29 30 32 33 34 36 39 42 43 45 46 48 49 50 51 52 54 55 56 57 58 59 60 61 62 64 65 66 67 68 70 71 72 73 74 75 76 77 78 79 80 81 82 83 85 87 89 90 92 93 94 95 96 97 98 99 100 102 105 106 107 110 111 112 113 114 115 116 117 119 120 121 122 123 124 125 126 127 128 130 131 132 133 134 136 138 139 142 143 144 145 147 148 149 151 152 153 154 155 156 158 159 160 161 162 163 164 166 167 168 170 171 173 174 175 176 177 178 180 181 182 183 184 185 186 187 188 189 193 194 195 196 198 199 200 201 202 203 205 206 208 209 212 213 215 216 217 218 219 220 221 222 224 226 227 228 229 230 231 232 233 234 235 236 237 238 239 241 242 243 245 246 247 248 249 251 253 254 256 257 258 261 262 263 264 265 266 267 268 269 272 274 275 278 280 282 283 284 285 286 287 288 289 290 292 293 295 296 299 300 301 302 303 304 305 306 307 308 309 310 311 313 315 316 317 319 320 321 322 323 324 326 327 328 330 331 332 333 334 337 338 339 341 342 343 344 345 347 348 350 351 352 353 354 356 358 360 361 362 363 364 366 368 370 371 372 373 374 375 376 378 379 381 382 383 384 385 386 387 388 389 390 392 395 396 397 398 399 400 402 403 404 405 406 407 408 409 410 412 413 414 415 416 417 418 419 421 423 424 425 427 429 430 431 432 433 434 435 439 440 441 442 443 444 445 447 448 449 450 454 455 456 457 458 459 461 462 464 465 466 467 468 469 470 472 473 474 475 476 477 478 479 480 481 482 483 484 486 488 489 490 491 492 494 495 497 499 637 669 683 
347: 0 1 2 3 4 5 6 7 8 9 10 11 12 13 14 15 18 19 20 21 22 23 24 25 26 27 28 29 30 32 33 34 35 36 38 40 41 42 43 44 45 47 48 49 51 54 55 58 59 61 63 64 66 68 69 70 71 72 75 76 77 78 79 80 81 82 83 84 85 86 87 89 90 91 92 93 94 96 97 99 101 102 103 104 105 106 108 109 110 112 115 116 117 118 119 120 121 122 123 125 128 130 133 134 135 136 137 138 141 142 143 144 145 146 148 150 151 152 153 154 155 156 159 160 161 162 164 165 166 167 168 170 171 172 173 174 175 176 177 178 179 181 182 183 184 185 186 188 190 191 193 195 197 198 199 200 201 202 204 205 207 208 209 210 211 212 215 216 218 219 222 224 225 226 228 229 230 231 232 233 235 237 239 240 241 242 243 244 245 246 247 249 251 252 253 254 255 256 258 259 260 261 262 263 264 265 267 268 269 270 271 272 273 274 276 277 278 279 281 282 283 284 285 288 289 290 292 293 294 295 298 300 301 302 303 305 306 307 308 309 311 312 313 314 316 317 318 319 320 321 322 323 324 325 326 327 328 329 330 331 332 333 334 337 338 339 340 341 342 344 346 348 351 353 354 355 356 358 359 360 361 365 366 367 368 369 370 371 372 376 377 378 379 380 381 383 384 385 387 389 390 391 392 393 394 395 396 397 398 400 401 402 403 404 405 406 407 409 410 411 412 413 416 418 419 423 424 426 428 429 431 432 433 434 435 436 439 440 442 443 444 445 446 447 449 450 451 452 454 455 456 457 458 459 460 462 463 464 465 466 468 469 470 471 472 473 474 475 479 480 482 483 486 487 488 489 491 492 493 494 495 496 497 498 687 696 
348: 0 1 2 3 4 5 6 7 9 10 12 13 15 16 17 18 19 21 22 23 24 25 26 27 28 29 30 33 34 35 36 37 39 40 41 42 43 44 45 46 47 48 49 50 51 52 53 54 55 56 57 58 59 60 61 63 64 66 67 69 70 71 72 75 76 77 79 81 82 84 85 87 88 89 90 91 92 93 94 96 99 100 101 102 103 104 105 106 109 110 113 114 115 116 117 118 119 120 124 125 126 128 129 130 131 133 135 136 137 138 139 140 141 142 143 145 146 147 148 149 150 151 153 154 155 156 157 158 159 161 162 163 166 168 169 170 171 172 173 174 175 178 179 180 181 182 183 184 185 186 187 188 189 191 193 196 197 198 199 200 201 202 203 204 205 206 207 209 210 212 217 218 220 221 223 227 229 230 231 232 233 234 235 236 237 242 243 244 247 248 250 251 252 253 254 255 257 258 259 262 263 264 265 266 267 268 269 270 271 275 276 277 279 280 281 282 283 284 285 286 288 289 290 291 292 293 294 295 296 299 300 301 302 303 304 305 307 311 313 314 316 317 318 319 320 321 322 323 324 325 326 327 329 330 332 333 334 335 336 338 339 340 341 342 343 344 345 346 347 350 351 353 355 356 357 358 360 361 362 363 364 367 368 369 370 371 372 375 376 377 378 379 380 383 384 385 386 387 389 390 391 392 393 394 395 396 397 399 400 401 402 403 404 405 406 408 409 410 411 412 413 415 418 420 421 422 424 428 429 431 432 434 435 436 437 438 440 441 442 444 445 446 447 449 450 451 452 453 455 456 457 459 460 462 463 464 465 467 468 469 470 475 476 477 478 480 481 484 485 486 487 488 490 491 493 494 497 498 499 667 767 
349: 0 1 2 3 4 5 6 10 11 12 13 14 16 18 19 21 22 23 25 27 28 29 30 32 34 35 36 37 39 40 41 42 43 44 45 46 47 48 49 50 55 56 57 58 61 63 64 66 68 69 70 71 72 73 74 76 77 78 79 81 82 83 84 85 86 87 88 90 91 92 93 94 96 97 98 99 103 104 105 107 108 110 111 113 114 115 116 117 118 119 121 122 123 124 125 126 128 129 130 131 132 133 134 135 136 138 139 140 141 142 143 144 145 146 148 149 150 151 152 153 154 155 156 159 160 161 162 163 164 166 167 168 169 170 171 172 173 176 177 178 179 180 181 182 183 184 185 186 187 188 189 190 192 193 194 197 198 200 201 202 203 204 205 206 207 208 211 212 213 214 216 218 219 221 222 225 226 229 230 231 232 233 234 236 237 238 239 240 243 244 245 246 247 248 249 253 255 256 257 258 259 260 262 264 265 266 267 270 271 272 273 274 275 276 277 278 281 282 283 284 285 286 287 288 290 291 292 293 295 296 297 299 301 303 304 307 308 309 310 311 312 313 314 315 316 317 318 319 320 323 325 326 327 328 329 331 332 333 336 338 339 341 343 345 350 351 352 353 355 356 358 359 360 363 364 365 366 367 368 369 370 371 372 373 374 375 376 377 378 379 380 381 382 384 385 386 387 388 389 390 392 393 395 398 399 401 403 404 405 406 407 408 409 410 414 415 417 418 420 421 422 423 424 426 427 429 430 431 433 434 435 436 437 438 439 443 445 446 447 448 450 451 452 453 454 455 456 458 459 460 461 463 464 465 467 468 471 472 473 474 475 476 477 478 480 481 482 483 484 488 489 490 491 494 495 496 497 498 499 
350: 0 3 4 6 7 8 10 11 12 13 14 16 17 18 19 20 21 22 23 24 25 26 27 29 30 32 33 34 35 36 37 39 43 44 45 47 48 49 53 54 56 57 58 59 60 61 62 63 64 66 67 68 70 71 72 73 74 75 76 77 79 80 81 82 84 85 86 88 90 91 92 93 94 95 96 97 99 100 101 104 105 106 107 109 111 112 115 116 117 118 119 120 121 122 125 126 127 129 130 131 132 133 134 135 136 138 139 141 142 144 145 147 149 151 152 153 154 157 158 159 160 161 163 164 165 166 167 169 170 171 172 174 175 177 178 179 182 183 184 185 186 188 189 190 191 192 193 194 195 196 197 198 199 200 201 202 204 205 206 207 208 209 210 211 212 213 214 215 218 219 221 222 226 227 228 230 231 232 233 235 236 237 238 239 240 241 242 243 244 245 246 247 248 249 250 252 253 254 255 256 258 259 260 261 263 264 265 266 268 269 270 271 272 274 275 276 278 279 281 284 285 287 288 289 290 292 293 294 295 296 297 298 299 300 301 302 304 305 306 307 308 309 310 311 312 315 316 318 319 322 323 326 327 328 330 332 333 334 336 338 340 342 344 345 346 348 349 351 353 354 355 361 362 363 364 365 366 368 369 370 372 373 374 375 376 377 378 379 380 381 383 384 386 387 389 390 391 392 393 395 396 398 400 401 403 404 405 406 407 409 412 413 414 415 416 417 418 419 420 421 422 423 424 425 426 427 428 430 432 433 434 435 436 437 438 440 441 442 444 445 446 450 451 452 453 454 455 456 457 459 460 461 463 464 465 466 467 468 469 470 471 472 473 475 477 478 480 481 482 483 484 485 486 487 488 490 491 492 494 495 497 498 499 768 975 
351: 0 2 5 7 8 10 11 12 15 16 17 18 21 23 24 25 27 28 29 30 31 32 33 34 35 37 39 40 43 45 46 47 51 53 54 55 56 57 58 59 60 61 62 64 65 66 67 68 69 70 71 73 74 75 76 77 78 79 80 81 82 83 84 85 87 88 89 92 93 94 95 96 97 98 99 100 101 102 105 106 108 109 110 112 113 114 116 117 118 119 120 121 122 123 124 125 126 128 130 132 133 134 135 136 137 138 140 141 142 143 144 145 146 147 148 149 150 152 153 155 156 158 159 160 161 162 163 164 165 166 167 169 171 172 173 174 175 177 178 179 180 181 182 183 184 185 187 188 189 190 191 192 193 194 195 196 197 200 202 203 204 205 206 207 209 210 211 212 213 214 215 216 218 219 220 221 222 223 225 226 228 229 230 233 236 237 238 239 240 242 243 245 247 249 250 251 253 254 256 258 259 260 261 262 263 264 266 267 268 270 271 272 275 276 277 278 279 280 281 284 285 286 287 288 294 295 297 298 299 300 302 303 304 305 306 307 308 309 310 311 313 314 315 316 318 319 320 321 322 323 324 325 326 328 329 330 331 332 333 334 335 336 337 338 339 340 341 342 343 344 345 346 347 348 349 350 352 357 358 359 360 362 363 364 365 366 367 369 370 371 372 373 374 375 376 377 378 379 380 383 384 386 387 388 389 391 392 393 394 395 396 397 398 399 401 402 403 404 405 406 408 410 411 412 414 415 416 417 419 420 421 423 424 425 427 428 429 430 431 433 434 435 436 437 440 441 442 443 445 448 449 450 451 452 454 455 456 457 458 459 461 463 465 467 469 470 471 472 473 475 476 477 478 479 481 482 483 484 485 487 488 489 490 491 492 494 496 497 630 644 677 763 928 948 
352: 2 3 4 5 6 7 8 9 10 12 13 16 17 18 20 22 23 24 25 26 29 31 34 35 36 39 40 41 42 43 44 45 46 47 48 49 50 51 52 53 55 56 57 58 59 60 61 62 64 65 66 67 68 69 70 71 73 75 76 77 81 83 85 86 87 88 89 90 91 92 93 96 97 98 99 100 102 103 104 105 106 108 109 110 111 112 113 114 116 117 118 119 120 121 122 123 124 127 128 129 130 131 134 137 138 139 141 142 143 144 145 146 148 149 151 152 153 154 155 156 157 158 159 160 163 164 165 166 169 170 171 172 173 174 175 176 178 179 180 181 182 184 185 186 187 188 189 190 191 192 194 195 196 198 199 200 201 202 204 205 206 207 208 210 211 212 213 214 215 217 219 223 225 226 227 228 229 230 232 233 234 235 236 238 239 240 241 242 244 245 246 247 248 250 251 253 254 255 256 257 258 260 261 262 263 264 266 268 271 272 273 274 275 276 278 279 280 282 283 284 285 286 287 290 292 293 294 297 300 301 302 303 304 306 307 309 310 313 314 315 316 318 319 320 321 322 323 324 325 326 328 329 330 331 333 334 335 336 337 338 339 341 342 343 344 345 346 349 351 353 354 355 358 359 360 362 363 364 365 366 367 368 369 371 372 373 374 375 377 378 379 381 383 384 385 386 387 388 389 390 395 396 397 398 399 400 402 403 404 405 406 408 409 411 412 413 414 416 418 419 420 421 422 428 429 430 431 432 433 434 435 437 438 439 440 441 442 443 444 446 447 448 450 451 452 453 454 456 457 458 461 463 464 465 468 470 472 474 476 478 479 480 481 482 483 485 487 490 492 493 494 495 496 497 498 499 610 935 943 
353: 0 1 2 4 5 6 7 8 10 11 12 13 14 16 17 18 19 20 21 22 23 25 26 28 29 32 34 35 36 37 39 40 41 44 45 47 48 49 50 51 54 58 60 61 63 64 65 67 69 72 74 75 76 78 80 81 82 83 84 85 86 87 89 92 93 94 95 96 97 98 99 101 102 104 107 108 109 110 112 113 116 117 118 121 122 123 124 125 127 128 129 130 131 132 133 134 135 136 137 138 139 140 141 142 144 145 148 149 151 152 153 154 155 156 157 158 159 160 161 165 166 167 168 169 171 172 173 175 179 181 182 183 186 187 188 190 191 192 193 194 195 196 197 199 200 201 202 203 204 206 207 208 210 211 213 214 215 216 217 218 219 220 222 227 229 230 231 232 234 235 237 238 240 241 242 243 244 245 246 247 248 249 250 251 252 253 254 255 256 257 259 260 261 262 264 266 267 268 269 270 271 272 273 274 275 276 278 279 280 281 284 285 286 287 288 289 290 291 292 293 294 296 297 298 299 301 302 303 304 305 306 308 309 310 311 312 313 314 315 316 317 319 320 321 322 323 324 325 328 331 332 333 334 335 336 337 338 340 341 342 343 344 345 346 347 348 349 350 352 354 355 356 357 358 359 360 361 362 363 365 366 368 369 371 372 375 377 379 380 382 384 385 387 390 391 392 394 395 396 397 398 399 400 402 403 404 405 406 407 408 409 410 412 414 415 416 418 419 420 421 422 424 425 426 428 429 430 431 434 435 436 438 439 440 441 444 445 446 447 448 449 450 451 452 453 455 456 458 459 460 461 462 463 464 465 466 467 469 470 471 472 474 475 476 477 478 480 482 483 484 486 487 488 489 490 493 494 495 496 497 498 499 603 769 780 
354: 1 3 4 5 6 7 8 10 11 13 14 15 16 17 18 20 21 22 23 24 25 26 27 28 29 32 33 34 36 38 39 41 43 45 47 48 49 51 52 53 55 56 57 58 59 60 62 63 64 66 67 68 69 71 75 76 77 78 79 80 81 82 83 84 85 86 87 88 89 91 92 93 94 95 96 97 98 101 102 103 104 106 108 109 110 111 112 113 114 116 117 118 120 121 123 124 125 126 127 128 129 131 132 133 135 136 138 139 140 141 142 143 144 145 146 147 148 149 150 151 152 154 155 156 157 159 160 163 164 165 166 167 168 169 170 172 173 174 176 178 179 180 182 183 184 185 186 187 188 189 190 191 193 195 196 197 198 200 201 202 203 204 205 206 207 208 209 210 211 213 214 215 216 217 218 219 220 221 222 223 224 225 226 227 228 229 230 233 234 235 236 237 239 240 241 243 244 246 247 248 249 250 251 252 254 255 256 257 258 259 260 261 262 263 264 265 266 267 268 269 270 271 272 274 275 276 277 278 279 280 281 283 284 286 288 289 290 291 292 295 296 297 298 299 300 301 302 305 306 307 308 309 311 312 313 314 316 318 319 320 321 322 323 324 325 327 328 329 330 331 332 333 334 335 336 337 338 339 340 341 343 344 345 346 347 350 352 353 355 356 357 358 359 361 362 363 364 365 366 367 369 371 372 373 374 375 376 377 380 381 383 384 385 386 387 388 389 390 391 392 393 394 395 396 398 399 400 402 403 404 405 406 407 408 410 411 412 414 416 418 419 420 421 422 423 424 425 426 427 428 429 432 433 434 435 437 438 439 440 441 442 443 444 445 446 447 448 451 452 453 454 455 457 458 459 460 461 464 465 466 467 468 469 470 472 473 474 475 476 477 478 479 482 483 484 485 486 487 489 490 491 492 493 496 497 499 602 668 
355: 0 1 2 4 5 6 7 8 9 11 12 13 14 15 16 17 18 19 20 21 22 24 25 26 27 29 30 31 32 33 34 35 36 37 38 39 40 41 42 43 44 45 46 48 50 53 54 55 56 57 59 60 61 62 64 65 66 67 68 69 70 71 73 76 77 79 80 82 83 84 85 86 87 90 91 92 94 95 96 97 101 102 103 104 105 106 107 108 109 111 112 113 116 117 118 120 121 122 123 124 125 126 127 129 130 131 133 135 137 138 139 141 143 144 145 146 147 148 149 150 151 152 153 154 155 156 158 159 160 162 163 164 165 167 168 169 172 173 174 175 176 179 180 181 182 183 184 186 189 190 192 193 194 195 197 198 199 200 201 202 203 204 205 206 207 208 209 210 211 212 213 214 217 218 219 220 221 222 223 224 225 226 227 229 230 233 235 236 237 240 242 243 244 245 246 247 248 249 250 251 253 254 255 256 258 260 261 262 263 264 265 266 267 268 269 270 271 272 273 276 277 279 280 281 283 285 287 289 290 291 292 293 294 295 296 297 298 299 300 301 303 304 305 306 307 309 310 311 312 313 314 315 316 317 318 320 321 322 323 325 326 327 328 329 331 332 333 336 337 339 340 341 342 343 344 345 347 348 349 350 352 353 354 356 357 358 360 361 362 363 364 365 366 367 369 372 373 375 377 378 379 381 382 383 384 385 388 389 390 392 394 395 396 397 399 400 401 402 403 404 405 406 407 409 411 412 414 415 416 417 418 419 420 421 422 423 424 426 427 428 429 431 432 436 441 442 444 445 446 448 449 450 451 452 453 454 455 456 457 458 460 461 462 463 464 465 466 467 468 470 471 472 473 474 475 477 478 479 481 482 483 484 485 486 488 489 490 491 492 493 494 495 497 632 790 756 943 998 
356: 0 1 2 4 5 7 8 11 13 14 15 16 18 20 22 24 26 28 29 30 31 33 34 35 36 38 39 40 41 43 44 45 47 48 49 50 51 52 54 55 56 57 58 59 60 61 62 63 64 65 66 67 68 69 70 71 72 73 74 75 76 77 78 79 80 81 83 84 85 86 87 88 89 90 91 92 93 94 95 96 97 99 100 101 103 104 105 106 107 108 109 110 111 112 113 114 115 116 117 118 119 120 121 123 124 125 126 127 129 130 131 134 135 136 137 138 139 141 142 143 144 145 146 147 148 149 151 152 153 155 157 158 159 160 161 162 167 168 169 170 171 172 175 176 177 178 182 183 184 185 186 187 189 191 196 197 198 199 200 201 202 203 204 205 206 208 209 210 212 213 214 215 216 217 218 221 222 223 224 226 227 228 229 230 231 232 233 234 238 239 240 241 242 243 244 245 246 247 248 249 250 251 252 255 256 257 262 263 265 266 267 268 271 274 275 276 277 280 281 282 283 284 285 286 290 291 292 293 295 296 297 298 299 300 301 302 303 304 306 307 308 310 312 313 314 316 317 318 319 321 322 324 325 326 327 328 329 330 331 334 336 337 338 339 340 341 342 343 344 345 346 347 348 349 353 354 355 357 359 360 362 363 364 365 367 368 369 370 371 372 373 374 375 376 377 378 382 383 385 386 387 388 389 390 391 392 393 394 396 397 398 399 400 401 402 403 406 407 408 409 410 411 412 413 416 418 420 421 422 423 424 425 426 427 429 430 431 432 433 434 436 437 438 440 441 443 446 447 448 449 450 451 452 453 454 455 456 457 458 459 460 463 464 466 467 468 469 470 472 473 476 478 479 480 481 483 484 486 487 488 489 490 491 494 495 498 499 613 648 695 
357: 0 2 5 8 10 11 13 14 16 17 18 19 22 23 26 27 28 29 30 31 32 33 34 35 36 37 38 39 40 41 42 43 44 45 46 47 49 50 51 53 55 58 60 62 65 66 67 68 69 70 71 72 73 75 77 78 79 80 81 82 83 84 85 86 87 88 89 95 96 97 99 100 101 102 104 105 109 110 111 112 113 114 115 116 117 118 120 123 124 125 127 129 130 131 132 133 134 135 136 138 139 140 141 143 144 146 147 149 150 151 152 153 154 155 156 157 158 160 161 162 164 165 166 169 170 171 172 173 175 176 177 178 179 181 182 183 184 185 187 188 189 190 191 192 193 194 195 196 197 198 199 200 201 202 203 204 205 206 208 209 210 212 213 214 215 216 218 220 221 222 223 224 225 226 227 228 230 231 232 233 234 235 236 237 238 239 240 241 242 243 244 245 246 247 248 249 250 253 254 256 257 259 260 261 265 266 267 268 269 270 271 272 273 274 276 278 279 280 281 283 285 286 287 289 290 292 293 294 297 298 300 301 302 303 304 305 307 308 310 312 313 314 316 317 319 320 321 322 323 324 325 326 327 328 329 330 331 332 333 334 335 336 337 338 339 340 341 342 344 345 348 351 353 354 355 356 360 361 362 363 365 366 367 370 371 372 373 374 377 378 379 380 381 382 383 385 386 387 388 390 391 392 394 395 396 398 400 401 402 404 405 406 407 409 410 412 413 414 415 416 417 418 419 420 422 424 425 426 427 428 429 430 432 433 434 435 436 438 439 440 441 442 443 444 445 447 448 449 450 453 457 458 462 463 466 467 468 469 470 471 473 474 475 476 477 478 479 480 481 482 483 484 485 486 487 492 493 496 497 498 499 656 694 
358: 0 1 2 3 4 5 7 8 10 12 14 15 16 18 19 20 21 22 23 24 25 26 27 29 30 31 32 33 34 35 36 37 38 39 40 41 42 43 46 47 48 49 50 51 52 54 55 56 57 58 61 62 63 65 66 67 68 69 70 73 74 75 76 77 80 82 86 87 88 89 91 92 93 94 96 97 98 99 104 105 106 107 108 110 111 112 113 114 115 116 117 118 119 120 121 122 124 125 126 127 128 130 131 132 133 134 136 137 138 139 140 142 143 144 145 146 147 149 150 151 153 154 155 156 157 159 160 161 162 166 169 170 172 173 174 175 177 178 179 181 182 183 184 185 186 187 188 189 191 192 195 196 198 202 205 206 207 208 209 210 211 212 214 215 216 218 222 223 224 225 228 229 230 231 233 234 235 236 237 238 239 240 243 244 245 246 249 250 251 252 253 254 256 257 258 259 260 261 262 264 265 266 267 268 270 272 274 276 278 279 280 281 282 285 287 288 289 290 291 292 294 295 296 297 300 301 302 303 304 305 306 308 309 310 311 313 315 317 318 319 320 323 324 325 326 327 328 331 333 335 337 338 339 340 342 344 345 346 347 348 349 351 352 353 354 355 359 360 361 364 365 366 367 369 370 371 372 374 375 376 377 378 379 380 381 382 383 384 385 386 389 390 391 394 396 397 398 399 400 401 402 403 404 405 406 407 410 411 414 415 416 417 418 419 420 421 423 426 428 429 433 434 435 436 437 438 439 440 441 442 443 444 445 446 447 448 449 451 453 454 457 458 459 460 461 462 464 465 466 467 468 469 471 472 473 474 476 478 481 483 484 485 487 488 489 490 491 492 493 494 495 497 498 499 606 792 963 988 
359: 0 3 5 8 10 11 12 13 14 15 16 17 18 19 23 24 25 27 28 29 30 32 33 34 35 36 37 38 39 40 41 42 43 46 47 50 51 52 53 55 56 57 58 59 60 62 64 65 66 68 69 70 71 72 74 75 77 78 79 80 81 82 83 84 86 87 90 91 92 93 94 95 96 97 98 99 100 101 103 104 105 106 108 109 112 113 114 116 117 118 119 120 121 124 125 126 128 129 130 131 133 134 135 136 137 139 141 143 145 146 147 148 149 150 154 156 157 158 159 160 162 163 164 165 167 168 169 170 172 173 174 175 176 178 180 181 182 184 185 186 187 189 191 192 193 194 196 197 198 199 200 201 202 203 204 206 207 209 210 211 212 213 214 215 216 217 219 220 222 223 224 225 226 229 230 231 232 234 235 236 237 238 240 241 243 244 245 246 247 248 249 250 252 256 257 258 259 260 262 263 264 265 266 267 268 269 270 271 273 274 275 277 279 280 281 282 283 284 285 288 289 291 292 293 295 296 300 301 302 303 304 305 308 309 311 313 314 315 316 317 318 319 320 321 322 324 326 327 328 329 330 334 336 337 338 339 340 341 342 343 345 347 349 351 352 353 354 356 358 360 362 363 364 365 367 368 369 370 372 373 375 376 377 378 379 380 381 383 384 385 388 390 391 392 394 395 396 397 399 400 401 403 404 407 409 410 411 412 414 415 416 417 420 421 422 423 424 425 427 428 429 430 432 433 435 436 437 438 439 440 441 442 443 444 445 446 447 448 449 450 451 452 454 456 457 458 459 460 461 462 463 464 465 466 467 468 470 472 474 475 478 479 480 482 483 485 487 488 489 490 492 493 494 496 497 499 616 759 
360: 0 1 2 3 4 5 6 9 10 11 12 13 15 16 17 18 19 22 23 24 25 26 27 29 30 31 32 33 34 37 40 41 43 44 46 47 48 49 50 51 52 53 54 55 56 58 59 60 61 62 63 64 67 68 70 72 74 76 77 78 79 80 82 84 90 91 92 93 94 95 96 97 98 99 100 101 102 104 107 109 111 112 113 114 116 117 118 119 121 122 124 126 127 128 129 130 132 133 134 135 137 138 139 140 143 144 145 146 147 148 149 150 153 154 156 157 158 159 160 162 163 165 168 169 170 171 172 173 174 175 176 177 179 180 181 183 184 185 188 190 191 192 195 197 199 200 201 202 203 204 206 208 209 210 212 213 214 215 216 217 219 220 222 223 224 225 226 227 228 229 230 231 233 235 236 237 241 242 243 245 247 250 251 252 253 254 255 257 258 259 261 262 263 264 265 266 270 271 272 273 276 277 279 280 281 282 284 285 286 287 290 291 292 293 294 295 296 297 298 299 300 301 302 303 304 305 309 310 313 314 315 316 317 318 319 320 322 323 324 325 326 327 328 329 330 331 332 333 334 337 338 339 340 342 343 345 346 347 348 349 351 352 353 355 356 357 358 359 361 362 363 365 366 367 368 370 371 372 373 375 377 379 381 382 383 384 387 388 389 392 393 394 395 396 397 398 399 400 401 403 404 407 408 409 410 411 412 413 414 415 416 418 420 423 427 428 429 430 431 432 433 437 439 440 441 442 445 446 447 448 449 450 451 452 453 454 455 456 457 458 460 462 463 465 466 467 468 469 470 472 473 474 475 476 478 479 480 481 484 485 486 488 490 491 492 493 494 495 496 498 610 
361: 1 2 3 4 5 6 7 8 10 11 12 13 15 16 18 19 20 21 23 24 25 26 27 28 29 30 31 32 33 34 35 36 37 39 40 41 42 43 44 47 48 50 51 53 54 55 56 57 58 60 62 64 65 66 67 68 69 70 71 72 75 76 77 78 79 80 81 82 83 84 86 89 90 92 93 94 95 96 100 101 103 104 105 106 107 108 111 112 114 115 116 117 118 120 121 122 123 124 125 126 127 128 129 130 131 132 133 135 136 137 138 139 140 141 142 143 145 146 148 149 150 151 152 153 154 156 158 160 161 163 165 166 167 168 169 170 171 172 173 174 175 178 179 180 181 183 184 185 186 187 189 190 192 193 194 195 197 199 200 201 202 203 204 205 206 207 208 210 211 212 213 214 215 216 218 219 220 221 222 223 224 226 227 229 230 231 232 233 234 235 236 237 238 239 240 241 242 245 246 247 248 249 251 253 254 255 256 257 258 259 260 262 263 264 265 266 267 268 270 271 273 274 276 277 278 279 280 281 282 283 284 286 287 288 289 292 293 294 295 298 299 300 301 304 306 308 309 310 311 312 313 314 315 316 317 318 320 321 323 324 325 326 327 329 330 331 336 337 338 339 340 342 343 344 345 346 347 348 350 353 354 355 357 358 360 362 363 364 365 366 367 368 369 370 371 372 373 374 375 378 379 381 382 385 386 389 390 391 392 393 394 396 398 399 400 402 403 404 405 406 407 408 410 411 412 413 414 415 417 418 419 421 422 424 425 427 428 430 431 432 434 435 436 437 438 439 442 443 445 446 447 448 449 450 451 453 455 456 457 459 461 463 464 466 467 469 470 472 473 475 480 483 484 485 486 487 488 490 491 492 493 494 495 496 498 
362: 0 2 3 4 7 8 9 11 12 13 14 15 16 17 19 22 23 25 26 27 29 30 31 32 33 34 36 37 38 39 40 41 44 45 47 48 49 50 53 54 56 58 59 62 63 64 65 67 68 69 71 72 73 74 75 76 78 79 80 81 82 83 84 85 87 89 90 91 92 94 95 96 97 98 99 100 101 102 103 104 105 106 107 108 110 111 112 113 114 115 116 117 120 121 122 123 124 125 126 127 128 129 130 131 132 133 136 137 139 140 141 142 143 146 147 148 150 151 152 153 154 155 157 158 160 163 164 165 167 168 169 170 171 173 174 175 176 177 178 180 181 182 183 186 187 188 189 190 191 192 193 194 195 198 199 200 201 203 204 205 206 208 210 211 212 214 215 216 217 218 219 220 221 222 223 224 225 226 227 228 229 230 231 232 234 237 238 239 240 241 242 243 244 245 246 247 249 250 252 254 255 256 257 258 262 263 264 265 266 268 269 270 273 274 275 276 277 278 279 280 282 283 284 285 287 288 289 290 291 292 293 294 295 297 298 300 301 302 303 304 305 307 308 309 310 311 312 313 314 315 316 317 318 319 320 321 322 323 325 326 331 332 333 334 335 336 337 339 340 341 342 343 344 345 346 348 350 351 352 353 354 355 356 357 359 360 361 363 365 366 367 368 370 371 373 374 375 377 378 380 381 383 384 385 386 387 388 390 392 394 395 396 399 400 401 404 405 406 408 409 410 411 412 413 415 416 420 421 422 423 425 426 427 428 429 430 432 433 434 435 436 437 439 442 444 445 447 448 449 450 451 452 453 454 455 456 459 460 461 464 465 466 467 468 469 470 472 475 477 479 480 482 483 484 485 486 487 489 491 492 493 494 495 496 497 498 499 945 
363: 1 2 3 4 6 10 12 13 14 15 17 18 19 21 22 23 24 26 27 29 30 31 32 33 35 36 37 39 40 41 42 43 44 45 46 48 49 51 52 53 54 55 57 58 59 60 61 63 64 65 66 67 68 69 70 71 72 73 74 75 76 77 78 80 81 82 83 86 87 88 89 90 91 93 94 96 97 103 104 105 106 107 108 109 110 111 112 113 114 115 117 118 119 120 121 122 124 125 126 127 128 130 131 132 133 134 135 136 138 141 142 144 145 146 147 148 149 150 151 152 153 154 155 156 158 159 160 161 162 163 165 166 167 168 169 170 171 172 173 174 175 176 177 178 179 180 181 183 186 187 188 189 190 193 194 195 196 198 200 201 203 204 205 206 207 208 209 210 212 214 215 216 217 218 219 220 221 222 223 224 225 226 227 228 233 234 235 238 239 240 241 242 243 245 246 247 248 250 251 252 253 254 255 257 258 259 260 261 262 263 264 265 266 267 268 269 270 271 274 275 276 277 278 280 282 283 284 285 287 289 290 291 292 294 295 296 297 298 299 300 301 302 303 304 305 307 310 311 313 314 315 319 320 321 322 323 324 325 326 327 330 331 332 333 334 336 337 339 340 341 342 343 345 346 348 349 350 351 352 353 354 355 356 357 359 360 361 362 364 365 366 367 369 370 371 372 375 376 377 378 379 381 383 384 385 386 387 388 390 391 392 393 395 396 397 398 399 400 401 402 403 404 405 407 408 409 410 411 414 415 416 418 419 422 423 424 425 427 430 431 433 434 435 436 437 440 441 442 443 445 446 448 449 450 451 455 457 458 460 461 462 463 464 465 466 467 468 469 470 471 472 473 476 477 478 479 480 481 485 486 487 489 490 491 492 493 495 496 498 499 648 689 694 763 938 
364: 0 2 3 4 5 7 8 10 11 12 13 16 17 18 21 23 24 25 26 27 28 29 30 33 34 35 37 38 39 40 41 42 43 44 45 46 48 50 51 52 53 54 55 59 61 62 63 64 66 67 68 69 70 74 77 78 79 80 82 83 84 85 86 87 88 89 90 91 92 93 95 97 99 101 103 104 105 106 107 108 111 112 113 114 116 117 118 119 120 121 122 124 126 127 129 130 131 132 133 135 137 138 139 140 141 142 143 144 145 147 149 151 152 153 155 159 160 161 162 164 165 166 167 168 169 170 172 173 175 177 178 179 180 181 182 184 185 186 187 189 190 192 194 195 196 197 198 199 200 202 203 206 207 209 210 211 212 213 215 217 218 219 220 221 222 223 224 228 229 233 234 235 236 237 238 239 240 242 243 244 245 247 248 250 251 252 253 254 255 256 257 258 260 261 262 263 264 266 267 269 271 273 275 276 278 279 281 282 283 284 285 286 287 288 289 290 295 297 298 299 300 304 305 306 307 310 311 314 315 316 317 318 319 321 322 323 324 325 327 328 329 330 331 332 333 334 335 336 337 338 339 340 341 342 346 348 349 350 351 352 354 355 356 358 359 361 363 365 366 367 369 370 371 373 374 375 377 378 379 380 381 382 383 384 385 386 387 388 390 391 392 393 396 397 399 400 401 402 403 404 405 406 407 409 410 411 412 413 414 415 417 420 421 422 424 425 426 427 429 430 431 433 434 435 436 437 438 439 441 443 444 445 446 448 449 451 452 453 454 455 456 459 460 461 462 463 464 466 467 469 470 471 472 473 474 475 476 477 478 479 480 481 484 485 486 488 489 490 491 492 494 496 497 498 499 761 953 
365: 0 1 2 5 7 8 9 10 12 13 14 15 16 17 18 19 20 21 22 23 25 26 29 30 33 35 40 41 43 46 48 49 50 51 52 53 56 57 58 60 61 62 63 64 65 67 68 69 70 72 73 74 75 76 77 78 79 80 81 82 83 85 86 87 88 89 90 93 94 95 96 97 98 99 100 101 102 103 104 105 106 107 108 110 112 113 115 116 117 119 121 122 126 127 128 129 130 132 134 135 136 137 139 140 141 142 144 147 148 149 150 154 157 158 160 162 164 165 167 168 169 170 173 179 180 182 184 185 186 187 190 191 194 195 196 197 198 199 202 203 205 206 207 208 209 210 211 212 213 214 216 217 218 220 222 223 225 228 229 230 231 232 233 234 235 236 238 239 240 242 243 244 245 247 249 250 251 253 254 255 256 257 259 261 263 264 265 266 267 268 269 270 271 272 273 274 275 276 277 278 279 280 281 282 283 284 285 286 288 289 290 291 292 294 295 296 297 299 300 301 302 304 305 306 307 308 309 311 312 313 314 315 316 319 322 323 324 325 327 328 329 331 332 335 336 337 338 339 343 344 345 347 349 350 351 352 353 354 355 356 357 358 359 360 361 362 363 364 366 367 368 370 371 372 373 374 375 376 378 379 380 381 382 383 384 387 389 391 392 393 394 396 397 400 401 404 405 406 407 408 409 410 411 412 414 416 417 419 420 421 422 423 426 427 428 429 430 431 434 435 436 437 438 439 440 441 442 443 444 445 446 447 448 450 451 452 453 454 455 456 457 458 459 461 462 463 464 466 469 470 471 472 473 474 476 477 478 480 481 483 484 485 486 487 489 490 491 493 494 496 497 498 499 646 668 773 
366: 0 1 2 3 4 6 7 9 10 11 12 13 14 15 17 18 19 20 21 22 23 24 25 26 27 28 30 31 33 35 39 40 41 42 43 44 45 46 47 48 49 53 55 57 58 59 61 62 63 64 65 66 67 68 69 70 71 72 73 75 76 78 79 81 82 83 84 86 87 88 89 90 91 94 95 96 98 99 100 102 103 104 105 107 108 109 111 112 113 114 115 117 118 119 122 124 125 126 127 128 131 132 133 134 135 136 138 139 140 141 143 144 146 147 148 150 151 152 153 154 156 157 158 159 161 162 163 167 168 169 170 171 172 174 176 177 178 179 180 181 182 183 184 185 186 187 188 190 191 192 193 194 196 197 198 199 201 203 205 206 207 208 210 211 214 215 218 219 220 221 222 223 224 225 226 227 228 230 231 233 234 235 236 237 238 239 242 243 245 246 247 248 249 252 253 254 255 256 257 258 259 260 261 263 264 265 267 268 269 270 272 273 274 276 277 279 280 282 283 284 285 286 287 288 289 290 292 295 296 297 298 299 300 301 302 303 305 306 307 309 310 312 313 315 316 317 318 319 320 321 322 323 324 325 327 328 329 331 332 335 336 338 339 340 341 342 344 345 346 347 349 350 351 352 353 354 355 357 358 360 361 362 363 364 365 367 370 372 374 375 376 377 378 379 380 381 382 383 384 386 387 390 391 393 394 396 399 400 401 403 404 405 406 407 408 410 412 413 414 415 416 417 419 420 421 422 423 424 426 428 429 430 431 432 433 435 436 438 439 441 442 443 444 445 446 447 449 450 452 453 454 456 457 458 459 460 461 462 463 464 466 467 469 470 471 472 473 475 476 477 478 480 482 484 485 486 490 492 493 496 498 499 768 965 973 993 
367: 0 1 2 4 5 6 7 8 9 10 13 14 15 16 17 19 20 23 24 25 26 27 28 29 30 31 37 38 39 40 41 44 45 47 48 50 51 52 53 55 56 57 58 59 61 63 66 67 69 70 71 73 76 77 78 79 82 83 84 85 86 87 88 90 91 92 94 95 96 97 100 101 104 105 106 107 108 109 110 112 114 115 116 117 120 121 122 123 124 125 126 127 128 129 131 132 133 135 136 138 139 140 141 143 144 145 146 147 148 150 151 152 153 154 155 157 158 159 160 161 162 166 168 169 170 171 172 173 175 177 178 180 183 184 186 188 189 191 192 193 194 197 198 199 200 201 202 203 204 206 207 208 209 210 212 214 215 216 219 221 223 224 225 226 227 229 230 231 232 235 236 237 238 241 242 243 245 247 248 249 250 251 253 255 258 259 260 261 262 263 264 265 266 267 270 271 273 274 275 276 277 278 279 281 282 283 284 285 287 289 290 292 293 294 295 296 297 298 299 301 302 303 304 305 306 307 308 311 315 316 317 318 319 320 321 323 324 325 326 327 328 331 334 336 337 338 339 340 341 344 345 347 348 349 351 352 354 355 356 357 358 359 360 361 362 363 364 365 366 368 369 371 372 373 374 375 376 377 379 380 381 382 384 385 386 387 389 390 391 392 393 394 395 397 398 399 400 403 407 409 410 411 412 413 414 415 417 420 422 423 424 425 426 428 429 430 431 433 434 436 437 439 440 441 443 444 445 447 448 449 450 451 453 454 457 458 460 461 463 464 465 466 467 468 469 470 471 472 473 474 475 476 477 478 479 480 481 482 483 484 486 488 490 491 493 494 496 497 498 
368: 1 2 3 4 6 7 8 10 12 13 14 15 16 17 18 19 22 23 24 25 26 27 29 30 31 33 34 36 37 38 39 40 41 43 44 45 47 48 49 50 51 52 54 55 57 58 61 62 63 64 65 66 67 69 70 71 72 73 74 76 77 78 80 81 82 83 84 85 86 87 89 90 93 94 95 96 97 98 99 100 101 102 103 104 106 108 109 110 113 114 115 116 117 119 121 122 124 125 126 128 129 130 132 133 134 136 137 138 139 140 141 143 144 146 148 149 150 151 152 153 156 158 159 160 161 162 164 166 167 168 169 171 172 175 176 180 181 182 183 185 186 187 188 189 190 191 193 196 200 202 203 204 206 207 208 209 211 213 214 215 216 218 219 220 221 225 226 229 230 232 233 234 235 236 237 238 239 242 247 248 249 250 253 254 255 256 257 258 259 260 261 263 264 265 266 267 269 271 272 273 274 275 276 277 278 281 282 283 285 286 288 292 295 296 298 300 301 302 303 304 305 308 310 312 313 316 317 319 320 321 323 324 326 328 329 330 331 332 334 335 336 338 339 340 341 342 343 344 345 346 347 348 349 350 352 353 356 359 360 361 362 365 367 369 371 372 374 375 377 380 381 382 383 384 385 386 387 388 390 392 393 394 395 396 397 399 402 403 404 405 406 407 408 409 410 411 412 413 414 415 416 417 418 419 420 421 423 424 425 427 428 429 430 431 435 436 437 438 440 442 443 444 445 448 449 452 453 454 456 457 458 460 461 462 464 465 466 468 469 470 472 473 474 475 476 477 478 480 481 483 485 486 488 489 490 491 493 494 499 647 777 
369: 0 1 2 3 4 5 6 7 8 9 10 12 13 14 15 16 18 19 21 22 23 24 25 27 30 32 33 34 35 36 37 39 40 44 46 47 48 49 50 51 52 53 55 56 58 59 60 61 62 63 64 65 66 68 69 70 71 72 73 74 75 76 77 79 80 81 82 83 84 85 86 87 88 89 91 92 93 95 96 97 98 100 101 102 103 104 105 106 107 108 109 110 111 113 114 115 116 117 118 119 121 122 123 124 125 127 128 129 131 132 133 134 136 137 138 140 141 142 144 145 146 147 148 149 150 151 152 153 155 157 158 160 161 163 165 167 169 170 171 172 173 176 178 179 180 181 182 183 185 186 187 189 190 192 193 194 195 196 197 198 200 201 202 203 204 205 207 208 211 212 213 214 215 216 217 218 219 220 222 223 224 225 226 227 228 229 230 231 232 233 234 235 236 237 239 240 242 243 244 245 246 248 250 251 252 253 254 255 259 263 265 268 271 272 275 279 280 281 282 283 284 285 286 287 288 289 290 291 292 293 294 295 296 297 298 299 301 302 303 304 307 308 309 310 311 312 316 317 318 319 320 321 324 325 326 327 328 329 330 331 333 334 336 337 339 340 341 342 344 345 347 348 349 350 351 352 353 354 355 356 358 359 361 363 364 367 368 370 371 373 374 375 376 377 378 379 381 382 383 385 386 387 389 391 392 393 394 396 397 398 399 400 401 402 404 405 406 407 408 410 411 412 413 414 415 416 417 418 419 420 421 423 424 425 427 428 430 431 432 433 434 435 436 437 438 439 440 442 443 444 445 447 448 449 453 454 455 456 458 459 460 461 462 463 464 466 467 468 469 470 472 473 474 475 477 478 480 481 482 483 484 485 486 487 489 491 492 493 494 495 496 497 498 499 608 624 650 773 971 
370: 0 1 2 3 4 6 7 8 9 11 12 13 14 16 18 19 20 21 23 24 25 26 27 29 30 32 33 34 37 38 39 40 42 44 45 47 48 49 50 52 53 54 55 56 57 58 60 64 65 66 67 69 70 71 72 74 75 76 77 80 81 82 83 84 85 88 89 91 93 94 95 96 97 98 99 100 101 102 103 104 105 106 107 108 109 110 111 112 114 118 121 122 123 124 125 126 127 128 129 130 131 132 133 139 140 141 142 143 146 147 151 153 154 155 156 157 158 159 162 163 165 169 170 171 172 174 175 176 177 178 180 182 183 184 189 190 191 192 193 194 195 197 198 199 201 202 204 205 207 208 209 210 213 215 216 217 218 219 220 221 223 224 225 229 230 231 232 233 235 236 237 238 239 241 242 243 244 245 246 247 248 249 250 251 252 253 254 255 256 257 259 261 262 263 264 266 268 269 270 271 272 273 274 276 279 281 282 283 284 285 287 288 289 290 291 292 295 296 298 299 300 302 304 305 306 307 308 309 310 312 313 314 316 319 320 321 322 324 326 328 329 330 331 332 333 334 335 336 338 339 340 341 342 345 346 347 348 349 350 351 356 357 358 359 360 361 362 363 364 365 366 369 371 374 375 376 377 378 379 380 382 383 384 386 387 390 391 392 393 394 395 397 401 402 403 404 405 406 407 408 409 411 416 418 419 420 421 423 424 425 426 428 429 430 431 432 433 434 435 437 438 441 443 444 446 447 448 449 451 453 454 455 456 457 458 459 460 461 462 464 465 466 468 469 470 471 472 474 475 477 478 479 480 481 486 487 488 489 490 491 492 493 494 495 496 497 499 609 629 766 993 
371: 0 1 2 5 6 7 8 11 12 13 14 16 17 18 20 21 22 23 24 25 26 27 28 30 32 33 34 35 36 37 39 40 41 42 43 44 45 46 47 48 49 50 51 52 53 54 55 56 57 58 59 60 61 63 66 68 70 71 72 73 74 75 76 77 78 79 81 82 84 85 86 88 89 90 91 92 93 94 95 98 99 100 101 104 106 107 108 109 110 111 112 114 115 116 117 118 122 123 124 125 126 127 128 129 130 131 132 133 134 135 136 138 139 140 141 142 144 146 149 151 152 155 156 158 159 160 161 162 163 164 165 166 167 170 171 172 173 174 175 176 177 180 183 185 186 187 188 189 192 193 194 195 196 197 198 199 201 202 204 206 207 209 210 214 217 218 219 220 221 223 224 226 227 229 232 233 234 235 236 237 238 239 240 242 243 244 245 247 248 249 250 251 252 253 254 255 256 257 258 260 261 263 264 265 266 267 268 269 271 272 274 275 276 277 279 280 281 284 285 286 287 288 290 292 294 299 300 301 302 304 305 306 307 309 310 313 314 315 316 318 320 323 325 327 328 329 330 332 333 334 335 337 338 339 340 341 342 343 344 346 347 348 349 351 352 353 354 356 357 358 360 361 362 363 364 365 367 368 369 370 372 373 374 375 376 377 378 379 380 381 382 383 384 386 388 389 390 391 392 393 394 395 396 397 399 400 401 402 404 405 407 408 409 410 411 412 413 414 415 416 419 421 422 423 424 425 426 427 428 429 433 434 435 436 437 438 439 440 441 442 444 445 446 448 449 450 451 452 453 454 456 458 459 460 463 464 466 467 469 470 471 472 473 475 476 477 478 479 480 481 482 483 484 487 488 489 490 491 492 493 494 495 496 497 498 499 
372: 0 1 2 3 4 6 8 9 10 11 12 13 14 15 18 19 24 25 26 27 28 29 30 31 32 33 34 36 37 38 40 42 43 44 45 46 47 48 50 52 53 54 55 56 57 59 60 61 63 64 65 66 67 68 69 70 71 73 74 75 76 77 78 79 80 81 82 83 84 85 86 88 89 92 93 94 96 98 99 100 101 103 104 105 106 107 108 109 110 111 112 113 114 115 117 118 119 120 122 123 124 125 126 128 129 130 132 133 134 137 138 139 141 142 144 145 146 147 148 149 150 151 152 153 156 157 160 161 163 164 165 168 169 170 171 172 173 174 177 179 180 182 183 184 187 188 189 190 191 193 195 196 197 198 199 200 201 202 203 204 207 208 209 210 212 213 215 217 218 220 222 224 225 226 228 229 230 231 234 236 238 239 240 242 244 246 247 248 251 252 253 254 255 256 257 258 259 261 262 263 265 267 268 269 270 272 273 277 278 280 284 285 286 287 289 291 292 293 294 295 296 297 298 299 300 301 302 303 304 305 306 307 308 309 311 312 313 314 315 316 317 318 321 323 326 328 329 330 331 332 333 334 335 336 337 338 339 341 342 343 344 346 347 348 349 350 351 352 353 354 355 356 357 358 359 360 361 363 365 366 367 368 371 373 374 375 376 378 379 380 381 383 384 385 387 388 389 391 393 395 398 399 400 401 402 403 405 407 409 412 413 414 415 418 419 421 422 423 424 425 426 431 432 434 436 437 439 440 441 442 444 445 446 448 449 450 451 453 454 455 456 457 458 461 462 465 466 467 468 470 471 472 474 475 477 478 479 480 482 483 485 486 487 489 490 491 493 494 495 496 497 499 623 628 922 989 998 
373: 0 1 2 4 5 6 7 8 9 10 11 13 14 15 16 18 19 20 24 26 27 28 31 32 33 34 35 36 37 38 39 40 41 45 46 47 48 49 50 51 52 53 54 55 56 57 58 59 60 61 62 63 64 65 66 67 68 70 71 73 75 76 78 79 80 81 82 84 85 86 87 88 89 90 92 93 94 95 97 98 99 101 102 103 104 107 109 110 112 113 114 115 116 117 118 120 121 122 123 124 125 126 127 128 130 131 133 134 135 137 138 139 140 141 142 143 146 147 151 152 153 154 156 157 158 159 160 161 162 164 166 167 168 169 170 171 173 175 176 177 178 179 181 182 183 184 186 188 189 190 191 192 193 194 196 197 198 199 200 201 202 204 205 206 209 210 212 213 214 215 216 217 218 219 222 224 225 226 227 228 229 231 232 233 234 235 236 237 238 239 240 242 243 244 245 246 247 248 249 250 253 254 255 256 258 260 261 262 264 265 266 267 268 270 272 273 274 277 279 281 282 283 284 285 286 287 288 289 290 291 292 293 294 296 297 298 300 301 302 303 304 305 306 307 308 309 310 312 313 316 317 318 319 320 321 324 325 326 331 334 335 336 337 338 339 342 343 344 345 346 349 350 351 352 354 355 356 357 359 360 361 362 364 365 367 369 371 372 376 377 378 379 380 381 382 383 384 386 387 388 389 390 391 393 394 395 396 398 399 401 403 404 405 407 408 409 410 411 412 413 414 415 416 417 419 420 421 423 424 426 427 428 429 430 431 433 434 435 436 439 440 441 442 444 445 446 447 448 451 452 453 455 456 459 460 462 463 464 465 466 467 468 469 471 472 474 475 476 477 478 479 484 485 486 488 489 490 491 492 494 496 497 498 499 693 929 
374: 0 1 2 3 4 6 7 9 10 11 13 14 15 16 17 18 23 25 27 30 31 32 33 35 36 38 39 40 41 42 44 45 47 48 49 51 52 53 55 56 58 59 63 64 66 68 69 70 72 73 76 78 79 80 82 83 84 85 86 88 89 90 92 93 94 95 97 99 100 101 103 105 106 110 111 112 113 115 116 118 119 120 121 122 123 127 128 129 130 131 132 133 134 135 136 137 139 143 146 147 148 149 151 155 156 157 159 160 163 164 165 166 167 168 169 170 171 172 175 176 177 178 180 181 182 183 184 186 187 189 190 191 192 193 194 195 196 197 198 199 200 202 203 204 205 206 207 208 209 210 212 213 214 215 216 217 218 219 220 221 223 224 226 227 228 229 231 232 233 234 235 236 237 238 239 240 242 244 245 247 248 249 250 251 252 254 255 257 258 259 260 261 262 263 265 266 267 268 269 270 271 273 276 278 279 280 281 283 285 286 287 288 289 290 292 294 295 297 298 300 301 302 303 305 306 307 308 309 310 311 312 313 314 317 318 321 322 323 324 326 327 328 329 331 332 333 334 335 337 338 339 340 343 344 345 346 349 350 351 352 354 356 357 358 361 362 364 365 366 367 368 369 370 371 372 375 376 377 378 380 381 382 384 385 386 387 388 389 390 391 392 393 394 395 396 397 401 404 405 406 408 409 410 412 413 415 417 419 420 421 423 424 425 426 427 428 429 430 431 432 433 436 437 438 439 440 441 442 445 447 448 449 450 451 452 453 455 456 457 458 459 460 461 462 463 464 465 466 467 468 472 473 474 475 476 477 480 481 482 483 484 486 487 488 489 490 491 492 493 494 495 497 498 499 983 
375: 0 1 2 3 4 5 6 7 8 9 10 11 12 15 16 17 18 19 20 22 23 24 25 26 27 28 29 30 32 33 35 36 38 39 45 46 47 48 49 50 51 52 53 54 55 57 58 59 60 62 63 64 65 66 67 70 73 74 75 76 77 78 79 80 81 82 85 86 87 89 90 92 95 97 98 99 100 102 103 104 105 106 107 110 111 112 113 115 116 117 119 120 121 122 125 126 127 129 130 131 132 134 135 136 137 138 142 143 144 146 147 148 149 151 152 153 154 155 157 158 160 161 162 163 164 165 166 168 170 171 172 173 174 175 176 177 179 181 182 183 184 186 187 188 189 190 191 192 194 196 197 198 199 200 201 202 204 205 206 207 208 209 210 211 212 213 214 215 217 220 221 222 223 225 226 227 228 229 230 231 232 233 234 235 236 237 238 239 240 241 242 243 244 248 249 250 251 252 253 254 255 256 257 258 259 260 261 262 263 264 265 267 269 271 273 276 277 279 280 281 282 284 285 287 289 290 291 293 294 295 296 297 298 300 301 302 303 304 305 308 310 312 313 314 316 317 318 319 320 321 323 324 325 326 327 328 329 330 332 333 334 335 336 337 338 339 340 341 342 343 346 348 349 350 351 352 353 354 355 356 358 359 360 361 362 363 364 365 366 367 368 369 370 371 372 374 376 377 380 382 383 384 385 387 388 390 391 392 393 394 395 396 397 398 401 403 404 406 407 409 410 413 415 416 417 418 419 420 421 422 423 424 425 426 427 428 429 430 431 432 433 435 436 437 438 439 440 441 442 443 444 446 447 448 450 451 452 453 454 455 456 457 458 460 461 462 463 464 465 466 467 468 470 471 473 474 475 478 480 481 482 483 484 485 486 487 488 491 492 493 494 495 496 497 499 662 663 774 753 
376: 0 1 3 4 6 7 8 9 10 11 12 13 14 16 18 19 20 21 22 23 24 25 26 27 29 30 31 32 33 34 35 36 38 39 42 43 45 46 47 48 49 50 51 52 54 56 58 59 60 63 64 65 66 69 70 71 72 73 74 75 77 78 81 83 84 85 86 87 89 90 91 93 94 95 96 97 98 101 103 104 105 106 107 108 109 110 111 112 113 114 115 116 117 120 122 123 124 126 128 129 130 131 132 134 135 139 140 141 142 143 144 146 147 149 150 152 155 157 158 161 162 163 164 165 167 168 170 172 174 175 176 177 178 179 181 182 183 184 185 186 188 189 190 191 192 193 194 195 196 197 199 200 201 203 204 205 206 207 208 210 211 213 214 215 216 217 219 220 221 222 224 226 229 230 231 232 233 234 236 238 239 241 242 243 244 245 247 248 249 250 251 252 253 254 256 257 258 259 261 262 263 265 266 268 270 271 272 273 274 275 276 277 279 280 281 283 284 286 288 289 290 291 295 297 298 299 300 301 302 304 305 306 307 308 309 310 311 313 314 316 317 318 319 320 321 322 323 324 325 326 327 328 329 330 332 334 335 337 338 339 340 343 344 345 346 347 348 349 350 351 354 356 358 359 363 365 366 367 369 370 371 372 373 374 375 377 379 380 381 383 384 385 386 387 388 389 390 391 392 393 394 395 397 398 399 403 404 405 406 407 408 409 410 412 413 414 415 417 418 419 422 424 425 426 427 428 429 431 432 433 435 436 437 438 439 440 441 442 444 445 449 451 452 454 455 456 458 460 461 462 463 464 465 466 467 469 470 471 472 473 474 475 476 478 479 480 481 482 483 485 486 488 489 490 492 494 496 497 498 499 
377: 0 1 2 6 7 9 10 12 16 19 20 21 22 25 26 27 28 29 30 31 32 33 34 35 36 37 38 41 42 44 45 46 48 49 50 53 54 55 56 58 59 60 61 63 64 65 66 67 68 69 70 71 73 74 75 76 77 78 80 81 82 83 84 85 86 87 89 91 92 93 94 96 98 99 100 101 102 103 104 106 107 108 109 110 112 113 114 116 117 118 119 120 121 122 123 124 125 126 127 129 130 131 132 133 134 136 137 138 139 140 141 143 144 145 146 147 149 150 151 152 153 154 156 157 158 159 160 161 162 164 165 166 167 168 169 170 171 172 173 174 175 176 177 178 179 180 181 182 183 184 185 187 188 189 190 191 192 193 194 195 196 197 198 199 200 201 202 203 204 205 207 209 210 212 213 215 216 217 218 219 220 221 222 224 225 226 227 228 229 230 231 233 234 236 237 238 239 241 242 244 245 246 247 248 249 250 251 252 253 254 255 256 259 260 262 263 264 265 266 267 268 269 271 272 274 275 276 278 280 281 283 284 285 287 288 289 290 291 292 293 294 296 297 299 301 302 303 304 306 307 308 309 312 313 314 315 316 317 318 319 320 321 322 324 325 326 327 328 331 333 334 335 336 338 339 340 341 342 343 345 347 348 349 350 351 352 353 354 355 356 357 358 359 360 362 363 364 366 367 368 369 370 371 373 374 375 376 378 379 380 381 382 383 384 385 386 387 388 389 390 391 392 393 394 395 396 397 398 402 403 404 405 406 407 409 410 411 412 413 415 416 419 420 421 422 423 424 425 426 428 429 430 431 432 433 434 437 438 439 440 441 442 443 444 445 448 449 450 452 453 454 455 456 457 458 459 460 462 463 464 465 466 468 470 471 472 473 474 477 478 480 481 482 483 485 488 489 490 491 493 494 495 497 498 499 696 
378: 0 1 8 10 11 12 13 14 15 17 18 20 21 22 23 25 26 27 29 30 31 32 33 34 35 36 37 38 42 43 44 45 46 47 49 50 51 52 53 56 57 58 59 60 61 63 64 65 66 67 68 69 71 72 73 74 75 77 78 79 80 82 83 84 85 86 90 92 93 94 95 96 97 98 100 101 103 105 106 107 108 109 111 113 116 117 118 119 120 122 123 125 126 127 128 131 132 133 134 135 136 137 140 141 142 143 144 145 146 147 148 149 151 152 154 156 157 160 161 162 163 164 165 166 167 168 169 171 172 173 174 175 176 178 179 180 181 182 183 185 186 187 188 189 192 193 194 195 196 197 199 200 201 204 205 206 207 209 210 211 212 214 215 216 217 218 219 220 221 222 223 224 225 226 227 228 229 231 232 234 235 237 238 239 241 242 243 244 245 246 247 248 249 250 251 252 253 255 256 257 258 259 260 261 262 264 266 269 271 272 273 274 275 276 277 278 279 280 281 282 283 284 285 286 287 288 291 293 294 295 296 299 300 301 302 303 304 305 307 308 309 310 311 312 313 314 315 316 317 318 319 320 321 322 324 325 327 328 329 330 332 334 335 336 339 340 342 343 344 345 346 347 348 349 350 351 352 355 356 357 358 359 361 362 363 364 365 366 369 370 371 372 373 374 377 379 380 381 382 383 385 386 387 388 389 390 391 392 393 394 395 397 398 400 402 403 404 405 406 407 408 409 411 412 413 415 416 418 420 422 423 424 425 427 428 429 430 431 433 434 435 436 437 438 439 440 441 443 444 446 447 448 450 451 452 453 454 455 456 457 459 460 461 462 463 465 467 469 471 473 474 475 476 477 478 480 482 483 485 488 489 490 491 493 494 495 496 497 498 
379: 0 1 4 5 6 8 9 10 11 12 13 14 15 16 17 18 19 20 21 22 23 24 26 27 28 30 31 32 33 34 36 37 38 39 40 41 43 44 45 46 47 48 49 51 52 54 55 56 58 59 60 62 63 64 65 66 67 68 69 71 72 73 74 75 76 77 78 79 80 81 82 84 85 86 87 88 89 90 91 92 93 94 95 96 97 98 99 100 101 103 104 105 106 107 108 109 110 111 113 115 116 117 118 119 120 122 123 124 126 127 129 130 131 132 133 135 136 138 139 141 142 143 144 145 148 149 151 154 156 157 159 160 161 162 163 164 165 166 167 168 170 171 172 173 174 175 176 177 178 179 180 181 182 184 185 186 187 188 190 191 192 193 194 195 197 199 201 202 203 204 205 206 208 209 210 211 212 213 215 216 218 219 220 221 222 223 224 225 228 229 230 231 232 233 234 235 238 240 241 242 243 244 245 246 248 249 250 252 253 254 255 256 257 258 259 261 262 263 264 266 267 268 270 271 276 277 278 279 280 283 284 285 286 287 288 289 292 293 294 295 296 297 299 302 303 304 306 307 309 310 311 312 314 315 317 319 321 322 323 324 325 326 327 328 330 331 332 333 335 338 339 340 342 343 344 345 346 347 348 349 350 351 352 353 355 357 358 359 360 361 363 364 365 366 367 369 370 371 372 373 376 377 378 380 381 383 384 385 387 388 389 390 391 392 394 395 396 397 399 400 401 403 404 405 406 407 408 409 411 412 413 415 416 418 420 421 422 423 424 425 427 428 429 432 434 436 437 439 440 441 442 443 444 445 446 447 448 449 450 452 453 454 455 457 458 459 460 461 464 465 466 471 474 475 476 477 479 480 481 482 483 484 485 486 487 489 490 495 497 498 647 
380: 0 2 3 4 5 6 8 9 11 12 13 14 15 16 17 18 19 20 22 23 24 25 26 27 29 30 31 32 34 35 36 37 38 39 40 42 43 44 46 47 50 51 52 54 55 56 59 60 61 62 63 64 66 67 69 70 72 73 74 75 79 80 82 83 84 85 86 87 88 89 90 92 94 95 96 97 98 99 100 101 103 104 106 107 108 110 111 112 113 114 115 116 118 119 120 121 122 124 126 127 128 129 130 131 132 134 135 136 137 138 139 140 141 142 143 144 145 147 148 149 150 151 152 153 154 155 156 157 158 159 160 162 163 166 167 169 170 172 173 175 177 179 180 181 182 183 184 185 187 189 190 192 194 195 196 197 198 199 201 202 203 204 206 207 209 210 211 212 213 214 215 216 217 219 221 222 223 224 225 228 230 231 232 233 234 235 238 239 240 242 243 245 249 250 251 252 254 256 257 258 259 262 263 265 269 270 271 272 273 274 275 276 279 280 281 284 285 287 288 289 291 292 293 294 295 296 298 299 300 301 302 303 304 309 310 311 312 313 315 317 320 322 323 324 325 327 329 330 332 333 334 336 337 338 339 341 342 343 344 345 347 348 349 350 351 353 354 357 358 359 362 364 365 366 367 368 370 371 372 373 374 375 376 377 378 379 382 383 384 385 386 387 388 390 392 393 394 396 397 399 400 401 403 406 407 409 410 411 412 413 414 415 416 418 419 420 421 423 424 425 426 429 430 431 432 434 435 436 437 438 439 440 443 444 445 446 447 448 449 450 451 452 453 454 455 456 457 458 459 460 461 462 463 464 465 466 468 470 471 472 473 474 475 476 477 478 481 482 483 484 485 486 488 491 492 493 494 495 497 498 625 771 941 952 
381: 1 2 3 5 6 7 8 10 11 13 14 16 18 19 20 23 24 25 27 28 32 33 34 35 36 37 38 40 41 44 45 46 47 48 49 50 51 52 53 54 56 57 58 59 60 61 62 63 65 68 69 70 71 72 73 74 75 76 77 79 80 83 84 86 87 89 90 91 92 93 94 95 96 97 98 99 100 102 103 105 106 108 109 110 111 112 113 115 116 117 118 120 121 122 124 125 126 127 128 129 130 131 132 133 134 135 136 137 138 139 140 141 142 143 144 145 146 147 148 150 152 155 156 158 159 160 161 162 164 166 167 171 172 173 174 175 177 178 179 181 182 183 184 186 188 189 191 192 193 194 195 196 198 199 201 202 203 204 206 208 209 210 213 215 216 217 218 219 220 221 222 223 224 226 227 228 229 230 231 232 233 234 235 236 237 238 241 242 243 244 246 247 248 249 250 252 254 255 256 257 258 259 262 263 264 265 266 267 268 270 271 272 273 274 275 276 277 278 279 280 282 283 284 285 286 287 288 290 293 294 295 296 297 298 299 300 302 303 304 305 306 307 309 310 312 313 314 315 316 317 318 319 320 321 323 324 325 326 327 328 329 330 331 333 334 335 338 339 340 341 342 343 345 346 347 349 350 352 354 355 357 358 359 360 361 362 363 364 365 366 367 368 369 371 372 373 374 376 377 378 379 382 383 384 385 386 387 388 390 391 392 393 395 396 397 399 400 401 402 403 405 406 409 411 412 413 414 415 417 418 419 420 421 422 424 425 426 427 429 431 433 435 436 438 439 440 441 442 444 446 447 448 449 450 451 452 453 454 455 456 457 458 459 460 461 462 463 464 465 466 467 468 469 470 472 473 474 475 476 477 478 479 480 481 483 485 486 487 489 490 491 492 494 495 497 499 644 675 
382: 0 1 2 3 4 5 6 7 11 12 14 15 16 17 19 21 22 23 24 25 27 29 30 31 33 34 35 36 37 38 39 41 42 43 44 45 46 47 49 50 51 53 54 56 57 59 60 61 63 65 66 68 69 70 71 72 73 74 75 76 77 78 79 80 81 82 83 84 86 87 88 89 91 92 93 94 95 96 97 98 99 100 103 104 105 106 107 108 109 110 111 112 113 115 116 117 118 121 122 123 124 125 126 128 129 130 132 134 135 136 139 140 141 142 143 144 145 146 147 149 150 151 152 153 154 155 156 157 158 159 160 162 163 165 167 168 171 173 174 175 176 177 178 179 180 181 182 185 186 189 190 191 192 194 195 196 198 199 201 203 204 205 206 207 208 209 211 214 217 218 219 220 222 223 226 227 229 230 232 233 234 238 240 241 242 243 244 245 248 249 250 251 252 253 255 256 257 258 259 260 261 262 263 264 266 267 268 269 271 272 273 274 275 278 280 281 282 283 284 285 286 287 288 289 290 291 292 293 295 296 297 299 300 301 303 304 306 307 309 310 311 312 313 316 317 318 319 320 321 322 323 324 325 327 328 329 330 332 333 335 336 337 340 341 342 343 344 346 349 353 355 356 357 358 360 361 364 365 366 367 368 369 370 371 373 374 375 377 378 380 381 383 384 385 386 388 390 391 393 394 395 397 398 399 400 401 403 404 406 407 408 410 412 414 415 416 417 419 421 422 423 425 426 427 429 430 431 432 434 435 436 437 438 440 441 442 443 444 445 446 448 449 450 453 454 455 456 457 458 460 461 464 465 468 469 471 472 473 475 476 477 478 479 480 481 482 484 486 487 488 489 490 491 493 494 495 496 497 498 795 796 
383: 0 1 4 5 7 8 9 10 11 13 15 16 17 18 19 20 22 23 24 25 27 28 29 30 33 34 35 36 38 39 40 42 43 44 46 47 48 50 51 52 53 54 56 57 58 59 60 61 62 63 66 67 69 70 71 72 73 75 76 77 79 81 82 84 85 86 87 88 89 91 92 93 95 96 97 98 99 100 101 102 103 104 105 106 107 108 109 110 113 115 116 117 118 120 121 122 123 124 125 126 127 128 130 131 133 134 135 136 138 140 141 142 143 144 145 146 148 149 150 151 152 153 154 155 156 157 158 159 160 162 163 167 168 169 171 173 174 175 176 178 179 181 182 183 184 185 186 187 189 190 191 192 196 197 198 200 202 203 205 207 208 209 210 211 212 213 214 215 216 217 219 220 222 223 224 225 226 227 228 229 231 232 233 234 235 236 238 239 240 241 242 243 244 245 246 247 248 249 250 251 253 254 256 257 258 259 260 262 263 264 266 267 268 269 270 271 273 274 275 276 278 280 281 282 283 284 285 286 289 291 292 293 295 296 297 299 300 301 302 303 304 305 309 310 311 312 313 314 315 317 318 321 323 324 326 327 328 329 331 334 335 336 339 340 341 342 345 346 347 348 350 351 352 354 355 356 357 358 359 360 362 363 364 365 366 368 369 370 371 372 373 375 376 377 378 379 380 381 382 384 389 390 392 393 394 395 396 397 398 399 401 402 403 404 405 406 407 410 413 417 418 419 420 421 423 425 427 428 429 430 431 432 433 435 437 438 439 440 441 442 443 444 447 448 449 450 451 452 453 455 456 457 458 460 461 462 463 465 466 467 468 469 471 472 473 474 475 476 481 482 483 484 487 488 489 490 491 492 495 496 498 499 
384: 0 1 2 3 4 5 6 7 8 9 10 11 12 14 15 17 18 20 21 23 24 25 26 27 28 29 30 32 33 34 35 36 37 38 39 40 41 42 43 44 45 48 49 50 51 52 55 56 57 58 60 61 62 63 64 66 67 69 70 73 74 76 77 78 79 80 81 82 83 84 85 86 88 90 91 92 93 94 95 96 97 98 99 100 103 105 107 108 109 112 114 115 118 119 120 121 124 125 126 127 128 129 130 131 132 133 134 135 136 137 138 139 140 141 142 143 144 145 146 148 149 150 151 152 153 154 155 156 158 160 161 162 163 164 166 167 171 172 174 177 178 179 180 181 183 184 186 187 188 190 191 192 193 198 199 200 202 203 204 205 206 208 209 210 211 212 213 214 215 216 217 218 220 224 225 228 231 232 233 234 235 236 237 239 241 243 244 245 246 248 249 251 252 253 254 255 256 257 258 259 260 262 263 264 266 267 268 269 270 272 273 274 275 276 277 278 279 280 281 283 285 286 287 288 289 290 291 292 293 296 298 299 300 301 304 306 307 308 311 312 313 314 315 317 318 320 323 324 325 326 327 328 329 332 333 334 335 337 338 340 341 343 344 345 346 347 348 349 350 351 352 353 354 355 358 359 360 362 363 364 365 366 367 368 370 371 372 373 374 375 376 377 379 380 381 382 383 385 386 387 388 389 390 391 394 397 398 399 400 401 402 403 407 409 410 413 414 415 417 418 419 420 422 423 424 425 426 427 430 432 433 434 435 436 439 440 443 444 445 447 448 450 451 452 453 454 455 456 457 459 460 463 464 467 468 469 470 471 472 473 474 475 476 477 478 481 483 487 488 489 490 491 493 494 495 496 497 498 499 601 612 766 922 
385: 0 1 2 4 5 6 7 8 9 10 11 12 13 14 15 16 18 21 23 25 26 27 28 29 30 32 33 34 35 36 37 38 41 42 43 46 47 48 49 50 51 52 53 54 55 56 57 58 59 60 61 63 64 66 67 68 69 71 72 74 75 77 78 79 80 81 82 84 85 86 87 89 90 92 93 94 95 96 97 98 99 100 101 104 105 107 108 109 110 111 113 114 115 116 117 118 119 120 121 122 123 124 125 126 127 128 129 130 131 134 135 136 137 139 140 141 142 143 144 145 146 147 148 149 150 151 152 153 154 155 156 157 158 159 160 161 162 163 164 166 167 168 169 170 171 172 173 174 175 177 178 179 180 181 182 183 184 186 187 188 189 190 191 192 193 194 195 196 198 199 200 202 203 204 206 209 210 211 212 213 215 217 220 221 223 224 226 227 228 229 231 232 233 234 235 236 237 238 239 240 242 243 244 246 247 248 249 250 251 252 253 254 255 257 258 259 260 261 262 263 264 265 266 267 268 269 270 271 272 274 275 276 278 279 280 283 284 285 286 287 288 290 292 293 295 296 297 298 300 301 302 303 304 306 307 309 310 311 312 313 314 316 318 319 320 322 324 328 329 331 332 333 334 335 337 339 340 341 343 344 345 346 347 348 349 352 353 354 355 356 357 358 359 361 362 363 364 367 368 369 372 374 375 376 377 378 379 380 381 382 384 387 389 390 393 395 396 397 399 400 401 405 406 407 408 409 410 411 412 413 414 415 417 418 420 423 424 426 427 428 431 433 434 436 438 439 441 443 444 446 447 448 449 450 452 457 458 460 462 463 464 465 466 467 469 471 472 473 474 476 477 478 480 481 482 483 484 485 486 488 489 490 491 492 493 494 495 496 497 498 499 662 781 797 988 994 
386: 0 1 2 4 5 7 9 10 12 15 16 18 19 21 22 23 25 26 27 28 29 30 31 32 33 34 35 38 39 40 41 43 44 45 46 47 48 49 50 51 52 53 55 56 57 58 59 60 61 62 63 64 65 66 67 69 70 71 72 73 74 76 77 78 80 81 82 83 84 85 86 89 90 91 92 93 94 95 96 97 98 99 100 101 102 104 105 106 107 108 109 110 111 112 113 115 116 118 119 120 123 125 126 127 129 130 131 132 133 135 136 137 138 139 140 141 142 143 144 147 148 149 151 152 153 154 156 157 159 160 161 162 166 170 172 173 175 176 177 178 180 183 184 185 186 187 188 190 191 193 194 195 196 197 198 200 201 202 203 204 205 206 207 208 211 213 214 215 216 217 218 219 220 222 223 224 225 229 230 231 233 236 237 238 239 240 241 242 243 244 245 246 248 250 251 252 254 256 261 262 263 265 268 269 270 271 272 273 274 275 276 277 278 279 281 283 284 285 286 287 290 291 292 293 294 295 296 297 298 299 300 301 302 303 304 305 306 307 308 309 310 311 312 313 314 315 316 317 318 319 320 323 324 326 327 328 329 330 331 332 333 337 338 339 340 341 343 344 345 346 348 349 350 351 352 354 356 357 358 361 362 363 364 366 367 368 369 370 371 373 374 376 377 378 380 381 382 384 387 388 390 391 392 393 394 395 396 397 399 400 402 403 404 405 408 409 410 411 412 413 414 415 416 417 418 422 423 424 426 427 428 429 430 431 434 436 437 438 439 440 441 442 443 444 445 446 447 448 449 450 451 452 453 455 456 458 460 461 462 463 465 466 468 469 470 472 473 474 475 476 481 482 483 484 485 487 488 489 490 492 493 494 495 497 498 499 653 950 
387: 0 2 3 4 5 6 7 8 10 11 12 13 15 18 20 21 23 25 26 27 28 29 30 31 32 33 34 36 38 42 43 44 45 46 47 48 50 51 53 54 55 56 57 58 59 60 62 65 66 67 68 70 72 74 75 76 77 79 80 81 82 84 85 87 89 92 93 94 95 96 97 98 100 101 104 105 106 107 108 109 110 112 113 114 115 116 117 118 119 121 122 123 124 125 128 129 130 132 134 135 136 137 139 140 141 142 143 144 145 146 147 148 149 150 153 154 157 158 159 161 162 163 164 165 166 167 168 169 170 171 172 173 176 177 178 179 181 182 183 184 187 188 189 190 192 193 194 195 199 200 201 202 203 204 205 206 207 208 209 210 211 212 213 214 215 217 218 219 220 221 222 223 224 228 229 230 232 233 235 236 237 238 240 242 243 244 246 247 248 249 250 251 252 253 256 258 259 260 261 263 264 265 266 269 270 271 272 273 274 275 276 277 279 280 282 285 286 287 288 289 291 292 295 296 297 298 300 301 302 303 304 305 307 308 309 311 313 314 315 316 319 320 321 322 323 325 326 327 328 330 331 332 333 334 335 339 342 343 344 345 346 347 348 349 350 351 352 353 354 356 357 360 362 363 364 365 366 367 368 369 370 372 373 374 375 376 377 378 379 380 381 384 385 386 388 389 390 391 392 393 394 395 397 398 401 403 404 405 406 407 408 410 412 413 414 415 416 417 418 420 422 423 425 427 428 429 430 431 432 435 436 438 439 442 443 444 445 446 447 448 449 450 451 452 453 454 455 456 457 458 459 460 461 462 463 464 465 468 469 472 473 474 476 477 478 479 480 481 482 484 485 486 487 488 489 490 491 492 494 496 497 498 499 670 
388: 0 1 2 3 4 5 6 7 8 9 11 12 14 17 18 19 20 21 22 23 24 25 26 27 28 29 31 32 33 34 35 36 38 40 41 42 44 45 46 47 48 49 52 55 56 58 59 60 61 64 65 66 68 69 70 72 74 75 77 78 79 80 81 82 83 84 85 86 87 88 90 91 93 94 95 96 97 98 99 101 102 103 104 105 106 108 110 111 115 116 117 118 119 120 121 123 124 126 128 130 131 132 133 134 135 136 137 138 139 140 141 142 143 144 145 146 148 149 150 152 154 155 156 157 158 159 160 161 162 165 167 168 171 172 176 177 179 180 181 183 184 185 186 187 190 191 192 194 195 196 197 199 200 201 202 203 204 205 206 207 208 209 212 214 215 216 217 220 221 222 223 224 225 227 228 229 230 232 233 234 235 236 238 240 241 242 243 244 245 246 247 248 249 250 251 252 253 256 259 261 262 263 264 265 267 269 270 272 274 275 276 278 279 281 282 283 285 286 287 288 289 293 294 296 297 299 300 302 303 304 305 306 310 311 312 313 314 315 316 317 318 322 323 324 325 327 328 331 332 333 334 336 337 338 340 341 342 343 344 346 349 351 352 354 355 356 357 359 360 362 363 364 368 371 372 373 374 375 376 377 378 379 380 381 382 384 386 387 391 392 393 394 395 396 397 398 399 401 404 405 406 407 408 409 410 411 412 413 415 416 417 418 419 420 421 422 424 425 426 428 429 430 431 433 434 435 436 439 440 441 442 443 445 447 448 449 450 451 452 453 454 455 457 459 460 461 462 463 464 465 467 468 470 472 473 474 475 476 477 478 480 481 482 483 484 487 488 489 490 491 492 494 496 497 498 942 958 994 
389: 0 1 2 3 4 5 6 7 8 11 12 13 14 15 16 17 19 20 21 22 23 24 25 27 28 31 32 33 35 36 38 43 44 45 47 49 50 51 53 55 56 57 58 59 60 61 62 63 65 66 67 68 69 71 72 73 74 75 76 77 79 81 84 85 86 87 88 89 90 94 96 97 98 100 101 102 104 105 106 107 108 109 110 113 114 115 116 117 118 119 120 121 122 123 125 126 127 128 129 130 131 136 137 138 139 140 141 142 143 144 145 146 148 149 150 152 153 154 155 156 157 159 160 161 163 166 167 168 169 170 171 172 173 174 175 177 178 179 180 182 183 184 185 186 187 188 191 192 193 195 196 197 200 201 203 204 205 206 207 208 209 210 211 212 213 214 215 216 217 218 219 220 221 222 223 224 225 226 227 228 231 232 235 236 238 239 240 242 243 245 246 247 248 249 252 253 254 256 260 261 262 266 267 268 269 270 271 272 273 276 277 278 279 280 281 283 284 286 287 289 291 292 293 296 297 298 299 300 301 302 303 304 305 306 307 308 309 310 311 312 313 314 315 316 322 323 324 325 326 327 328 329 330 331 332 333 334 335 336 338 339 340 342 343 345 346 347 348 349 350 351 352 354 355 356 358 360 361 365 367 369 371 372 373 374 376 377 378 379 383 384 385 387 391 392 393 394 395 396 397 399 400 401 402 403 404 405 409 410 411 412 416 417 419 420 421 422 424 426 427 428 429 430 431 432 437 438 439 440 441 442 443 444 446 447 448 449 450 451 452 453 454 455 457 459 460 462 463 464 466 467 469 470 471 474 475 476 478 479 480 481 482 483 484 486 487 488 489 490 491 492 493 494 496 497 498 617 692 799 920 940 961 999 
390: 1 2 4 5 7 8 9 10 11 12 13 14 15 16 18 20 21 23 24 25 26 27 28 29 31 35 37 38 39 40 41 42 43 44 45 46 47 49 51 52 53 54 56 57 58 61 63 64 67 68 69 70 72 74 76 77 79 80 81 83 84 85 87 88 89 90 92 93 94 95 96 97 98 101 102 103 104 105 106 107 108 109 110 111 114 115 116 117 118 119 120 121 122 123 124 125 126 127 128 129 130 131 132 133 134 135 136 137 138 139 140 141 142 143 144 145 148 149 150 151 152 153 154 156 157 158 160 161 162 163 164 165 167 168 169 170 172 173 174 175 176 177 178 180 182 183 184 186 187 188 190 191 192 194 195 196 197 198 199 200 201 202 203 204 205 209 210 211 213 215 216 217 218 219 220 221 222 223 224 225 226 228 229 230 231 232 233 234 235 236 237 240 241 242 243 244 246 247 248 249 250 251 252 253 255 256 257 258 259 260 262 263 264 265 266 267 268 270 272 273 274 275 276 277 278 279 280 282 283 284 285 286 287 288 291 294 296 297 298 300 301 303 304 306 307 309 310 311 312 313 315 316 317 318 319 320 321 323 324 325 326 328 329 330 331 332 333 334 335 336 337 339 340 341 342 343 344 345 346 347 348 349 350 352 353 354 355 356 357 358 359 361 362 363 364 366 367 368 370 371 373 374 375 376 377 378 379 380 381 382 383 384 385 386 387 391 394 395 396 397 400 401 405 407 408 409 410 411 412 413 416 417 418 419 420 421 422 423 425 427 429 430 431 433 434 435 436 437 438 440 443 445 446 447 450 451 453 454 455 456 457 458 459 461 462 465 466 467 468 470 471 472 473 474 476 477 479 480 481 483 484 485 486 487 488 489 491 492 493 494 495 496 497 498 499 666 775 935 
391: 0 2 3 4 5 6 7 8 9 11 12 13 15 16 17 18 19 21 22 23 24 25 26 27 29 30 31 32 34 35 36 37 38 39 40 41 42 44 46 47 48 49 50 51 54 56 58 60 61 62 63 64 67 69 70 71 72 74 75 76 77 78 79 80 81 83 84 85 86 87 88 89 90 91 92 93 94 95 96 97 98 99 100 101 102 104 105 106 109 110 111 112 113 115 116 117 118 120 121 122 124 126 127 128 129 130 131 132 133 134 135 136 138 139 140 141 142 143 144 145 147 148 149 150 151 152 153 154 155 157 158 160 161 163 165 166 167 169 170 173 175 177 179 180 181 182 185 186 188 189 191 192 193 195 196 197 198 199 200 201 202 203 206 207 208 209 210 211 212 213 215 217 218 221 222 223 225 226 227 228 229 230 231 233 234 236 237 238 239 240 241 242 243 245 246 247 249 251 252 253 254 255 256 258 259 260 261 264 266 268 269 270 273 274 275 276 277 278 279 280 281 282 284 285 286 287 288 289 290 291 294 295 296 298 299 300 302 303 304 305 306 307 308 309 310 311 312 313 314 315 317 319 321 323 324 325 326 327 328 329 330 331 333 335 337 339 341 342 343 344 345 347 348 350 351 353 354 356 357 358 359 361 363 364 365 366 367 369 370 371 372 373 374 375 376 377 378 379 381 382 384 386 387 388 389 390 392 393 394 395 396 397 398 399 400 401 402 403 404 405 406 409 410 411 412 413 415 416 419 420 422 423 425 426 428 430 431 432 433 434 435 436 437 438 439 441 442 443 445 446 447 448 449 450 451 453 454 455 456 457 458 459 460 461 463 465 466 467 468 469 470 471 472 473 476 477 478 479 480 481 484 485 488 489 490 491 492 493 494 496 497 498 988 
392: 0 1 2 3 4 5 7 8 9 10 11 12 17 19 20 21 22 23 24 25 26 27 29 30 31 34 35 36 37 38 39 40 41 42 43 44 45 46 47 48 49 50 53 56 57 60 61 63 64 66 67 68 69 71 72 73 74 75 76 77 79 80 81 82 84 86 88 89 90 91 92 93 94 95 96 97 99 100 101 102 103 104 106 107 108 110 111 112 113 114 116 117 118 119 120 121 122 123 124 125 126 127 129 131 133 134 135 136 137 139 140 141 142 143 144 145 146 147 148 149 150 151 152 153 154 155 157 159 160 163 164 168 170 173 175 176 177 178 179 180 181 182 183 184 185 186 187 190 191 192 193 194 197 199 200 201 202 203 205 207 209 210 211 213 215 218 219 220 221 222 223 224 225 226 229 230 231 232 233 234 235 236 237 238 239 241 242 243 244 245 246 248 249 251 252 253 254 256 260 261 262 263 264 265 267 268 269 272 273 275 276 277 278 279 284 285 286 287 288 289 290 293 294 295 296 297 298 299 300 301 302 303 304 305 306 307 308 309 310 311 313 314 315 317 318 320 321 322 323 324 325 327 328 329 330 331 332 333 336 337 338 339 342 345 346 347 348 349 350 351 353 354 355 356 357 359 360 361 362 363 364 365 367 368 369 370 371 374 375 376 377 378 379 380 381 383 386 387 388 389 391 393 394 396 397 398 400 401 402 404 405 406 407 408 409 411 412 414 416 417 418 419 420 421 422 423 424 425 426 427 428 429 430 431 432 433 434 435 436 438 440 441 442 443 444 446 447 450 451 452 453 455 456 457 458 459 461 464 465 466 468 469 470 471 472 473 474 475 477 478 479 480 482 483 484 485 486 488 489 490 491 492 493 495 496 497 499 683 965 
393: 0 1 3 4 5 6 7 8 10 11 14 15 17 18 19 20 21 22 23 24 25 26 27 30 31 32 33 34 35 36 37 38 39 40 42 43 44 45 46 47 48 49 50 51 52 53 55 56 57 58 59 60 61 62 64 65 66 67 69 70 72 73 74 75 76 77 78 79 82 83 84 85 86 87 88 91 93 94 95 98 99 100 102 103 104 105 107 108 109 111 112 114 115 116 117 118 119 120 121 123 124 125 128 129 130 131 132 133 134 135 136 137 138 139 140 141 142 143 144 145 146 147 148 149 150 151 153 154 156 157 158 161 162 164 166 167 168 169 170 171 172 173 176 178 180 181 182 183 184 185 186 188 189 190 191 192 193 194 195 199 200 201 202 203 204 205 206 207 208 210 211 214 217 218 219 220 221 223 224 226 227 228 230 231 232 234 235 236 237 239 240 241 242 243 244 246 248 250 251 252 253 256 257 258 259 264 265 266 267 268 269 270 272 273 274 275 276 278 279 280 281 282 283 284 285 286 287 288 290 291 292 294 296 297 298 299 300 301 302 303 305 306 307 308 309 310 311 313 314 315 316 317 318 319 320 321 322 324 325 326 327 328 331 332 333 334 335 336 338 339 341 342 343 344 347 348 349 350 351 354 356 360 361 363 364 365 366 367 368 369 370 371 372 373 374 375 376 377 378 380 381 382 383 385 386 387 388 389 391 392 394 395 396 397 399 400 401 402 403 404 405 406 407 408 410 411 412 413 414 415 416 417 418 419 420 421 422 423 424 425 426 427 428 429 430 431 433 435 436 438 439 440 441 442 443 444 447 448 449 450 451 452 453 454 455 456 458 459 460 461 462 463 464 468 469 470 472 473 474 475 477 478 479 480 481 482 485 486 487 488 490 492 497 498 499 625 926 
394: 0 1 2 3 4 5 6 7 8 9 10 11 12 14 15 16 18 22 23 24 25 26 27 28 29 31 33 34 36 37 38 39 40 41 42 43 44 46 47 48 52 53 55 56 58 59 61 62 63 64 65 67 68 69 70 71 72 73 74 75 76 77 78 80 82 83 84 86 87 88 89 91 92 93 96 98 100 103 104 106 107 108 109 111 112 115 116 117 118 119 120 121 122 123 124 126 129 130 131 134 135 136 137 139 140 141 143 144 145 146 147 149 150 151 154 155 156 157 159 160 162 163 164 165 167 168 169 170 171 172 174 177 178 179 181 183 184 187 188 190 191 194 196 197 198 199 200 201 202 203 205 207 208 210 211 212 213 214 215 216 217 220 221 222 223 225 227 228 229 231 232 233 234 235 236 238 240 241 243 244 245 246 247 249 251 252 254 255 258 259 260 261 262 265 266 268 269 270 271 273 274 275 276 277 278 279 280 281 282 283 284 285 286 287 289 290 291 292 293 294 295 296 297 300 301 302 303 305 306 308 310 311 313 315 316 318 319 320 321 322 323 324 326 330 331 332 333 334 335 336 337 338 339 340 341 343 344 347 348 351 353 354 355 356 357 358 359 360 361 362 365 366 367 368 369 370 371 373 374 375 376 377 378 379 380 382 383 384 386 387 388 389 390 391 392 393 395 396 397 399 400 401 402 405 406 407 408 409 410 411 412 413 414 415 416 417 418 419 420 421 422 424 425 426 428 430 431 432 433 435 436 437 438 439 440 441 442 443 444 445 447 448 449 451 452 455 456 459 460 461 462 464 465 466 467 469 470 471 475 477 478 480 482 483 484 485 487 488 490 491 492 493 494 495 497 498 499 657 
395: 0 1 4 5 6 8 9 11 13 14 16 17 19 21 22 23 26 29 30 31 32 33 34 35 36 38 39 40 41 42 44 45 46 47 48 49 50 53 55 56 58 59 60 61 62 63 64 66 68 69 70 71 72 73 75 76 77 78 80 81 83 85 86 87 88 89 90 91 92 93 94 96 97 98 99 100 101 102 103 104 108 110 111 113 114 115 116 117 118 119 120 122 125 126 127 129 130 131 133 134 135 136 137 139 141 142 144 145 146 149 150 151 152 156 157 158 159 160 161 163 164 165 166 167 168 170 173 174 175 176 178 179 181 182 183 184 185 186 187 189 190 191 192 193 195 196 198 199 200 201 202 205 206 208 209 211 212 214 216 217 218 220 221 223 225 226 228 229 230 231 233 235 237 238 239 240 241 242 243 244 246 247 248 249 250 251 253 254 255 256 257 258 259 260 261 262 263 264 265 268 269 270 271 273 274 275 276 280 281 282 284 286 287 288 289 290 293 294 295 296 297 300 301 303 304 305 306 308 309 310 312 313 314 315 316 319 320 321 322 323 324 326 327 328 329 330 331 332 334 337 338 339 341 342 344 345 346 347 348 349 350 351 352 353 354 355 357 359 360 362 363 367 368 370 371 372 373 374 375 376 377 378 379 381 382 383 385 386 387 388 389 390 391 393 394 396 397 400 401 403 404 405 407 408 409 411 412 413 414 415 416 417 418 419 420 421 423 424 425 426 427 429 430 434 435 436 437 438 439 440 441 442 443 444 446 447 449 451 452 453 454 455 456 457 458 459 460 461 462 463 464 466 467 470 471 474 475 477 478 481 483 484 485 486 488 489 490 491 492 493 494 497 498 499 635 968 
396: 0 2 3 5 6 7 8 10 11 12 13 16 17 20 21 22 24 26 29 30 32 33 34 35 39 40 43 44 45 47 49 51 52 53 55 56 57 59 61 63 64 66 67 68 70 71 72 73 76 77 78 79 80 83 84 85 86 87 88 90 91 95 96 97 98 99 101 102 103 105 106 107 108 109 110 111 112 113 114 115 116 117 118 119 121 122 123 124 125 126 127 128 129 130 131 132 133 134 135 137 138 139 140 141 142 143 144 145 146 147 148 149 150 152 153 154 155 157 158 159 161 163 164 166 167 168 169 170 171 173 175 176 177 179 180 181 182 184 185 186 187 190 191 192 193 194 195 196 197 198 199 200 201 202 203 204 205 206 208 209 210 212 213 215 216 217 218 222 223 224 225 226 228 229 230 231 232 234 236 238 239 240 241 242 243 244 245 246 248 249 250 251 252 253 254 255 256 259 261 262 263 264 265 266 268 269 270 271 274 275 276 277 279 280 281 282 283 285 286 287 288 289 291 292 293 294 295 296 297 298 300 301 303 304 305 306 307 308 310 311 312 313 314 315 316 317 318 319 320 321 322 323 324 325 326 327 328 330 331 332 333 334 336 339 340 342 343 346 347 348 350 351 352 353 354 355 356 357 358 359 360 361 362 363 364 365 366 368 369 371 373 374 375 377 379 380 381 383 385 386 388 389 390 391 392 393 394 395 397 398 399 400 401 403 404 405 406 407 409 410 411 412 413 414 416 417 418 419 420 421 422 423 424 425 426 427 428 429 430 431 433 434 435 436 437 438 439 440 441 442 443 444 445 446 447 450 452 453 456 457 458 459 461 462 463 464 465 466 467 468 470 471 472 473 474 475 476 477 480 481 482 484 485 486 487 488 491 494 495 496 498 499 697 956 992 
397: 0 2 3 4 5 6 7 9 10 11 12 14 15 16 21 22 23 24 25 28 31 33 34 35 36 39 40 41 42 43 45 46 47 48 49 50 53 54 55 56 57 58 60 61 65 67 68 69 70 71 73 75 76 77 79 80 82 83 84 85 86 88 91 92 93 94 96 98 99 100 101 103 104 105 106 107 108 110 111 112 115 116 119 120 121 123 124 125 126 128 131 132 133 134 135 136 137 139 140 141 142 143 145 146 147 148 149 150 151 152 153 154 156 158 159 160 161 162 163 164 165 166 168 169 170 171 173 174 175 176 178 179 180 181 182 184 187 189 192 193 195 196 197 198 199 200 201 202 203 204 205 206 207 209 210 211 212 213 214 215 216 219 221 224 225 226 227 228 229 230 231 232 233 234 236 237 238 239 240 241 242 244 245 246 247 248 250 251 252 253 254 255 256 257 259 260 261 262 264 265 266 267 268 270 272 276 277 278 279 280 282 283 287 288 289 290 291 293 294 295 296 299 300 301 302 303 304 306 307 308 309 310 311 312 313 314 315 316 317 318 319 321 322 323 324 325 326 328 329 331 332 333 334 337 338 339 340 341 342 343 345 346 347 348 351 352 353 355 356 358 359 360 363 364 365 367 368 369 370 371 374 375 376 377 378 379 380 381 382 383 384 385 386 387 388 389 390 391 392 393 394 395 396 399 400 401 404 405 406 407 408 410 411 412 414 416 418 420 421 423 424 425 427 428 430 431 432 434 435 436 437 438 439 440 441 443 444 445 447 449 450 451 454 455 456 457 459 460 461 463 464 465 466 467 468 469 471 472 473 474 476 477 478 479 480 484 485 486 487 489 490 493 496 497 499 759 945 979 
398: 0 1 2 3 5 6 7 8 9 10 13 15 16 17 18 19 20 21 22 23 25 26 29 31 32 34 35 36 38 39 40 41 42 43 45 47 48 50 51 52 53 54 55 57 58 59 60 61 63 65 66 67 68 69 71 73 74 75 77 78 79 80 81 82 84 88 89 90 91 92 93 95 96 97 98 99 100 101 102 104 105 106 107 108 109 110 111 112 113 115 116 117 118 119 120 121 123 124 125 127 129 130 131 132 133 134 135 136 137 138 139 141 143 144 146 147 150 151 152 153 154 156 157 158 159 160 161 163 164 165 166 167 168 169 170 171 172 173 174 175 176 177 179 180 181 183 184 185 189 190 191 192 193 194 195 196 197 199 200 201 202 203 205 207 209 212 213 214 216 217 219 220 222 223 224 225 228 230 232 233 235 237 238 239 240 241 242 246 247 248 249 250 252 256 257 258 259 260 261 262 263 264 265 266 267 268 270 271 272 273 275 276 277 279 280 281 282 283 284 285 286 288 289 290 291 292 293 294 295 296 298 299 301 302 303 305 306 307 308 309 310 311 313 314 316 317 318 321 322 323 324 325 328 329 331 332 333 334 335 336 337 338 339 340 342 343 345 346 347 349 350 351 352 353 354 356 357 358 360 361 363 367 369 372 373 375 376 377 378 382 383 384 387 388 391 392 396 399 400 401 403 404 405 407 410 411 412 414 415 416 417 418 419 420 421 422 423 424 425 426 427 428 429 430 431 433 434 435 436 438 439 442 443 444 445 446 447 448 451 452 453 454 455 457 459 460 462 463 464 465 466 469 470 471 475 479 480 481 482 483 485 486 487 488 489 490 491 492 493 494 495 496 497 498 766 961 982 
399: 0 4 5 6 7 8 9 10 11 12 13 14 15 16 17 18 19 21 22 24 25 26 28 29 30 31 32 33 34 36 37 38 39 42 43 45 46 48 49 51 52 53 54 55 57 58 60 62 63 64 66 67 68 71 74 77 80 81 83 85 87 89 91 92 94 96 97 98 99 100 101 103 105 106 107 108 109 111 112 113 114 115 116 117 118 119 120 121 123 124 126 127 128 129 130 131 132 135 136 137 138 139 140 143 144 145 146 147 149 150 151 153 154 155 156 157 158 159 160 162 163 164 165 166 167 168 169 171 172 175 179 180 181 182 183 184 185 186 187 188 189 190 191 194 196 197 199 200 202 203 205 206 207 208 209 210 212 213 214 216 217 219 220 221 222 224 226 227 229 230 231 232 233 236 237 238 240 241 242 243 244 245 247 248 250 251 252 253 254 255 256 257 258 259 260 261 262 264 265 266 267 268 269 270 272 274 275 277 278 279 281 283 285 288 290 292 293 295 297 298 299 301 302 303 304 305 306 307 308 309 310 311 312 313 314 315 316 318 320 321 322 323 324 325 326 327 330 332 333 334 335 336 338 340 341 342 343 344 346 348 349 351 352 353 354 355 356 358 359 360 361 362 363 364 366 367 368 369 371 372 373 376 379 380 381 382 383 384 385 386 388 389 391 393 394 396 397 398 400 401 402 403 404 405 406 407 408 410 412 413 415 416 419 420 421 423 424 426 427 428 429 430 431 433 434 435 437 438 439 440 444 445 446 447 450 451 452 455 456 457 458 459 460 461 462 463 464 465 466 467 468 469 470 471 472 473 474 476 477 478 479 480 481 482 483 484 485 486 487 489 490 493 494 495 496 497 499 957 
400: 1 2 3 4 5 6 7 9 10 11 12 13 14 16 18 19 21 22 24 25 26 27 29 30 32 33 34 36 37 38 39 40 41 42 44 45 47 48 49 50 51 52 53 55 58 59 60 62 63 64 65 66 68 69 70 71 73 75 76 77 78 79 80 81 82 83 84 85 86 89 90 92 93 94 95 96 97 98 101 102 103 104 105 106 107 108 109 112 113 114 115 116 118 119 120 121 122 123 125 126 127 128 129 131 132 133 135 136 137 138 139 140 141 142 143 144 145 146 147 148 150 152 153 154 155 156 157 158 159 164 165 166 167 168 169 171 172 173 174 175 176 177 178 179 181 182 183 184 185 186 187 188 190 191 192 193 194 195 196 197 198 199 200 201 202 203 204 205 206 208 209 211 213 214 215 216 217 220 221 222 223 224 226 227 228 229 230 231 232 235 236 237 238 239 240 241 242 243 244 245 246 247 248 250 251 252 255 256 257 258 259 260 261 264 265 266 268 270 271 272 273 274 275 277 278 279 280 281 282 283 284 285 286 287 288 290 292 293 296 297 299 300 301 302 303 304 305 306 307 309 310 312 313 314 315 316 317 318 319 321 323 324 325 326 327 329 330 331 333 334 335 336 337 338 340 341 342 346 347 348 350 352 353 354 355 356 357 358 359 360 361 362 363 364 365 366 367 369 371 372 378 379 380 381 382 384 385 386 389 390 391 392 393 394 395 396 397 398 399 401 402 404 405 406 407 408 409 410 411 412 414 415 416 418 419 420 421 422 423 424 426 427 429 430 431 434 435 436 437 438 439 440 442 443 444 445 446 447 448 450 452 454 456 458 460 461 462 464 465 466 467 469 471 474 475 476 477 479 480 481 482 484 486 487 488 489 490 491 492 493 494 495 496 498 605 652 
401: 0 1 2 3 5 6 7 8 9 10 12 14 15 16 17 19 20 21 23 24 25 26 28 29 30 32 34 36 37 38 39 40 41 42 43 44 45 47 48 50 51 52 53 54 55 56 57 58 59 60 62 65 66 67 68 69 70 71 72 74 75 77 78 79 80 81 83 85 86 87 88 89 90 91 94 95 96 97 99 100 101 102 103 104 105 106 107 108 109 110 114 115 119 120 121 122 123 124 125 126 127 129 130 131 132 133 134 135 136 138 139 140 141 142 143 145 146 148 149 151 152 153 154 155 157 158 159 160 161 164 165 166 167 168 169 170 171 172 173 174 175 176 177 178 179 180 181 182 183 185 186 187 188 189 190 191 192 193 194 196 197 198 200 201 202 204 206 207 208 209 210 212 214 215 216 217 218 221 222 224 225 226 227 228 230 231 233 234 236 237 238 239 240 241 242 243 245 246 248 252 253 254 255 256 257 260 261 262 263 267 269 271 272 273 274 275 278 279 280 281 283 284 285 286 287 288 290 292 293 294 296 297 298 299 301 302 303 304 306 309 311 312 313 314 315 316 317 318 320 321 322 323 324 325 326 327 331 332 333 334 335 339 340 341 342 343 344 345 347 348 349 350 351 355 356 357 358 359 360 362 363 364 365 366 369 370 371 372 373 374 375 379 380 381 382 383 384 385 387 388 389 390 391 392 393 394 395 396 397 398 399 400 403 404 405 407 408 409 411 413 416 417 418 419 420 421 422 423 424 425 429 430 431 433 434 435 436 437 438 439 440 442 443 445 446 447 448 450 451 452 453 454 455 456 457 458 460 461 462 463 464 465 466 467 469 470 472 475 476 478 479 480 481 482 483 484 486 487 488 489 490 491 492 493 495 496 497 498 499 662 793 
402: 0 1 2 4 6 7 8 11 12 13 14 15 17 18 19 20 21 22 23 25 26 27 28 29 30 32 34 35 36 37 38 39 40 41 42 44 45 46 47 48 49 50 51 52 53 54 55 56 57 58 59 60 62 63 64 65 67 68 69 70 71 73 75 76 78 79 80 81 82 84 85 90 91 92 93 94 97 98 99 100 101 102 103 104 106 107 108 109 111 112 113 114 116 119 120 121 122 124 125 127 129 130 132 133 135 136 137 138 140 141 142 143 144 146 147 148 149 150 151 152 153 154 155 156 157 159 160 162 163 164 166 167 168 169 170 171 172 173 174 175 176 177 178 179 180 182 183 184 185 186 187 188 189 191 193 194 195 196 197 198 200 201 202 203 205 206 207 210 211 212 214 215 217 218 219 220 221 223 225 226 227 228 230 231 232 233 234 235 237 238 239 240 241 243 244 245 246 247 248 249 250 251 252 253 254 255 256 258 259 261 262 263 265 266 269 271 274 275 277 278 280 281 283 286 288 289 290 292 293 294 295 296 297 299 301 302 303 304 305 306 307 308 309 310 312 314 315 316 318 319 320 321 322 324 326 327 328 329 333 335 336 337 338 339 340 341 342 343 345 346 347 348 351 352 353 354 355 356 357 358 361 363 364 368 369 370 371 372 377 378 381 383 384 386 389 391 392 393 394 399 400 403 406 408 409 410 411 412 414 415 417 418 420 421 422 423 424 425 427 429 431 433 434 435 436 437 438 439 442 443 444 445 447 448 449 450 452 456 457 458 460 461 462 463 464 465 466 468 469 471 472 474 476 477 480 481 482 483 484 486 487 488 490 491 492 493 495 496 497 498 499 
403: 0 1 2 3 5 6 7 8 9 10 11 13 14 15 17 18 19 20 21 23 24 25 27 29 30 31 32 33 34 35 36 38 41 44 45 46 47 48 49 50 51 52 53 55 57 58 59 60 61 62 63 65 66 67 69 71 72 74 75 76 77 78 79 80 81 82 83 84 85 86 87 89 90 91 92 93 94 95 96 98 99 100 102 105 106 107 108 109 112 113 114 115 117 120 122 123 124 125 126 127 128 129 130 131 135 136 137 138 139 140 141 142 143 144 145 146 147 148 149 151 152 155 158 160 161 163 164 165 166 167 168 169 170 171 172 174 175 176 177 178 179 181 182 184 185 186 187 188 189 190 191 192 195 196 197 198 199 201 202 203 204 205 206 208 210 211 212 213 214 215 216 217 218 219 220 221 223 224 226 227 228 230 231 235 236 237 238 239 240 241 245 246 247 249 250 251 252 255 257 258 259 260 262 264 265 266 267 268 269 272 273 274 275 276 278 279 280 281 282 283 284 288 289 290 293 296 297 298 299 300 301 302 303 304 306 307 308 309 310 311 313 314 315 316 317 319 320 321 323 324 325 326 327 330 331 332 334 335 337 338 339 341 342 343 344 345 346 347 348 349 350 351 352 353 354 355 356 358 359 360 361 363 364 366 367 368 370 372 373 375 376 377 378 379 380 381 382 383 384 386 387 389 391 393 395 396 398 399 401 402 404 405 406 408 409 410 411 412 413 414 416 417 419 420 422 423 424 425 427 428 430 431 432 433 434 435 436 437 438 439 440 441 442 446 448 449 451 452 453 454 455 456 457 458 459 460 462 463 464 465 466 467 468 469 471 472 473 474 475 476 477 478 479 480 481 482 483 484 485 486 487 491 493 494 495 496 497 610 964 
404: 0 1 3 4 6 7 9 10 13 14 15 16 17 18 19 20 21 22 23 25 26 27 28 29 30 31 32 33 34 35 38 39 40 42 43 44 45 46 47 48 49 50 51 52 54 55 56 57 58 59 60 61 62 64 68 69 70 71 72 73 74 76 77 82 83 85 87 88 89 90 91 93 95 96 97 98 100 101 103 105 106 107 108 109 110 111 112 117 118 119 121 122 123 124 125 126 127 129 130 132 133 135 136 137 138 139 140 142 144 145 146 148 149 150 151 153 154 155 156 157 158 159 160 162 163 165 166 167 168 169 170 172 173 174 175 176 177 179 180 181 182 183 184 186 187 188 189 191 192 193 194 197 198 199 200 201 202 204 205 206 207 208 209 211 213 215 216 217 218 219 220 221 223 224 225 227 228 229 230 231 233 234 235 238 239 240 241 242 244 245 246 248 249 250 251 252 253 255 257 258 259 261 262 263 264 265 266 267 269 270 271 272 273 274 276 277 278 279 283 284 286 287 292 293 294 295 296 297 298 299 300 302 304 305 306 307 308 309 310 311 312 313 314 315 316 317 318 319 320 323 324 325 327 328 329 332 333 334 335 336 337 338 340 341 342 343 344 345 346 347 348 349 350 351 352 353 354 355 357 358 359 360 361 362 363 364 365 366 368 369 370 371 373 374 375 376 377 378 379 382 383 386 387 388 389 391 392 393 395 396 397 398 399 400 401 403 405 409 410 411 412 413 414 415 416 417 418 419 420 421 422 423 424 425 426 427 428 429 431 432 433 434 435 437 438 439 440 441 442 444 445 447 448 449 450 451 452 453 454 455 456 457 458 459 460 461 462 463 464 465 466 467 468 469 470 472 473 474 476 478 479 480 482 483 485 486 487 489 491 492 493 494 498 499 
405: 0 1 2 3 4 5 6 7 8 9 10 11 12 13 14 15 16 17 18 20 21 23 24 25 26 27 28 29 30 31 32 33 37 38 44 46 47 49 51 52 53 54 55 57 59 61 62 63 64 65 66 67 68 69 70 71 72 73 74 76 77 78 80 81 83 84 85 86 87 88 89 91 92 93 94 96 97 98 99 100 101 102 103 104 105 106 109 110 111 112 113 115 117 118 120 122 123 125 126 127 128 130 131 132 133 134 136 137 138 139 141 143 144 145 146 147 148 149 150 152 153 155 156 157 158 159 160 162 164 165 166 167 168 169 171 172 173 174 176 177 178 179 180 183 184 185 186 187 188 189 190 191 192 193 194 195 196 197 198 199 200 201 202 204 205 207 208 209 210 211 213 214 215 217 218 219 220 221 222 226 227 228 229 230 231 232 233 235 237 238 239 240 241 242 243 244 245 246 247 249 250 251 252 253 255 257 258 260 261 262 263 264 265 267 269 270 271 272 274 275 276 277 278 279 280 281 282 283 284 285 286 287 288 289 290 291 293 294 295 296 298 299 301 302 303 305 306 307 308 309 310 312 313 314 315 316 317 318 320 321 322 323 324 325 327 328 329 331 332 333 334 335 336 337 339 340 341 342 343 344 345 346 347 348 349 350 351 352 353 354 355 357 358 361 362 363 364 365 366 368 369 370 371 372 373 374 376 377 378 379 381 383 385 386 387 388 389 390 391 392 393 394 395 396 397 398 399 400 401 403 404 407 408 411 412 413 414 415 416 419 421 422 423 424 426 427 428 429 430 433 434 435 436 437 438 439 441 442 443 446 447 448 449 450 451 453 454 455 456 457 458 462 464 465 466 469 470 471 472 473 474 475 476 478 480 481 483 484 485 486 487 488 489 490 491 492 494 495 497 498 499 
406: 1 3 4 5 6 7 8 9 11 13 15 16 18 20 21 23 24 25 27 28 29 30 31 32 33 34 36 37 38 39 40 41 42 43 44 45 46 49 53 54 55 58 59 60 61 62 64 65 66 67 69 70 73 74 75 76 77 78 79 80 81 83 84 85 86 87 88 89 90 91 92 93 94 96 97 98 99 100 101 102 103 104 105 106 110 112 113 114 115 116 117 118 119 120 121 122 123 125 126 127 128 131 132 133 134 135 136 137 138 139 140 141 144 145 146 149 150 151 153 154 155 156 157 159 160 161 162 164 165 166 167 168 171 173 174 175 176 177 178 181 182 183 184 185 186 187 188 189 191 192 194 195 196 198 199 200 202 204 205 206 207 211 213 214 215 216 217 218 219 220 221 222 223 224 225 226 227 228 229 233 234 236 237 238 239 241 245 246 248 251 252 253 254 256 257 258 261 262 263 264 265 270 271 273 275 276 277 279 280 281 282 283 284 285 286 287 289 290 292 293 295 296 297 299 300 301 302 303 304 305 306 307 311 312 314 317 319 321 322 323 326 328 329 332 334 335 336 337 338 340 342 343 344 345 346 347 348 349 350 351 352 353 354 355 356 357 358 361 362 364 365 366 368 369 370 374 375 376 377 378 379 380 381 382 383 385 387 388 391 392 393 394 396 397 399 400 402 403 407 408 410 411 412 414 415 416 417 419 420 421 424 426 427 429 430 433 434 435 436 437 438 441 442 443 444 445 450 451 452 453 454 455 456 457 458 459 460 462 463 464 465 466 467 468 469 470 471 472 474 475 476 477 480 481 482 483 485 486 487 488 491 492 493 494 496 498 499 956 
407: 0 1 2 3 4 5 6 7 9 10 12 13 14 16 17 18 20 21 22 23 24 25 27 28 31 32 33 34 35 36 37 39 40 42 43 44 45 48 49 50 51 52 53 54 55 56 57 60 61 62 63 64 66 67 69 73 74 75 76 77 78 79 80 81 82 84 85 87 88 89 91 92 94 95 96 97 98 99 100 101 102 103 104 106 108 109 110 111 113 114 115 116 117 118 119 120 121 124 125 126 127 129 130 132 133 134 135 136 137 138 139 141 142 143 145 146 147 148 150 151 152 153 154 155 156 158 159 160 161 162 163 166 167 168 169 170 172 173 174 176 179 180 182 187 188 190 192 193 195 196 199 200 202 203 204 205 207 208 211 213 214 215 216 217 218 219 220 221 224 225 226 227 228 229 230 231 232 233 236 237 238 239 241 242 243 244 246 248 249 252 253 255 256 257 258 259 260 261 262 264 265 266 267 268 269 270 272 273 274 279 280 282 285 287 288 289 290 291 293 294 295 296 297 298 299 300 301 302 303 304 305 306 307 308 310 311 313 315 316 317 318 320 321 322 323 324 326 327 328 329 330 331 333 334 335 336 338 340 341 342 345 346 347 349 350 353 354 355 356 357 358 359 360 361 363 364 365 366 367 368 369 370 371 372 373 375 376 377 378 379 380 382 383 384 385 387 388 390 392 393 394 395 396 397 398 399 400 401 405 406 408 410 412 413 414 416 417 418 419 420 421 422 423 424 427 428 429 430 431 432 434 436 437 438 441 442 443 445 446 447 448 451 452 455 457 458 459 461 462 463 466 468 469 470 471 472 474 475 478 479 481 482 483 484 487 488 490 491 492 493 494 496 498 685 771 943 971 
408: 0 2 3 4 6 7 8 9 10 13 14 16 18 19 20 22 23 24 25 27 29 30 32 33 34 35 36 37 38 39 40 42 43 44 45 46 48 49 50 51 53 54 55 56 59 61 63 64 65 66 67 68 69 70 71 72 73 74 76 79 80 81 82 83 84 85 88 89 90 91 92 93 94 95 96 97 98 99 100 101 102 104 106 108 109 110 111 112 113 117 118 120 121 122 123 126 127 128 129 130 131 132 133 134 135 136 137 138 140 141 142 143 144 145 146 147 148 149 150 151 152 153 154 155 157 160 161 162 163 164 165 166 168 169 171 172 173 174 175 177 178 179 181 182 183 184 185 186 187 188 189 190 193 195 196 197 199 200 201 202 203 204 205 206 207 208 209 210 212 213 214 215 216 217 218 219 220 221 223 224 225 226 227 228 230 231 232 233 234 235 236 237 238 240 242 244 246 247 248 250 253 254 255 256 257 258 259 261 262 263 264 265 267 268 269 270 271 272 273 274 275 276 277 278 279 280 282 283 285 286 288 289 291 293 294 295 296 297 298 299 300 301 303 304 305 307 308 309 310 311 312 314 315 318 319 321 322 323 324 325 326 327 330 331 332 333 334 335 336 337 339 340 341 342 343 344 346 348 349 351 352 353 354 356 360 361 362 363 365 366 368 369 370 371 373 374 376 378 379 382 385 386 387 388 390 392 393 394 395 397 399 400 401 402 403 405 406 407 411 412 413 414 415 416 417 418 419 421 422 423 424 426 427 428 430 431 432 433 435 436 438 439 440 441 442 443 445 446 447 450 451 453 454 455 456 457 458 459 461 462 463 465 466 467 468 469 472 473 474 479 480 481 482 484 485 487 488 489 490 491 492 493 494 495 496 497 498 499 937 983 
409: 0 1 2 3 4 5 6 7 8 9 10 11 12 13 14 16 17 18 21 22 23 24 25 26 27 29 32 33 35 36 37 38 39 40 42 43 44 45 46 47 48 49 50 53 54 55 56 58 59 60 61 62 63 64 67 68 69 70 71 72 73 76 77 79 80 81 82 83 84 85 86 89 90 91 92 94 95 97 98 99 100 102 104 105 106 108 109 110 111 112 114 115 116 117 119 120 121 124 125 126 128 129 130 132 133 135 137 138 139 140 141 142 143 145 147 148 151 152 154 155 157 158 159 161 162 163 164 165 166 167 168 170 171 172 173 174 175 176 179 180 182 183 185 186 187 188 190 191 192 193 194 195 196 197 198 199 200 201 203 205 206 207 208 209 210 212 213 214 215 216 217 218 219 220 222 223 224 226 227 228 229 230 231 232 233 234 235 236 238 239 241 242 244 246 247 248 249 250 251 252 253 255 257 258 259 260 261 262 263 265 267 268 269 270 271 272 273 274 275 276 278 279 280 282 283 284 285 286 287 288 289 290 291 292 293 294 296 297 298 299 301 304 306 307 308 309 310 311 312 313 315 316 317 320 321 323 324 326 327 328 329 331 332 333 334 335 336 337 338 339 340 341 342 344 346 347 348 349 350 352 353 355 356 357 359 360 362 363 364 365 367 368 370 371 372 373 374 375 376 377 378 379 380 381 384 385 386 388 389 390 391 392 394 395 396 400 401 402 403 404 410 411 412 413 414 416 417 419 422 423 426 427 429 430 431 432 434 436 437 439 441 443 445 446 447 448 449 450 451 452 453 454 457 458 459 460 461 462 463 465 466 468 469 471 472 473 476 478 479 482 484 485 486 487 491 492 493 494 495 497 498 499 671 774 
410: 0 1 3 4 5 6 7 8 9 11 12 13 14 15 18 19 20 22 23 25 28 29 30 31 32 33 35 37 38 39 40 41 42 45 46 47 48 49 51 52 53 54 55 56 58 59 60 61 62 63 64 65 66 67 68 69 70 71 74 75 76 77 78 80 81 84 86 88 90 91 92 93 94 95 97 98 99 102 103 104 105 108 109 110 111 112 113 114 116 117 118 119 120 121 122 123 124 125 126 127 128 129 130 131 133 134 135 136 138 139 140 141 143 145 146 147 149 150 151 152 154 156 157 160 161 162 163 165 166 167 170 172 173 174 175 176 177 180 181 185 186 187 188 189 190 191 192 193 194 195 198 200 202 203 204 205 206 207 209 210 211 212 213 214 215 216 217 219 220 223 224 225 227 229 230 231 232 233 235 236 238 239 240 241 242 243 244 245 246 247 248 249 250 251 252 253 254 255 256 258 259 260 261 262 263 264 265 266 267 269 270 271 272 273 274 275 276 277 278 280 281 282 283 284 285 286 287 288 289 290 291 294 295 296 298 299 300 303 304 305 306 308 310 311 312 313 314 315 316 317 318 320 322 323 326 327 328 329 331 332 334 335 336 337 338 339 340 341 342 343 344 345 346 347 348 349 351 353 354 356 357 358 359 360 361 362 363 364 365 366 367 368 369 371 373 374 375 376 377 380 382 383 384 385 386 387 388 389 390 391 393 394 396 397 398 399 400 402 403 404 406 407 409 413 414 415 416 417 418 419 420 421 422 424 425 426 427 428 430 432 433 434 435 436 439 440 443 444 445 446 449 451 452 453 454 455 456 457 460 462 464 465 467 468 469 470 471 472 473 478 479 481 482 483 485 487 488 490 491 492 494 495 496 497 498 499 652 781 
411: 0 2 3 4 5 6 7 8 9 10 11 12 13 15 16 17 18 19 20 21 22 23 25 26 27 29 32 33 34 35 36 37 38 39 40 41 42 43 44 45 48 49 50 51 52 54 55 56 57 58 59 60 61 63 65 66 67 68 70 71 72 73 74 75 76 79 80 81 82 84 85 86 87 88 89 90 91 92 95 98 99 101 102 103 106 107 108 109 110 111 112 113 114 115 116 117 118 119 120 121 122 123 124 125 126 128 129 131 133 134 136 138 139 140 141 142 143 145 146 147 149 153 154 155 156 157 158 160 162 163 164 165 166 167 168 169 170 171 172 173 175 176 177 178 179 180 182 183 184 185 186 187 188 191 192 193 194 195 196 197 198 199 200 201 202 203 204 206 207 208 209 210 212 213 214 215 216 217 218 219 220 221 223 224 226 227 228 229 231 232 233 235 236 237 239 241 242 243 244 245 246 248 250 251 254 256 257 258 259 260 261 262 263 264 265 266 267 271 272 274 276 278 279 280 281 282 283 284 285 286 289 290 291 292 293 294 296 297 299 300 301 303 304 305 306 307 309 310 311 312 313 314 316 317 318 319 320 321 322 323 324 325 326 327 328 329 330 331 332 334 337 338 339 342 343 344 345 347 348 351 352 354 355 356 358 359 360 361 362 363 364 365 367 368 369 370 371 373 377 378 379 380 381 385 386 388 389 390 391 392 393 394 395 396 397 398 400 401 402 403 404 405 406 408 409 412 413 414 415 416 418 419 420 421 422 423 424 425 426 427 428 429 430 431 432 433 434 435 436 438 439 440 441 442 444 445 446 447 449 450 451 454 455 456 459 460 461 462 463 464 466 467 468 470 471 472 474 476 477 478 479 481 482 483 484 485 486 487 488 489 490 492 493 494 498 499 981 
412: 2 4 5 6 8 9 11 13 14 15 16 17 18 21 22 23 24 25 26 27 28 29 30 32 33 34 35 36 37 38 40 41 42 43 44 45 46 47 48 49 50 51 53 54 56 57 59 61 62 64 65 66 68 69 70 71 72 73 74 75 76 77 78 82 83 84 85 86 87 88 89 92 93 94 95 96 97 98 99 100 101 102 103 104 105 106 107 108 109 110 111 112 113 114 115 116 117 118 119 120 123 124 125 127 129 130 132 134 137 138 139 140 141 142 143 144 146 147 149 151 152 155 156 157 158 160 161 162 163 166 168 169 170 171 172 173 174 175 176 178 179 180 182 185 186 189 190 192 193 197 199 201 204 205 206 209 211 212 213 214 216 217 218 220 222 224 225 227 228 229 230 232 237 240 241 244 245 246 247 248 249 250 252 253 254 255 256 257 258 259 260 261 262 263 265 266 267 268 269 270 271 273 275 276 277 278 279 280 282 283 284 285 286 287 288 289 290 291 292 293 294 296 298 299 300 301 302 303 304 306 307 308 309 311 313 315 316 318 319 320 323 325 326 327 328 329 330 331 332 333 334 335 336 337 340 341 342 344 345 346 347 348 350 351 352 353 354 355 356 357 359 360 361 362 364 365 366 367 368 369 371 372 373 374 376 377 378 379 380 381 382 385 386 387 388 389 390 391 392 393 394 395 396 397 398 399 400 402 403 404 405 406 407 408 409 411 413 414 416 418 419 420 421 423 424 425 427 429 430 431 432 435 436 437 438 440 441 443 444 445 446 447 448 450 451 453 454 455 456 457 459 460 461 462 463 464 465 466 467 470 471 472 473 474 475 476 477 478 479 480 482 485 486 487 488 489 490 491 492 494 495 496 497 689 936 
413: 0 1 2 3 4 5 7 8 9 11 12 15 16 17 18 19 23 26 27 28 29 30 31 32 33 34 35 36 38 39 40 42 44 45 46 48 49 52 53 54 56 57 58 60 61 62 63 64 65 67 68 69 70 71 72 73 75 77 78 79 80 82 83 85 87 89 90 91 93 94 95 96 97 101 102 105 106 107 108 109 110 112 113 114 116 117 118 119 120 121 122 124 125 126 127 128 129 131 132 133 134 135 136 137 140 141 142 143 145 146 147 148 150 151 153 154 155 156 157 158 159 161 162 163 165 166 169 170 171 172 173 174 175 176 177 178 179 180 183 184 185 186 187 188 189 190 192 194 196 197 198 199 200 201 202 203 204 205 206 207 208 209 210 211 212 213 214 215 216 217 218 220 221 224 225 226 227 228 229 230 232 233 235 236 237 239 240 241 242 243 244 245 246 247 248 249 250 251 252 253 254 256 257 258 259 260 261 263 266 267 268 269 271 272 274 275 276 277 279 280 281 282 284 285 286 287 288 290 291 292 293 294 298 299 300 301 303 304 305 307 309 310 311 312 313 314 315 316 317 318 319 320 321 322 323 324 325 326 327 329 330 331 332 333 334 335 336 338 339 340 341 342 343 345 346 347 348 350 352 356 357 360 361 362 364 366 367 368 369 371 372 373 374 375 376 377 378 379 380 381 383 384 385 386 387 388 390 391 393 394 395 396 399 401 403 404 405 407 408 409 410 411 412 415 417 418 419 420 421 422 423 424 425 426 427 428 430 431 433 434 435 436 437 438 439 440 441 442 444 445 448 450 451 452 453 454 456 457 458 459 460 461 462 464 465 466 467 469 470 471 472 473 477 478 480 481 482 483 484 485 487 490 491 492 493 494 495 496 497 499 625 921 929 
414: 0 2 3 4 5 6 7 8 10 11 12 13 14 15 16 17 18 19 20 22 23 25 26 27 29 30 31 32 33 35 37 38 40 41 42 44 45 46 47 48 49 50 51 53 55 56 57 58 59 60 61 62 63 64 67 68 69 70 71 73 75 76 78 80 81 82 84 85 86 88 89 91 93 94 95 96 97 98 99 100 102 103 104 105 106 107 108 109 110 111 112 113 114 115 116 117 118 121 123 125 126 127 129 131 132 133 134 137 139 140 143 144 146 147 148 149 152 153 154 155 158 159 160 161 163 165 167 168 169 171 172 173 174 177 178 179 181 182 183 184 186 187 188 189 190 191 192 193 194 195 197 199 200 201 202 203 204 205 206 207 208 209 210 214 215 216 218 219 220 221 222 223 224 225 226 228 229 230 232 233 234 237 238 239 240 241 242 243 244 246 248 249 251 252 254 255 256 258 261 262 263 264 267 268 269 270 273 274 275 276 277 279 283 284 287 288 289 290 291 292 293 294 296 297 298 299 300 301 302 303 304 305 306 307 309 310 311 313 314 315 316 317 318 320 321 322 323 324 325 326 327 328 329 332 333 334 335 336 337 338 342 343 344 345 346 349 350 351 352 353 354 355 357 358 359 360 361 363 364 365 366 367 368 369 371 372 373 376 380 381 382 384 385 386 387 392 393 394 395 396 397 398 400 402 403 404 405 406 407 408 409 410 411 412 416 417 418 419 420 421 422 423 424 425 426 429 430 431 432 433 434 436 437 438 439 440 441 442 443 444 445 449 450 451 452 453 454 455 456 458 459 460 461 464 466 468 470 471 474 475 477 478 480 482 483 484 485 486 487 488 489 490 491 492 493 494 495 497 498 950 954 
415: 0 2 3 4 5 6 7 8 9 10 11 13 14 15 17 18 19 21 22 23 24 27 28 29 31 32 35 36 38 39 40 41 43 44 45 47 48 49 50 51 52 54 55 56 57 59 60 61 62 63 65 66 67 68 70 72 73 74 75 76 77 78 79 81 82 83 85 87 88 89 90 91 92 93 95 96 97 99 100 101 102 103 104 105 106 107 109 110 111 112 114 115 116 117 118 119 120 121 122 123 124 125 126 127 128 129 130 131 133 134 135 138 140 141 142 143 144 145 146 148 149 151 152 153 154 155 156 157 158 160 161 162 163 165 166 167 169 170 171 172 173 174 176 177 178 179 180 181 182 183 185 186 187 188 190 191 193 194 196 197 199 202 203 205 207 208 210 211 213 214 215 216 217 218 220 221 222 223 224 225 227 228 229 230 231 233 235 237 238 239 240 241 242 243 244 245 246 248 249 250 251 252 254 255 256 257 258 260 263 264 265 267 270 271 272 275 276 277 278 279 280 282 284 285 286 287 288 289 291 292 293 294 299 300 302 305 306 307 308 309 312 314 315 316 318 319 320 321 324 325 327 328 329 330 331 336 337 338 340 341 342 343 344 345 346 348 349 350 351 353 355 357 358 359 360 361 362 363 364 366 367 368 369 371 372 373 374 375 376 377 378 379 380 381 382 384 385 386 387 388 391 393 394 395 398 399 400 402 404 405 406 408 410 411 413 416 417 418 419 421 422 424 425 426 427 428 429 432 433 434 437 438 439 440 441 443 445 446 447 448 449 450 451 452 453 454 455 456 457 458 459 460 461 464 465 466 467 469 471 473 474 476 477 478 479 480 481 482 483 484 485 488 489 490 493 494 495 496 497 498 499 639 668 683 
416: 0 1 2 3 4 5 6 8 9 10 11 12 13 14 16 17 19 20 21 22 24 25 26 28 29 31 33 34 35 37 38 39 40 42 43 44 47 48 50 51 52 53 54 55 56 57 58 59 61 63 64 66 68 69 71 72 74 75 76 77 79 80 81 82 83 84 86 87 88 89 90 91 94 95 96 97 99 100 101 102 103 104 105 107 108 109 111 113 114 115 116 117 120 122 123 125 126 127 129 130 131 132 133 135 139 140 141 143 145 146 147 149 150 151 152 153 155 156 157 158 159 160 161 162 163 164 165 166 167 169 170 171 172 173 174 175 177 178 179 180 182 183 184 185 186 187 189 190 191 192 194 195 196 197 198 199 200 201 202 203 205 206 207 208 209 211 212 213 214 215 216 217 218 219 221 222 223 225 226 227 228 229 230 231 232 233 234 236 237 238 239 241 242 243 244 245 246 247 248 249 250 251 252 254 255 256 257 258 259 260 261 262 263 264 265 268 269 270 272 273 278 280 281 284 285 286 287 288 289 290 291 292 293 294 295 297 299 300 301 302 303 304 306 307 308 310 311 312 313 314 315 318 319 320 322 323 324 325 327 328 329 331 332 335 336 337 338 339 340 343 344 345 346 347 350 351 352 353 354 355 356 357 358 359 360 362 363 365 366 368 369 370 371 373 375 377 378 379 380 382 386 387 388 389 390 391 392 393 394 395 396 397 398 399 400 401 403 404 405 406 407 408 409 410 411 412 414 415 417 419 421 422 423 424 425 427 428 429 431 432 433 435 436 437 439 440 443 445 446 450 451 452 453 454 455 456 457 459 460 461 462 463 464 466 467 468 470 473 474 475 476 477 478 479 480 483 485 486 487 488 489 490 491 493 494 496 497 498 607 631 763 
417: 0 1 3 4 5 6 7 8 10 12 13 15 16 17 18 19 20 21 22 25 28 30 31 32 33 34 35 36 38 39 40 43 44 46 48 49 50 52 53 54 55 57 58 61 63 64 65 66 68 69 71 72 73 74 76 77 78 79 80 81 82 83 86 87 88 89 90 91 94 95 96 97 98 99 101 102 103 104 105 106 107 108 109 110 111 114 117 118 119 120 121 122 123 124 125 128 130 131 132 133 134 136 138 139 140 141 143 144 146 147 149 150 151 153 154 155 156 157 160 162 163 164 167 169 171 172 173 175 177 178 179 183 185 186 188 189 190 191 192 193 194 195 196 198 199 200 201 203 205 206 207 208 209 210 211 212 213 214 215 218 220 221 222 223 224 225 226 227 228 229 230 231 233 235 236 237 238 239 240 242 243 244 245 248 249 250 252 255 258 259 261 266 267 268 269 271 273 274 275 277 278 279 280 281 282 283 284 285 286 287 288 290 292 293 294 295 298 299 300 301 303 306 308 309 310 311 313 314 315 316 317 318 319 320 321 322 325 326 327 328 329 331 332 333 336 337 338 339 340 341 342 343 345 346 349 350 351 355 357 358 359 361 364 365 366 367 368 369 373 374 375 376 381 382 383 384 385 386 387 388 389 390 392 393 394 395 396 398 401 402 403 404 406 407 408 409 410 413 414 415 416 418 419 420 421 422 423 424 426 427 428 429 430 431 432 433 434 435 436 437 438 439 440 441 442 443 445 447 448 449 450 451 452 454 455 456 459 460 461 462 463 464 465 466 467 469 470 471 473 474 475 476 477 478 479 480 482 484 485 486 487 488 491 492 493 494 495 496 497 498 499 676 761 
418: 1 2 5 7 8 10 11 12 13 16 17 19 20 21 22 23 24 25 26 27 28 29 31 32 35 36 37 38 39 41 43 45 46 47 49 50 51 53 55 56 57 58 59 60 61 62 63 64 67 68 69 70 71 72 73 74 75 76 79 80 81 82 83 84 85 86 88 90 92 93 94 95 96 98 99 100 101 102 103 104 105 106 108 109 110 111 112 113 114 115 117 118 119 120 121 123 124 125 126 127 130 131 133 134 136 138 139 140 141 143 144 147 148 149 150 151 152 153 155 156 157 159 160 161 162 163 165 166 167 168 169 170 171 172 173 175 176 178 179 180 182 183 184 185 186 187 188 190 191 192 193 194 195 196 197 199 200 201 202 203 204 205 206 207 208 210 211 212 213 214 215 216 217 218 219 220 221 222 223 224 225 226 227 228 232 233 235 236 237 238 241 244 246 247 248 250 252 253 254 255 256 257 258 259 260 261 262 263 264 265 266 267 268 269 270 271 272 276 277 278 279 280 281 282 284 285 286 288 289 290 291 292 293 295 297 298 299 300 301 303 304 305 306 307 308 309 311 313 314 316 317 319 322 323 324 325 327 328 329 330 331 332 333 334 335 336 337 338 339 340 343 344 345 346 347 348 349 350 352 353 354 355 356 357 358 360 361 363 368 369 370 372 375 376 378 379 380 381 383 384 385 386 387 388 390 392 393 394 395 396 397 398 400 401 402 404 407 408 410 411 412 413 414 415 417 419 420 422 424 425 427 428 429 430 431 432 433 434 435 436 438 440 441 442 443 444 446 448 449 450 451 454 455 456 457 458 459 462 463 465 466 468 469 470 471 473 474 475 477 478 479 480 481 483 484 487 488 489 490 491 492 494 495 496 497 499 956 
419: 0 1 3 4 5 6 7 8 9 11 12 13 14 16 17 18 19 21 22 24 25 27 28 29 30 31 32 34 35 36 37 38 39 40 41 42 43 44 46 47 48 49 51 52 53 54 55 56 57 58 59 60 61 64 65 66 67 69 70 71 72 73 74 76 77 78 80 82 83 85 86 87 88 89 90 92 93 94 95 97 100 101 105 106 107 108 109 111 112 114 116 117 118 119 121 123 124 125 126 127 128 129 130 132 133 134 135 136 138 141 142 143 144 145 146 148 149 150 151 152 153 154 155 156 158 159 160 161 162 163 164 165 167 169 170 172 174 175 176 177 178 180 181 182 183 184 185 186 187 188 189 190 191 192 193 194 195 196 197 198 199 200 201 202 203 204 205 206 207 208 209 210 214 215 217 218 219 220 221 222 223 224 226 227 228 229 230 231 233 234 236 237 238 239 242 244 245 246 247 248 249 250 251 253 255 259 260 261 262 263 264 266 267 268 269 270 271 272 273 275 276 277 279 280 282 283 286 287 290 291 293 294 296 297 298 299 301 303 304 305 306 307 309 311 312 313 314 315 316 317 319 321 322 323 324 325 326 327 328 329 330 331 332 333 334 335 338 339 340 341 342 343 344 345 346 347 350 351 352 353 354 355 357 358 361 363 365 366 368 369 370 371 372 373 374 375 376 377 380 381 382 383 384 388 389 390 391 392 393 394 395 396 398 399 400 401 403 404 405 406 407 408 409 410 411 412 413 414 415 416 417 418 420 422 423 424 426 427 428 429 431 433 434 435 436 439 440 441 442 443 444 445 446 447 448 449 450 452 453 455 456 457 458 459 463 465 467 468 469 470 472 473 474 475 476 477 478 481 482 484 485 486 487 488 489 490 492 493 494 495 605 634 639 656 683 699 947 989 
420: 0 1 2 3 4 5 7 8 9 10 12 13 14 15 16 17 19 20 21 22 23 25 26 27 29 31 32 33 34 37 38 39 41 42 43 47 48 49 52 54 55 57 61 63 64 65 66 67 68 69 70 71 72 74 75 76 77 78 79 80 81 82 83 84 85 86 87 88 89 90 91 92 93 95 96 97 98 99 100 101 102 103 104 105 106 107 108 109 110 111 112 113 114 115 116 117 118 119 120 121 122 123 124 126 127 128 129 130 131 133 134 136 141 142 143 145 146 147 148 149 150 153 158 159 160 161 163 164 167 168 169 170 172 173 174 175 176 179 180 181 182 184 185 186 187 188 190 191 192 193 194 196 197 198 199 200 201 202 205 206 208 209 210 211 212 213 214 215 216 217 219 220 221 222 223 224 225 226 227 228 229 231 232 233 234 235 236 237 238 239 243 244 245 246 248 249 250 251 253 254 256 257 258 259 260 262 264 267 268 269 270 271 272 275 278 279 280 281 282 284 285 286 287 288 289 291 292 293 295 296 297 298 301 302 303 305 306 309 310 312 314 315 316 318 319 321 322 323 326 327 329 330 331 333 335 336 338 340 341 342 345 348 349 350 351 352 353 354 355 356 357 358 359 360 362 364 365 366 367 368 369 370 373 374 375 377 378 379 380 381 383 384 385 387 388 389 390 391 392 393 394 395 396 397 398 399 400 401 402 403 404 406 407 410 411 412 413 414 417 418 419 423 424 425 427 428 430 431 432 433 435 436 437 438 440 441 442 444 445 446 447 450 451 452 453 454 455 456 457 460 462 463 464 465 466 467 468 469 470 471 473 474 475 476 477 478 479 480 481 482 483 484 485 486 488 490 491 492 493 494 495 497 498 788 
421: 0 1 4 5 6 7 8 9 10 11 12 15 17 18 19 21 22 23 24 25 27 28 29 30 31 32 34 36 37 38 40 41 44 45 46 48 49 50 52 53 54 55 56 57 59 60 61 62 63 64 65 66 67 68 69 70 71 73 74 75 76 78 79 80 81 82 84 85 87 88 91 93 94 99 102 103 104 105 106 107 109 111 112 113 114 115 116 117 118 119 120 121 122 123 125 126 127 128 129 131 133 134 135 136 137 138 140 141 142 143 144 145 146 147 148 150 151 153 154 155 156 157 158 159 160 163 164 165 166 167 168 169 170 171 172 174 176 178 179 180 183 184 185 186 187 189 191 192 193 194 195 196 197 199 200 201 202 203 204 205 206 208 209 210 211 212 214 215 217 218 219 220 221 222 223 225 226 227 228 229 231 233 234 235 236 237 238 239 241 242 243 244 245 246 247 248 250 251 252 253 254 255 256 259 260 262 263 264 265 266 267 268 269 270 271 272 274 275 276 278 279 280 282 283 284 285 286 287 288 289 290 291 292 294 296 297 298 300 301 302 303 304 305 308 309 310 311 312 313 314 316 320 321 322 323 324 325 327 328 329 330 331 332 333 335 336 337 341 342 343 345 346 348 349 350 351 352 353 354 355 356 358 359 361 362 364 365 366 368 369 370 371 372 373 374 375 377 379 380 381 382 383 388 389 390 392 393 394 395 396 397 398 399 400 401 402 404 405 406 407 408 410 411 412 413 414 415 416 417 422 423 424 425 426 427 428 429 430 432 433 434 435 436 437 438 439 441 442 443 444 445 447 449 450 451 454 455 456 458 459 460 461 462 464 465 466 467 468 469 471 472 473 474 475 476 477 478 479 480 481 482 483 484 486 487 488 489 490 492 494 495 496 497 655 689 
422: 0 2 3 4 5 6 7 8 9 10 11 12 13 14 15 17 18 22 23 24 26 28 29 31 32 33 34 35 36 37 38 40 41 42 44 45 49 50 51 52 53 55 56 58 59 60 62 66 67 68 70 71 72 73 74 75 76 77 79 80 81 82 83 85 86 87 88 89 90 91 92 93 94 95 96 97 99 100 101 102 104 106 107 109 113 114 116 117 118 120 122 123 124 125 126 129 130 131 132 133 134 135 136 137 138 140 141 142 143 144 145 146 147 149 150 151 152 153 154 155 156 158 159 160 161 162 163 164 165 166 167 169 170 171 173 174 176 179 180 181 184 185 186 187 190 191 192 194 195 196 197 198 200 201 203 204 206 208 209 211 212 213 214 216 217 218 219 222 223 225 226 228 230 231 232 233 234 235 237 238 239 240 243 244 245 246 247 248 249 250 252 255 256 257 258 259 260 261 262 263 264 265 266 267 269 271 272 273 274 275 276 277 278 279 280 283 286 287 288 289 290 291 293 294 295 297 299 300 301 302 303 305 306 307 308 310 311 317 318 319 320 321 322 323 324 325 326 327 328 329 330 331 332 334 335 336 337 339 340 341 343 344 345 348 349 350 352 353 354 355 356 357 359 361 362 363 364 365 366 367 371 372 375 376 377 378 379 381 382 384 386 387 388 389 390 391 392 393 394 396 398 400 401 402 403 404 405 407 408 409 410 411 413 414 415 416 417 418 419 421 423 424 425 426 427 428 429 430 431 433 435 436 438 439 440 441 442 444 445 446 447 449 452 453 455 456 457 458 460 461 463 464 465 467 468 469 471 472 473 474 475 476 477 479 480 481 482 484 485 487 488 489 490 491 492 494 495 496 497 498 499 612 762 957 
423: 1 2 4 5 9 10 11 12 13 15 16 17 18 19 20 21 22 23 24 25 26 27 29 30 31 32 34 35 37 38 40 41 42 45 46 47 48 49 50 51 53 54 55 56 58 59 60 61 62 66 67 68 69 70 71 72 73 74 75 76 78 79 81 82 83 84 87 88 89 90 91 92 93 94 96 97 98 101 105 106 107 110 111 112 113 114 115 116 117 118 119 120 121 122 123 124 125 126 129 130 131 132 134 135 136 137 138 139 140 141 142 143 144 145 146 147 148 149 151 152 153 154 155 156 158 159 161 162 163 164 165 166 167 168 170 171 172 174 175 176 177 178 179 180 182 183 184 185 186 187 189 190 191 195 197 198 199 200 202 203 204 205 207 208 209 210 213 214 216 217 218 220 221 222 223 224 225 227 228 229 230 231 232 233 234 236 237 238 239 243 244 245 246 247 248 249 250 251 252 255 256 257 258 259 260 261 262 265 266 267 268 269 270 271 272 274 276 277 278 280 281 282 283 285 288 289 290 293 294 296 297 300 302 303 304 305 306 307 308 309 310 312 313 314 316 317 318 319 321 322 323 324 325 326 328 329 330 331 332 334 335 336 337 338 340 341 342 343 344 346 347 349 350 351 354 355 356 358 359 360 362 363 365 366 367 368 369 370 371 372 373 374 375 377 378 379 380 382 383 384 385 386 387 390 391 392 393 395 396 397 398 399 400 401 402 403 404 405 407 408 409 411 412 413 414 416 417 419 420 421 422 424 425 426 427 428 429 430 432 433 434 435 438 439 440 441 442 443 444 445 446 448 449 450 451 452 453 455 457 458 459 460 461 463 465 466 468 470 473 474 475 476 477 478 479 480 481 483 484 485 487 488 490 491 492 493 495 496 497 499 603 785 763 
424: 0 1 2 3 4 5 6 7 8 9 11 13 15 16 19 20 21 22 25 26 27 28 29 30 32 33 34 35 36 38 39 40 41 43 45 46 47 49 50 52 54 55 57 59 60 61 62 63 65 67 69 70 71 75 76 77 78 79 80 81 82 83 84 85 86 87 88 89 90 92 93 95 96 97 98 102 103 104 105 106 107 108 109 110 112 113 114 115 117 118 120 121 122 123 124 125 129 130 131 134 135 136 138 139 140 141 142 143 144 145 146 147 148 150 151 152 153 154 155 157 158 159 160 161 162 163 164 165 166 167 168 169 170 172 174 177 178 179 180 182 183 184 185 186 189 190 191 192 193 194 196 197 198 199 200 201 202 203 206 207 208 209 210 211 212 213 214 215 216 218 220 221 222 223 224 226 227 228 229 230 231 232 233 235 237 238 239 240 241 243 245 246 247 250 251 252 253 254 255 256 258 259 260 262 263 264 265 266 267 268 269 270 272 273 274 276 277 278 279 281 282 284 287 288 290 292 294 295 296 297 299 301 304 305 306 308 311 313 314 315 317 318 319 320 321 322 323 324 325 326 327 328 329 331 332 333 336 337 338 339 340 341 342 343 344 346 347 348 349 350 351 353 354 355 356 357 359 361 363 364 366 367 368 369 370 371 372 373 374 375 376 377 378 379 380 381 384 385 386 388 389 392 393 394 395 396 397 398 399 400 401 402 403 404 405 406 407 408 410 411 412 413 414 415 416 417 418 419 420 421 422 423 425 426 427 428 429 432 434 435 436 438 439 440 441 443 445 446 447 448 450 451 453 456 458 460 461 463 464 465 466 469 470 471 472 473 474 475 476 477 478 479 480 481 482 483 484 485 486 487 490 491 492 493 494 495 497 499 698 
425: 1 2 6 10 11 12 13 14 15 17 18 22 23 24 25 26 27 28 30 31 33 34 35 36 37 38 39 40 43 44 45 46 47 48 49 50 51 53 54 55 56 58 59 61 62 63 64 65 67 68 69 70 72 74 75 76 77 80 82 83 84 85 86 87 89 90 91 93 94 96 97 98 99 100 101 102 107 109 110 112 113 114 115 116 117 118 119 120 121 122 123 124 125 126 127 128 129 130 131 132 133 134 135 136 138 139 140 141 142 143 144 146 148 149 150 151 153 154 155 156 158 159 160 162 163 164 165 167 168 169 171 172 173 176 177 178 180 181 182 184 186 187 188 189 191 192 193 195 196 197 198 199 201 202 203 204 205 206 207 208 209 210 212 213 214 215 216 218 219 220 221 223 224 225 227 228 229 230 231 232 233 234 235 236 237 238 239 240 241 243 244 246 248 249 251 252 253 254 255 256 257 258 259 261 262 263 264 265 266 268 269 270 271 272 273 274 276 277 278 279 280 281 282 283 284 285 286 287 288 290 291 292 293 294 296 297 298 299 300 301 302 306 307 309 310 312 313 314 315 316 317 320 322 323 324 326 327 328 329 330 331 332 333 334 336 337 339 340 341 342 344 345 346 350 351 353 354 356 357 359 361 362 363 364 367 368 369 370 371 372 374 375 376 377 378 379 380 381 382 383 384 387 388 390 391 392 393 394 395 396 397 398 401 402 403 404 410 411 412 413 414 415 416 418 420 421 422 423 424 426 427 428 429 430 432 434 435 436 437 438 439 440 441 442 443 445 446 447 448 449 450 451 452 453 455 456 457 458 459 462 463 464 465 466 470 472 473 474 475 476 477 479 480 481 482 483 484 485 486 488 489 491 492 493 494 497 498 499 632 
426: 0 1 2 3 4 5 6 7 8 10 12 13 14 15 16 17 18 19 20 21 22 24 25 26 27 28 29 31 32 33 34 36 38 39 40 43 45 46 47 49 50 51 52 53 55 56 57 58 59 60 61 62 64 65 66 67 68 69 71 72 73 74 76 77 78 79 80 82 83 84 85 88 89 90 91 93 94 95 97 98 100 101 102 103 104 105 106 107 109 110 111 112 113 114 115 117 118 119 120 121 123 124 125 126 127 128 129 130 131 133 134 135 136 137 138 139 141 142 143 145 146 147 148 149 151 152 153 155 156 158 159 161 164 165 166 167 169 170 171 172 175 177 178 179 181 182 184 186 187 188 189 190 191 192 193 194 195 196 197 198 200 201 202 203 205 206 207 209 210 211 213 214 215 216 218 219 220 221 222 223 224 225 227 230 232 233 235 238 240 241 242 243 244 245 246 248 249 250 251 252 253 255 256 257 259 260 263 264 265 266 268 270 271 272 273 275 276 278 279 281 282 284 285 286 287 288 290 291 292 293 294 296 298 299 300 301 302 303 304 305 306 307 308 309 310 311 312 313 314 316 317 318 320 321 323 325 326 327 330 333 334 335 338 339 340 341 343 344 345 347 349 350 353 354 355 356 357 358 362 364 365 366 367 370 371 372 373 374 375 376 377 380 381 382 384 385 386 388 389 391 392 393 394 395 396 398 399 400 404 405 406 408 409 410 411 413 414 415 417 419 421 422 423 424 425 427 428 430 431 432 433 434 435 436 438 439 440 441 442 443 444 445 446 447 448 449 450 451 452 453 454 456 457 458 459 461 463 464 465 466 467 468 469 470 471 473 474 475 476 477 478 479 481 482 483 486 487 488 489 491 492 493 494 495 496 497 498 613 691 760 
427: 0 2 3 5 6 7 9 10 11 13 14 16 17 19 20 21 22 23 24 27 28 29 30 31 33 34 35 36 37 38 39 42 43 44 45 46 48 49 50 51 52 53 54 55 56 57 58 59 60 61 63 64 65 66 67 68 69 70 71 73 74 76 79 80 81 84 85 86 87 88 89 90 91 92 93 94 96 97 99 100 101 102 103 105 107 109 111 112 113 114 116 117 118 120 121 122 125 126 127 128 129 130 131 132 135 136 137 138 139 140 142 143 144 145 146 147 148 150 151 152 153 154 157 158 159 160 161 163 164 165 166 167 168 171 172 173 174 175 176 177 180 181 182 183 184 185 187 188 189 190 191 192 193 194 195 196 197 198 200 201 203 204 205 207 208 210 211 212 213 214 215 216 217 218 219 222 223 225 226 227 228 229 230 231 233 234 235 236 237 238 240 241 243 244 245 246 247 248 249 250 252 253 254 255 256 257 258 259 260 262 263 265 267 268 270 272 273 274 275 276 277 278 280 281 283 284 285 286 287 288 289 290 291 292 293 294 296 297 299 300 301 302 303 304 305 306 307 309 310 311 312 313 314 315 316 317 318 320 321 323 324 325 326 327 328 329 330 333 334 336 338 339 340 344 345 346 349 350 351 354 355 356 357 359 360 361 362 363 364 365 368 369 371 373 374 375 376 378 379 381 382 383 384 385 386 387 389 390 392 393 395 396 397 398 399 400 402 403 404 405 406 407 408 409 410 411 412 413 415 416 417 418 419 420 421 422 423 424 425 426 428 431 432 433 434 435 436 437 438 439 440 441 442 443 444 445 446 447 448 450 452 455 456 457 458 459 460 461 462 463 465 466 467 469 470 471 472 473 474 478 480 481 483 486 487 489 490 491 493 494 495 496 497 498 627 639 
428: 0 1 2 3 4 5 8 10 11 12 14 15 16 19 20 21 22 23 24 26 27 29 30 31 32 33 34 35 37 38 39 40 41 42 44 45 47 48 50 51 53 54 56 58 59 60 61 62 63 64 65 66 67 68 69 70 71 72 73 74 75 76 78 79 83 84 85 87 88 89 91 92 94 95 96 97 99 101 102 104 105 106 109 110 111 112 113 114 115 117 118 119 120 121 122 124 125 126 127 128 129 130 131 132 134 135 136 137 139 140 141 142 144 146 147 148 149 150 152 153 154 156 157 159 161 162 165 166 167 168 172 173 174 175 176 177 178 179 180 181 182 183 184 185 186 187 189 190 191 192 193 194 195 196 199 200 201 204 205 206 207 209 211 212 215 216 217 222 224 226 227 229 230 231 232 233 234 235 236 237 238 239 240 241 242 243 244 246 247 249 252 253 254 256 257 258 259 260 261 263 264 266 268 269 271 272 273 275 276 278 279 280 283 284 285 286 287 288 289 290 291 292 293 294 295 296 298 299 300 302 304 305 306 307 308 309 310 312 314 315 316 317 318 320 322 323 324 325 326 327 328 330 333 334 335 337 338 340 341 343 344 345 347 348 350 351 352 353 354 355 357 358 359 360 361 362 365 366 367 368 369 370 371 373 374 375 376 377 378 379 383 385 386 387 388 389 391 392 393 394 396 397 398 399 403 404 405 407 408 410 411 413 415 416 417 418 419 420 421 422 423 424 425 426 427 429 430 431 432 433 435 437 438 439 440 441 442 443 444 446 447 448 450 451 455 456 457 458 459 460 462 463 464 465 466 467 469 470 472 473 474 475 476 477 479 481 485 486 488 489 490 491 492 493 495 498 499 694 988 
429: 0 2 3 4 5 6 7 9 10 11 12 13 14 15 16 17 18 19 21 22 23 25 26 31 32 34 35 36 37 38 41 42 43 44 45 46 48 49 50 51 52 53 54 55 56 57 58 59 61 63 64 65 66 68 69 70 71 72 73 74 75 76 78 79 80 81 82 83 84 85 86 87 89 90 91 93 94 96 98 99 100 102 103 104 105 106 107 109 112 113 114 115 116 117 118 119 120 121 122 123 124 125 126 128 129 130 131 132 133 135 137 138 139 140 141 142 144 145 147 149 150 151 153 154 155 156 157 158 159 160 161 162 164 165 166 168 169 171 172 173 175 176 177 178 179 180 181 182 183 184 187 188 190 191 192 193 195 196 197 198 199 200 201 202 203 206 208 209 210 212 213 214 215 217 220 221 224 225 228 229 230 231 232 235 236 237 238 241 242 243 245 246 247 248 249 250 251 252 253 254 255 258 259 261 262 263 264 266 267 269 270 271 273 276 278 279 281 282 283 285 286 288 290 292 293 294 295 296 297 298 299 302 303 304 305 308 310 312 313 314 316 317 319 320 321 323 324 325 326 327 328 329 330 331 334 335 338 339 340 341 343 344 345 346 347 348 349 351 352 353 354 355 356 357 358 359 360 362 364 365 366 367 368 370 371 373 374 375 376 377 378 379 380 381 382 383 386 387 388 389 390 392 393 395 396 398 399 400 401 402 404 405 406 407 409 411 412 414 415 416 417 418 419 421 422 423 424 425 428 431 432 434 435 436 438 441 442 444 445 446 447 448 449 450 452 453 454 455 456 457 458 459 460 461 462 463 464 466 467 468 469 470 471 472 475 476 478 479 482 483 484 485 489 490 491 492 494 495 496 497 498 499 694 952 
430: 0 1 3 4 6 8 10 13 14 15 16 18 19 20 22 23 25 26 27 28 29 30 31 32 33 34 35 36 37 38 39 40 43 45 46 47 48 49 50 51 53 54 55 56 57 58 60 61 62 63 64 65 66 67 70 72 74 75 76 78 79 80 81 82 83 85 86 87 88 89 90 91 92 95 96 97 98 99 100 101 103 104 108 110 111 113 116 117 118 119 121 122 123 124 125 126 128 130 131 132 133 134 135 136 137 138 139 141 142 143 144 146 148 150 151 152 153 155 156 157 160 163 165 166 167 168 169 170 171 172 173 174 175 176 177 178 179 180 181 182 183 184 185 186 187 188 190 191 193 194 196 198 199 200 201 202 204 205 206 207 208 209 210 211 212 214 215 216 218 219 220 221 223 224 225 230 231 232 233 234 236 238 239 241 242 243 244 245 247 248 249 251 252 253 254 255 256 258 259 260 261 262 264 265 266 268 269 270 271 272 273 274 277 279 280 281 282 284 285 286 287 288 289 291 292 293 294 297 298 299 300 301 302 303 304 305 306 307 308 309 310 311 312 314 315 316 317 319 321 322 323 326 328 329 330 331 332 333 334 336 337 338 341 344 345 346 349 350 351 352 353 356 357 359 360 361 362 363 364 365 366 367 368 369 370 373 374 375 377 378 380 382 383 384 386 387 388 389 390 391 392 393 394 395 396 397 398 399 400 401 403 405 406 407 408 409 410 411 412 413 414 417 418 420 421 422 423 425 426 428 431 432 433 434 436 437 439 440 441 443 444 445 446 447 448 450 452 455 456 461 463 466 467 468 469 470 471 472 473 474 475 477 478 479 481 482 483 484 485 486 487 488 489 490 492 493 494 495 496 497 498 499 959 
431: 0 1 2 4 8 9 10 11 12 13 14 16 18 19 23 24 26 27 28 31 32 33 34 35 36 38 39 40 41 43 44 45 46 49 50 51 53 54 56 57 59 60 61 62 63 64 67 70 71 73 74 75 76 77 78 79 82 84 85 89 90 93 94 95 96 99 100 101 103 104 106 107 108 109 110 111 112 113 114 115 117 118 119 120 122 124 125 126 127 128 129 130 132 133 134 135 136 137 138 139 140 141 143 144 145 146 147 148 149 151 152 153 154 155 156 158 160 161 162 163 164 165 166 168 169 170 171 172 173 174 176 178 181 182 183 184 185 186 188 189 191 192 193 195 196 197 198 199 200 201 202 203 204 205 206 207 208 210 211 212 213 215 217 218 219 220 221 222 223 224 225 226 227 228 229 230 231 232 234 235 236 237 238 240 241 242 245 247 248 249 250 251 253 254 256 258 259 260 261 262 263 265 266 267 269 270 271 272 273 275 276 278 279 280 281 283 284 285 287 288 289 291 292 293 294 295 297 298 299 300 302 303 304 306 307 308 309 311 312 313 314 315 316 318 319 320 321 322 323 324 325 327 328 329 330 331 332 333 334 337 338 339 340 341 342 344 345 346 347 348 349 351 352 353 355 356 360 361 363 364 365 366 367 368 369 370 372 373 374 375 376 377 378 380 381 382 383 385 386 387 388 389 390 391 392 393 394 396 397 398 399 400 401 402 403 404 407 408 409 411 412 413 414 416 417 418 419 420 422 426 427 428 429 430 432 433 434 439 440 441 442 443 444 445 447 448 449 450 451 454 457 459 460 461 463 464 465 468 469 470 471 472 474 475 476 477 478 479 480 481 483 484 485 487 489 490 494 495 498 499 667 691 783 948 
432: 0 1 2 4 5 7 8 9 10 11 12 13 14 15 16 17 18 19 20 21 22 24 25 26 27 28 29 30 32 33 34 35 36 37 38 39 40 42 43 45 46 47 48 49 51 52 53 55 56 57 60 61 62 63 64 66 67 68 69 70 71 76 77 79 81 82 83 84 86 87 88 89 91 92 93 95 96 97 99 101 102 103 104 108 110 111 112 113 114 115 116 117 118 119 121 122 124 125 126 127 128 129 131 133 135 136 138 139 140 141 142 145 147 148 149 150 151 152 153 154 155 156 158 159 160 161 162 165 166 167 168 169 170 171 172 173 176 177 178 179 180 181 182 184 185 186 187 188 189 190 193 194 195 196 197 199 201 202 205 210 213 215 216 217 218 219 220 222 223 225 227 228 229 230 231 233 234 235 236 237 238 239 240 241 242 243 244 245 246 247 248 249 250 251 253 255 256 258 259 260 261 262 263 264 265 267 270 271 272 273 274 277 278 282 283 285 287 288 289 290 293 294 295 296 297 298 299 301 302 303 304 305 306 307 310 311 312 313 314 315 316 317 318 319 320 321 323 326 327 328 329 330 332 334 336 337 338 339 341 342 344 346 347 348 350 352 354 355 356 357 359 360 361 362 366 369 370 372 374 375 376 377 379 380 382 383 384 387 389 391 392 394 397 403 404 407 408 409 410 411 412 414 415 416 417 418 420 421 423 424 425 426 427 428 429 430 431 433 434 437 438 439 440 441 442 443 445 446 447 448 450 453 454 455 456 459 460 461 463 464 465 467 469 470 471 473 474 476 478 479 480 481 483 484 485 486 487 489 490 493 495 496 497 498 499 772 780 761 997 
433: 1 2 3 4 5 6 7 8 9 13 14 15 16 17 18 19 20 21 22 23 24 25 26 27 28 29 32 33 34 35 37 38 39 40 41 42 43 46 49 51 52 53 54 55 56 57 58 59 60 61 62 63 64 65 66 69 70 71 72 73 74 75 76 77 79 81 83 84 85 86 87 88 89 90 91 92 93 94 95 97 98 99 100 101 102 103 105 108 109 110 111 112 113 115 116 117 118 119 122 123 126 127 129 130 132 133 134 135 136 137 138 139 140 141 142 143 145 147 148 149 151 153 154 155 156 157 158 160 161 162 164 165 166 167 169 170 171 174 177 178 179 180 182 183 185 186 187 188 189 194 195 197 198 199 202 203 206 209 210 211 212 213 214 216 217 218 219 221 222 223 224 225 228 229 232 233 234 235 236 237 238 239 240 242 243 245 246 247 248 249 250 251 253 254 257 258 259 260 261 262 263 264 265 267 268 270 272 274 275 276 277 278 279 280 281 282 283 284 286 287 288 289 290 292 293 294 295 296 297 298 299 300 302 303 304 305 306 307 308 309 310 311 312 313 317 318 319 320 321 323 324 325 326 327 330 331 332 333 335 336 338 340 341 342 346 347 349 350 351 352 354 356 357 358 359 360 362 363 364 366 367 369 370 371 373 374 375 376 377 378 381 383 384 385 388 390 391 392 393 394 396 398 399 401 402 403 404 405 406 408 410 411 413 414 415 416 417 418 419 420 421 422 423 426 427 428 430 431 432 434 436 437 438 439 440 441 442 443 444 445 446 447 448 449 450 451 452 453 454 455 456 457 458 459 460 461 462 463 464 465 466 467 468 469 470 471 472 473 474 475 476 477 478 479 480 481 483 486 487 488 489 490 491 492 494 495 496 497 498 499 650 
434: 0 1 2 3 4 5 6 7 8 9 10 11 12 13 17 18 19 20 21 23 24 25 27 30 31 32 33 34 39 41 42 44 45 46 47 49 50 51 52 53 54 55 56 57 58 59 60 61 63 64 65 66 67 68 69 70 71 72 73 74 75 76 77 80 81 83 84 85 86 88 89 90 91 94 95 96 98 99 100 101 102 103 105 106 108 110 111 113 114 115 116 117 118 121 122 123 125 126 128 129 130 132 133 135 139 140 141 142 144 146 148 149 151 153 155 156 157 158 159 161 162 163 164 165 167 168 169 170 171 172 173 174 175 176 177 180 182 183 184 185 186 187 188 189 190 191 192 194 195 196 197 199 200 201 202 203 204 205 206 207 208 209 210 212 214 216 220 221 222 223 224 225 226 227 228 230 231 232 233 235 236 237 238 239 240 241 242 243 244 246 249 250 251 252 253 254 256 257 258 259 260 263 264 265 266 267 268 270 271 272 273 274 275 277 278 279 280 281 282 283 287 288 291 292 293 295 297 298 299 300 301 302 303 305 306 307 309 310 313 314 315 316 317 318 319 320 322 323 324 325 326 327 328 329 331 332 333 334 335 336 337 339 340 342 343 344 345 346 347 348 349 350 351 352 353 354 356 357 358 361 362 363 364 365 367 369 370 371 372 373 377 378 379 380 382 384 385 386 388 390 391 392 395 396 397 398 399 400 401 402 403 404 405 406 407 409 410 411 413 414 415 417 418 419 421 423 424 425 426 427 429 430 431 432 433 435 436 437 438 440 442 443 445 446 447 448 449 450 451 452 453 455 456 458 459 461 462 464 465 466 467 468 469 470 472 473 474 475 477 478 479 480 481 482 483 484 485 486 487 488 489 490 491 492 494 495 496 497 498 499 665 763 
435: 0 1 2 3 4 5 7 8 9 10 11 12 14 16 17 21 22 23 24 25 26 27 28 29 30 31 32 33 34 37 38 39 40 41 42 43 44 45 46 47 48 50 51 54 56 57 59 60 61 62 63 65 67 68 69 70 71 72 73 74 77 78 79 80 81 82 83 84 85 86 88 89 90 91 92 96 97 100 103 104 105 109 110 111 112 113 114 115 116 117 118 119 120 122 123 129 130 131 133 135 136 137 138 140 141 142 143 144 145 146 147 148 149 151 152 153 154 156 157 158 159 160 161 162 163 164 165 167 168 169 170 172 174 175 176 177 178 183 185 187 189 190 192 193 194 195 196 198 199 200 201 202 203 204 206 208 209 212 213 214 216 217 218 219 222 223 226 227 228 229 230 231 232 233 234 236 237 238 239 240 241 242 243 244 245 246 247 248 250 251 252 253 254 255 256 257 258 259 261 263 264 265 266 269 272 273 274 275 276 277 278 279 280 281 282 283 284 286 287 288 289 290 291 292 293 295 296 299 300 301 302 305 308 309 310 311 312 314 316 317 318 320 321 322 324 326 327 329 331 332 333 334 335 336 337 338 340 342 343 344 345 346 347 348 349 350 351 352 353 354 357 358 359 361 362 363 364 365 366 368 369 370 371 373 375 376 378 380 381 382 383 384 387 388 390 391 392 393 394 395 396 397 398 399 400 401 402 403 404 405 406 408 410 411 412 413 416 417 418 419 420 421 422 423 424 425 426 427 428 429 434 436 437 438 439 440 441 442 444 446 447 449 450 451 452 454 455 456 458 459 460 461 462 463 465 466 467 468 469 470 471 472 473 474 475 476 477 478 479 480 481 482 483 484 485 488 489 490 491 492 493 496 497 498 499 989 993 
436: 2 3 4 5 7 8 9 10 11 12 13 14 15 16 17 18 20 21 22 23 24 25 26 27 28 29 30 31 32 33 34 35 36 37 38 40 41 44 45 46 47 48 49 52 53 54 58 59 60 63 64 65 66 67 68 70 71 72 73 74 76 77 80 81 82 83 84 85 86 87 89 90 92 93 94 95 96 98 99 101 103 104 107 109 110 111 112 113 114 115 116 117 118 119 121 122 123 124 126 127 128 129 130 132 133 134 136 137 138 139 140 141 142 143 144 146 147 148 149 150 151 152 156 157 158 159 160 161 162 163 165 166 167 169 170 171 172 176 177 178 179 180 181 183 184 185 186 188 190 191 192 194 195 196 197 198 199 201 202 203 205 206 208 209 210 211 212 213 214 215 216 217 218 219 220 221 223 224 226 227 228 229 230 231 232 233 237 238 240 241 242 243 244 245 247 248 249 251 252 254 256 258 259 260 261 262 263 264 265 266 267 268 269 272 273 274 277 278 279 280 282 283 284 285 287 288 289 290 291 292 293 294 295 296 297 298 299 300 301 302 303 304 305 309 310 311 312 313 314 315 316 317 318 319 320 321 323 324 325 326 327 328 330 332 333 334 335 336 337 338 340 341 342 343 344 347 348 349 350 351 353 355 356 357 358 359 361 362 363 364 365 366 367 368 369 371 372 373 374 375 376 378 379 380 381 382 384 385 386 387 388 390 391 392 393 394 395 396 397 398 400 401 402 403 405 406 407 408 409 410 411 412 413 414 416 417 418 419 420 421 422 424 425 426 427 429 430 433 434 435 437 438 439 440 441 442 443 444 445 446 447 448 449 450 451 452 453 454 455 456 458 459 460 461 462 464 465 466 467 468 469 470 471 472 473 474 475 476 477 479 480 482 484 485 486 488 489 491 492 493 494 495 496 497 498 499 930 937 
437: 0 1 2 4 6 7 8 9 10 12 13 14 15 17 18 19 20 21 22 23 24 25 26 27 28 29 30 31 32 33 34 36 37 38 40 41 42 43 44 47 48 49 50 51 52 53 54 56 57 58 59 60 61 62 63 64 65 68 69 70 71 72 73 74 76 78 79 80 81 82 83 84 87 88 89 90 91 93 95 98 99 100 101 102 104 105 107 108 110 111 112 114 115 116 117 118 119 121 122 124 125 126 128 129 130 131 132 133 134 135 136 138 139 143 144 145 146 147 148 149 150 153 155 156 157 158 159 162 164 165 166 167 168 171 172 174 175 176 178 179 180 182 184 185 189 190 191 193 194 196 197 198 200 202 203 204 210 211 212 213 214 216 217 218 220 221 223 224 226 227 228 231 232 233 234 237 238 239 240 242 243 244 246 249 250 251 255 257 258 259 260 261 262 263 264 265 266 268 269 271 272 273 274 275 276 278 281 282 285 286 287 288 289 291 292 294 298 299 300 301 303 304 305 306 307 308 309 310 311 314 315 316 317 319 320 323 325 326 327 328 329 331 332 333 334 335 337 338 340 341 342 343 344 345 348 349 350 351 352 354 356 358 359 360 361 362 363 364 365 367 368 369 370 371 372 374 375 376 377 378 379 380 382 383 386 389 390 391 394 395 396 397 399 400 401 402 403 404 405 406 407 409 412 413 414 415 416 417 420 421 425 427 428 430 432 433 434 435 436 438 439 440 441 442 443 444 445 446 447 448 449 450 451 452 453 454 456 457 459 460 461 462 463 464 465 466 467 469 470 471 473 475 476 477 478 480 481 483 484 485 487 488 489 491 492 493 494 495 496 497 498 602 
438: 0 1 2 3 4 5 8 9 10 11 12 13 15 16 17 18 19 20 24 26 31 32 34 35 36 37 40 42 43 44 45 47 48 49 50 51 52 53 54 56 58 59 60 62 63 64 66 68 69 70 71 74 75 76 77 79 81 82 83 84 85 88 89 90 92 93 95 96 97 99 100 101 102 103 104 105 106 107 108 110 111 114 115 116 117 118 119 120 121 122 124 126 127 128 129 130 131 132 134 135 136 138 141 142 143 144 146 147 148 149 150 151 152 153 156 157 158 159 160 161 162 163 164 165 166 167 168 169 170 171 172 173 174 176 177 178 181 182 183 184 186 187 189 191 193 194 195 196 197 198 199 200 201 204 205 206 207 208 210 211 212 213 214 215 216 217 218 220 225 226 227 228 229 230 231 232 233 234 235 236 237 238 239 241 242 243 244 245 246 247 248 250 252 253 254 255 256 257 259 260 261 262 263 266 267 268 269 270 271 272 273 274 275 277 279 280 281 282 285 286 288 289 290 292 293 294 295 296 299 300 301 302 304 305 307 308 311 312 313 314 315 316 317 318 319 320 321 322 323 324 325 326 327 328 329 330 331 332 334 335 336 338 339 340 341 343 345 348 349 350 352 353 354 356 357 358 359 361 364 365 366 368 369 370 371 374 375 376 377 378 380 381 382 383 385 386 387 389 390 391 392 393 394 395 396 397 398 399 400 401 402 403 404 405 406 407 408 411 412 413 414 415 417 418 420 421 422 423 424 425 426 427 428 429 432 433 434 435 436 437 439 440 441 442 443 444 445 446 447 448 451 452 453 455 456 459 460 461 462 463 464 465 466 467 470 471 472 474 475 476 477 478 480 481 482 484 485 487 489 490 491 492 493 494 495 496 497 498 
439: 0 1 2 3 5 8 9 10 11 12 13 14 15 16 18 19 20 21 22 26 27 28 29 31 32 33 34 35 36 37 38 40 41 42 43 44 45 46 47 48 49 50 51 53 55 57 58 59 60 61 62 63 64 65 66 68 69 70 71 72 73 75 76 77 78 79 80 81 82 83 85 86 87 88 89 92 93 94 96 97 99 102 103 105 106 107 109 110 111 112 114 116 117 118 119 121 122 123 126 128 129 130 132 133 135 136 137 138 140 141 142 144 147 148 149 151 152 154 155 156 159 160 161 162 163 164 165 166 167 169 171 172 175 176 177 179 180 182 183 184 187 191 192 193 194 195 196 197 199 200 203 204 205 206 207 209 210 212 213 214 215 216 217 218 219 220 222 224 225 226 227 229 231 232 234 235 236 237 238 239 240 241 243 244 246 247 248 249 250 251 252 253 254 255 256 257 258 259 260 261 264 266 267 269 271 272 273 275 276 277 278 279 280 281 282 283 284 286 287 288 290 291 293 294 295 297 299 300 301 302 303 304 305 307 308 310 311 312 313 315 317 318 319 321 322 323 324 325 326 327 328 329 331 332 334 337 338 340 342 345 346 347 349 352 353 354 357 358 359 360 361 362 364 365 366 367 369 371 372 373 374 375 376 377 378 379 380 381 383 384 385 386 387 388 389 391 393 394 395 396 397 398 399 400 401 402 403 404 405 408 409 410 411 413 414 415 416 417 419 421 422 423 424 425 426 427 428 430 431 432 433 435 436 437 438 441 442 443 444 445 446 449 450 451 452 454 455 456 457 458 459 460 461 462 463 464 465 468 469 470 471 472 473 474 475 476 477 478 480 481 482 483 484 486 488 489 490 491 492 493 494 497 499 614 755 
440: 0 1 2 3 4 5 6 7 9 11 12 13 14 15 16 17 18 19 20 21 22 24 25 27 28 29 30 31 32 33 35 36 37 38 39 40 41 43 44 45 46 47 48 49 50 51 52 53 54 55 56 57 58 61 63 65 66 67 68 69 70 71 72 74 75 76 77 79 80 82 83 84 85 88 89 90 91 92 94 95 96 97 100 101 102 103 105 107 108 109 110 111 112 113 114 115 116 117 118 120 121 124 125 126 127 128 130 133 134 135 137 138 139 141 142 143 144 146 147 148 149 150 151 152 153 154 155 156 157 159 160 161 162 163 164 165 167 168 169 170 171 172 174 175 176 179 180 181 182 183 184 185 186 187 190 191 192 194 195 196 197 198 199 200 201 202 203 204 206 207 208 211 212 213 214 215 216 217 220 221 222 223 224 225 227 229 230 231 232 233 234 235 236 237 239 240 241 242 243 244 246 247 248 249 250 253 254 255 256 257 258 259 260 261 262 263 264 265 266 267 268 269 270 271 272 275 277 278 279 281 282 283 284 285 286 287 288 289 290 291 292 293 295 296 297 299 300 301 302 303 306 308 309 310 311 312 313 315 316 317 318 319 320 322 324 326 327 328 331 332 334 335 336 338 339 340 341 342 343 344 345 346 347 348 350 351 352 353 354 356 357 358 359 360 363 365 367 368 369 371 372 373 374 375 376 377 378 379 380 381 382 383 384 386 388 389 390 392 393 394 395 396 397 399 400 401 403 404 408 410 411 412 413 414 415 416 417 418 419 420 422 423 424 425 426 427 428 430 431 432 433 434 435 436 437 438 441 442 444 445 446 447 448 449 451 452 454 455 457 458 459 460 461 462 464 465 466 467 468 470 472 473 475 477 478 479 481 482 483 485 488 489 490 493 494 496 497 499 689 
441: 1 2 3 4 6 7 8 9 11 13 14 16 17 18 19 20 21 23 24 25 27 28 30 31 32 33 34 35 36 37 38 39 40 41 42 43 45 46 47 48 49 52 53 54 55 58 59 61 62 66 67 69 70 71 72 75 76 77 78 79 80 81 82 84 85 86 87 88 89 90 91 92 93 94 96 97 98 99 101 103 104 105 106 107 108 109 110 111 112 114 115 116 117 118 119 120 121 124 125 127 128 129 131 132 133 134 135 136 138 140 141 142 143 144 145 147 149 150 151 152 156 157 158 159 160 161 162 163 164 166 167 168 170 172 174 176 178 179 180 181 182 183 184 185 186 187 188 189 190 191 192 193 194 195 196 198 200 201 202 203 205 206 207 209 210 211 212 213 214 215 217 218 222 224 225 227 228 229 231 232 233 234 235 236 237 238 239 240 241 242 243 244 248 249 250 251 252 254 255 256 257 258 259 261 262 263 264 265 266 267 268 269 270 271 272 273 274 275 277 278 279 280 282 283 284 285 287 288 289 290 291 292 293 294 295 296 297 298 300 301 303 304 305 306 307 308 311 312 314 315 316 317 318 321 322 324 326 327 328 329 330 331 332 333 334 335 336 338 341 342 343 344 345 346 348 350 351 352 353 354 355 356 357 358 359 360 363 364 365 366 367 370 371 372 373 374 375 376 377 378 379 381 382 383 385 386 388 389 391 392 393 394 395 396 397 403 404 405 406 407 408 409 411 412 413 414 415 417 418 419 420 421 422 423 424 425 426 427 428 429 430 431 432 433 435 436 437 438 439 440 442 443 445 446 448 449 450 452 453 454 455 456 457 458 459 461 462 463 464 465 466 467 468 469 470 471 476 480 481 482 483 484 486 489 491 492 493 494 496 497 498 499 691 
442: 0 1 3 4 5 6 7 8 9 11 12 13 14 15 16 18 19 20 21 22 23 24 25 26 27 28 29 31 32 33 34 35 39 40 41 42 44 45 46 47 48 52 55 58 59 60 62 63 66 67 68 70 71 72 73 75 76 77 78 80 82 83 84 86 88 89 90 91 92 95 96 97 98 99 100 102 104 105 106 107 109 111 112 113 119 120 121 122 123 124 126 127 128 129 130 131 132 133 134 135 136 138 140 142 143 144 145 146 147 148 149 150 151 152 156 157 158 159 160 161 162 164 166 167 168 170 171 173 174 177 178 179 180 181 182 184 185 186 187 188 189 190 191 193 194 196 198 199 202 205 209 211 212 213 215 216 218 219 220 221 222 223 225 227 229 230 231 232 233 235 237 243 244 245 246 247 249 250 251 252 253 256 258 259 261 262 263 264 265 266 268 269 272 273 274 275 276 277 278 279 281 282 283 284 285 286 287 288 290 291 292 293 295 297 298 300 301 302 303 304 305 308 309 310 312 313 315 316 317 319 321 322 323 324 326 327 328 329 330 333 334 335 336 337 338 339 341 342 344 345 346 347 348 350 351 352 354 355 357 358 359 360 361 362 363 365 366 368 369 371 372 373 374 375 376 377 379 381 382 383 386 387 388 389 391 392 393 394 395 396 398 400 401 402 403 404 405 406 407 408 411 413 414 417 418 419 420 421 422 423 425 426 427 428 429 431 432 433 434 435 436 437 438 439 440 441 443 444 446 447 448 449 450 451 452 453 454 455 457 458 460 461 462 463 464 465 466 467 468 469 470 471 472 475 476 477 478 482 483 484 485 486 487 488 490 491 493 495 497 498 499 666 670 699 793 754 
443: 1 3 4 5 6 8 9 15 16 17 18 19 20 23 24 26 27 29 30 33 34 35 36 37 38 39 40 41 42 43 44 45 46 47 48 49 50 52 53 54 55 56 57 59 61 63 64 65 66 67 69 71 72 73 74 75 76 77 78 79 80 81 82 83 84 85 87 90 91 92 93 94 96 98 99 101 102 103 104 105 108 109 110 111 112 113 114 117 119 121 122 123 124 125 126 127 128 129 130 131 132 134 135 136 137 138 139 141 142 144 145 147 148 149 151 152 153 154 156 157 158 159 160 161 163 164 167 168 169 170 171 173 174 175 176 177 178 179 180 181 182 183 185 186 188 190 192 193 194 195 198 199 200 202 205 206 207 209 210 212 213 214 215 216 217 218 220 221 222 223 225 226 227 228 230 231 232 233 234 235 237 238 240 241 243 244 245 246 247 248 249 250 254 255 256 257 258 259 260 261 263 264 265 266 267 268 269 270 271 272 273 274 275 276 277 278 280 281 282 283 285 286 287 289 290 292 293 294 296 297 298 299 302 303 305 306 307 309 310 311 312 314 315 316 318 320 322 326 327 328 329 330 331 332 335 336 337 338 339 340 341 344 345 346 347 349 351 352 354 356 357 358 359 361 363 364 365 366 367 368 369 370 375 377 378 379 380 382 383 384 385 386 387 388 389 390 391 392 393 394 395 396 397 398 400 401 402 405 406 407 408 409 410 412 414 415 416 417 418 419 421 423 424 425 426 427 428 430 431 432 433 434 436 437 438 439 441 442 444 446 447 448 449 451 453 454 455 456 457 458 459 460 461 462 463 464 465 466 467 468 469 470 471 472 473 474 475 476 477 479 481 483 486 487 488 490 493 494 495 496 497 498 659 980 
444: 0 2 3 5 7 9 11 12 13 14 15 16 17 18 20 21 22 23 24 25 27 28 30 31 32 33 34 35 37 38 39 40 41 42 43 45 46 47 48 49 50 51 52 53 54 55 56 58 59 60 61 62 63 64 65 68 70 71 73 74 75 76 77 78 79 80 84 86 87 88 89 91 92 93 94 95 96 97 98 99 100 101 102 103 104 105 106 107 108 109 110 111 112 113 114 115 117 118 119 120 121 122 123 124 125 126 127 128 129 130 131 132 133 134 135 137 139 140 141 142 143 144 145 146 147 149 150 151 152 153 155 157 158 159 161 162 163 164 165 168 170 171 172 173 174 176 177 178 179 180 181 183 184 185 186 187 188 189 190 191 192 193 194 195 196 197 198 199 200 201 202 204 205 206 208 209 210 211 212 214 216 217 218 219 220 221 222 224 225 226 227 228 230 231 233 234 235 236 238 239 240 241 242 243 245 246 247 248 250 251 252 253 255 256 257 258 259 260 261 262 263 265 266 267 269 270 271 272 273 274 275 276 277 278 279 280 281 282 283 284 285 286 287 288 289 290 291 292 294 296 297 299 300 301 302 303 304 306 308 309 310 311 313 314 315 316 317 318 319 321 322 323 324 325 326 328 329 330 331 333 334 335 336 337 340 342 343 345 346 347 348 350 352 353 354 355 357 358 359 362 364 365 366 367 368 369 370 371 372 373 375 376 377 378 379 380 381 382 383 384 385 386 387 389 392 393 394 395 396 397 398 399 400 402 404 406 410 411 412 413 414 418 419 420 421 422 423 426 427 428 429 430 431 433 435 436 437 438 439 440 442 443 445 446 447 448 449 450 451 452 453 455 456 457 459 460 461 463 466 467 469 470 471 472 473 474 475 476 477 478 480 481 482 483 484 485 486 487 488 489 490 491 492 493 494 495 497 498 499 655 969 
445: 1 2 4 5 7 8 9 10 11 12 14 15 16 17 19 20 21 22 24 25 26 27 28 30 32 35 37 38 39 41 42 45 46 49 50 51 52 53 54 56 57 58 59 60 61 62 65 66 67 69 70 71 72 73 74 75 76 77 78 79 80 81 82 84 85 86 88 89 90 91 92 93 95 96 97 98 99 100 101 103 104 105 106 107 108 110 111 112 114 115 116 117 118 119 121 123 124 126 127 128 129 131 132 133 134 135 136 137 138 139 140 141 143 144 145 146 147 148 149 150 151 152 153 154 155 156 157 158 159 160 161 162 163 164 165 166 169 170 171 172 173 174 175 176 177 178 179 180 181 182 184 185 186 187 189 190 191 193 194 195 196 197 198 199 201 202 203 204 205 207 209 211 212 214 216 217 218 219 220 221 222 223 224 225 226 227 228 229 231 232 234 235 236 238 240 241 243 244 245 246 247 249 252 254 255 256 257 258 259 260 261 262 263 265 266 268 269 272 275 276 277 278 279 281 282 283 284 285 286 287 288 289 290 291 294 295 296 297 298 299 300 301 302 303 304 306 307 308 309 310 311 312 313 315 316 318 319 320 322 323 325 326 327 328 329 331 334 336 337 338 339 340 341 342 343 344 345 346 347 348 349 350 351 353 354 355 357 358 359 360 361 362 363 364 365 366 367 368 369 371 372 373 374 376 377 379 380 382 384 386 387 388 390 391 394 396 397 398 399 400 401 402 404 406 407 408 409 410 411 412 413 414 415 416 417 419 420 421 422 423 424 425 426 427 429 430 431 432 433 434 436 437 438 439 440 441 444 446 447 448 451 452 453 454 456 458 459 461 462 463 464 465 466 467 468 469 470 471 473 475 476 477 478 479 480 481 482 483 484 485 487 488 489 490 493 495 496 497 498 499 
446: 0 1 2 3 4 5 6 7 9 11 12 14 16 17 18 19 21 23 24 25 27 28 29 30 31 33 35 36 37 38 39 41 42 43 44 45 47 52 53 54 55 56 57 60 61 62 63 64 65 66 68 69 70 71 72 75 77 78 79 80 81 82 85 86 87 89 91 94 95 96 97 99 100 101 103 104 105 106 109 110 111 112 116 119 121 123 124 125 126 127 128 129 130 133 134 135 137 138 139 141 142 143 145 147 149 150 151 152 153 154 155 156 157 158 160 161 162 163 164 165 166 167 169 171 172 173 174 176 177 178 179 181 182 183 184 186 188 189 190 192 193 195 196 197 198 200 202 203 204 205 206 208 209 210 212 213 214 215 216 218 220 221 222 223 224 225 226 228 229 230 233 234 235 236 238 239 240 243 244 246 247 250 251 252 253 254 255 256 257 258 259 260 261 262 265 266 267 268 269 272 273 276 277 280 281 282 286 287 288 289 290 293 295 296 297 298 299 300 301 302 303 304 305 306 308 309 310 313 314 316 317 318 319 320 321 322 323 326 327 328 329 331 332 333 336 337 338 339 340 341 342 343 345 347 348 349 350 352 353 354 355 356 358 359 360 361 363 364 365 366 370 371 372 373 375 378 379 380 381 382 385 386 387 389 390 391 392 395 396 398 399 400 401 403 405 407 408 409 410 411 412 415 416 418 419 420 422 423 424 425 426 427 428 429 430 432 433 434 435 436 437 438 439 440 441 442 443 444 445 447 449 450 452 453 454 455 456 457 458 459 460 461 462 463 464 465 466 467 468 469 470 471 472 473 474 475 476 477 478 480 482 483 485 486 487 488 489 490 491 492 493 495 496 497 498 640 999 
447: 0 1 2 3 5 6 7 8 9 10 11 12 13 14 15 16 17 18 20 21 22 25 26 29 30 31 32 33 35 36 38 39 41 43 45 46 48 49 51 52 53 54 55 57 58 59 60 61 64 65 66 67 68 69 70 71 72 75 77 78 79 82 83 84 85 86 87 88 89 90 92 93 94 95 96 97 98 99 100 101 102 103 104 107 109 110 111 112 113 114 115 116 117 118 120 121 122 123 124 125 126 128 129 130 131 133 134 135 136 138 139 141 142 143 144 146 147 148 149 150 151 152 154 155 156 157 158 159 160 161 162 163 166 167 168 169 170 171 174 175 177 178 180 182 183 184 185 186 187 188 191 192 193 194 196 198 200 202 206 207 208 211 212 213 214 215 219 220 221 222 228 230 231 232 233 234 235 236 237 238 239 240 241 242 243 244 245 246 247 248 249 251 252 253 254 257 258 260 261 263 264 265 266 267 268 270 271 272 273 274 275 276 277 278 279 280 282 283 284 285 288 289 290 293 296 297 298 299 300 301 302 303 305 306 307 308 309 310 311 312 313 314 317 319 322 323 326 327 328 329 330 331 333 334 336 337 339 340 342 345 346 347 348 349 352 353 354 356 357 358 359 360 361 362 365 366 367 369 370 373 374 375 378 379 380 381 383 384 385 386 387 388 389 390 391 392 393 394 395 396 397 398 399 400 401 402 404 405 407 408 409 411 412 415 417 419 420 421 422 424 425 426 427 428 429 430 431 432 433 434 435 436 437 438 440 442 443 444 445 446 448 449 450 451 453 454 456 457 458 459 461 462 463 464 465 466 468 469 471 472 474 475 476 477 480 481 482 484 485 486 487 488 489 490 491 492 493 494 495 496 498 499 657 660 945 971 
448: 0 1 3 4 6 7 8 9 11 12 13 14 15 16 18 19 20 21 22 23 24 26 27 28 29 30 32 33 34 35 39 40 41 42 43 44 45 46 47 48 49 51 52 53 54 55 56 58 59 60 62 63 64 65 66 67 68 69 70 71 72 75 76 77 78 79 83 85 86 87 89 90 91 92 93 94 97 98 99 100 101 103 104 106 107 108 109 110 111 112 115 116 117 120 121 122 123 125 127 128 129 130 131 132 133 134 135 137 138 139 140 141 143 144 145 146 147 148 150 151 152 153 154 155 156 157 158 159 160 161 162 163 164 165 166 167 168 169 171 172 173 174 175 176 177 178 179 180 181 183 185 187 188 189 190 191 192 193 194 195 196 198 200 203 204 205 206 207 209 210 212 213 214 215 216 218 219 221 222 223 224 226 227 229 230 231 232 233 235 236 238 239 240 241 242 243 244 245 246 247 248 250 251 252 253 254 255 256 257 259 260 261 262 266 267 268 269 270 271 272 274 276 278 279 280 281 282 283 284 285 287 288 289 290 293 294 296 297 298 299 300 301 302 304 305 306 308 309 310 311 312 313 314 315 316 318 320 321 323 324 325 327 328 330 333 334 335 336 337 339 340 342 343 344 345 346 349 351 352 353 354 355 356 357 358 359 360 361 362 363 364 365 367 368 369 370 371 372 373 374 375 377 378 379 380 381 382 383 384 385 386 387 388 389 391 393 394 398 400 401 402 403 404 405 407 409 412 413 415 417 418 419 423 424 425 426 427 428 429 430 431 432 433 434 436 437 438 440 441 442 443 444 445 447 449 450 452 453 456 457 458 460 461 462 464 465 467 468 471 472 473 474 475 476 477 478 479 480 481 482 483 484 485 486 487 489 490 491 493 494 495 497 498 499 654 677 
449: 0 1 4 5 7 8 10 13 14 17 19 20 21 22 23 24 25 27 29 31 32 33 34 35 36 37 38 39 41 42 43 44 45 46 47 48 49 52 53 54 55 56 57 58 59 60 61 62 63 64 65 66 67 68 69 70 71 72 75 76 77 78 79 80 81 82 83 85 86 87 88 90 91 92 93 94 95 97 98 100 101 102 103 104 105 106 108 109 111 112 113 115 116 117 118 119 120 121 122 123 124 125 126 128 129 131 132 134 135 136 137 138 139 142 143 146 147 148 149 150 151 152 153 155 156 157 158 159 160 161 163 164 167 169 171 172 173 175 176 177 178 179 180 182 183 185 186 187 188 189 190 192 194 195 196 197 199 200 203 204 205 206 207 210 211 212 213 214 215 216 217 218 219 220 221 222 223 224 227 228 229 230 231 232 234 235 237 239 240 243 244 247 249 250 251 254 255 257 260 261 263 264 266 268 269 270 271 273 275 276 277 278 279 282 284 285 286 287 288 289 292 293 294 295 296 297 298 299 300 301 302 303 304 305 306 308 309 312 313 314 315 316 317 318 320 323 324 325 327 329 330 332 333 334 335 336 337 338 339 340 341 342 344 346 347 348 351 353 355 356 357 358 359 360 361 362 363 364 366 367 368 369 370 371 372 374 376 377 379 380 381 382 383 385 386 387 388 389 391 393 394 395 397 402 403 404 405 409 410 411 414 415 417 418 419 421 422 423 425 426 429 431 433 434 435 436 437 439 440 441 442 443 444 446 447 448 450 451 456 458 460 462 463 464 466 467 468 469 470 473 474 475 476 477 478 480 481 482 483 484 485 486 487 488 489 490 492 493 494 495 496 497 498 499 952 953 
450: 0 2 3 5 6 7 8 10 12 13 16 19 20 21 22 23 24 25 26 27 28 29 30 31 32 33 34 37 38 39 40 41 43 44 45 47 49 51 52 53 55 57 59 60 61 62 64 65 69 70 72 74 75 76 77 78 79 82 85 86 89 90 92 93 94 95 96 97 98 99 100 101 102 103 104 105 106 107 108 109 110 111 112 113 114 115 116 117 118 119 120 121 122 124 126 127 129 131 132 133 134 135 136 137 138 139 140 141 142 143 144 145 146 148 149 150 151 152 153 154 155 156 157 158 160 161 162 163 164 167 168 170 171 172 173 174 175 176 177 178 179 180 181 182 186 188 189 190 191 192 194 195 197 198 201 202 203 204 205 206 207 208 209 210 211 212 213 214 215 217 220 221 222 223 224 225 226 227 228 229 231 232 233 234 235 238 239 240 241 242 244 245 246 247 248 249 250 251 252 254 256 257 258 260 261 262 263 265 266 267 269 270 273 274 275 276 277 278 279 280 281 282 283 284 285 286 287 289 291 292 293 294 295 296 297 298 299 300 301 302 304 305 307 308 309 310 312 314 315 316 317 318 319 320 321 322 325 326 328 329 330 331 332 334 335 336 337 339 341 342 344 346 347 348 349 350 351 352 353 355 356 357 359 360 361 362 363 365 366 367 371 372 374 375 377 378 379 380 381 382 383 384 385 386 387 388 389 390 391 392 393 396 397 399 400 401 402 404 405 406 408 409 411 412 413 414 415 416 417 418 419 420 421 423 424 425 426 427 428 429 430 431 432 433 434 435 436 437 439 441 442 444 446 447 448 449 451 453 454 456 457 458 459 461 462 463 464 465 466 467 468 469 470 472 473 474 475 476 477 479 480 482 484 486 487 488 489 493 495 496 497 498 499 647 682 931 
451: 0 2 3 4 5 6 8 9 10 11 14 15 16 17 19 20 22 23 24 26 27 30 31 32 33 34 36 39 40 41 42 43 44 46 47 49 50 51 52 53 56 57 59 60 61 62 63 65 66 67 68 69 70 71 72 73 74 75 76 77 78 80 81 82 83 84 85 86 87 88 89 90 91 92 93 94 95 96 99 100 101 102 103 104 105 106 107 108 109 110 111 112 113 115 116 117 118 119 120 122 123 124 125 126 128 129 131 132 133 135 136 137 138 140 141 142 143 144 147 148 149 151 152 153 154 155 156 157 158 162 163 164 165 166 167 168 169 172 173 174 175 176 177 180 181 182 183 185 186 187 191 192 194 195 196 197 198 199 201 202 203 204 206 207 209 211 213 214 215 216 218 222 225 226 227 228 230 231 232 233 234 236 237 238 239 241 242 243 245 249 250 251 252 254 255 256 257 258 260 262 263 264 265 266 267 270 271 272 275 277 278 279 281 283 285 286 287 290 291 292 293 294 295 298 299 301 302 303 304 305 306 307 308 309 310 311 312 313 314 315 318 319 320 321 323 324 327 330 332 333 334 335 336 337 338 339 341 342 343 344 345 347 348 349 350 351 352 353 354 355 356 358 359 360 361 362 363 364 365 367 370 371 372 373 374 375 376 378 380 381 383 384 386 387 388 389 390 391 392 393 394 395 397 398 399 401 403 404 405 406 407 408 409 410 411 412 413 414 415 416 417 418 420 421 423 424 425 426 428 431 433 434 435 436 437 438 439 440 442 443 444 445 447 449 450 453 454 456 457 458 459 460 461 462 464 465 466 467 468 469 471 472 475 478 479 480 481 484 485 486 487 488 490 491 492 493 494 496 497 498 609 620 624 765 
452: 0 2 4 5 6 7 8 9 11 13 14 15 16 17 18 19 20 21 22 24 25 26 27 29 30 31 32 33 34 35 36 37 38 39 41 42 43 45 46 48 52 53 54 55 56 57 58 59 60 62 64 65 66 67 68 70 71 74 75 76 77 78 80 82 85 87 88 89 90 92 93 95 96 99 102 103 104 105 109 110 111 112 114 115 116 117 119 120 121 122 123 124 126 127 128 129 130 131 132 133 134 135 136 137 139 140 141 142 143 144 147 148 149 152 153 154 155 156 157 158 159 161 162 163 165 168 169 170 171 172 173 174 175 177 178 179 180 181 182 183 184 185 187 188 190 192 193 194 195 196 197 199 200 202 203 204 205 206 207 209 210 211 212 213 214 215 217 218 219 220 221 223 224 227 229 231 232 233 236 237 238 239 240 241 242 243 244 245 246 247 248 249 250 251 253 255 256 257 260 261 262 263 264 266 267 271 272 273 274 275 276 277 278 280 281 282 283 284 285 286 288 291 294 295 297 298 299 300 301 302 304 305 306 307 309 310 312 313 314 315 316 317 318 319 320 321 322 323 325 326 327 329 330 331 332 333 334 335 336 337 338 340 341 342 343 344 345 347 348 349 350 351 352 353 354 355 356 359 360 362 364 365 366 368 371 373 374 375 376 377 378 379 380 381 383 384 385 386 387 388 389 392 393 394 395 396 398 399 400 401 402 403 404 406 407 409 410 413 414 415 416 417 419 420 422 423 425 426 427 429 430 433 434 435 436 437 438 439 440 441 442 444 445 446 448 453 454 455 456 457 458 459 460 461 462 464 465 466 469 470 471 473 475 478 479 480 482 483 484 485 486 487 489 490 492 493 494 497 644 663 695 779 753 
453: 1 2 3 4 5 7 8 9 11 13 14 17 18 19 20 21 23 24 25 27 28 32 35 36 37 38 42 43 44 47 48 49 50 53 55 57 58 59 60 61 62 64 65 66 67 69 73 74 75 77 78 79 80 81 83 85 86 88 89 91 92 93 94 95 96 98 99 102 105 107 108 109 110 111 113 116 118 120 121 122 123 125 127 128 129 130 131 132 134 135 136 137 138 140 143 145 146 147 148 149 150 151 152 153 154 155 156 157 158 159 161 162 164 165 166 167 168 169 170 171 173 174 175 176 177 178 179 183 184 185 186 188 189 191 192 193 194 196 197 199 201 203 204 205 207 208 209 210 211 212 214 215 216 217 218 219 222 223 225 226 227 229 230 231 233 234 235 236 237 238 239 240 241 243 244 245 247 248 249 250 251 252 253 254 255 256 257 258 260 261 266 267 269 270 272 273 274 275 276 277 278 279 280 281 282 283 284 285 286 287 288 289 291 292 293 296 297 298 299 301 302 303 304 305 306 307 308 309 310 311 312 313 314 315 316 317 318 321 323 325 327 330 331 332 333 334 335 337 338 340 341 342 343 344 345 348 349 350 352 353 354 355 356 357 358 360 361 362 364 365 366 367 368 369 370 371 372 373 374 375 377 378 379 380 381 382 383 384 386 387 388 389 390 391 392 393 395 396 398 401 403 404 405 406 408 409 410 412 413 414 415 416 419 420 422 423 424 425 426 429 432 433 434 436 437 438 441 442 443 444 445 446 447 448 450 451 452 454 456 458 459 461 462 463 464 465 466 467 468 469 470 471 472 474 476 477 478 481 483 484 485 486 487 489 490 491 492 493 494 495 497 498 941 942 
454: 0 2 4 5 6 7 8 9 10 12 13 14 15 17 18 19 20 21 23 24 25 26 27 29 30 31 32 33 35 36 37 38 39 40 41 42 44 45 47 49 50 51 52 56 57 58 59 60 61 62 63 64 65 66 67 68 69 70 72 73 74 76 77 79 80 81 83 85 87 88 90 93 94 95 96 99 100 102 103 104 105 106 107 108 109 110 111 112 114 115 116 118 119 120 121 123 124 125 126 127 128 129 130 133 135 136 138 139 143 144 146 147 148 149 150 151 152 153 154 155 156 157 158 159 160 161 163 164 165 166 167 168 169 171 172 173 174 175 176 177 178 180 181 183 184 185 187 188 189 192 193 194 195 196 197 198 199 201 202 203 204 205 208 209 211 212 213 214 215 216 217 218 219 221 222 223 225 226 227 228 229 230 231 232 234 236 237 238 240 241 242 243 244 245 246 247 249 250 251 252 253 254 255 257 258 259 261 262 263 264 265 266 267 268 270 271 272 273 274 276 278 279 280 281 283 284 285 286 288 289 290 291 292 294 295 296 298 302 303 305 306 307 308 309 310 312 313 314 315 316 317 320 321 322 324 325 326 327 328 329 330 333 334 335 337 339 340 341 342 343 344 345 346 347 349 350 351 352 354 355 356 358 359 360 362 364 365 366 367 368 369 370 371 372 375 376 377 378 379 380 381 382 384 387 388 389 390 391 393 395 397 398 400 401 403 404 405 406 408 409 410 411 412 413 414 415 416 417 418 420 421 426 429 431 432 433 435 436 437 439 440 441 442 443 445 446 447 450 451 452 453 455 456 457 459 461 463 464 466 467 468 469 470 472 473 474 476 478 480 481 482 483 484 486 487 488 489 490 491 493 494 495 496 499 
455: 0 1 3 4 5 6 8 9 10 11 15 16 17 18 19 21 22 23 24 25 26 27 28 29 31 32 33 35 36 37 38 39 40 41 42 43 44 45 46 47 48 49 50 52 53 54 55 56 58 59 60 61 62 64 65 68 71 72 76 77 79 80 82 83 84 85 86 87 88 90 91 92 93 94 95 97 98 99 100 101 102 104 105 106 107 109 110 111 113 115 116 117 119 120 121 122 123 124 125 126 127 129 130 131 132 133 134 135 136 137 138 140 141 143 144 145 147 149 150 152 153 154 155 156 157 158 159 160 161 162 163 164 166 168 169 170 171 172 173 174 177 180 181 182 183 185 186 188 189 190 191 192 193 194 195 196 197 200 201 204 206 207 209 210 211 212 213 214 215 217 218 219 221 222 223 224 225 226 227 228 229 230 231 232 233 234 235 236 237 238 239 240 241 242 243 245 246 247 248 250 252 253 254 256 257 259 260 261 262 263 264 266 268 270 272 273 275 276 277 278 279 280 281 283 284 285 286 290 291 293 294 295 296 297 298 304 307 308 309 310 311 312 313 314 315 316 319 320 322 324 325 328 330 331 332 333 334 335 337 338 340 341 342 344 346 347 348 349 350 351 353 354 355 356 360 361 362 363 364 365 369 370 372 373 374 375 376 377 378 379 380 381 382 383 384 386 387 388 389 390 391 392 393 394 395 397 398 399 401 403 404 405 406 407 408 410 411 412 414 415 416 417 418 419 420 421 422 423 425 427 428 429 430 432 433 434 435 436 438 439 440 441 442 443 444 446 452 454 456 457 458 459 460 462 463 464 465 466 467 468 469 471 472 475 476 477 478 479 480 481 482 483 485 486 487 488 489 491 492 493 494 495 497 498 499 629 667 771 950 
456: 0 1 2 3 5 7 8 9 10 11 13 14 15 16 17 18 19 20 21 22 23 25 26 27 28 29 30 31 32 34 36 37 38 39 40 42 43 44 45 46 47 48 49 50 52 53 54 55 56 57 58 62 63 64 65 66 67 68 71 72 73 74 76 77 78 79 80 82 84 85 87 88 89 90 91 92 93 94 95 96 97 98 99 100 101 102 105 109 110 112 113 114 115 116 117 118 119 120 122 123 124 126 128 129 131 132 133 134 135 136 137 138 139 140 141 142 143 144 145 147 148 149 150 151 152 153 154 155 156 157 158 159 160 161 162 163 164 165 166 167 168 169 170 171 172 173 176 177 178 179 180 182 184 185 186 187 189 190 191 192 194 196 197 199 200 201 202 203 204 205 206 207 208 209 210 211 212 213 214 215 216 217 218 219 220 222 224 225 227 228 230 231 232 233 234 235 236 237 239 240 242 243 244 248 249 250 251 252 253 254 255 256 257 258 259 261 263 264 265 266 267 268 271 273 274 275 277 280 281 283 284 285 286 287 290 291 292 293 294 295 297 298 299 300 301 302 303 304 305 307 308 310 311 312 314 315 316 317 319 320 321 322 323 326 328 329 330 331 332 333 334 335 336 340 341 342 344 346 347 348 349 350 351 352 353 355 356 359 360 361 362 364 365 366 368 369 370 371 372 373 374 375 376 377 378 380 381 382 383 384 386 387 390 391 392 393 394 395 396 397 399 400 401 402 403 404 405 406 408 410 411 412 413 414 415 416 417 418 419 420 421 422 424 425 426 427 428 429 430 432 433 434 435 436 437 438 439 441 443 444 445 446 447 448 449 450 451 452 453 454 455 457 461 462 464 465 466 467 470 471 473 474 476 477 478 479 480 481 483 484 485 486 488 489 491 492 493 495 496 497 498 693 
457: 0 2 4 6 9 10 11 13 15 16 17 18 19 20 21 22 23 24 25 27 28 30 31 32 33 34 35 36 37 38 40 41 42 43 44 45 49 50 51 52 54 55 56 57 58 59 62 67 70 71 72 74 76 77 78 79 80 82 84 85 87 89 90 91 92 93 94 95 97 98 99 100 101 105 106 107 108 109 110 111 112 113 114 115 117 120 121 122 123 124 125 126 127 129 130 131 132 133 134 137 138 141 142 143 147 150 151 152 154 155 156 157 158 159 160 161 162 163 164 165 166 168 170 171 172 173 174 175 176 177 178 179 181 182 183 184 185 186 188 189 190 191 192 195 196 198 199 200 201 202 203 204 205 206 207 208 209 210 211 212 213 215 216 217 218 220 221 222 223 224 225 226 228 229 230 231 232 233 234 235 236 239 240 241 242 244 246 247 248 249 250 251 252 253 257 258 259 260 261 262 263 264 266 267 268 269 271 272 273 275 276 277 278 279 281 283 284 285 286 287 288 289 290 292 293 294 297 298 300 304 305 306 310 311 312 313 316 317 318 319 321 323 325 326 327 328 329 330 331 332 334 335 336 337 338 341 343 344 345 346 347 348 350 351 352 354 355 356 357 358 359 360 361 363 365 366 367 368 370 372 374 375 377 378 379 380 381 382 383 384 385 387 388 389 390 391 392 395 396 397 398 399 401 402 403 404 405 406 407 408 409 410 412 413 415 416 418 419 420 422 423 425 426 427 428 429 431 433 437 439 440 441 442 443 444 446 447 448 450 451 452 454 455 456 460 461 462 463 464 465 466 467 468 469 470 472 473 474 476 477 478 479 480 482 483 485 486 487 489 490 492 493 495 496 497 498 499 
458: 0 1 2 3 5 6 7 8 9 11 13 15 16 17 18 19 20 21 22 23 24 26 27 28 29 31 32 33 34 35 36 37 38 39 40 41 42 43 44 45 47 50 51 52 54 55 56 59 60 61 62 63 65 66 67 68 69 71 74 75 76 77 78 80 81 82 83 84 86 87 88 89 92 95 96 98 99 100 101 102 103 105 107 108 110 111 113 114 116 117 118 121 123 124 125 126 128 130 131 132 134 135 137 140 141 142 143 144 147 148 149 150 151 152 153 155 156 157 158 159 160 161 162 163 164 165 166 167 169 170 171 172 173 174 175 178 179 180 181 183 184 185 189 190 191 192 193 194 196 197 198 199 201 202 203 204 205 206 207 208 209 211 212 213 214 215 216 217 218 221 222 223 224 225 226 227 229 230 231 232 234 236 237 238 241 242 243 244 246 247 248 249 252 253 254 255 257 258 259 260 262 264 265 266 267 268 269 270 271 273 274 275 276 277 278 279 281 282 285 286 288 290 291 293 294 295 296 297 299 302 303 304 305 307 309 310 311 312 313 314 315 316 317 318 319 320 322 324 326 327 328 329 331 333 334 335 336 339 341 342 344 345 346 347 349 351 352 353 354 355 356 357 358 359 360 363 365 366 367 368 369 370 371 372 374 375 376 377 379 380 381 382 383 385 386 387 390 391 392 393 395 396 399 400 401 402 403 404 405 406 407 408 409 413 414 415 418 419 421 422 423 424 425 426 427 428 429 433 434 435 436 439 440 441 442 443 445 446 447 448 449 450 451 452 453 455 459 460 461 462 463 464 465 467 469 470 471 472 473 474 475 476 477 478 479 480 481 482 485 489 490 492 493 496 497 499 
459: 0 1 2 3 4 5 6 7 8 9 10 11 13 15 16 19 21 23 24 25 26 29 30 31 32 33 34 36 37 38 39 40 41 44 45 46 48 49 50 52 53 55 56 57 58 59 60 61 63 64 66 67 68 69 70 71 72 73 74 75 76 77 78 79 80 81 82 84 85 86 88 89 90 91 93 94 95 96 97 98 99 101 103 106 107 108 109 110 111 112 113 114 115 116 117 118 119 120 122 123 124 125 126 127 128 129 130 132 133 134 137 138 139 142 143 147 148 149 150 151 152 153 154 155 157 158 160 161 162 163 164 166 167 168 170 171 172 174 175 176 177 178 180 181 182 185 187 189 190 191 192 193 194 195 196 199 200 201 203 204 205 207 208 209 210 211 212 213 214 215 216 217 218 220 222 223 224 226 227 228 229 230 231 232 233 234 235 236 238 239 240 241 242 243 244 245 246 249 250 251 252 253 254 255 256 257 258 260 261 262 263 264 265 266 267 268 269 270 271 274 275 276 277 278 279 280 282 283 284 285 286 287 288 290 291 292 293 294 295 296 297 298 299 300 303 304 306 308 309 310 311 312 313 315 316 317 318 319 320 321 322 323 325 326 327 328 329 331 332 333 334 335 336 339 340 342 343 344 346 347 348 349 350 351 353 354 356 358 359 361 362 364 365 366 369 370 371 373 374 377 378 379 380 381 384 387 388 389 390 391 392 393 394 395 396 397 398 399 403 404 406 407 408 409 411 412 413 414 415 416 417 418 419 421 423 425 426 427 428 429 431 432 433 434 435 436 437 438 439 440 441 443 444 445 446 447 450 451 452 453 454 455 458 461 464 465 466 467 470 471 472 473 477 478 479 480 481 482 483 484 485 486 487 489 490 491 492 493 495 496 497 498 611 656 967 
460: 1 2 3 4 5 6 8 9 10 11 12 13 14 15 17 18 19 20 21 22 23 26 27 30 32 33 34 35 36 37 40 41 42 43 44 45 46 47 48 49 50 51 53 54 56 57 58 59 60 61 62 63 64 65 67 68 69 70 72 73 74 75 76 77 78 79 80 81 82 84 86 87 88 89 90 91 92 93 94 95 97 98 99 100 101 102 103 104 105 106 108 109 111 112 113 114 115 116 117 119 120 121 122 123 124 125 126 128 129 130 132 134 135 136 137 141 142 143 144 145 146 147 148 149 150 151 154 155 156 157 159 161 163 164 165 166 167 168 169 170 171 173 174 175 176 177 178 180 181 182 185 187 188 189 190 191 193 194 196 197 198 199 200 201 203 204 205 206 207 208 209 211 213 214 215 216 217 220 221 223 225 226 228 229 230 231 232 233 234 235 236 238 239 240 241 242 243 244 245 246 247 248 250 251 252 254 255 256 257 258 259 260 261 264 265 266 267 268 270 272 273 274 275 276 277 278 279 280 282 284 285 286 287 288 289 290 291 292 293 295 296 297 299 300 302 304 305 306 309 312 313 314 315 316 317 320 322 323 325 326 327 328 330 332 333 334 336 338 340 341 344 347 348 349 350 353 354 355 356 358 359 360 362 363 364 366 367 368 369 370 371 373 374 375 376 377 378 379 380 381 382 383 384 385 386 387 388 389 391 393 394 395 397 398 399 400 401 402 403 404 406 409 410 411 412 413 414 415 416 417 420 421 422 423 424 427 428 429 431 432 433 435 436 437 438 439 440 442 443 444 446 448 449 451 452 455 457 458 462 463 464 465 466 467 469 470 471 472 474 475 476 477 478 479 480 481 482 485 486 487 488 490 491 492 493 494 495 496 498 932 989 
461: 0 1 2 3 4 5 6 7 8 10 11 12 13 14 15 16 17 20 22 24 25 26 27 29 30 31 33 34 35 36 37 38 40 42 46 47 49 50 51 52 55 56 59 60 62 63 65 66 67 68 69 70 71 72 73 74 75 76 77 78 80 82 84 85 86 87 89 90 92 97 99 100 101 102 103 105 106 107 108 111 112 113 114 116 117 118 119 121 122 123 124 125 126 127 128 130 133 135 136 137 138 139 141 142 143 145 147 148 149 150 152 153 154 155 156 157 158 160 162 163 164 165 166 167 168 169 171 172 174 177 179 181 182 183 185 186 187 188 189 190 191 192 193 194 195 196 197 198 200 201 202 203 204 205 206 207 208 209 210 211 212 213 214 216 218 220 221 222 223 224 225 226 228 229 230 231 232 233 236 237 239 240 241 242 243 244 245 246 247 248 249 250 251 252 253 254 256 257 258 260 261 262 263 266 267 268 269 270 272 273 274 276 279 282 283 284 286 287 289 290 291 292 293 294 295 296 298 299 300 301 302 303 304 305 306 307 309 313 314 315 316 318 319 320 321 322 323 324 325 326 327 331 332 333 335 339 340 341 342 343 344 345 346 349 350 351 352 353 354 355 358 359 361 362 363 364 365 366 367 368 369 370 372 374 375 376 378 379 380 381 382 383 386 387 388 390 391 392 393 394 395 396 397 399 400 401 402 404 407 408 409 411 412 413 414 415 416 417 421 422 423 424 426 427 429 430 431 432 433 434 435 436 437 438 439 440 441 442 443 444 445 446 447 448 450 451 452 453 454 456 457 458 459 463 465 466 467 470 471 473 474 478 479 480 483 485 486 487 488 489 490 491 492 493 494 495 496 497 644 930 
462: 0 1 3 4 5 7 8 9 10 11 12 14 15 16 17 19 20 21 22 23 24 25 26 28 30 31 32 33 34 35 37 39 40 41 43 45 46 49 51 52 53 54 56 57 58 59 61 62 63 64 65 66 67 68 69 70 71 72 75 76 77 78 81 82 83 84 85 87 88 89 90 91 93 94 95 96 97 99 100 101 102 103 105 106 108 110 111 112 113 114 115 116 119 121 122 123 125 126 127 128 129 130 131 132 133 134 135 137 138 139 141 142 143 144 145 146 147 150 153 154 155 156 157 158 160 161 162 164 165 166 167 168 169 170 171 172 173 174 175 176 178 180 181 182 183 184 185 186 188 189 190 191 192 193 195 196 197 198 199 201 202 203 204 205 206 207 208 209 212 213 215 216 217 218 219 220 221 222 224 227 228 229 230 231 232 233 234 237 238 239 240 242 245 247 248 249 250 251 253 254 255 257 258 259 260 261 262 263 265 266 267 268 269 270 271 272 274 275 276 277 278 279 280 282 283 285 286 287 288 289 290 291 293 295 296 297 298 300 301 302 303 304 306 307 308 309 310 311 312 313 314 315 316 318 320 322 324 325 326 327 329 330 331 332 333 336 338 339 340 341 342 343 344 345 346 347 348 353 355 357 358 359 360 363 364 365 366 368 369 370 372 373 374 375 376 377 378 380 381 383 385 386 387 388 389 390 393 394 395 396 398 399 400 401 402 403 404 405 406 407 408 409 410 411 412 413 416 417 418 420 421 425 427 428 429 433 434 435 436 437 438 439 440 441 442 443 445 446 447 448 449 450 451 452 453 455 456 457 458 460 463 464 465 467 469 471 473 474 475 476 477 478 479 480 481 482 483 484 485 487 488 489 490 491 492 493 494 495 497 499 620 981 
463: 0 1 4 5 6 7 8 9 11 12 14 15 16 17 18 19 20 21 24 25 27 29 30 31 32 34 35 36 37 38 40 41 44 45 46 47 48 49 50 51 52 53 54 55 56 57 60 61 62 63 66 67 68 70 71 72 73 74 75 76 77 80 81 83 85 86 87 89 91 92 93 94 95 96 97 99 100 101 102 103 105 106 107 109 110 111 112 115 116 117 118 119 120 121 122 123 126 127 128 129 130 131 132 133 134 136 138 139 141 142 144 145 147 148 149 151 152 153 154 155 156 157 158 161 162 164 166 167 168 169 170 171 173 175 176 177 178 179 180 181 182 183 184 185 186 188 189 190 191 192 194 195 196 198 199 200 203 204 207 208 209 210 211 212 213 214 215 217 218 219 220 221 222 223 224 225 227 232 233 234 235 236 237 238 239 240 241 242 243 244 245 246 247 248 250 251 253 254 258 259 260 261 262 263 264 266 267 268 269 273 274 275 276 277 278 279 280 281 282 283 285 286 287 288 290 291 292 294 295 296 297 298 299 300 301 302 303 304 305 307 310 311 312 314 315 317 318 319 320 321 322 323 325 326 327 330 331 332 333 335 336 338 339 340 341 342 343 344 347 348 349 350 351 352 353 355 356 357 359 360 361 363 364 365 366 367 369 371 373 374 375 376 377 378 380 381 383 384 385 386 387 388 389 391 393 395 396 397 398 399 401 402 403 404 406 407 408 409 411 412 416 417 418 419 420 422 423 424 425 426 427 428 429 430 431 432 433 435 437 438 439 441 442 443 444 445 446 447 449 450 453 454 455 457 458 460 461 462 464 465 469 470 471 473 474 475 476 477 478 480 482 484 485 486 487 489 491 492 493 494 495 496 497 498 974 992 
464: 2 3 4 5 6 7 9 10 12 13 14 16 19 20 22 24 26 28 29 30 31 35 36 37 38 39 40 41 42 43 44 45 46 49 50 51 52 53 54 55 56 57 58 59 60 62 63 64 65 66 67 68 71 72 73 74 75 76 77 78 79 80 81 83 84 85 86 87 89 92 93 94 95 97 98 99 102 103 104 105 106 107 108 109 110 111 112 113 114 115 117 118 119 121 122 123 125 126 127 128 129 130 131 132 133 135 137 138 139 140 142 143 144 145 146 147 148 149 150 151 152 154 155 156 157 158 159 160 161 162 163 164 165 166 167 168 169 170 171 172 173 174 175 176 177 178 179 181 182 184 185 186 187 188 189 191 192 193 194 195 198 199 200 201 202 203 205 206 207 209 210 212 215 216 217 219 220 221 222 223 224 225 226 227 228 229 230 231 232 234 235 236 237 238 240 241 242 243 244 245 246 247 248 249 250 251 252 253 254 255 256 257 258 259 261 262 263 264 265 266 270 271 272 274 277 279 280 281 282 284 287 288 290 291 293 294 295 296 297 298 299 301 302 303 304 305 307 310 311 312 313 314 316 317 318 319 320 321 322 323 324 325 326 327 328 329 330 331 332 333 335 336 337 338 339 340 341 342 343 344 345 346 347 348 349 350 352 353 354 355 356 358 359 361 362 363 364 365 366 367 368 369 370 371 373 374 375 376 377 379 380 381 382 384 385 387 388 389 392 393 394 395 396 397 398 399 400 401 402 403 404 405 406 410 411 412 413 414 415 416 417 420 421 422 424 425 426 428 429 431 432 433 434 436 437 438 439 440 441 442 443 445 446 447 448 449 450 451 452 453 454 455 456 457 458 459 460 462 463 466 467 468 469 470 472 473 474 475 477 479 480 481 483 484 485 487 488 489 491 493 494 498 499 
465: 0 1 2 4 5 6 7 8 9 10 11 12 14 15 16 17 18 19 20 21 23 24 25 28 29 31 32 33 37 38 40 42 43 44 45 46 47 48 51 52 53 54 55 56 57 58 60 61 62 63 64 66 68 69 70 71 72 73 74 75 76 77 79 80 81 82 83 84 85 88 89 91 92 93 95 97 98 100 101 102 103 104 105 106 107 108 109 110 112 113 114 115 116 117 118 119 120 121 122 124 129 130 131 133 134 136 139 140 142 143 145 146 147 149 150 151 152 153 154 156 157 158 160 161 162 163 164 165 166 168 169 170 171 172 173 174 176 178 180 181 182 184 185 186 187 188 190 191 192 194 195 196 197 198 199 200 201 202 203 206 207 208 209 210 211 212 213 214 215 216 217 218 219 220 221 222 223 224 225 226 228 229 231 233 234 235 237 238 239 240 241 242 243 245 246 248 249 250 251 252 253 254 255 256 257 258 259 261 262 263 264 265 266 267 269 270 271 275 277 278 279 280 281 282 283 284 285 286 287 288 290 291 292 293 294 295 296 297 298 302 303 304 306 307 308 310 311 314 315 316 317 318 319 320 321 322 323 324 325 326 328 329 331 332 335 336 339 340 341 344 345 346 347 348 349 350 351 352 353 354 355 358 359 360 362 363 367 368 370 372 373 374 375 376 377 378 379 380 381 382 383 385 386 387 388 390 391 392 394 396 397 398 399 400 401 402 403 404 405 406 408 409 410 412 413 415 417 418 419 420 421 422 423 424 425 426 427 428 431 432 433 434 435 436 437 438 439 440 441 442 443 445 446 447 448 450 451 452 453 455 456 457 458 459 460 461 462 463 469 471 473 475 476 477 479 481 482 483 484 485 486 489 490 491 492 493 494 498 499 
466: 0 1 2 3 4 5 6 8 9 10 11 13 14 15 16 17 20 21 24 25 27 28 29 30 31 32 33 34 35 36 37 38 39 40 41 42 43 45 46 48 49 50 51 54 55 56 59 60 61 62 64 65 66 67 68 69 71 72 73 74 76 77 78 80 81 82 83 84 85 86 87 88 90 91 92 95 96 97 98 99 101 102 103 104 105 106 108 110 112 113 114 115 117 119 120 121 122 123 124 126 127 128 129 130 131 132 133 134 135 136 137 139 140 141 143 144 145 146 147 148 150 151 152 154 155 157 158 160 161 162 163 167 169 170 171 173 174 175 179 180 183 184 185 188 191 193 195 197 198 199 200 201 202 204 205 206 207 208 209 210 211 212 214 215 216 217 218 219 220 221 222 223 224 225 226 227 228 229 231 232 233 234 235 236 237 238 240 241 242 244 245 246 247 251 252 254 255 257 258 259 260 261 262 264 267 270 271 272 273 274 275 276 277 278 279 280 282 283 285 286 287 288 290 291 292 293 294 295 296 301 302 303 304 305 306 307 309 310 311 312 313 314 315 316 318 319 320 321 322 324 325 326 327 329 330 332 336 340 342 343 344 345 346 347 350 353 354 355 356 357 358 359 360 361 362 363 364 365 366 367 368 369 370 371 372 373 374 375 376 377 379 380 381 383 385 386 389 390 391 392 394 395 396 397 398 399 400 401 402 403 404 405 406 407 408 409 411 412 413 414 415 416 417 418 420 421 423 424 425 426 427 428 429 430 433 434 435 436 437 438 440 441 442 443 444 445 446 447 449 450 451 452 453 454 455 456 457 459 460 461 464 467 468 470 471 472 474 475 476 477 482 483 484 485 486 487 488 489 491 492 493 494 495 496 497 499 608 609 
467: 0 1 2 3 4 5 10 12 13 15 16 17 19 20 23 25 26 29 30 32 33 34 35 36 37 38 39 40 41 42 43 44 45 46 47 48 50 51 53 54 55 56 57 58 61 64 65 66 68 69 70 72 73 74 76 77 78 79 80 81 82 85 86 88 89 90 91 92 93 94 95 96 97 98 99 100 101 102 104 105 106 107 108 109 110 111 113 114 115 117 119 120 121 122 123 124 126 129 130 131 132 134 135 136 137 138 139 140 141 143 146 147 148 149 150 152 153 154 155 156 158 161 162 163 164 165 166 168 169 170 171 174 176 178 179 182 183 184 185 187 188 189 190 192 193 195 196 198 199 200 201 202 203 204 205 206 209 210 212 213 214 215 216 217 219 220 221 222 223 224 227 228 229 231 232 233 236 237 239 240 241 242 243 244 245 246 247 249 250 251 253 254 255 256 257 258 259 261 262 265 266 267 268 270 271 272 273 275 276 277 278 279 280 281 282 283 285 286 287 288 291 293 294 295 297 298 299 302 303 304 305 307 308 309 310 311 312 313 315 316 317 318 319 321 322 323 324 325 326 327 328 329 330 331 332 333 335 336 338 339 340 342 345 346 348 349 350 351 353 354 355 356 357 358 359 360 361 362 363 364 366 367 369 371 372 373 374 375 376 378 381 383 384 385 388 389 390 391 394 395 396 397 399 400 401 403 404 406 408 410 411 412 413 415 416 417 419 420 421 422 426 427 428 429 430 432 433 434 435 436 437 438 440 441 442 443 444 445 446 448 449 450 451 453 454 455 456 457 458 459 460 461 462 464 466 469 470 472 473 474 475 477 478 479 481 482 485 486 487 488 489 491 492 493 494 495 497 498 632 759 978 
468: 1 2 4 6 7 8 9 11 12 14 15 16 17 18 19 20 22 23 24 25 26 27 29 31 32 33 34 36 37 38 39 40 41 42 43 44 45 46 47 48 49 50 51 52 55 57 58 60 61 62 63 64 66 68 69 70 71 72 73 75 76 77 78 79 80 81 82 83 84 86 87 88 91 92 93 95 96 97 98 99 101 102 103 104 107 108 109 110 111 112 113 114 115 116 117 118 119 120 122 123 124 125 126 128 129 130 131 132 133 137 139 141 142 145 146 148 149 150 151 153 154 155 156 157 159 160 163 164 166 167 168 169 170 171 172 173 175 176 177 180 181 182 183 185 186 187 190 191 192 193 195 197 198 199 201 204 205 206 207 208 211 212 213 214 216 217 219 220 221 222 223 224 226 227 228 229 231 232 233 234 235 236 237 238 239 240 242 243 246 247 248 249 250 252 255 256 257 258 259 260 261 262 263 264 265 268 269 270 273 274 276 277 278 280 282 283 284 285 286 287 288 290 291 292 293 294 297 298 300 301 302 303 304 305 307 308 309 310 311 312 313 315 316 317 318 319 320 321 323 324 326 327 329 330 331 332 334 335 336 337 338 339 341 343 344 345 346 347 348 349 350 352 354 355 356 357 358 359 360 362 363 367 368 369 370 372 373 374 375 377 380 381 382 383 384 386 387 388 390 391 392 393 396 397 399 402 403 404 406 407 408 409 410 411 414 416 418 419 420 421 422 423 426 429 430 431 433 434 435 436 439 440 441 442 443 445 446 447 448 449 450 451 453 454 455 457 464 466 469 470 471 472 477 478 479 480 481 482 483 484 485 486 487 488 489 490 491 492 494 495 496 497 499 786 923 
469: 0 5 7 8 9 10 11 12 13 14 15 16 18 19 20 21 22 23 24 25 26 27 28 30 31 32 34 36 37 38 39 40 41 42 43 44 46 47 48 49 50 51 52 53 54 55 56 59 60 61 62 63 64 65 67 69 71 72 75 77 78 79 80 81 82 83 84 85 87 88 89 90 91 92 93 94 96 97 98 99 102 103 104 105 106 108 109 111 112 113 114 115 116 117 119 120 123 124 126 127 129 132 133 134 135 136 137 139 140 141 142 143 145 147 149 150 151 152 153 154 156 158 159 160 162 163 164 165 166 168 169 170 173 174 175 176 177 178 181 182 183 185 186 187 188 189 190 191 192 194 195 196 197 198 199 200 201 203 204 206 207 209 210 211 212 213 214 215 216 218 219 220 222 223 226 227 230 231 232 233 234 237 238 239 240 241 242 243 244 246 247 248 249 250 252 253 255 256 258 259 263 264 265 266 267 269 271 273 274 275 277 278 279 280 281 282 283 284 285 286 287 288 289 291 293 294 295 296 299 300 301 302 303 304 305 306 307 310 311 312 313 314 315 316 317 318 319 320 321 322 325 326 328 329 330 331 332 333 334 335 338 339 340 341 342 343 344 345 346 347 348 350 351 353 354 356 357 358 360 361 362 363 364 365 366 367 368 369 370 371 373 376 378 381 382 383 384 385 386 387 389 391 392 393 394 397 398 399 400 401 402 403 404 405 406 407 408 409 410 413 415 417 418 419 420 421 422 424 426 427 428 429 430 431 432 433 434 435 436 437 439 441 442 443 444 445 446 447 449 450 451 452 453 454 455 457 458 460 462 463 464 465 467 468 470 471 472 473 474 475 476 477 478 480 481 482 483 484 485 486 487 488 489 492 493 495 496 497 498 499 676 930 
470: 1 2 3 5 6 7 8 9 10 11 12 13 14 15 16 18 19 20 21 23 24 25 26 28 29 30 31 32 33 34 36 37 39 40 41 42 44 45 46 47 48 49 50 51 52 53 54 55 57 58 59 61 62 63 64 65 66 67 68 70 71 73 74 75 76 77 78 79 80 81 82 83 85 86 89 90 91 92 95 96 98 99 100 103 105 106 107 108 109 110 111 115 117 118 119 121 122 123 125 126 128 129 130 131 132 135 136 137 139 140 141 142 143 144 145 146 147 148 149 151 152 153 155 158 159 160 161 163 165 167 168 170 171 172 173 174 175 176 177 178 179 180 181 182 183 184 185 186 187 188 189 190 191 192 193 195 196 197 200 201 202 203 204 205 206 207 209 211 212 213 216 217 218 219 221 222 223 224 226 229 231 234 236 238 240 241 242 243 244 246 247 249 250 251 253 254 255 256 257 258 260 262 264 265 266 268 269 270 271 272 273 274 275 276 277 278 279 280 281 282 283 284 286 288 289 290 291 292 294 295 296 297 298 300 301 302 304 305 306 307 309 310 311 312 313 314 315 316 317 319 320 324 325 326 327 328 329 332 333 334 335 336 339 340 342 343 344 345 346 347 348 350 351 352 353 354 355 356 357 359 360 361 362 363 364 365 366 367 368 369 370 371 372 375 376 377 380 381 384 386 388 389 390 391 392 393 394 395 396 398 399 401 404 405 406 407 410 411 412 413 414 416 417 418 419 420 423 424 425 426 427 428 429 430 431 432 433 434 435 436 437 438 439 440 441 442 443 444 445 446 449 450 452 453 454 456 457 458 459 460 461 463 464 466 467 468 469 472 473 474 475 476 477 478 479 480 481 482 484 485 486 487 488 489 491 494 495 497 498 499 670 689 
471: 0 2 3 5 7 8 9 10 11 12 13 14 15 16 17 18 20 22 24 25 27 28 31 32 34 35 38 39 40 41 42 43 44 46 47 48 49 50 51 52 53 54 55 56 58 59 60 61 62 63 66 67 68 72 73 74 75 77 79 80 81 82 83 85 86 87 88 89 90 91 92 94 95 96 97 98 99 101 102 104 106 107 108 109 110 111 113 115 116 118 119 120 121 122 123 124 125 126 127 128 129 131 133 136 137 138 141 142 145 146 147 148 149 150 151 152 153 155 156 157 158 160 165 166 167 168 171 172 173 174 176 177 178 179 180 182 183 184 185 186 187 188 191 192 193 195 196 197 198 199 202 203 204 205 206 207 208 209 210 211 212 214 217 218 219 220 221 222 223 224 227 229 230 232 233 234 237 238 239 240 241 242 244 245 246 247 248 249 250 251 252 254 255 256 259 260 261 262 263 264 265 266 267 268 270 271 273 274 275 276 278 279 280 281 282 283 284 285 286 287 288 289 292 293 294 295 297 298 299 301 302 303 305 306 307 309 311 312 313 314 315 316 318 319 321 322 323 324 327 329 330 332 333 334 335 336 337 338 339 340 341 342 347 349 350 351 353 355 357 358 363 364 365 366 367 370 371 372 373 375 376 377 378 379 380 382 383 384 385 389 390 391 392 394 395 396 397 398 399 400 402 403 405 406 407 409 410 411 412 413 414 415 417 418 420 421 422 424 426 427 429 430 431 432 433 435 436 437 438 439 441 442 443 444 445 446 447 448 451 452 453 455 456 458 459 460 461 462 463 465 466 468 469 472 473 475 476 477 479 481 482 483 484 485 487 488 489 491 492 495 496 497 498 921 
472: 0 1 2 5 6 7 8 9 10 11 12 13 14 15 16 17 19 20 21 22 23 24 25 26 28 30 31 32 34 35 36 37 38 39 40 41 42 43 45 47 48 49 50 51 52 53 54 55 56 57 58 60 61 63 65 67 69 71 73 74 75 76 77 80 81 82 83 85 87 88 89 91 92 93 94 95 96 97 99 100 101 102 103 104 106 107 110 111 112 113 114 115 118 120 121 122 123 125 126 127 129 130 131 132 133 136 137 138 139 140 141 142 143 145 148 149 150 151 152 153 154 155 156 157 158 159 160 161 163 164 165 167 169 170 172 173 174 176 177 180 181 182 184 186 187 190 193 194 195 196 197 198 199 200 202 203 204 206 207 208 209 210 211 212 213 214 215 216 217 219 221 222 223 224 227 228 229 231 232 233 234 235 236 237 238 239 240 241 242 243 245 246 247 248 250 252 253 254 255 256 257 258 259 260 261 262 263 264 270 271 272 274 275 277 278 279 281 282 283 286 287 288 289 290 291 292 293 294 295 296 297 298 299 300 303 304 305 309 310 312 313 314 317 318 319 320 321 322 323 324 325 326 327 328 329 330 333 334 336 337 338 339 340 342 343 346 347 349 350 351 352 353 354 355 356 358 359 360 361 362 363 364 365 366 367 368 369 370 371 372 373 374 376 377 380 381 382 383 384 385 386 387 388 390 391 392 393 396 397 399 401 402 403 404 405 406 407 408 409 410 411 412 413 419 421 422 424 425 427 428 429 430 431 433 434 435 436 438 439 440 442 443 444 446 447 448 450 451 453 454 455 457 458 459 460 464 466 467 468 469 470 471 473 474 477 478 479 480 482 484 486 487 489 490 491 493 494 496 497 498 499 
473: 0 2 3 4 6 7 8 9 10 12 13 15 16 17 18 19 20 21 22 23 24 25 26 27 28 30 31 32 33 36 37 38 39 40 41 42 43 44 45 46 47 48 50 51 52 55 58 59 60 62 63 64 65 66 67 70 71 74 78 79 80 81 83 84 85 87 88 89 90 91 92 93 94 95 96 98 99 100 102 105 106 107 108 110 112 113 114 115 116 117 118 122 123 124 125 126 127 128 129 131 132 133 134 135 136 137 138 139 140 141 142 143 144 147 150 151 152 154 155 156 157 158 159 160 161 163 166 167 168 169 170 171 172 173 176 177 178 179 181 184 185 186 187 189 190 191 193 194 195 196 198 199 200 201 202 204 205 207 209 210 212 214 215 216 217 218 219 221 222 223 224 225 226 227 228 229 232 233 234 235 237 238 239 240 241 242 243 244 245 246 247 249 251 253 257 258 262 263 264 265 266 267 268 269 270 272 273 274 276 277 278 279 281 283 284 286 289 290 291 294 295 296 297 298 299 300 301 302 303 304 305 306 308 309 310 311 313 314 315 316 318 319 320 321 325 326 327 328 329 331 332 334 336 337 338 339 341 342 343 344 345 346 347 349 350 351 354 355 356 357 358 360 361 363 364 365 366 367 368 369 371 374 375 376 377 378 380 381 382 383 384 385 386 387 388 390 391 392 393 396 397 399 403 404 405 408 409 410 412 413 415 416 417 418 419 420 421 422 423 424 425 426 427 428 430 432 433 434 435 436 437 439 440 443 444 445 446 448 449 450 452 454 456 457 458 459 461 462 463 464 465 467 469 470 471 472 474 475 476 477 478 480 483 484 485 486 487 488 489 490 491 492 493 494 495 497 498 499 617 660 797 931 940 
474: 0 1 2 3 4 5 6 7 8 11 12 13 14 15 16 17 18 20 21 22 23 24 25 26 27 29 31 34 35 36 37 38 39 40 42 43 45 46 48 50 51 52 54 55 57 58 59 60 61 62 63 64 65 66 67 68 69 70 71 75 76 77 78 82 86 87 88 89 91 92 93 94 95 97 98 101 102 103 105 106 107 108 109 110 111 112 113 114 115 116 117 118 119 121 122 123 124 125 126 127 129 130 131 132 133 134 136 138 139 140 141 142 143 144 145 146 147 148 149 150 151 155 156 157 159 160 161 162 163 165 166 168 169 170 171 172 174 175 176 177 178 180 182 183 184 189 191 192 193 195 196 197 199 200 201 203 204 209 210 211 212 214 215 216 217 218 220 221 223 224 225 226 227 228 229 230 232 234 235 237 239 240 241 242 243 245 246 247 248 249 250 251 252 254 255 256 257 258 259 261 262 263 265 266 267 271 272 273 274 275 276 277 278 279 280 281 282 283 284 285 286 288 290 291 292 293 295 297 299 300 301 302 303 304 305 306 307 309 310 312 313 314 315 316 317 318 319 320 321 322 323 324 325 326 329 331 332 333 336 337 339 340 341 342 343 344 346 347 349 352 353 354 355 357 358 359 360 364 365 367 368 369 370 372 373 374 375 376 377 378 379 380 381 383 384 385 386 387 388 389 390 392 393 395 396 397 399 400 402 403 404 405 406 407 408 411 412 414 415 416 417 418 419 420 421 422 423 424 425 426 427 428 430 431 432 433 434 435 436 438 439 443 444 446 447 448 449 450 453 454 456 457 458 460 461 462 463 464 466 467 469 470 472 473 475 476 477 480 481 482 483 485 486 487 488 489 490 491 493 497 498 633 932 
475: 0 1 2 3 4 5 7 8 9 10 13 14 15 18 19 20 21 22 24 25 26 27 28 29 30 31 32 34 36 37 39 41 42 43 44 45 48 49 50 51 52 53 55 56 58 59 60 62 63 64 65 67 68 69 70 75 77 78 79 80 81 82 83 84 86 87 88 89 90 91 92 93 94 97 98 99 101 103 104 105 106 108 110 112 113 115 116 117 118 120 121 122 123 124 125 126 127 128 129 130 131 132 133 136 138 139 142 145 146 147 149 150 151 152 154 155 156 157 158 162 163 164 165 166 167 168 169 172 173 174 176 177 178 179 180 181 182 185 188 189 190 191 192 195 196 198 199 200 201 202 203 204 206 208 209 210 212 213 214 215 216 217 218 219 220 221 222 223 227 228 229 230 231 232 233 234 236 237 239 240 242 243 244 245 246 247 248 249 252 253 254 255 257 258 259 262 263 265 267 268 269 270 271 272 273 275 277 278 279 280 281 282 284 285 287 288 289 290 291 292 293 294 295 296 298 299 300 302 304 305 306 307 308 312 313 314 315 318 319 322 323 324 326 328 329 330 331 332 333 334 336 338 339 340 341 344 345 346 347 348 349 350 351 353 354 355 357 359 360 361 362 364 366 367 368 369 370 371 372 373 374 375 376 378 379 380 381 382 383 384 386 388 389 392 393 394 395 396 398 400 401 403 405 406 407 412 414 416 417 418 419 420 421 422 423 424 425 426 428 429 430 431 433 434 435 436 437 438 439 440 442 443 444 445 446 447 448 449 450 451 452 455 458 460 462 463 464 465 466 467 469 470 471 473 474 476 477 479 480 482 484 486 487 488 489 490 491 492 493 495 497 499 623 775 756 
476: 0 1 2 3 4 5 6 7 8 9 10 11 12 13 14 15 16 18 20 21 23 25 27 28 29 30 31 32 33 34 35 36 37 38 39 40 41 42 43 44 45 46 47 48 50 52 53 54 55 56 57 58 59 62 63 64 66 67 68 69 70 71 72 73 74 75 76 77 78 79 80 81 82 84 85 86 88 89 90 91 93 95 96 97 98 99 104 106 107 108 109 110 111 112 113 114 115 117 118 119 121 122 123 124 125 127 129 130 131 133 135 138 139 140 141 142 143 144 146 147 148 150 154 157 158 159 160 161 162 163 164 165 166 167 168 169 173 174 176 178 179 180 182 183 186 187 188 189 190 191 192 193 195 197 198 200 201 202 203 204 205 206 207 208 212 213 214 215 216 217 220 221 222 223 224 225 226 227 228 232 233 234 235 236 238 239 242 244 248 249 250 251 252 254 256 258 259 260 261 262 263 265 267 268 270 271 273 276 278 279 281 283 284 286 287 288 289 290 291 293 294 295 296 297 298 301 304 305 306 307 308 310 311 314 315 317 318 319 320 322 324 325 326 328 329 330 332 333 334 335 336 337 338 340 341 343 346 348 349 351 352 353 354 356 357 358 360 363 364 365 366 367 368 371 373 374 376 378 379 380 381 382 383 384 385 386 387 388 389 390 391 396 397 399 400 401 402 403 404 405 406 409 411 412 415 416 417 419 420 421 422 423 424 425 426 428 429 431 432 433 435 436 437 438 439 441 442 443 444 445 446 447 448 449 450 453 454 455 456 457 458 460 462 463 465 466 469 470 471 473 474 475 477 478 479 480 481 482 483 484 486 488 489 490 491 493 494 495 497 498 499 790 799 952 
477: 1 2 3 4 5 6 7 8 9 10 11 12 13 14 15 17 18 19 20 22 23 24 25 29 31 32 33 35 36 38 39 40 41 42 43 44 47 48 49 50 51 52 53 54 55 57 59 60 61 62 63 64 66 68 69 71 73 74 75 76 77 78 79 80 81 85 86 88 89 91 92 93 94 95 96 99 100 102 103 104 105 106 107 108 109 111 112 113 114 116 117 120 121 122 124 126 127 128 129 132 133 135 137 138 140 144 149 150 151 152 154 155 157 158 159 161 162 163 164 165 166 167 168 169 172 173 174 175 176 178 179 180 181 182 183 184 185 186 188 189 190 191 192 193 194 196 197 199 200 201 203 204 205 206 207 208 209 210 212 214 215 216 217 219 221 222 224 226 227 228 230 232 233 234 235 236 237 238 240 241 242 243 244 245 247 248 249 253 254 255 256 257 259 260 261 262 263 264 265 266 268 269 270 271 273 274 276 277 279 280 281 282 283 284 285 286 287 288 289 290 291 292 293 294 296 297 298 300 301 302 303 305 306 307 308 309 310 311 312 315 316 317 318 319 320 321 322 324 325 327 328 329 330 332 333 336 337 338 339 341 342 343 344 345 346 348 349 350 351 353 354 355 357 362 363 364 365 366 367 368 369 370 371 372 373 374 377 378 379 380 381 382 384 385 387 388 390 391 392 393 394 395 396 397 399 400 402 403 406 411 412 413 414 415 416 417 418 419 420 421 422 423 424 425 426 428 430 431 433 434 435 436 437 438 439 440 442 443 444 445 446 447 448 449 450 453 455 456 457 458 459 460 462 463 464 465 466 467 468 469 470 471 472 473 474 475 476 478 479 481 482 483 484 485 486 487 488 489 490 491 492 493 496 497 498 499 759 
478: 0 1 2 3 4 5 6 7 8 9 10 11 12 13 14 15 16 17 19 21 22 25 26 27 28 29 30 31 32 36 37 38 40 41 42 43 44 45 47 48 49 50 51 52 53 54 55 56 57 58 59 61 63 65 66 67 68 69 71 72 73 75 76 78 79 80 81 82 83 84 86 87 88 89 90 91 92 94 96 98 100 102 103 104 105 107 108 110 111 112 113 114 115 116 117 118 119 120 121 122 123 125 126 127 128 130 133 134 136 137 138 139 141 142 143 144 146 147 148 149 150 151 152 153 154 156 158 159 160 161 162 163 164 168 169 170 171 173 174 175 176 177 179 180 181 182 183 184 186 188 190 191 194 197 199 200 201 203 204 205 206 208 209 210 211 212 213 214 215 216 218 219 222 223 224 225 227 229 230 231 233 234 236 237 238 241 242 243 244 245 247 249 250 252 253 254 256 257 259 260 261 263 264 266 267 268 269 270 271 272 273 276 277 278 281 282 284 285 287 288 289 290 292 295 296 297 298 299 300 301 302 303 305 306 307 308 309 310 311 312 313 314 315 316 317 318 321 323 324 325 326 327 328 331 332 333 334 335 336 338 339 340 341 342 343 346 348 349 350 351 352 353 354 355 356 357 358 359 360 363 364 365 366 367 368 369 370 371 372 373 375 376 377 378 380 381 382 384 385 387 388 389 391 392 393 394 395 397 399 401 403 404 405 407 409 410 411 412 413 414 415 416 417 418 419 420 421 423 424 426 427 429 430 431 432 433 434 435 437 438 439 440 442 444 445 446 448 449 451 452 453 454 455 456 457 458 459 460 461 462 463 467 468 469 470 472 473 476 477 479 480 481 482 483 484 485 486 487 488 491 492 495 496 497 499 655 665 685 
479: 0 1 2 3 4 5 7 8 9 10 11 13 15 17 18 19 20 21 22 23 26 27 28 29 30 31 32 33 34 35 37 38 39 40 41 42 43 44 45 46 47 49 50 52 54 56 58 59 60 62 63 64 65 66 67 68 70 71 72 75 76 77 78 79 80 81 82 84 85 86 87 89 90 91 92 93 95 96 97 98 100 103 104 107 108 109 111 112 113 114 116 117 119 120 121 122 124 125 126 131 132 133 134 135 136 137 138 139 140 141 142 144 145 146 147 148 149 150 151 152 153 154 155 156 157 158 159 161 163 165 166 167 168 169 170 171 174 177 178 179 180 181 182 183 184 185 187 188 189 191 192 193 194 195 196 197 198 199 200 201 202 203 204 205 206 207 208 209 210 211 212 214 215 216 217 218 219 221 222 225 228 230 233 234 235 237 238 240 241 242 243 244 245 247 248 249 250 251 252 253 255 256 257 258 259 260 261 262 263 266 267 268 269 270 271 272 273 274 275 276 277 278 280 281 284 285 286 287 289 290 291 293 295 297 298 299 300 302 304 305 306 307 308 309 310 311 312 313 314 315 316 317 318 319 320 321 323 324 325 326 327 328 329 330 332 337 338 339 340 341 343 345 346 347 351 352 354 355 356 357 359 360 362 363 364 367 370 371 372 373 376 379 381 382 387 389 390 391 392 393 397 398 399 400 401 403 404 407 408 409 410 411 412 415 416 417 418 420 421 422 423 424 425 426 428 429 430 431 432 433 434 435 436 440 443 445 448 450 451 452 455 456 457 458 459 460 461 462 464 465 467 468 470 471 472 475 476 477 478 481 483 484 485 487 488 489 490 491 492 493 496 497 498 499 618 
480: 0 1 2 3 4 6 7 8 10 11 12 13 15 16 18 19 20 21 22 23 25 26 27 28 29 30 31 32 33 34 35 37 38 42 43 44 46 47 48 49 50 51 52 56 58 59 60 61 62 63 64 66 67 68 69 71 72 73 74 75 76 77 78 80 81 82 84 85 86 87 88 90 92 94 96 97 100 101 103 105 108 109 110 111 112 113 114 115 116 117 118 119 120 121 123 124 125 126 128 130 131 133 134 138 139 140 141 143 144 145 146 147 148 149 151 152 153 154 155 156 158 160 163 164 166 169 170 173 175 176 177 178 179 180 181 182 183 184 185 186 187 188 191 193 195 196 198 199 200 201 202 203 204 206 207 208 209 210 211 212 213 214 215 216 217 219 222 223 224 225 226 227 228 229 230 231 232 234 235 236 237 238 240 241 242 243 244 245 246 247 248 249 250 251 254 255 257 259 260 261 262 263 264 265 266 267 268 269 270 271 273 274 277 278 279 281 282 283 284 285 286 287 288 289 291 293 294 297 298 299 301 302 303 304 306 307 311 312 314 316 317 318 320 321 322 324 325 326 327 328 329 330 331 332 334 335 337 338 340 341 342 344 345 346 347 348 349 350 352 353 356 357 359 360 361 362 363 364 365 366 367 368 369 370 371 372 374 375 376 377 378 379 381 382 385 387 388 389 390 391 392 393 394 396 397 398 399 400 401 402 403 404 405 406 408 412 413 414 415 416 417 418 420 421 422 423 424 425 427 431 432 433 434 435 436 437 438 439 441 444 445 446 447 448 449 450 451 452 454 455 456 457 458 459 460 461 462 463 464 468 469 470 472 473 474 475 476 478 481 483 484 485 486 487 488 490 491 492 494 495 496 497 498 499 760 926 940 
481: 0 1 2 4 5 6 7 9 10 11 12 13 14 15 16 17 19 20 23 24 27 28 29 31 33 35 36 37 38 39 40 41 42 43 44 45 46 47 48 50 51 52 56 57 58 59 60 61 62 63 64 65 66 67 68 70 71 72 73 75 76 77 78 79 81 82 83 85 86 87 88 89 90 91 92 94 95 96 97 98 99 102 103 105 106 108 110 111 112 116 117 120 121 124 125 126 128 130 133 134 136 137 138 142 143 144 145 146 147 148 150 151 152 153 154 155 157 158 159 160 161 162 165 166 169 170 172 173 174 175 176 177 178 180 181 183 184 185 186 188 189 190 191 192 193 194 195 196 197 198 201 202 203 204 205 206 207 209 210 211 212 214 215 217 219 221 223 224 226 227 228 229 230 234 235 237 238 239 240 241 242 243 244 245 246 247 248 249 251 252 253 255 256 257 258 262 263 264 265 266 267 269 271 272 273 274 276 277 281 282 283 285 286 287 289 290 292 293 294 295 296 298 299 300 301 303 304 305 306 307 308 309 310 311 312 314 316 317 319 320 321 323 325 327 328 329 330 331 332 334 335 336 339 341 342 343 344 345 346 348 349 350 351 352 355 356 357 358 360 363 364 365 367 368 369 370 371 374 375 376 377 379 380 381 382 383 384 385 386 387 388 389 390 391 393 395 396 398 399 400 401 402 403 405 406 407 408 410 411 413 415 418 419 420 421 422 423 424 425 426 427 428 430 431 432 433 434 435 437 438 439 440 441 443 444 445 447 448 449 451 453 454 455 456 458 459 460 462 464 465 467 468 469 470 471 474 476 477 478 479 480 482 483 484 485 486 488 489 490 491 492 493 494 496 497 600 610 939 
482: 0 1 2 3 4 5 6 7 8 10 12 14 15 16 17 18 19 21 22 23 24 25 26 27 28 30 31 32 33 34 35 36 37 40 41 42 43 44 45 47 48 49 50 51 52 53 54 56 57 60 61 62 63 64 65 67 68 69 70 71 72 73 74 75 76 77 78 80 81 82 83 85 87 88 89 91 92 93 94 95 96 97 98 100 101 102 104 106 107 108 109 110 111 113 114 115 117 118 119 121 122 124 125 127 128 129 130 131 132 133 134 135 136 138 139 140 141 142 143 144 145 146 147 148 149 150 151 153 156 157 158 161 162 164 165 166 168 169 171 172 173 175 176 177 178 179 180 181 182 183 184 186 187 188 189 190 191 192 193 194 195 196 197 198 199 201 202 203 206 209 210 211 212 213 214 215 217 218 219 220 221 222 223 224 225 226 227 228 229 230 231 233 234 235 238 239 240 241 242 243 244 245 247 248 249 251 254 256 257 260 261 262 264 265 266 267 268 269 272 274 275 276 277 278 279 280 281 284 285 286 287 289 290 292 293 296 297 298 299 300 301 302 303 304 305 307 308 309 310 311 312 313 314 315 318 321 323 324 325 327 329 331 332 333 334 335 337 338 339 341 342 345 346 347 349 350 351 352 353 354 355 357 359 362 366 367 369 371 372 374 375 376 377 378 379 380 382 383 385 386 387 388 389 392 393 394 396 398 399 400 401 402 403 404 406 407 408 409 410 411 412 413 414 415 417 419 420 421 422 424 425 426 429 430 434 435 436 438 439 440 441 442 444 445 446 447 448 449 450 452 454 455 457 458 459 460 462 463 465 466 467 468 469 470 471 472 474 475 476 477 478 481 484 485 486 488 490 492 493 496 497 499 667 677 775 786 798 
483: 2 4 6 8 9 13 14 18 19 20 23 24 26 28 29 30 31 33 35 37 38 41 46 47 48 49 50 51 52 53 55 57 58 59 61 62 63 66 67 69 72 73 74 75 76 77 78 81 86 88 89 90 91 93 94 95 96 97 99 100 101 102 103 104 105 106 107 108 109 113 114 115 116 117 118 119 121 123 124 126 127 129 130 131 133 134 135 136 137 138 139 140 141 142 143 144 145 146 147 149 150 151 154 155 157 158 159 161 162 163 164 169 170 171 172 173 174 175 176 177 178 179 181 182 183 184 185 186 187 188 189 190 191 192 193 194 195 196 198 199 200 204 205 206 208 209 210 211 213 214 215 216 218 220 221 222 223 224 225 226 227 228 230 231 232 234 236 237 238 239 240 241 242 243 244 246 247 248 249 250 251 252 253 254 255 256 257 258 259 261 262 263 264 265 266 268 269 271 273 275 276 277 278 279 281 284 285 286 287 291 292 293 294 295 296 298 299 300 302 303 304 305 309 311 312 313 315 316 319 320 321 322 323 324 325 326 327 328 329 330 331 332 334 336 337 338 339 340 341 343 344 345 346 347 349 350 351 352 353 354 355 356 357 358 359 361 362 365 367 368 369 371 372 374 375 376 377 378 379 380 381 383 384 385 386 388 389 390 392 394 395 398 399 401 402 403 404 405 406 407 410 411 413 414 415 416 418 420 421 423 424 425 426 427 429 430 431 432 433 434 435 437 439 440 441 442 443 444 445 446 448 449 452 453 454 455 456 457 459 461 462 464 465 466 468 469 471 473 474 476 477 478 479 480 481 484 485 486 487 488 490 491 492 493 495 496 497 498 499 631 641 963 973 
484: 1 2 4 5 7 8 9 10 11 12 13 14 15 16 18 20 21 22 23 24 25 27 29 30 31 33 34 35 38 39 40 41 42 43 44 45 49 50 51 52 54 55 56 57 58 59 61 62 63 64 65 66 67 68 71 73 76 78 80 81 82 83 84 85 86 87 88 89 90 91 92 93 94 95 97 99 100 101 102 105 107 108 110 111 112 113 114 115 116 117 118 119 120 122 123 124 126 127 129 130 131 132 133 135 136 137 138 140 141 142 143 144 145 146 147 148 149 150 151 152 153 154 155 156 157 158 159 160 162 163 165 167 169 170 171 172 173 175 176 177 178 179 180 181 182 183 186 188 189 190 191 192 193 194 196 197 199 200 201 202 204 205 206 207 209 210 211 212 213 215 216 218 219 220 221 222 223 224 225 226 227 228 230 231 232 233 234 235 237 239 242 243 244 245 246 248 249 250 252 255 256 257 259 261 263 264 265 267 269 270 271 275 276 277 278 279 280 281 282 283 286 287 289 290 291 292 293 294 295 297 298 299 300 301 302 303 304 305 306 307 309 310 311 312 313 314 316 317 318 319 320 322 324 325 326 327 328 330 331 332 333 334 335 336 337 338 339 341 344 346 348 349 350 351 353 354 355 356 357 358 360 361 362 364 365 366 367 369 371 373 374 375 379 380 382 383 385 386 387 388 389 390 391 392 394 395 396 397 399 400 401 402 403 405 407 408 409 411 413 414 415 417 418 419 420 421 422 423 424 425 429 430 431 432 434 435 436 437 438 439 441 442 444 445 447 448 449 450 451 452 453 454 456 459 462 463 464 465 466 468 469 470 471 472 473 475 476 477 478 479 480 481 482 483 486 487 488 489 492 493 494 495 497 498 499 622 684 983 
485: 1 2 3 5 6 8 9 10 11 12 13 14 15 16 17 18 21 22 23 24 25 27 30 31 32 33 34 35 36 38 39 40 41 42 43 45 46 47 48 49 50 51 52 53 54 56 57 59 60 61 62 63 65 66 67 68 70 72 73 74 75 76 77 78 80 81 82 83 84 87 88 89 91 92 94 95 96 97 99 100 101 102 103 105 106 107 108 109 110 111 112 113 115 117 118 119 120 121 122 125 126 127 128 129 131 132 133 134 135 136 137 138 139 141 142 143 145 146 147 148 149 150 151 152 153 154 156 158 160 161 164 165 166 167 168 169 170 171 173 174 175 177 178 179 180 181 182 183 184 187 188 189 190 191 192 193 194 195 196 197 199 201 202 203 204 205 207 208 210 212 213 214 215 216 217 219 220 221 222 223 224 226 227 228 229 231 232 233 234 235 238 239 240 241 243 245 247 248 249 250 251 255 256 257 258 259 261 263 264 267 268 269 270 272 273 274 276 277 278 279 280 281 282 284 285 286 287 288 293 294 296 297 298 299 301 302 304 305 306 307 308 309 310 311 314 316 317 318 319 320 322 323 324 325 326 329 331 333 334 335 337 339 340 341 342 343 344 345 348 350 351 352 354 355 357 358 359 360 361 362 363 364 365 366 368 369 372 373 375 376 377 378 379 380 381 385 386 387 390 391 392 393 394 395 396 397 398 399 403 404 405 406 408 409 410 411 412 413 414 415 416 417 419 420 422 423 424 425 428 429 430 431 432 434 435 436 437 438 440 442 444 445 446 447 448 449 451 452 453 455 456 457 458 459 460 461 462 463 464 465 466 467 468 469 470 471 473 474 477 478 479 480 481 482 483 486 487 489 490 491 492 493 494 495 496 497 498 499 653 654 678 937 
486: 0 1 2 4 5 6 8 9 10 11 12 13 14 15 16 17 18 19 21 23 24 25 26 27 28 29 31 33 34 36 37 38 39 40 41 42 43 45 47 49 50 51 52 53 54 55 56 57 58 59 60 61 62 63 65 66 67 68 69 70 71 72 73 74 75 76 78 79 81 82 84 86 88 90 91 92 94 95 97 98 99 100 101 102 103 106 108 109 111 112 113 114 115 116 117 119 121 123 124 125 128 130 131 132 133 134 135 136 137 138 139 140 141 142 143 144 147 148 149 150 151 152 154 155 156 161 162 163 165 166 167 168 169 171 172 173 176 177 178 179 180 181 182 184 185 186 187 188 189 190 191 192 193 195 196 197 198 200 201 202 203 204 205 206 207 208 209 211 212 213 214 215 216 217 218 219 221 222 223 225 226 230 231 232 233 237 238 240 241 242 243 244 245 246 248 250 251 253 255 256 257 258 259 260 261 262 263 264 265 267 269 271 272 273 274 275 276 277 278 279 280 282 284 285 286 287 289 290 292 294 295 296 298 299 300 301 302 303 304 305 307 308 309 310 313 314 315 316 317 318 320 321 322 323 324 325 326 327 328 329 330 332 335 337 338 339 340 342 343 344 345 346 347 348 350 353 354 355 356 357 360 361 362 363 364 365 366 367 368 369 370 372 373 374 375 376 379 380 381 382 385 387 389 390 392 393 395 396 397 398 399 400 401 402 403 404 405 406 409 411 412 414 416 417 419 420 421 424 425 426 427 428 430 432 433 434 436 439 441 442 443 444 446 447 448 449 450 451 452 453 454 455 456 457 459 460 461 463 465 466 467 468 469 470 472 473 474 475 476 477 478 480 481 482 483 484 485 487 488 489 490 492 493 494 496 498 
487: 0 2 3 6 7 8 9 10 11 12 13 15 16 19 20 21 22 23 24 26 27 28 29 30 31 33 34 36 40 41 42 44 45 46 47 48 49 52 53 54 55 56 57 58 59 60 61 62 63 64 65 66 67 68 69 71 72 73 75 76 77 78 79 80 82 83 84 86 89 90 91 93 94 95 96 97 99 100 101 104 105 106 107 108 109 111 113 115 118 119 122 123 126 127 128 129 131 132 133 134 135 136 137 138 139 140 142 143 144 145 146 148 151 152 153 154 155 156 157 158 159 160 161 162 164 166 167 168 169 170 172 173 174 175 176 178 179 180 181 182 183 185 187 188 189 190 191 192 193 194 195 196 197 198 199 200 201 202 203 204 205 206 208 209 210 211 212 213 214 216 219 220 221 222 223 224 225 227 228 229 230 231 232 233 235 237 238 239 240 241 243 244 245 247 249 250 251 252 253 254 255 256 257 258 260 261 262 263 264 267 268 269 271 272 273 274 277 279 280 282 283 284 285 286 287 288 289 290 291 292 293 295 296 297 299 300 303 304 305 307 309 310 311 312 314 316 317 318 320 321 322 323 324 325 326 327 328 329 330 331 332 333 334 335 336 337 338 340 341 343 344 345 347 348 350 351 352 353 354 356 357 358 359 361 362 363 365 369 370 371 372 374 375 379 381 382 383 384 386 387 388 389 390 393 394 396 397 398 399 400 401 402 403 404 405 406 407 408 409 410 411 412 413 414 416 417 418 419 421 422 423 424 426 427 430 431 432 433 434 437 438 442 443 444 445 446 447 448 449 450 451 452 453 454 455 457 459 460 461 462 463 464 466 467 468 469 470 471 472 473 474 475 477 478 479 480 483 484 485 486 488 490 491 492 493 494 495 497 499 644 662 750 971 
488: 0 1 2 4 5 6 7 8 10 11 12 13 15 16 17 18 19 20 21 22 23 24 27 29 30 31 33 34 36 37 39 40 41 42 44 45 46 47 48 49 50 52 53 54 56 57 59 60 61 64 66 67 69 70 71 72 73 74 75 76 77 78 79 81 82 83 86 88 89 90 91 92 93 95 96 97 98 99 100 101 102 103 105 106 107 108 109 110 111 112 113 114 116 118 119 120 121 124 125 127 128 129 130 131 133 134 135 136 137 141 142 143 144 145 148 149 150 152 153 154 157 158 159 160 161 162 163 164 165 166 167 168 169 170 171 172 173 174 175 177 178 179 180 181 182 183 184 185 187 188 192 193 194 195 196 197 198 199 201 202 203 204 205 206 207 208 209 211 212 214 216 217 218 219 220 222 223 224 225 226 227 230 232 234 236 238 239 240 243 245 246 247 249 250 251 252 253 254 255 260 262 263 265 266 267 270 271 272 273 274 275 277 278 280 281 284 285 286 287 288 289 290 294 295 296 298 299 300 301 302 303 304 305 306 307 308 309 310 311 312 313 314 315 317 318 319 321 322 323 325 326 327 328 329 330 331 333 335 336 338 339 340 341 342 343 344 345 346 347 348 349 350 351 353 355 356 358 359 360 361 364 367 368 370 371 373 374 375 376 377 378 380 382 383 384 385 386 387 388 389 390 391 392 393 394 395 396 398 400 401 402 405 406 407 408 410 411 412 414 415 416 417 418 419 420 421 422 423 425 426 428 430 433 434 435 436 437 439 440 442 443 444 445 446 447 449 450 451 454 455 456 460 461 462 464 466 467 468 469 470 471 473 474 475 476 477 478 479 480 481 482 483 484 486 487 490 491 492 493 495 496 497 498 499 678 965 
489: 0 1 2 3 4 5 6 7 8 9 10 11 12 14 15 17 19 20 21 22 23 24 25 26 27 30 31 32 33 34 35 36 37 38 39 41 43 44 45 46 47 48 49 50 51 52 53 55 56 57 58 59 60 61 62 64 67 68 69 70 71 72 76 77 79 80 81 84 85 86 87 88 89 90 91 92 94 95 96 98 99 100 101 102 103 105 106 107 109 110 111 112 113 114 115 116 117 118 120 121 122 123 124 125 127 129 130 131 133 134 135 138 141 142 143 144 145 146 147 148 149 150 151 152 154 155 156 157 158 159 160 161 162 163 164 165 167 168 169 171 172 173 174 175 176 177 178 179 181 182 183 186 187 188 189 190 191 192 193 194 195 198 199 200 201 204 205 206 207 208 210 212 213 214 216 217 218 219 220 222 223 224 225 226 227 228 230 231 234 236 237 238 240 241 242 245 246 247 248 249 250 251 252 253 254 256 257 259 261 262 263 266 267 269 271 272 273 274 275 276 277 278 279 280 281 282 283 284 285 286 288 289 290 291 292 293 294 296 297 298 299 300 301 302 303 304 305 306 307 309 310 311 313 314 315 317 318 320 321 325 326 327 328 329 330 331 332 334 335 336 337 338 339 340 342 343 344 345 346 347 349 351 353 354 355 356 358 359 362 363 364 365 368 369 370 371 372 373 374 376 377 378 379 381 382 383 384 385 386 387 388 389 390 391 392 395 397 398 399 400 401 404 405 408 411 412 414 415 416 418 419 421 422 425 426 427 428 429 430 431 432 433 434 435 436 437 438 439 440 441 444 445 446 447 448 449 450 452 453 454 455 456 457 458 459 461 462 463 464 465 466 467 468 469 470 471 472 473 474 475 476 477 479 481 484 485 486 490 491 492 493 494 495 496 497 498 499 768 771 787 941 
490: 0 1 2 3 4 6 7 8 12 14 17 18 20 21 22 23 24 25 26 27 28 29 30 31 32 33 34 35 37 38 39 41 42 43 44 45 46 48 49 50 51 53 54 55 56 57 58 60 61 62 64 66 67 68 70 71 72 73 74 75 76 78 79 80 81 82 83 84 86 87 88 89 91 92 93 94 95 96 97 98 100 101 102 103 104 105 106 110 111 112 113 115 117 120 121 124 125 126 129 130 131 132 133 134 136 137 138 140 142 144 145 146 147 148 149 150 152 153 154 155 157 159 160 161 162 163 165 167 168 169 170 171 172 173 174 175 176 177 178 179 180 182 184 185 187 189 190 191 194 195 196 197 198 199 201 202 203 204 205 206 207 208 209 211 212 213 214 215 217 219 220 222 223 225 226 228 229 230 231 233 234 235 236 238 239 240 241 242 244 245 247 248 249 251 252 253 254 255 256 257 258 259 262 263 264 266 267 268 269 270 271 272 273 274 275 276 277 280 281 282 283 284 285 286 287 288 289 290 291 293 294 295 296 297 298 299 300 301 302 304 305 306 308 310 312 313 314 315 316 317 318 319 320 321 322 324 325 327 328 329 330 331 332 333 334 335 337 338 340 341 342 344 345 346 348 349 350 351 352 353 354 355 356 358 359 360 361 363 364 365 366 367 368 370 371 372 373 374 376 377 378 379 381 382 383 384 385 386 387 388 389 391 392 393 394 395 397 398 399 400 401 402 405 407 408 410 411 412 413 414 415 416 418 419 420 421 422 423 424 427 428 429 430 431 432 433 434 435 438 439 440 442 443 444 445 446 447 448 449 451 452 453 454 457 458 459 460 461 462 465 468 472 473 474 475 476 477 479 480 481 482 483 485 486 487 488 489 491 494 495 499 778 940 
491: 0 2 3 4 5 7 8 9 10 11 12 13 16 17 18 20 21 23 24 25 26 28 29 30 31 32 34 35 36 37 38 40 41 44 45 46 47 48 50 51 52 53 54 55 56 58 59 60 63 66 67 69 70 71 72 74 75 78 79 80 81 82 83 86 87 88 89 90 91 92 93 96 97 98 99 102 104 105 106 107 108 109 110 111 112 113 114 115 116 117 119 120 121 122 123 124 125 127 128 131 134 135 137 138 139 141 143 144 145 148 149 151 152 153 154 155 156 157 158 159 160 161 162 163 164 166 168 169 170 171 172 173 174 175 176 177 179 180 181 182 183 184 185 186 187 188 189 191 192 194 195 197 198 199 201 202 203 204 206 207 208 209 210 212 213 214 216 217 218 219 220 221 222 224 225 227 229 230 231 232 233 234 235 236 238 239 241 242 243 244 246 247 248 250 252 254 255 256 257 258 259 260 261 262 264 265 266 267 269 270 271 272 273 274 275 276 278 279 282 285 288 290 291 292 293 294 295 297 298 301 302 303 304 305 306 307 308 309 310 311 312 313 314 315 317 318 319 320 322 324 325 326 328 329 332 333 334 335 336 337 338 339 340 341 343 344 345 346 347 348 349 350 351 354 355 356 358 360 361 362 363 364 365 367 368 369 370 371 372 373 374 375 377 378 380 381 382 383 384 385 387 388 389 390 391 392 394 395 396 398 400 401 402 403 404 405 406 407 408 409 410 412 413 414 416 417 418 420 422 423 424 425 426 427 428 429 433 434 435 436 437 438 439 441 442 444 446 447 448 451 453 454 455 456 459 460 461 462 463 464 465 466 467 468 470 471 472 473 474 475 476 477 478 479 480 481 483 485 487 488 489 490 492 493 494 495 496 498 499 945 983 
492: 0 1 2 3 4 5 6 7 9 10 11 12 13 14 15 16 17 18 19 24 25 27 28 29 30 34 35 36 37 38 39 41 42 43 45 46 48 50 52 53 55 56 57 59 60 61 62 63 64 66 67 68 71 72 73 74 75 76 77 78 79 80 81 82 83 85 86 87 88 89 90 91 92 93 95 96 97 98 99 100 101 102 103 104 106 107 108 109 110 111 112 113 114 115 116 117 119 120 121 122 124 128 129 130 131 132 134 135 136 137 138 139 141 142 143 144 145 146 147 151 152 153 154 155 156 157 158 159 161 164 165 166 167 168 169 170 171 172 173 174 175 176 178 179 181 182 183 184 185 186 187 188 189 190 191 193 194 195 196 200 201 202 203 206 209 210 211 212 213 215 218 219 222 223 224 226 227 228 230 233 234 235 236 237 238 239 241 243 244 247 248 250 251 253 254 255 257 258 259 260 261 262 263 264 265 268 269 270 271 272 273 274 275 276 278 279 280 281 282 283 284 285 286 287 288 292 293 294 295 296 297 299 300 301 303 304 305 306 307 308 310 311 312 313 314 315 317 318 320 322 323 324 325 326 327 328 330 332 336 337 338 340 343 344 345 346 347 350 351 352 354 355 357 358 359 360 361 362 363 364 366 369 370 371 373 374 375 376 380 381 383 385 386 387 388 389 390 391 392 393 394 395 398 400 401 402 404 405 406 407 408 409 410 411 412 413 414 417 418 419 420 421 422 423 424 425 426 428 429 430 433 434 435 436 437 438 439 441 444 446 447 449 451 452 453 455 456 457 458 459 460 461 462 463 465 466 467 468 469 471 473 475 477 478 479 480 481 482 483 484 485 486 487 488 489 491 493 494 495 496 497 498 499 
493: 0 1 2 3 5 7 8 9 10 12 13 14 15 16 17 18 19 20 21 23 25 26 27 28 29 30 32 33 34 35 36 37 38 39 41 43 44 45 46 47 48 49 50 51 52 53 54 55 56 58 59 60 61 62 63 64 65 66 67 68 69 70 73 74 75 77 78 80 81 83 84 85 86 88 89 90 91 92 93 95 96 97 101 102 103 104 109 110 111 112 113 114 116 117 118 119 120 121 123 124 125 126 127 128 129 130 131 132 133 136 137 140 142 144 145 146 147 149 150 151 152 154 155 157 158 159 161 163 164 165 166 167 168 170 171 172 173 174 175 177 179 183 184 186 187 188 191 192 193 194 195 196 197 198 199 200 201 203 204 205 206 207 208 209 210 211 212 214 215 216 217 218 219 220 221 222 223 224 225 226 227 229 230 231 232 233 234 235 236 237 238 239 240 241 242 244 245 246 247 248 250 251 253 254 255 256 257 259 260 261 262 263 264 265 267 269 271 272 273 274 275 276 278 279 280 281 282 283 286 289 290 291 292 297 299 300 301 304 305 306 307 309 310 311 313 315 317 318 319 320 321 322 323 325 327 328 329 330 331 333 334 335 339 340 342 344 345 347 348 352 353 354 355 357 358 359 360 361 362 363 365 366 367 368 369 370 371 372 374 375 377 378 380 382 384 385 386 389 390 391 392 394 395 397 398 399 400 401 402 403 404 406 407 408 409 411 413 414 415 416 417 419 420 423 424 425 426 427 428 430 432 435 436 437 438 439 440 441 442 443 444 445 446 447 448 449 450 451 452 453 454 455 456 457 458 459 460 461 462 463 464 465 466 467 469 472 473 474 475 476 477 479 481 482 483 484 485 486 487 488 489 491 492 494 495 496 497 498 499 654 671 688 
494: 0 2 4 5 7 8 9 10 11 12 13 14 16 17 18 19 22 23 25 26 27 28 29 30 31 32 33 35 36 38 39 40 41 43 45 48 49 50 51 52 53 54 57 59 60 61 62 63 64 65 66 67 68 69 70 71 74 76 77 78 79 80 81 82 83 84 85 86 87 88 89 91 92 93 94 95 97 98 99 100 101 102 104 105 106 107 109 110 112 113 115 116 117 118 119 120 121 122 123 124 126 127 128 129 130 131 135 137 139 140 141 142 143 144 145 147 149 150 151 152 153 154 156 157 158 160 161 163 164 166 168 171 172 173 174 175 176 177 178 179 180 181 182 183 184 185 186 187 188 189 190 191 192 193 194 195 196 198 201 202 203 204 206 207 208 209 210 211 212 213 214 215 216 218 219 220 221 223 225 226 227 228 231 232 233 234 235 236 238 239 240 241 242 243 244 246 247 248 249 250 251 253 254 255 256 257 261 262 263 265 266 268 269 270 271 272 273 274 275 276 277 278 279 280 283 284 285 286 287 288 289 290 291 292 293 294 296 297 298 299 300 301 302 303 304 305 306 307 308 309 311 313 314 315 316 317 319 321 322 324 325 326 327 328 329 330 332 333 334 335 336 337 338 339 340 341 342 343 344 345 346 347 348 349 350 351 352 353 355 356 358 359 360 361 362 364 365 367 368 369 370 371 372 373 374 375 376 377 378 380 381 382 384 385 386 387 388 389 390 391 394 395 396 398 399 400 403 404 405 406 407 408 409 410 411 412 413 414 415 416 417 418 419 420 421 422 424 425 426 427 429 430 431 433 434 436 437 438 439 440 441 443 444 447 448 449 451 452 453 454 455 460 461 462 463 464 465 466 467 468 470 472 473 476 480 481 484 485 486 487 489 490 491 492 493 495 496 497 498 499 
495: 1 2 4 5 6 7 9 10 11 12 13 15 16 17 18 19 20 22 24 26 28 29 30 31 32 33 34 35 36 37 39 40 42 43 44 45 46 47 48 49 51 52 53 55 56 57 58 59 60 63 64 65 66 67 68 69 70 71 72 73 75 76 77 78 80 82 84 86 87 88 90 91 92 93 95 96 97 98 99 100 101 102 103 104 105 107 109 110 112 113 114 115 117 119 120 121 124 125 126 127 128 129 130 131 133 134 135 136 138 139 140 141 142 143 145 146 147 148 149 151 153 156 157 158 159 160 161 162 164 165 166 167 168 170 173 174 175 176 178 179 181 182 183 186 187 188 189 190 191 192 193 194 195 196 198 199 200 201 203 204 207 208 209 210 211 212 213 214 215 217 218 219 220 221 222 224 227 228 229 230 231 233 234 237 238 239 240 241 243 244 245 247 248 249 250 253 254 257 259 260 261 262 263 264 265 266 267 268 269 270 271 272 273 274 275 276 277 279 282 283 284 286 289 290 291 293 294 295 297 298 300 301 303 304 305 306 307 308 311 312 313 314 315 317 318 321 322 323 324 325 328 329 330 331 333 334 335 336 337 339 340 341 344 345 346 347 349 350 352 353 355 356 358 360 361 362 363 369 370 371 372 374 375 377 378 379 380 381 382 383 384 385 386 390 392 394 396 398 399 400 401 402 403 405 408 409 410 412 413 414 415 417 418 419 420 421 422 423 424 426 427 428 429 430 431 432 433 434 436 437 438 442 443 444 445 446 447 448 449 450 453 454 455 456 457 459 460 461 462 463 466 467 468 469 470 471 473 475 476 478 480 483 484 485 487 488 489 490 491 492 493 494 496 497 498 499 
496: 0 1 3 5 6 7 8 10 11 12 13 15 18 19 20 21 22 24 26 27 28 29 30 31 32 33 35 39 40 41 42 44 45 47 49 52 54 55 56 57 58 59 61 63 65 66 67 69 70 71 72 73 74 75 76 77 78 79 80 84 85 86 88 90 92 93 94 95 96 98 100 101 102 103 104 105 106 107 108 109 110 111 112 113 114 116 117 118 119 121 122 123 126 129 130 131 132 134 135 136 139 140 141 142 145 146 147 148 149 150 151 152 153 155 156 157 158 159 162 163 165 166 168 169 170 171 172 173 174 176 177 178 179 180 181 182 183 184 185 186 187 188 189 190 191 193 194 195 196 197 198 199 200 201 202 203 204 205 206 208 209 210 211 214 215 217 218 219 220 221 222 223 224 225 226 228 229 231 232 234 235 236 238 239 241 243 245 246 248 249 251 252 253 255 257 258 259 262 263 265 266 267 268 270 272 273 274 276 277 279 281 282 283 284 285 286 288 289 290 291 292 293 294 295 297 298 299 300 301 302 303 304 306 307 308 309 310 311 312 313 314 315 316 317 318 319 320 321 322 324 325 327 328 330 332 333 334 335 336 337 338 339 340 342 343 344 345 347 349 351 352 353 354 357 359 360 361 362 363 364 365 366 367 369 370 371 372 373 375 376 378 382 383 384 385 387 388 389 390 391 392 396 397 398 399 400 401 402 403 406 407 408 410 412 413 415 416 417 418 421 422 423 426 427 429 430 432 433 434 435 436 437 438 440 441 443 445 446 447 449 450 451 454 456 457 458 459 460 461 463 466 468 469 471 472 477 478 479 480 481 482 483 485 486 488 489 491 492 493 494 495 497 498 499 769 778 
497: 2 3 4 5 6 7 8 10 11 12 13 14 15 17 22 23 24 26 27 28 29 30 31 32 34 35 38 40 41 42 43 44 45 46 49 50 51 52 55 56 57 58 60 61 62 63 64 66 67 68 69 72 73 74 75 77 78 79 80 81 82 84 85 86 88 91 92 93 94 95 97 98 99 100 101 102 103 104 106 107 109 111 113 114 115 116 118 119 120 121 123 125 126 127 128 129 130 132 133 134 135 136 138 139 140 141 142 143 144 145 146 147 150 151 153 154 155 156 157 159 161 162 163 164 168 169 171 172 173 174 175 176 177 178 179 181 182 183 185 187 190 191 192 193 194 195 196 197 198 199 200 202 203 204 205 208 209 211 213 216 217 218 221 222 224 226 227 228 231 234 235 236 238 239 240 241 242 243 244 245 246 247 248 249 250 251 252 253 254 255 256 258 259 260 261 263 266 267 269 271 272 274 275 276 277 278 279 280 281 283 284 285 286 287 288 289 290 291 292 293 294 295 296 297 298 299 300 301 302 303 304 305 306 307 309 310 311 312 313 315 316 318 319 320 321 322 323 325 327 328 329 330 331 332 333 334 335 338 340 341 342 343 344 345 346 347 348 349 350 351 352 353 354 355 357 358 359 362 364 365 367 369 370 371 372 373 374 375 376 377 378 379 380 381 382 384 385 386 387 388 389 390 391 392 393 394 395 397 398 399 401 402 403 405 408 409 410 412 413 414 415 416 417 418 420 421 422 423 424 425 426 427 429 430 432 433 434 435 436 437 438 439 440 441 442 443 444 445 446 448 449 450 451 452 453 455 456 457 458 459 461 462 463 466 467 468 469 470 471 472 473 474 475 476 477 478 479 480 481 482 483 484 485 487 488 489 492 493 494 495 496 498 632 760 996 
498: 0 1 3 4 6 7 8 9 10 11 12 15 16 17 18 19 20 21 22 23 24 26 27 29 31 34 35 36 37 38 39 40 41 43 45 46 47 48 49 50 51 52 53 55 56 57 59 60 61 63 64 65 66 68 70 71 72 73 74 75 76 77 78 79 81 82 83 84 85 86 87 88 90 92 93 94 95 96 97 99 100 101 102 103 104 105 106 107 108 109 111 112 113 114 116 117 119 121 122 123 125 126 127 128 129 130 131 134 136 138 139 140 142 143 144 145 146 147 148 149 150 151 152 153 154 155 157 158 159 160 161 162 163 164 165 166 167 169 170 171 173 174 175 176 177 178 180 181 184 185 187 188 191 192 193 194 195 196 197 198 199 200 202 203 206 207 208 209 210 211 212 214 215 216 217 219 221 222 224 227 228 229 231 232 233 234 235 236 237 238 239 240 241 243 244 245 246 247 251 252 253 254 255 256 257 258 259 260 261 262 263 264 265 268 269 270 272 273 274 275 276 277 278 279 280 282 283 285 286 288 289 290 291 292 293 294 295 296 297 300 301 302 303 306 307 308 309 310 311 312 317 318 319 321 322 324 325 326 328 330 331 332 334 335 337 338 339 340 342 343 344 345 347 348 349 350 352 353 356 357 358 360 361 362 363 364 365 366 367 369 371 373 374 376 377 378 379 380 382 383 384 385 386 387 388 389 390 391 393 394 395 396 398 400 401 402 404 405 406 407 408 409 410 411 414 415 416 417 420 422 425 426 427 428 429 430 431 432 433 434 435 436 437 438 441 442 443 444 445 446 447 448 449 450 451 453 455 456 457 459 460 463 464 465 467 469 470 471 472 473 474 476 477 479 480 483 484 485 486 488 489 491 492 493 494 495 496 497 499 646 650 786 793 767 969 
499: 0 1 2 3 4 5 6 7 8 10 11 12 14 15 17 18 19 20 21 23 26 28 29 30 32 33 37 38 40 41 43 44 45 46 47 48 49 52 53 54 55 56 57 59 60 61 63 64 66 67 68 70 71 72 73 74 75 76 77 78 79 81 82 83 85 86 87 89 90 91 92 94 95 96 97 98 99 100 101 105 107 108 110 111 112 114 115 116 117 118 119 120 123 125 126 127 128 129 131 136 137 138 139 141 143 144 146 147 148 150 151 152 153 155 156 158 159 160 161 162 163 164 165 166 167 168 170 171 174 175 176 178 179 180 184 185 186 188 189 191 192 193 194 195 196 197 199 200 201 203 204 205 207 208 209 210 212 213 215 216 218 219 220 223 225 226 227 228 229 230 231 232 233 234 235 236 237 238 239 240 241 242 243 244 245 246 247 249 250 251 252 253 255 256 257 258 259 260 261 262 263 264 265 266 267 268 269 270 272 273 275 276 278 279 280 282 283 284 286 287 288 289 290 291 294 295 299 300 302 303 304 305 308 309 311 314 315 316 317 318 319 320 321 322 323 324 326 327 328 329 330 332 333 334 335 336 337 338 339 341 342 343 345 346 348 349 350 352 353 354 356 357 358 359 362 363 364 365 366 368 369 370 371 372 373 374 375 376 377 381 383 384 385 386 387 390 392 393 394 395 396 397 399 401 402 404 405 406 408 409 410 411 413 415 417 418 422 423 424 425 428 429 430 431 432 433 434 435 436 439 440 441 442 444 445 447 448 449 450 454 455 457 458 462 464 465 466 468 469 470 472 473 475 476 477 478 479 480 482 483 484 485 487 488 489 490 491 492 493 494 495 496 498 920 983 
512: 514 515 518 519 520 521 522 524 525 526 527 529 530 531 532 534 535 536 538 539 540 541 542 544 545 546 547 549 551 552 553 554 556 557 558 559 560 561 562 563 564 565 566 567 568 569 570 572 573 574 575 577 578 583 584 585 586 589 590 591 593 594 596 597 598 501 502 504 505 506 507 508 509 510 511 
513: 514 516 517 519 520 521 522 523 525 526 527 528 530 531 532 533 534 536 537 538 539 540 541 542 543 544 545 546 547 548 549 550 551 552 553 554 557 558 559 560 561 562 563 564 565 566 567 568 569 570 571 572 573 575 576 577 578 580 581 583 584 585 586 587 588 589 590 592 593 594 596 597 598 500 501 502 503 504 505 506 507 508 509 510 511 896 900 
514: 512 513 515 516 517 518 519 520 521 522 523 524 525 526 527 529 530 531 532 533 534 536 539 541 543 544 547 548 549 550 551 552 553 554 555 556 557 558 559 561 562 563 564 565 566 567 568 569 570 571 572 573 574 576 577 578 579 580 582 583 584 586 587 588 589 592 593 594 597 598 599 500 502 503 504 505 506 507 509 511 
515: 512 514 518 520 521 522 523 524 525 526 527 528 529 530 531 532 534 535 536 537 538 539 541 542 544 545 546 548 550 553 554 555 558 560 561 562 563 565 567 569 570 571 573 576 577 578 579 580 581 582 583 584 586 587 588 589 590 591 593 594 595 596 597 598 500 501 502 503 504 505 506 507 508 883 
516: 513 514 517 518 519 521 522 523 524 525 526 527 528 529 530 531 532 533 534 537 540 542 543 544 545 547 548 551 553 554 555 557 559 560 561 562 563 565 566 567 568 569 570 571 572 573 574 576 578 579 581 583 584 586 588 591 592 593 594 595 596 597 599 500 501 502 503 504 506 507 508 509 510 511 
517: 513 514 516 518 519 520 522 523 524 525 526 527 528 530 532 533 534 535 536 537 538 539 541 542 543 544 545 546 548 549 550 551 553 554 555 556 557 558 559 561 562 563 565 566 568 571 572 574 575 576 577 578 579 580 582 583 585 586 587 588 589 592 594 595 596 597 598 599 501 502 503 505 506 507 508 509 510 511 
518: 512 514 515 516 517 519 520 521 522 523 524 525 527 528 530 532 533 535 536 537 538 540 541 542 546 547 549 550 551 552 553 554 557 558 559 560 562 563 565 566 567 568 569 573 574 576 577 578 579 580 581 584 585 586 587 588 589 590 591 593 594 595 596 597 598 599 500 501 502 503 505 506 510 511 882 
519: 512 513 514 516 517 518 520 521 522 523 524 525 526 527 528 529 530 531 532 533 534 535 538 539 540 541 543 544 545 546 547 549 551 553 554 555 557 558 559 560 562 563 564 565 566 567 568 569 571 572 573 574 575 576 577 578 580 582 583 584 585 586 587 590 591 592 594 595 596 597 599 501 504 505 506 507 508 509 510 903 
520: 512 513 514 515 517 518 519 523 524 526 530 531 532 533 534 535 536 537 538 540 541 542 543 544 546 547 548 549 550 552 553 556 557 559 560 561 562 563 565 566 567 569 570 573 574 575 577 578 579 581 582 583 584 585 587 588 589 590 591 592 593 594 596 599 500 502 504 505 506 510 887 
521: 512 513 514 515 516 518 519 523 525 526 527 529 530 531 532 533 534 535 537 540 541 542 544 545 546 549 550 551 552 553 554 555 556 557 558 559 562 563 564 565 566 567 568 569 570 572 573 574 575 576 577 578 579 580 581 582 585 586 587 588 590 591 592 593 594 597 598 599 500 501 502 503 505 507 510 
522: 512 513 514 515 516 517 518 519 523 524 525 527 528 529 531 532 533 534 535 536 537 538 539 540 541 542 543 546 547 548 551 552 553 554 555 556 558 559 561 563 564 565 566 567 568 569 570 571 572 573 574 576 577 578 579 580 581 582 584 585 586 588 589 590 592 593 594 595 596 597 598 599 500 502 503 504 505 506 507 508 509 510 
523: 513 514 515 516 517 518 519 520 521 522 524 526 527 528 529 531 532 533 534 535 537 538 539 540 545 546 547 549 550 552 553 554 555 556 557 558 559 560 561 562 563 566 567 568 570 572 574 577 578 581 582 583 584 585 586 587 588 589 590 592 593 594 596 597 599 500 503 504 505 506 507 508 509 511 
524: 512 514 515 516 517 518 519 520 522 523 528 529 530 531 532 533 534 535 536 537 538 539 540 541 542 543 544 545 546 547 548 549 550 551 552 554 555 556 557 558 562 563 565 566 567 568 569 570 571 572 573 574 575 576 577 578 580 581 583 584 585 586 587 588 589 591 592 593 595 596 597 598 599 500 501 502 503 504 506 507 508 509 511 
525: 512 513 514 515 516 517 518 519 521 522 526 527 528 529 530 532 533 534 535 537 542 543 544 545 546 547 549 551 552 553 554 556 558 559 560 561 562 563 565 567 568 569 570 571 573 575 576 577 580 581 582 584 587 588 590 591 593 594 595 596 598 500 501 504 505 507 508 510 511 
526: 512 513 514 515 516 517 519 520 521 523 525 529 530 532 533 534 535 536 538 539 540 542 544 545 546 547 548 550 552 553 555 556 557 558 559 560 562 563 564 565 566 567 571 572 575 576 579 581 582 583 585 586 587 588 589 590 591 592 594 595 596 597 598 500 501 502 503 504 505 506 507 508 509 510 511 914 
527: 512 513 514 515 516 517 518 519 521 522 523 525 528 530 531 534 536 537 538 540 541 542 543 544 545 546 548 549 550 551 552 553 555 557 558 559 561 562 563 564 565 566 567 568 569 570 572 573 574 576 577 579 580 581 582 584 587 589 592 593 597 599 501 502 503 504 505 506 508 509 510 511 
528: 513 515 516 517 518 519 522 523 524 525 527 529 531 532 534 535 536 538 540 541 542 543 544 545 546 547 549 550 551 552 553 554 555 556 557 558 559 560 562 563 564 565 566 567 568 569 570 572 573 575 576 577 579 580 581 582 583 585 586 587 588 589 591 592 593 594 595 597 599 500 501 503 504 505 506 507 508 509 510 
529: 512 514 515 516 519 521 522 523 524 525 526 528 530 532 534 535 537 538 539 540 541 544 545 546 547 551 552 553 554 555 558 560 561 562 563 564 565 566 568 569 570 571 572 573 574 575 576 577 579 581 582 583 584 588 590 593 594 595 597 598 599 501 504 505 507 510 919 
530: 512 513 514 515 516 517 518 519 520 521 524 525 526 527 529 531 532 533 534 536 537 538 540 541 545 546 549 551 552 553 554 555 558 559 560 561 562 563 564 565 567 568 569 571 573 574 576 577 578 579 580 582 583 584 585 586 587 588 589 590 591 592 593 596 597 599 503 504 505 506 507 508 509 511 
531: 512 513 514 515 516 519 520 521 522 523 524 527 528 530 532 533 534 535 537 539 541 542 543 544 546 547 549 550 551 552 554 555 556 557 559 560 562 563 564 565 567 568 569 570 572 573 574 575 576 577 579 580 582 583 584 586 587 588 589 591 592 593 594 598 599 500 501 502 503 506 507 509 510 511 889 
532: 512 513 514 515 516 517 518 519 520 521 522 523 524 525 526 528 529 530 531 533 534 536 537 538 541 542 544 545 546 547 548 549 550 551 553 554 555 556 558 559 560 561 562 563 564 565 567 568 569 570 574 576 577 578 579 580 581 582 583 584 586 590 591 592 593 594 595 596 597 598 599 500 502 504 505 506 507 508 509 510 511 
533: 513 514 516 517 518 519 520 521 522 523 524 525 526 530 531 532 534 535 536 537 538 540 541 542 543 545 547 548 550 552 553 555 556 557 558 559 560 561 562 563 565 567 569 570 571 572 573 574 575 576 577 578 579 580 581 582 584 586 587 589 590 591 592 593 594 595 597 598 599 500 501 502 503 504 507 508 509 510 511 
534: 512 513 514 515 516 517 519 520 521 522 523 524 525 526 527 528 529 530 531 532 533 535 536 537 538 539 540 541 542 544 546 547 548 552 554 558 559 560 561 562 563 565 568 569 570 571 572 573 576 577 578 579 580 583 585 586 587 588 589 590 591 592 594 595 596 597 598 500 501 503 504 505 506 507 508 509 510 
535: 512 515 517 518 519 520 521 522 523 524 525 526 528 529 531 533 534 536 538 539 540 541 542 543 544 545 546 547 548 549 550 551 552 553 554 555 556 557 558 562 564 566 568 569 570 571 572 573 574 575 576 579 580 581 582 583 584 585 588 589 592 593 594 595 596 598 599 500 501 502 503 506 507 508 509 510 511 
536: 512 513 514 515 517 518 520 522 524 526 527 528 530 532 533 534 535 537 538 539 540 542 543 544 545 546 547 548 549 550 551 553 554 556 557 559 560 561 562 563 565 566 567 569 570 571 572 573 574 575 577 578 580 581 583 584 585 586 587 589 590 591 592 594 595 596 597 598 500 501 503 504 506 508 509 510 511 
537: 513 515 516 517 518 520 521 522 523 524 525 527 529 530 531 532 533 534 536 538 539 540 541 542 545 546 547 548 549 550 551 553 554 555 557 558 559 560 561 562 563 565 566 567 568 569 570 571 572 573 575 576 577 579 580 582 583 584 585 587 588 590 593 594 595 596 597 598 501 502 503 504 505 506 507 508 510 511 
538: 512 513 515 517 518 519 520 522 523 524 526 527 528 529 530 532 533 534 535 536 537 539 540 541 544 546 548 549 551 552 558 559 560 562 563 564 565 566 567 568 569 570 571 572 573 574 575 579 580 581 582 584 585 586 587 588 589 590 591 592 593 594 595 596 597 599 500 501 502 503 505 509 510 
539: 512 513 514 515 517 519 522 523 524 526 529 531 534 535 536 537 538 542 543 544 545 546 547 548 549 550 551 552 553 554 555 556 557 558 559 560 561 562 565 566 567 568 569 570 572 574 575 576 577 578 579 581 584 585 587 588 589 590 592 593 595 596 598 599 500 501 503 506 508 509 510 511 
540: 512 513 516 518 519 520 521 522 523 524 526 527 528 529 530 533 534 535 536 537 538 541 542 543 544 545 546 547 548 549 550 552 554 555 557 561 562 563 564 565 569 570 571 573 574 575 576 577 578 579 580 581 582 584 586 587 588 589 590 592 593 594 595 596 598 599 500 501 502 503 504 505 508 509 510 
541: 512 513 514 515 517 518 519 520 521 522 524 527 528 529 530 531 532 533 534 535 537 538 540 542 544 548 549 550 554 556 557 559 560 561 562 563 564 565 566 567 568 569 570 571 572 573 574 575 576 577 578 579 580 582 583 584 585 586 587 588 589 590 591 592 593 594 595 596 500 501 502 505 506 507 509 909 
542: 512 513 515 516 517 518 520 521 522 524 525 526 527 528 531 532 533 534 535 536 537 539 540 541 543 547 549 550 551 553 554 555 556 557 558 559 561 562 563 564 565 566 567 568 570 571 572 573 574 575 577 579 580 581 582 583 585 587 588 590 592 593 594 595 597 598 599 500 501 503 504 505 506 507 508 511 
543: 513 514 516 517 519 520 522 524 525 527 528 531 533 535 536 539 540 542 544 545 546 547 548 549 550 551 552 553 554 555 556 558 559 560 562 564 565 566 569 570 571 573 575 577 578 579 580 581 582 583 584 586 587 589 590 593 594 596 597 598 599 500 501 502 503 504 505 506 507 508 509 510 
544: 512 513 514 515 516 517 519 520 521 524 525 526 527 528 529 531 532 534 535 536 538 539 540 541 543 545 546 547 548 549 551 552 553 555 556 557 558 559 561 562 564 565 566 567 568 569 570 571 572 573 574 575 577 578 579 580 581 582 583 584 585 587 588 589 591 592 593 595 597 598 500 502 503 504 505 506 507 508 509 510 511 902 
545: 512 513 515 516 517 519 521 523 524 525 526 527 528 529 530 532 533 535 536 537 539 540 543 544 546 547 548 549 550 551 552 553 556 557 558 559 561 562 563 564 569 570 572 573 574 575 576 577 578 579 580 581 582 583 584 586 591 592 594 595 596 597 501 502 503 504 505 507 508 509 511 880 
546: 512 513 515 517 518 519 520 521 522 523 524 525 526 527 528 529 530 531 532 534 535 536 537 538 539 540 543 544 545 547 549 554 555 556 557 559 560 561 562 564 565 567 568 569 570 571 572 575 576 577 580 581 582 583 584 585 586 587 589 590 591 592 593 594 597 598 599 500 501 502 507 509 510 
547: 512 513 514 516 518 519 520 522 523 524 525 526 528 529 531 532 533 534 535 536 537 539 540 542 543 544 545 546 548 549 551 554 555 556 557 558 560 561 562 563 564 565 566 567 568 569 570 571 572 574 575 576 577 578 579 580 581 582 583 585 586 587 589 591 592 593 594 596 597 598 599 500 501 502 503 505 506 507 508 509 510 888 
548: 513 514 515 516 517 520 522 524 526 527 532 533 534 535 536 537 538 539 540 541 543 544 545 547 549 550 551 552 554 555 556 557 558 559 562 563 564 565 566 567 568 571 574 576 577 578 579 581 582 583 584 585 587 588 590 591 593 594 595 596 597 598 599 500 501 503 505 506 507 508 509 510 511 
549: 512 513 514 517 518 519 520 521 523 524 525 527 528 530 531 532 535 536 537 538 539 540 541 542 543 544 545 546 547 548 550 551 552 553 554 559 565 566 569 570 571 572 573 574 575 576 578 579 581 582 583 585 587 588 589 590 591 592 593 596 597 598 500 502 504 507 508 509 510 
550: 513 514 515 517 518 520 521 523 524 526 527 528 531 532 533 535 536 537 539 540 541 542 543 545 548 549 551 552 554 555 556 557 558 562 564 565 566 567 568 569 570 571 572 573 574 575 576 577 578 580 582 583 585 586 587 588 591 593 594 597 598 599 501 503 505 506 507 508 509 510 511 
551: 512 513 514 516 517 518 519 521 522 524 525 527 528 529 530 531 532 535 536 537 538 539 542 543 544 545 547 548 549 550 552 553 555 556 557 558 559 560 561 563 564 566 567 568 569 570 571 572 573 574 575 577 579 580 584 586 588 590 591 592 593 595 596 597 598 599 500 501 502 503 505 506 507 508 511 
552: 512 513 514 518 520 521 522 523 524 525 526 527 528 529 530 531 533 534 535 538 539 540 543 544 545 548 549 550 551 553 556 557 560 561 562 563 566 567 568 570 571 572 573 574 575 576 578 579 580 582 583 584 585 587 588 589 590 591 592 593 595 596 597 599 500 501 502 503 504 505 506 507 508 510 511 
553: 512 513 514 515 516 517 518 519 520 521 522 523 525 526 527 528 529 530 532 533 535 536 537 539 542 543 544 545 549 551 552 554 555 556 557 558 561 562 563 564 565 566 567 568 569 570 571 572 573 574 575 576 577 578 579 581 583 584 585 586 587 588 589 591 592 593 595 596 597 500 501 503 504 505 506 507 508 509 510 511 
554: 512 513 514 515 516 517 518 519 521 522 523 524 525 528 529 530 531 532 534 535 536 537 539 540 541 542 543 546 547 548 549 550 553 555 557 558 559 560 561 562 564 567 568 571 573 574 575 576 577 578 579 580 581 583 584 585 586 588 590 591 592 593 594 595 596 597 598 599 501 502 503 505 507 508 509 510 511 
555: 514 515 516 517 519 521 522 523 524 526 527 528 529 530 531 532 533 535 537 539 540 542 543 544 546 547 548 550 551 553 554 556 558 559 561 562 563 564 565 566 569 570 572 575 576 577 578 579 580 581 582 584 585 586 587 588 589 590 591 592 593 594 596 597 598 599 500 501 502 503 504 505 506 507 508 509 511 905 
556: 512 514 517 520 521 522 523 524 525 526 528 531 532 533 535 536 539 541 542 543 544 545 546 547 548 550 551 552 553 555 557 558 561 562 563 564 565 568 570 571 573 574 575 576 577 578 581 582 584 585 586 587 590 591 592 594 597 598 599 500 501 503 505 506 507 508 509 510 
557: 512 513 514 516 517 518 519 520 521 523 524 526 527 528 531 533 535 536 537 539 540 541 542 544 545 546 547 548 550 551 552 553 554 556 558 559 560 561 562 563 564 565 566 567 568 570 571 572 574 575 576 577 578 579 581 582 584 585 586 588 589 590 591 593 594 595 596 599 500 502 505 506 507 509 510 511 
558: 512 513 514 515 517 518 519 521 522 523 524 525 526 527 528 529 530 532 533 534 535 537 538 539 542 543 544 545 547 548 550 551 553 554 555 556 557 559 560 561 563 564 568 570 571 572 573 576 577 578 579 582 583 585 586 587 590 591 593 594 595 596 597 500 501 502 504 505 506 508 509 510 
559: 512 513 514 516 517 518 519 520 521 522 523 525 526 527 528 530 531 532 533 534 536 537 538 539 541 542 543 544 545 546 548 549 551 554 555 557 558 560 561 562 563 564 565 566 568 569 570 571 572 573 574 576 577 581 582 584 585 586 587 588 589 591 592 593 594 595 598 500 501 502 503 504 505 506 507 508 510 
560: 512 513 515 516 518 519 520 523 525 526 528 529 530 531 532 533 534 536 537 538 539 541 543 546 547 551 552 554 557 558 559 562 564 565 566 567 568 569 570 571 572 575 576 577 578 581 582 583 584 585 586 587 589 590 592 594 595 596 598 599 500 501 502 503 505 506 507 508 511 913 
561: 512 513 514 515 516 517 520 522 523 525 527 529 530 532 533 534 536 537 539 540 541 542 544 545 546 547 551 552 553 554 555 556 557 558 559 562 564 565 567 570 573 575 577 578 580 581 583 585 586 587 591 592 593 594 595 598 500 501 502 504 505 506 507 509 510 511 
562: 512 513 514 515 516 517 518 519 520 521 523 524 525 526 527 528 529 530 531 532 533 534 535 536 537 538 539 540 541 542 543 544 545 546 547 548 550 552 553 554 555 556 557 559 560 561 563 564 565 567 568 569 571 572 573 574 575 576 577 578 579 580 582 583 584 585 586 587 588 589 590 591 592 593 594 595 596 599 500 503 504 505 506 507 508 509 511 
563: 512 513 514 515 516 517 518 519 520 521 522 523 524 525 526 527 528 529 530 531 532 533 534 536 537 538 540 541 542 545 547 548 551 552 553 555 556 557 558 559 562 565 566 567 568 569 570 571 573 574 575 576 577 578 579 580 581 582 584 585 586 587 588 589 590 591 592 593 595 597 598 599 500 502 503 504 505 506 508 509 511 
564: 512 513 514 519 521 522 526 527 528 529 530 531 532 535 538 540 541 542 543 544 545 546 547 548 550 551 553 554 555 556 557 558 559 560 561 562 566 567 571 572 573 574 575 576 577 580 581 583 584 585 587 588 589 590 591 592 593 594 595 596 597 598 599 502 503 504 506 507 508 509 510 511 
565: 512 513 514 515 516 517 518 519 520 521 522 524 525 526 527 528 529 530 531 532 533 534 536 537 538 539 540 541 542 543 544 546 547 548 549 550 553 555 556 557 559 560 561 562 563 567 570 571 572 573 575 576 577 578 580 581 583 584 585 586 587 588 589 590 591 592 595 596 598 599 501 502 503 504 505 506 507 508 510 511 
566: 512 513 514 516 517 518 519 520 521 522 523 524 526 527 528 529 535 536 537 538 539 541 542 543 544 547 548 549 550 551 552 553 555 557 559 560 563 564 567 568 569 570 571 572 573 575 577 578 579 580 581 582 584 585 586 587 589 591 592 594 595 596 598 599 500 501 502 503 504 505 506 507 508 509 510 915 885 
567: 512 513 514 515 516 518 519 520 521 522 523 524 525 526 527 528 530 531 532 533 536 537 538 539 541 542 544 546 547 548 550 551 552 553 554 557 560 561 562 563 564 565 566 568 569 570 573 574 575 576 578 579 580 581 582 583 584 585 586 587 588 590 592 593 595 596 597 598 599 500 501 502 503 504 506 507 508 509 510 511 
568: 512 513 514 516 517 518 519 521 522 523 524 525 527 528 529 530 531 532 534 535 537 538 539 541 542 544 546 547 548 550 551 552 553 554 556 557 558 559 560 562 563 566 567 569 570 572 574 575 576 579 581 583 585 587 588 589 590 591 592 593 594 595 597 598 501 502 503 505 507 508 509 510 511 889 
569: 512 513 514 515 516 518 519 520 521 522 524 525 527 528 529 530 531 532 533 534 535 536 537 538 539 540 541 543 544 545 546 547 549 550 551 553 555 559 560 562 563 566 567 568 570 571 572 573 574 575 576 577 578 579 580 582 583 584 585 586 587 588 590 591 594 595 596 597 598 599 501 504 505 506 507 508 509 511 
570: 512 513 514 515 516 520 521 522 523 524 525 527 528 529 531 532 533 534 535 536 537 538 539 540 541 542 543 544 545 546 547 549 550 551 552 553 555 556 557 558 559 560 561 563 565 566 567 568 569 571 573 574 575 576 577 578 579 580 582 583 584 585 586 587 588 589 590 591 592 593 594 595 596 597 598 599 500 502 504 505 506 508 509 510 511 887 
571: 513 514 515 516 517 519 522 524 525 526 529 530 533 534 535 536 537 538 540 541 542 543 544 546 547 548 549 550 551 552 553 554 556 557 558 559 560 562 563 564 565 566 569 570 572 574 575 576 578 579 581 582 583 584 585 586 587 588 589 590 591 592 593 594 595 596 597 598 599 500 501 502 503 504 507 510 511 
572: 512 513 514 516 517 519 521 522 523 524 526 527 528 529 531 533 534 535 536 537 538 539 541 542 544 545 546 547 549 550 551 552 553 555 557 558 559 560 562 564 565 566 568 569 571 573 574 576 578 579 580 581 582 583 584 585 586 587 589 592 593 594 595 596 597 598 599 501 502 503 504 506 507 508 509 510 511 
573: 512 513 514 515 516 518 519 520 521 522 524 525 527 528 529 530 531 533 534 535 536 537 538 540 541 542 543 544 545 549 550 551 552 553 554 556 558 559 561 562 563 564 565 566 567 569 570 572 574 575 576 577 578 579 580 581 582 584 585 586 587 589 590 591 592 594 596 597 598 599 501 503 504 505 506 508 509 511 
574: 512 514 516 517 518 519 520 521 522 523 524 527 529 530 531 532 533 535 536 538 539 540 541 542 544 545 547 548 549 550 551 552 553 554 556 557 559 562 563 564 567 568 569 570 571 572 573 575 576 577 578 579 580 581 582 583 584 585 586 587 588 589 591 592 593 594 596 598 599 500 501 502 504 505 506 507 508 510 511 886 891 
575: 512 513 517 519 520 521 524 525 526 528 529 531 533 535 536 537 538 539 540 541 542 543 544 545 546 547 549 550 551 552 553 554 555 556 557 560 561 562 563 564 565 566 567 568 569 570 571 573 574 576 577 578 579 580 581 582 584 585 586 587 588 589 591 592 593 594 595 597 598 599 502 503 504 505 506 507 508 
576: 513 514 515 516 517 518 519 521 522 524 525 526 527 528 529 530 531 532 533 534 535 537 539 540 541 545 546 547 548 549 550 552 553 554 555 556 557 558 559 560 562 563 564 565 567 568 569 570 571 572 573 574 575 578 579 580 583 584 585 586 587 589 592 593 595 596 597 598 599 500 501 503 504 507 508 510 511 904 
577: 512 513 514 515 517 518 519 520 521 522 523 524 525 527 528 529 530 531 532 533 534 536 537 539 540 541 542 543 544 545 546 547 548 550 551 553 554 555 556 557 558 559 560 561 562 563 564 565 566 569 570 573 574 575 578 579 580 581 582 583 584 586 587 589 590 591 593 594 595 596 597 598 599 500 501 502 503 504 505 507 508 509 510 511 
578: 512 513 514 515 516 517 518 519 520 521 522 523 524 530 532 533 534 536 539 540 541 543 544 545 547 548 549 550 552 553 554 555 556 557 558 560 561 562 563 565 566 567 569 570 571 572 573 574 575 576 577 579 580 581 583 584 586 587 588 589 590 591 592 593 594 596 597 599 500 501 502 504 505 506 507 510 511 
579: 514 515 516 517 518 520 521 522 526 527 528 529 530 531 532 533 534 535 537 538 539 540 541 542 543 544 545 547 548 549 551 552 553 554 555 557 558 562 563 566 567 568 569 570 571 572 573 574 575 576 577 578 581 582 584 586 587 589 590 591 593 595 596 597 598 599 500 501 502 503 504 505 509 510 511 901 880 886 
580: 513 514 515 517 518 519 521 522 524 525 527 528 530 531 532 533 534 535 536 537 538 540 541 542 543 544 545 546 547 550 551 552 554 555 561 562 563 564 565 566 567 569 570 572 573 574 575 576 577 578 581 583 584 585 586 588 589 590 591 592 593 594 596 597 598 504 505 506 507 509 510 
581: 513 515 516 518 520 521 522 523 524 525 526 527 528 529 532 533 535 536 538 539 540 542 543 544 545 546 547 548 549 553 554 555 556 557 559 560 561 563 564 565 566 567 568 571 572 573 574 575 577 578 579 580 582 584 586 588 590 591 593 596 597 598 599 500 501 502 503 504 505 506 507 508 509 510 511 903 911 
582: 514 515 517 519 520 521 522 523 525 526 527 528 529 530 531 532 533 535 537 538 540 541 542 543 544 545 546 547 548 549 550 552 555 556 557 558 559 560 562 563 566 567 569 570 571 572 573 574 575 577 579 581 583 585 586 587 588 590 592 594 595 597 599 500 502 504 506 508 509 510 511 
583: 512 513 514 515 516 517 519 520 523 524 526 528 529 530 531 532 534 535 536 537 541 542 543 544 545 546 547 548 549 550 552 553 554 558 560 561 562 564 565 567 568 569 570 571 572 574 576 577 578 580 582 585 586 587 588 589 590 591 592 594 595 596 597 598 599 500 501 502 503 504 505 506 507 508 509 511 883 
584: 512 513 514 515 516 518 519 520 522 523 524 525 527 529 530 531 532 533 535 536 537 538 539 540 541 543 544 545 546 548 551 552 553 554 555 556 557 559 560 562 563 564 565 566 567 569 570 571 572 573 574 575 576 577 578 579 580 581 585 586 588 589 590 591 592 593 594 595 597 598 599 500 502 503 506 509 510 511 
585: 512 513 517 518 519 520 521 522 523 524 526 528 530 534 535 536 537 538 539 541 542 544 546 547 548 549 550 552 553 554 555 556 557 558 559 560 561 562 563 564 565 566 567 568 569 570 571 572 573 574 575 576 580 582 583 584 586 588 589 591 592 593 594 596 597 598 599 500 501 502 503 504 506 507 509 510 511 
586: 512 513 514 515 516 517 518 519 521 522 523 524 526 528 530 531 532 533 534 536 538 540 541 543 545 546 547 550 551 553 554 555 556 557 558 559 560 561 562 563 565 566 567 569 570 571 572 573 574 575 576 577 578 579 580 581 582 583 584 585 587 589 590 591 592 593 594 595 596 597 598 504 505 506 507 508 509 510 511 918 
587: 513 514 515 517 518 519 520 521 523 524 525 526 527 528 530 531 533 534 536 537 538 539 540 541 542 543 544 546 547 548 549 550 552 553 555 556 558 559 560 561 562 563 564 565 566 567 568 569 570 571 572 573 574 575 576 577 578 579 582 583 586 588 589 590 594 595 596 597 599 500 502 503 505 506 507 508 510 887 
588: 513 514 515 516 517 518 520 521 522 523 524 525 526 528 529 530 531 534 535 537 538 539 540 541 542 544 548 549 550 551 552 553 554 555 557 559 562 563 564 565 567 568 569 570 571 574 575 578 580 581 582 583 584 585 587 589 590 592 594 595 596 598 599 500 501 502 505 506 507 508 509 510 904 890 
589: 512 513 514 515 517 518 520 522 523 524 526 527 528 530 531 533 534 535 536 538 539 540 541 543 544 546 547 549 552 553 555 557 559 560 562 563 564 565 566 568 570 571 572 573 574 575 576 577 578 579 580 583 584 585 586 587 588 590 591 592 595 596 597 598 599 501 502 503 504 505 506 507 509 510 511 902 
590: 512 513 515 518 519 520 521 522 523 525 526 529 530 532 533 534 536 537 538 539 540 541 542 543 546 548 549 551 552 554 555 556 557 558 560 562 563 564 565 567 568 569 570 571 573 577 578 579 580 581 582 583 584 586 587 588 589 591 592 593 595 596 597 598 599 500 501 502 503 504 505 506 507 509 510 893 
591: 512 515 516 518 519 520 521 524 525 526 528 530 531 532 533 534 536 538 541 544 545 546 547 548 549 550 551 552 553 554 555 556 557 558 559 561 562 563 564 565 566 568 569 570 571 573 574 575 577 578 579 580 581 583 584 585 586 589 590 592 594 595 500 501 502 503 504 505 506 897 881 893 
592: 513 514 516 517 519 520 521 522 523 524 526 527 528 530 531 532 533 534 535 536 538 539 540 541 542 544 545 546 547 549 551 552 553 554 555 556 559 560 561 562 563 564 565 566 567 568 570 571 572 573 574 575 576 578 580 582 583 584 585 586 588 589 590 591 594 595 597 598 599 501 502 503 504 505 506 507 508 510 
593: 512 513 514 515 516 518 520 521 522 523 524 525 527 528 529 530 531 532 533 535 537 538 539 540 541 542 543 544 546 547 548 549 550 551 552 553 554 555 557 558 559 561 562 563 564 567 568 570 571 572 574 575 576 577 578 579 580 581 584 585 586 590 594 595 597 598 599 501 502 503 507 509 510 511 912 
594: 512 513 514 515 516 517 518 519 520 521 522 523 525 526 528 529 531 532 533 534 535 536 537 538 540 541 542 543 545 546 547 548 550 554 555 556 557 558 559 560 561 562 564 566 568 569 570 571 572 573 574 575 577 578 580 582 583 584 585 586 587 588 591 592 593 595 596 598 599 500 501 502 503 504 505 508 509 510 511 
595: 515 516 517 518 519 522 524 525 526 528 529 532 533 534 535 536 537 538 539 540 541 542 544 545 548 551 552 553 554 557 558 559 560 561 562 563 564 565 566 567 568 569 570 571 572 575 576 577 579 582 583 584 586 587 588 589 590 591 592 593 594 596 597 598 599 500 501 502 503 505 506 507 508 510 511 
596: 512 513 515 516 517 518 519 520 522 523 524 525 526 530 532 534 535 536 537 538 539 540 541 543 545 547 548 549 551 552 553 554 555 557 558 560 562 564 565 566 567 569 570 571 572 573 574 576 577 578 579 580 581 583 585 586 587 588 589 590 594 595 597 598 599 500 502 503 504 505 509 510 
597: 512 513 514 515 516 517 518 519 521 522 523 524 526 527 528 529 530 532 533 534 536 537 538 542 543 544 545 546 547 548 549 550 551 552 553 554 555 556 558 563 564 567 568 569 570 571 572 573 575 576 577 578 579 580 581 582 583 584 585 586 587 589 590 592 593 595 596 598 599 500 501 502 504 505 507 508 509 510 
598: 512 513 514 515 517 518 521 522 524 525 526 529 531 532 533 534 535 536 537 539 540 542 543 544 546 547 548 549 550 551 554 555 556 559 560 561 563 564 565 566 567 568 569 570 571 572 573 574 575 576 577 579 580 581 583 584 585 586 588 589 590 592 593 594 595 596 597 599 500 501 502 504 505 507 508 509 510 511 894 
599: 514 516 517 518 519 520 521 522 523 524 527 528 529 530 531 532 533 535 538 539 540 542 543 546 547 548 550 551 552 554 555 556 557 560 562 563 564 565 566 567 569 570 571 572 573 574 575 576 577 578 579 581 582 583 584 585 587 588 589 590 592 593 594 595 596 597 598 500 502 503 505 506 507 508 509 511 
500: 513 514 515 516 518 520 521 522 523 524 525 526 528 531 532 533 534 535 536 538 539 540 541 542 543 544 546 547 548 549 551 552 553 555 556 557 558 559 560 561 562 563 566 567 570 571 574 576 577 578 579 581 582 583 584 585 587 588 590 591 594 595 596 597 598 599 501 502 503 504 505 507 508 509 510 511 
501: 512 513 515 516 517 518 519 521 524 525 526 527 528 529 531 533 534 535 536 537 538 539 540 541 542 543 545 546 547 548 550 551 552 553 554 555 556 558 559 560 561 565 566 567 568 569 571 572 573 574 576 577 578 579 581 583 585 588 589 590 591 592 593 594 595 597 598 500 502 504 506 507 510 511 885 
502: 512 513 514 515 516 517 518 520 521 522 524 526 527 531 532 533 535 537 538 540 541 543 544 545 546 547 549 551 552 554 555 557 558 559 560 561 563 564 565 566 567 568 570 571 572 574 575 577 578 579 581 582 583 584 585 587 588 589 590 591 592 593 594 595 596 597 598 599 500 501 503 504 505 506 507 510 511 
503: 513 514 515 516 517 518 521 522 523 524 526 527 528 530 531 533 534 535 536 537 538 539 540 542 543 544 545 547 548 550 551 552 553 554 555 556 559 560 562 563 564 565 566 567 568 571 572 573 575 576 577 579 581 583 584 585 587 589 590 591 592 593 594 595 596 599 500 502 504 505 506 507 509 510 511 897 889 
504: 512 513 514 515 516 519 520 522 523 524 525 526 527 528 529 530 532 533 534 536 537 540 542 543 544 545 549 552 553 555 558 559 561 562 563 564 565 566 567 569 570 571 572 573 574 575 576 577 578 579 580 581 582 583 585 586 589 590 591 592 594 596 597 598 500 501 502 503 505 506 510 511 905 
505: 512 513 514 515 517 518 519 520 521 522 523 525 526 527 528 529 530 532 534 537 538 540 541 542 543 544 545 547 548 550 551 552 553 554 555 556 557 558 559 560 561 562 563 565 566 568 569 570 573 574 575 577 578 579 580 581 583 586 587 588 589 590 591 592 594 595 596 597 598 599 500 502 503 504 506 507 508 509 510 511 911 913 
506: 512 513 514 515 516 517 518 519 520 522 523 524 526 527 528 530 531 532 534 535 536 537 539 541 542 543 544 547 548 550 551 552 553 555 556 557 558 559 560 561 562 563 564 565 566 567 569 570 572 573 574 575 578 580 581 582 583 584 585 586 587 588 589 590 591 592 595 599 501 502 503 504 505 507 509 510 
507: 512 513 514 515 516 517 519 521 522 523 524 525 526 528 529 530 531 532 533 534 535 537 541 542 543 544 545 546 547 548 549 550 551 552 553 554 555 556 557 559 560 561 562 564 565 566 567 568 569 571 572 574 575 576 577 578 580 581 583 585 586 587 588 589 590 592 593 595 597 598 599 500 501 502 503 505 506 508 509 510 511 
508: 512 513 515 516 517 519 522 523 524 525 526 527 528 530 532 533 534 535 536 537 539 540 542 543 544 545 547 548 549 550 551 552 553 554 555 556 558 559 560 562 563 564 565 566 567 568 569 570 572 573 574 575 576 577 581 582 583 586 587 588 592 594 595 597 598 599 500 505 507 509 511 
509: 512 513 514 516 517 519 522 523 524 526 527 528 530 531 532 533 534 535 536 538 539 540 541 543 544 545 546 547 548 549 550 553 554 555 556 557 558 561 562 563 564 566 567 568 569 570 572 573 577 579 580 581 582 583 584 585 586 588 589 590 593 594 596 597 598 599 500 503 505 506 507 508 510 511 903 
510: 512 513 516 517 518 519 520 521 522 525 526 527 528 529 531 532 533 534 535 536 537 538 539 540 543 544 546 547 548 549 550 552 553 554 556 557 558 559 561 564 565 566 567 568 570 571 572 574 576 577 578 579 580 581 582 584 585 586 587 588 589 590 592 593 594 595 596 597 598 500 501 502 503 504 505 506 507 509 511 
511: 512 513 514 516 517 518 523 524 525 526 527 530 531 532 533 535 536 537 539 542 544 545 548 550 551 552 553 554 555 557 560 561 562 563 564 565 567 568 569 570 571 572 573 574 576 577 578 579 581 582 583 584 585 586 589 593 594 595 598 599 500 501 502 503 504 505 507 508 509 510 913 
600: 144 156 299 481 601 602 603 605 606 607 609 610 611 612 614 615 616 618 619 620 621 623 624 625 626 627 628 629 631 632 635 636 637 638 639 640 641 642 643 644 645 646 647 648 649 650 651 652 653 654 655 656 657 658 659 660 663 664 665 666 669 670 672 673 674 675 676 677 679 680 681 682 684 685 686 687 688 689 690 692 694 696 697 698 699 
601: 179 279 384 600 602 606 607 609 610 611 612 614 616 617 618 619 621 623 624 627 629 631 632 633 635 636 637 638 639 641 643 644 646 648 650 651 652 653 654 655 656 657 658 659 661 663 664 665 666 667 669 671 672 673 674 675 676 677 678 679 682 683 684 685 688 690 691 692 693 694 695 697 699 838 
602: 19 145 236 259 276 354 437 600 601 603 606 607 608 609 610 611 615 616 618 619 620 621 622 623 624 626 627 628 629 630 631 632 633 635 636 637 638 640 641 642 643 644 645 646 649 650 651 652 653 655 656 657 658 659 661 662 663 664 665 666 667 668 669 671 673 674 675 676 677 678 680 682 683 685 686 687 688 689 690 691 692 693 694 695 696 697 698 699 
603: 24 172 187 353 423 600 602 606 607 609 611 612 613 614 615 616 617 621 622 625 626 627 628 629 632 634 636 637 638 639 640 642 643 644 645 646 647 648 649 652 653 654 656 657 658 660 661 662 664 665 667 668 671 675 677 680 683 685 686 687 689 690 691 692 693 695 696 697 698 801 
604: 169 608 610 611 612 613 614 616 617 618 619 620 625 626 627 628 629 630 632 633 636 638 639 640 641 642 643 644 647 649 650 652 653 654 656 657 658 662 663 664 665 666 668 669 670 671 672 673 675 677 679 681 682 683 685 686 688 689 691 692 693 694 695 697 698 
605: 23 141 176 400 419 600 607 609 610 611 612 613 614 615 616 617 621 623 625 626 627 628 629 630 632 633 636 638 639 640 641 642 644 645 646 647 651 653 654 655 657 658 659 660 661 662 663 664 665 666 668 671 672 673 674 675 676 678 681 682 683 684 685 686 687 688 690 691 692 693 694 695 696 698 699 
606: 141 358 600 601 602 603 607 608 610 611 613 614 616 617 618 619 620 621 622 623 625 627 628 629 630 631 632 633 634 635 636 637 638 642 644 645 646 647 648 649 651 652 654 655 657 659 660 661 662 664 665 666 667 668 669 670 671 672 673 674 675 676 677 678 679 680 681 683 685 686 687 688 690 692 694 698 699 
607: 46 416 600 601 602 603 605 606 608 609 611 612 613 614 615 617 619 620 622 623 624 625 626 627 628 629 630 631 632 633 634 635 636 638 642 643 644 646 647 649 650 651 652 657 659 661 662 663 664 666 667 668 669 670 671 672 674 675 676 677 678 679 680 682 683 685 686 687 688 689 690 692 693 694 695 696 697 698 699 
608: 179 247 335 369 466 602 604 606 607 609 610 611 613 614 616 617 618 619 620 621 622 623 625 627 628 630 631 632 633 635 636 637 638 639 640 641 642 643 644 645 646 647 648 649 650 651 653 654 655 656 657 659 660 663 664 666 667 668 669 670 671 672 673 674 675 676 678 679 681 683 684 685 686 688 689 690 691 692 693 694 695 696 698 699 822 
609: 158 159 176 304 370 451 466 600 601 602 603 605 607 608 610 611 612 613 615 618 620 621 622 624 625 626 627 628 629 630 632 633 634 635 636 638 639 640 641 642 643 644 645 646 647 648 649 651 653 654 655 657 658 660 661 663 665 666 667 668 670 671 675 676 677 678 679 680 681 683 684 685 686 687 688 689 690 691 692 693 695 696 698 699 
610: 89 112 214 352 360 403 481 600 601 602 604 605 606 608 609 611 613 614 616 619 621 622 623 624 625 626 627 628 630 631 632 633 634 635 636 641 642 643 645 646 647 648 649 651 652 654 655 657 658 659 660 663 664 665 666 667 670 671 672 674 677 680 681 683 684 686 687 688 689 690 691 693 695 696 698 
611: 459 600 601 602 603 604 605 606 607 608 609 610 613 615 616 617 618 619 620 621 622 623 624 626 627 628 629 631 633 635 637 638 639 641 642 643 645 646 647 650 652 653 654 655 656 657 658 659 661 662 663 664 665 666 667 670 671 672 673 675 676 678 679 680 683 684 686 687 688 689 690 691 694 696 697 698 699 
612: 62 117 139 153 194 384 422 600 601 603 604 605 607 609 613 614 615 616 617 618 619 620 621 622 623 624 625 626 628 630 631 632 634 635 638 640 641 642 643 646 647 648 653 654 655 656 657 658 659 660 662 663 664 665 666 667 668 669 671 672 673 675 677 678 679 683 684 685 686 689 690 691 692 694 695 696 697 698 699 
613: 90 288 331 344 356 426 603 604 605 606 607 608 609 610 611 612 614 615 616 617 618 619 620 622 623 624 625 626 627 628 630 631 632 633 634 635 636 637 638 640 643 645 646 647 648 649 650 651 652 653 654 655 656 657 660 661 662 663 664 665 666 667 668 670 671 673 674 675 676 680 681 682 683 684 685 686 687 690 691 692 694 696 698 
614: 55 439 600 601 603 604 605 606 607 608 610 612 613 616 617 619 620 621 622 623 624 625 626 627 628 629 630 631 632 634 635 637 638 640 641 642 644 645 646 647 649 650 651 652 653 655 656 657 658 659 660 662 663 665 666 667 668 669 670 671 672 673 674 675 677 678 679 680 682 683 684 685 687 689 690 691 693 694 695 696 697 698 699 
615: 138 144 181 253 281 600 602 603 605 607 609 611 612 613 617 618 619 620 621 622 624 625 626 627 628 630 631 632 633 636 637 638 639 640 641 642 643 644 645 646 649 650 651 653 654 655 656 657 658 659 660 661 662 663 664 666 667 668 669 670 671 672 673 674 675 676 678 679 680 681 682 684 685 686 689 691 692 694 695 697 699 
616: 36 154 204 247 359 600 601 602 603 604 605 606 608 610 611 612 613 614 618 619 621 622 623 624 625 626 627 628 630 631 632 634 636 637 638 639 640 641 646 647 648 650 651 652 653 655 656 658 660 661 662 663 664 665 667 669 671 672 673 674 675 676 678 680 681 682 684 685 686 687 688 689 690 691 692 693 695 696 697 698 699 828 
617: 131 207 240 323 389 473 601 603 604 605 606 607 608 611 612 613 614 615 620 621 622 623 624 625 627 628 629 630 631 632 633 635 636 637 638 641 642 644 646 647 648 650 651 652 653 654 656 657 658 659 660 662 665 666 669 670 671 672 674 677 678 679 680 681 682 683 684 685 686 688 690 691 692 695 697 698 699 
618: 28 209 219 479 600 601 602 604 606 608 609 611 612 613 615 616 619 620 624 625 627 628 631 632 634 635 636 637 638 640 641 642 644 645 646 647 648 650 652 653 655 656 657 658 660 661 663 665 666 667 668 669 670 672 673 674 675 676 677 679 680 681 682 683 684 685 686 688 691 692 693 694 695 696 697 698 699 817 827 
619: 1 83 92 107 225 245 303 325 600 601 602 604 606 607 608 610 611 612 613 614 615 616 618 620 621 623 624 626 630 631 632 633 634 635 636 637 638 641 642 643 644 645 646 647 649 650 651 652 653 654 655 656 657 658 659 660 662 664 666 667 668 669 670 673 674 675 676 677 678 679 681 682 683 684 685 686 687 688 689 690 692 693 694 695 696 697 698 699 802 807 
620: 43 53 89 169 217 451 462 600 602 604 606 607 608 609 611 612 613 614 615 617 618 619 621 623 624 625 626 627 628 630 631 633 635 636 637 638 640 641 642 643 645 646 647 648 649 650 654 655 656 657 658 659 663 664 665 666 667 668 669 670 671 672 673 674 677 679 680 681 682 684 685 686 687 688 689 690 692 693 694 696 697 699 
621: 67 116 150 600 601 602 603 605 606 608 609 610 611 612 614 615 616 617 619 620 622 623 624 626 627 629 630 631 633 634 636 637 638 639 640 641 642 643 644 645 646 647 648 649 651 652 653 655 656 657 658 659 662 664 665 666 668 669 670 671 672 673 675 676 677 678 679 681 682 683 684 685 686 687 688 689 690 691 692 694 695 696 697 699 
622: 5 120 185 189 484 602 603 606 607 608 609 610 611 612 613 614 615 616 617 621 623 625 626 628 632 633 634 635 636 637 638 639 640 641 643 644 646 650 652 653 654 656 657 659 660 661 662 663 664 665 666 667 669 670 671 672 673 674 675 676 677 680 682 683 684 687 688 689 690 691 692 693 694 695 696 699 
623: 372 475 600 601 602 605 606 607 608 610 611 612 613 614 616 617 619 620 621 622 625 626 627 629 631 632 633 634 635 636 637 638 639 640 642 643 644 647 648 649 650 653 655 656 657 658 659 662 663 664 666 667 668 669 670 671 673 674 675 676 677 678 679 680 681 682 683 684 685 686 688 691 692 693 694 695 696 697 699 810 830 
624: 214 244 316 369 451 600 601 602 607 609 610 611 612 613 614 615 616 617 618 619 620 621 625 626 628 629 630 631 632 634 635 636 638 639 640 641 642 644 646 647 648 650 651 652 653 654 656 657 658 659 660 661 664 665 666 667 668 669 671 672 673 674 676 678 679 681 682 683 684 686 687 688 689 691 692 693 694 695 696 697 699 
625: 72 153 195 196 207 292 319 326 380 393 413 600 603 604 605 606 607 608 609 610 612 613 614 615 616 617 618 620 622 623 624 628 629 630 632 633 634 635 636 637 638 640 641 642 643 644 645 646 647 649 650 652 654 655 656 657 658 659 660 661 665 666 667 668 669 670 671 673 674 675 676 677 678 679 680 681 683 684 685 688 689 690 691 692 693 694 695 696 697 698 699 
626: 112 600 602 603 604 605 607 609 610 611 612 613 614 615 616 619 620 621 622 623 624 627 628 629 630 632 633 634 635 636 637 638 639 642 643 644 646 647 648 649 650 651 653 655 656 657 659 660 661 662 664 665 666 667 668 669 670 671 672 673 674 676 677 678 680 681 682 683 684 686 688 689 691 692 693 694 696 699 803 
627: 44 127 229 265 427 600 601 602 603 604 605 606 607 608 609 610 611 613 614 615 616 617 618 620 621 623 626 629 631 632 633 634 635 636 637 642 643 646 647 648 649 651 652 653 654 656 657 658 659 661 662 663 664 665 666 667 668 669 671 672 673 674 675 676 677 679 680 681 682 683 684 685 686 687 689 691 693 694 695 696 697 699 
628: 19 40 106 242 256 372 600 602 603 604 605 606 607 608 609 610 611 612 613 614 615 616 617 618 620 622 624 625 626 629 633 635 636 637 639 640 641 642 643 644 646 647 648 649 650 651 652 653 654 655 656 657 659 660 661 662 663 664 665 667 668 669 671 672 673 675 677 678 679 680 681 683 684 685 686 687 688 689 690 691 692 693 695 696 699 814 
629: 104 180 227 313 370 455 600 601 602 603 604 605 606 607 609 611 614 617 621 623 624 625 626 627 628 630 631 632 633 634 635 636 637 638 639 641 642 643 644 645 646 647 648 649 650 652 653 655 657 658 659 660 661 662 663 664 665 666 667 668 669 670 672 674 675 676 677 679 680 681 683 684 685 689 690 691 692 695 697 698 699 
630: 62 75 125 208 351 602 604 605 606 607 608 609 610 612 613 614 615 616 617 619 620 621 624 625 626 629 632 633 635 638 639 640 642 643 644 645 647 648 649 650 652 653 655 656 658 659 661 663 664 668 669 670 671 672 673 674 676 677 678 679 681 683 684 685 686 687 688 689 690 691 692 693 694 696 698 
631: 187 199 271 319 416 483 600 601 602 606 607 608 610 611 612 613 614 615 616 617 618 619 620 621 623 624 627 629 632 633 634 635 637 638 639 641 643 644 645 647 648 650 651 654 655 656 658 659 662 663 664 665 666 667 669 670 672 673 674 675 676 677 678 679 680 682 684 685 686 688 689 690 691 692 693 694 695 696 697 698 699 
632: 7 112 127 237 355 425 467 497 600 601 602 603 604 605 606 607 608 609 610 612 613 614 615 616 617 618 619 622 623 624 625 626 627 629 630 631 633 634 636 637 638 640 643 644 646 647 648 651 652 653 654 658 659 660 661 663 664 665 668 669 670 671 673 675 676 677 678 679 680 681 682 683 684 685 687 689 690 693 694 697 
633: 101 474 601 602 604 605 606 607 608 609 610 611 613 615 617 619 620 621 622 623 625 626 627 628 629 630 631 632 635 636 637 639 640 641 643 644 645 646 647 649 651 653 654 655 656 657 658 659 662 663 665 666 667 668 669 670 671 672 673 674 675 677 678 679 680 682 683 684 685 686 687 689 690 691 692 695 696 697 698 699 
634: 120 180 318 328 419 603 606 607 609 610 612 613 614 616 618 619 621 622 623 624 625 626 627 629 631 632 636 637 638 639 640 641 643 645 646 647 648 649 650 651 653 654 655 656 657 658 659 660 661 662 663 664 665 666 667 668 669 670 671 672 673 675 676 677 678 679 680 681 683 684 685 686 687 688 689 690 691 692 693 694 695 697 698 
635: 95 184 254 288 395 600 601 602 606 607 608 609 610 611 612 613 614 617 618 619 620 622 623 624 625 626 627 628 629 630 631 633 636 637 638 639 641 642 643 644 645 646 647 648 649 652 653 655 656 657 659 660 663 664 665 666 669 670 671 672 673 674 676 677 678 679 680 681 682 683 685 686 687 688 689 692 693 695 698 699 
636: 38 190 195 204 212 290 315 600 601 602 603 604 605 606 607 608 609 610 613 615 616 617 618 619 620 621 622 623 624 625 626 627 628 629 632 633 634 635 637 638 639 640 642 643 644 645 646 648 650 651 653 654 658 660 661 663 664 665 666 667 668 669 670 671 672 674 675 676 677 678 679 681 682 683 684 685 686 687 688 690 691 692 693 695 696 
637: 31 51 101 261 302 310 346 600 601 602 603 606 608 611 613 614 615 616 617 618 619 620 621 622 623 625 626 627 628 629 631 632 633 634 635 636 638 639 641 644 645 646 647 649 650 652 653 654 655 657 659 660 661 663 664 666 667 669 670 671 674 676 677 679 680 681 683 684 686 687 688 689 690 691 692 693 694 695 696 697 699 
638: 43 48 110 297 600 601 602 603 604 605 606 607 608 609 611 612 613 614 615 616 617 618 619 620 621 622 623 624 625 626 629 630 631 632 634 635 636 637 639 640 641 642 643 644 646 647 648 649 650 652 654 656 658 659 660 661 662 663 666 667 668 671 673 674 675 676 677 678 679 680 681 682 683 684 685 686 687 690 691 692 693 694 695 696 697 698 699 815 
639: 30 36 110 197 415 419 427 600 601 603 604 605 608 609 611 615 616 621 622 623 624 626 628 629 630 631 633 634 635 636 637 638 640 643 645 646 647 648 649 650 651 652 653 654 655 656 658 660 661 662 663 664 665 667 668 670 671 672 673 674 675 676 677 678 679 680 681 684 685 686 687 688 689 690 691 693 694 696 699 819 827 
640: 4 18 104 168 208 227 255 331 446 600 602 603 604 605 608 609 612 613 614 615 616 618 620 621 622 623 624 625 628 630 632 633 634 636 638 639 642 644 645 646 647 648 649 650 651 652 655 656 657 658 659 661 662 663 664 665 667 668 669 671 672 673 674 676 677 678 679 680 682 683 684 686 687 689 690 691 692 695 696 697 698 699 
641: 138 483 600 601 602 604 605 608 609 610 611 612 614 615 616 617 618 619 620 621 622 624 625 628 629 631 633 634 635 637 638 642 643 645 646 647 649 650 651 652 656 657 658 659 661 662 663 664 665 666 667 668 669 671 672 673 674 675 676 677 678 679 681 683 684 685 687 688 689 690 691 692 695 696 697 698 699 
642: 2 180 225 600 602 603 604 605 606 607 608 609 610 611 612 614 615 617 618 619 620 621 623 624 625 626 627 628 629 630 635 636 638 640 641 644 645 646 647 648 649 650 652 653 654 655 656 657 658 659 660 662 663 664 666 667 668 669 670 671 672 675 676 677 679 680 681 682 683 684 685 686 687 688 690 691 692 693 695 696 698 699 
643: 100 300 600 601 602 603 604 607 608 609 610 611 612 613 615 619 620 621 622 623 625 626 627 628 629 630 631 632 633 634 635 636 638 639 641 644 645 646 647 648 649 650 651 652 654 655 656 657 658 659 661 662 663 664 665 666 667 669 670 672 673 674 675 676 677 678 679 680 681 682 683 684 685 686 687 688 689 690 691 692 693 695 696 698 699 
644: 138 180 188 246 351 381 452 461 487 600 601 602 603 604 605 606 607 608 609 614 615 617 618 619 621 622 623 624 625 626 628 629 630 631 632 633 635 636 637 638 640 642 643 646 648 650 651 653 654 655 656 658 659 662 663 664 665 666 668 669 670 671 673 674 675 676 677 678 679 682 683 684 685 686 688 689 690 692 695 696 697 698 
645: 89 208 306 600 602 603 605 606 608 609 610 611 613 614 615 618 619 620 621 625 629 630 631 633 634 635 636 637 639 640 641 642 643 646 648 649 650 651 652 654 655 656 657 658 660 662 665 666 667 668 670 671 672 673 674 675 676 678 679 680 681 682 683 684 686 687 688 689 691 692 694 695 696 697 698 699 822 
646: 31 79 173 185 202 365 498 600 601 602 603 605 606 607 608 609 610 611 612 613 614 615 616 617 618 619 620 621 622 624 625 626 627 628 629 632 633 634 635 636 637 638 639 640 641 642 643 644 645 647 648 649 650 651 652 654 655 656 658 660 661 662 664 665 667 668 669 670 671 672 673 674 676 680 681 682 683 687 688 689 691 692 693 696 698 699 
647: 119 178 312 368 379 450 600 603 604 605 606 607 608 609 610 611 612 613 614 616 617 618 619 620 621 623 624 625 626 627 628 629 630 631 632 633 634 635 637 638 639 640 641 642 643 646 648 649 650 651 653 654 657 658 659 661 663 664 665 666 669 670 671 672 673 674 675 676 678 679 680 681 682 683 684 687 688 689 692 693 696 698 699 
648: 178 331 356 363 600 601 603 606 608 609 610 612 613 616 617 618 620 621 623 624 626 627 628 629 630 631 632 634 635 636 638 639 640 642 643 644 645 646 647 650 651 652 653 655 657 658 659 660 661 662 663 665 666 667 668 669 670 671 673 676 677 678 679 680 681 682 686 691 692 696 698 699 
649: 214 233 264 271 292 319 327 600 602 603 604 606 607 608 609 610 613 614 615 619 620 621 623 625 626 627 628 629 630 633 634 635 637 638 639 640 641 642 643 645 646 647 650 651 652 653 654 655 656 657 658 659 660 661 663 664 665 666 667 668 670 672 673 675 676 677 678 679 680 681 682 683 684 686 689 690 691 692 693 694 695 696 697 698 699 
650: 249 278 369 433 498 600 601 602 604 607 608 611 613 614 615 616 617 618 619 620 622 623 624 625 626 628 629 630 631 634 636 637 638 639 640 641 642 643 644 645 646 647 648 649 651 652 654 655 656 657 658 661 662 663 664 666 667 668 669 670 671 672 673 674 675 676 677 678 679 680 682 685 686 687 689 690 691 694 697 698 699 800 812 825 
651: 80 600 601 602 605 606 607 608 609 610 613 614 615 616 617 619 621 624 626 627 628 631 632 633 634 636 639 640 641 643 644 645 646 647 648 649 650 652 653 654 655 656 657 659 660 661 663 664 665 666 667 668 669 670 671 672 673 674 676 677 678 679 680 681 682 684 685 686 687 688 690 691 692 693 695 697 699 824 
652: 62 139 240 275 314 400 410 600 601 602 603 604 606 607 610 611 613 614 616 617 618 619 621 622 624 625 627 628 629 630 632 635 637 638 639 640 641 642 643 645 646 648 649 650 651 653 655 656 657 658 659 660 661 662 663 664 666 668 670 672 673 675 676 677 678 679 680 682 683 684 685 687 688 690 691 692 693 695 696 697 698 826 
653: 94 320 386 485 600 601 602 603 604 605 608 609 611 612 613 614 615 616 617 618 619 621 622 623 624 626 627 628 629 630 632 633 634 635 636 637 639 642 644 647 648 649 651 652 654 655 657 658 659 660 661 662 663 664 665 667 668 669 671 672 673 674 675 676 677 678 679 680 681 683 684 685 686 687 689 691 693 694 695 696 697 698 
654: 28 135 174 336 448 485 493 600 601 603 604 605 606 608 609 610 611 612 613 615 617 619 620 622 624 625 627 628 631 632 633 634 636 637 638 639 642 643 644 645 646 647 649 650 651 653 655 656 657 658 659 660 661 662 663 664 665 666 667 668 669 670 672 673 674 675 677 678 679 680 681 682 683 685 687 691 692 693 694 696 697 698 699 810 
655: 135 262 421 444 478 600 601 602 605 606 608 609 610 611 612 613 614 615 616 618 619 620 621 623 625 626 628 629 630 631 633 634 635 637 639 640 642 643 644 645 646 648 649 650 651 652 653 654 657 658 659 660 664 665 666 667 668 671 672 673 675 676 678 679 681 683 684 685 686 687 688 689 690 691 692 693 694 695 696 697 698 699 836 
656: 83 108 151 258 304 318 357 419 459 600 601 602 603 604 608 611 612 613 614 615 616 617 618 619 620 621 622 623 624 625 626 627 628 630 631 633 634 635 638 639 640 641 642 643 644 645 646 649 650 651 652 654 657 658 659 660 662 665 668 669 671 672 673 674 675 676 677 678 679 680 682 685 686 687 688 689 690 691 692 694 695 696 697 698 
657: 19 111 212 394 447 600 601 602 603 604 605 606 607 608 609 610 611 612 613 614 615 617 618 619 620 621 622 623 624 625 626 627 628 629 633 634 635 637 640 641 642 643 645 647 648 649 650 651 652 653 654 655 656 658 659 661 662 664 665 667 668 670 671 672 673 675 677 678 679 680 681 682 684 686 687 688 689 692 693 694 695 696 697 698 699 
658: 72 220 284 330 600 601 602 603 604 605 609 610 611 612 614 615 616 617 618 619 620 621 623 624 625 627 629 630 631 632 633 634 636 638 639 640 641 642 643 644 645 646 647 648 649 650 652 653 654 655 656 657 659 661 662 663 664 665 666 672 673 674 678 679 680 682 683 684 687 688 689 690 691 692 694 695 696 699 
659: 23 56 57 64 156 443 600 601 602 605 606 607 608 610 611 612 614 615 617 619 620 621 622 623 624 625 626 627 628 629 630 631 632 633 634 635 637 638 640 641 642 643 644 647 648 649 651 652 653 654 655 656 657 658 660 663 665 666 668 672 673 674 675 676 677 680 681 682 683 684 685 686 687 689 690 692 694 695 696 697 698 699 
660: 316 447 473 600 603 605 606 608 609 610 612 613 614 615 616 617 618 619 622 624 625 626 628 629 632 634 635 636 637 638 639 642 645 646 648 649 651 652 653 654 655 656 659 661 663 665 666 667 669 670 671 672 674 675 677 678 680 681 682 683 684 685 686 687 688 689 690 692 694 695 696 698 699 810 
661: 91 301 601 602 603 605 606 607 609 611 613 615 616 618 622 624 625 626 627 628 629 630 632 634 636 637 638 639 640 641 643 646 647 648 649 650 651 652 653 654 657 658 660 662 665 666 667 668 669 670 671 672 673 674 675 676 677 678 679 680 682 683 685 686 687 688 689 690 691 694 695 697 698 
662: 68 243 282 321 375 385 401 487 602 603 604 605 606 607 611 612 613 614 615 616 617 619 621 622 623 626 627 628 629 631 633 634 638 639 640 641 642 643 644 645 646 648 650 652 653 654 656 657 658 661 663 664 665 667 669 670 672 673 674 675 677 678 679 680 681 682 684 685 686 687 688 689 690 691 692 693 696 697 698 699 
663: 63 78 107 158 176 277 375 452 600 601 602 604 605 607 608 609 610 611 612 613 614 615 616 618 620 622 623 627 628 629 630 631 632 633 634 635 636 637 638 639 640 641 642 643 644 647 648 649 650 651 652 653 654 658 659 660 662 666 668 669 670 671 675 677 678 680 681 682 684 685 686 688 690 691 692 694 696 698 699 827 
664: 9 189 600 601 602 603 604 605 606 607 608 610 611 612 613 615 616 619 620 621 622 623 624 626 627 628 629 630 631 632 634 635 636 637 639 640 641 642 643 644 646 647 649 650 651 652 653 654 655 657 658 662 665 666 667 668 670 673 674 676 678 680 682 683 685 686 687 688 689 690 691 693 694 695 696 698 699 
665: 120 434 478 600 601 602 603 604 605 606 609 610 611 612 613 614 616 617 618 620 621 622 624 625 626 627 628 629 631 632 633 634 635 636 639 640 641 643 644 645 646 647 648 649 651 653 654 655 656 657 658 659 660 661 662 664 666 667 669 672 674 675 676 677 679 680 681 682 683 684 685 687 688 689 693 695 697 698 699 
666: 186 263 301 316 390 442 600 601 602 604 605 606 607 608 609 610 611 612 613 614 615 617 618 619 620 621 622 623 624 625 626 627 629 631 633 634 635 636 637 638 641 642 643 644 645 647 648 649 650 651 652 654 655 658 659 660 661 663 664 665 669 670 672 673 674 676 677 678 680 681 682 683 684 686 687 689 690 691 692 693 694 695 696 697 698 699 
667: 0 252 262 319 348 431 455 482 601 602 603 606 607 608 609 610 611 612 613 614 615 616 618 619 620 622 623 624 625 626 627 628 629 631 633 634 636 637 638 639 640 641 642 643 645 646 648 649 650 651 653 654 655 657 660 661 662 664 665 669 670 671 674 676 678 679 681 682 683 685 686 687 688 689 690 691 692 693 694 695 696 697 
668: 35 62 64 354 365 415 602 603 604 605 606 607 608 609 612 613 614 615 618 619 620 621 623 624 625 626 627 628 629 630 632 633 634 636 638 639 640 641 642 644 645 646 648 649 650 651 652 653 654 655 656 657 659 661 663 664 669 670 671 672 673 675 676 677 678 679 681 682 683 684 685 686 687 688 690 692 693 695 697 698 699 
669: 15 143 277 346 600 601 602 604 606 607 608 612 614 615 616 617 618 619 620 621 622 623 624 625 626 627 628 629 630 631 632 633 634 635 636 637 640 641 642 643 644 646 647 648 650 651 653 654 656 660 661 662 663 665 666 667 668 670 671 673 674 675 677 678 679 680 681 682 683 684 685 686 687 690 691 692 693 694 695 696 697 698 
670: 62 100 178 236 334 387 442 470 600 604 606 607 608 609 610 611 613 614 615 617 618 619 620 621 622 623 625 626 629 630 631 632 633 634 635 636 637 639 642 643 644 645 646 647 648 649 650 651 652 654 657 660 661 662 663 664 666 667 668 669 671 672 673 674 675 677 678 679 680 683 684 685 686 688 689 690 691 692 693 696 698 839 
671: 73 287 289 409 493 601 602 603 604 605 606 607 608 609 610 611 612 613 614 615 616 617 620 621 622 623 624 625 626 627 628 630 632 633 634 635 636 637 638 639 640 641 642 644 645 646 647 648 650 651 653 655 656 657 660 661 663 667 668 669 670 672 673 674 675 676 677 678 679 680 681 682 683 685 686 687 688 689 690 691 692 693 694 695 696 697 698 699 
672: 68 147 265 600 601 604 605 606 607 608 610 611 612 614 615 616 617 618 620 621 622 624 626 627 628 629 630 631 633 634 635 636 639 640 641 642 643 645 646 647 649 650 651 652 653 654 655 656 657 658 659 660 661 662 665 666 668 670 671 676 677 678 679 680 681 683 684 686 687 688 689 691 692 695 696 697 699 816 
673: 109 208 600 601 602 604 605 606 608 611 612 613 614 615 616 618 619 620 621 622 623 624 625 626 627 628 630 631 632 633 634 635 638 639 640 641 643 644 645 646 647 648 649 650 651 652 653 654 655 656 657 658 659 661 662 664 666 668 669 670 671 674 675 676 677 678 679 682 683 684 685 686 687 688 689 691 692 693 694 697 699 
674: 169 192 600 601 602 605 606 607 608 610 613 614 615 616 617 618 619 620 622 623 624 625 626 627 629 630 631 633 635 636 637 638 639 640 641 643 644 645 646 647 650 651 653 654 656 658 659 660 661 662 664 665 666 667 669 670 671 673 675 676 677 678 680 681 682 683 686 687 688 689 690 691 692 693 694 695 696 698 699 801 
675: 5 63 78 130 215 279 309 381 600 601 602 603 604 605 606 607 608 609 611 612 613 614 615 616 618 619 621 622 623 625 627 628 629 631 632 633 634 636 638 639 641 642 643 644 645 647 649 650 652 653 654 655 656 657 659 660 661 662 663 665 668 669 670 671 673 674 676 677 680 681 682 684 685 686 687 688 689 690 692 693 694 695 697 699 830 
676: 73 110 139 181 211 318 417 469 600 601 602 605 606 607 608 609 611 613 615 616 618 619 621 622 623 624 625 626 627 629 630 631 632 634 635 636 637 638 639 640 641 642 643 644 645 646 647 648 649 650 651 652 653 655 656 659 661 664 665 666 667 668 671 672 673 674 675 677 678 679 680 681 682 684 685 686 687 688 689 691 694 695 696 697 698 699 
677: 183 251 336 351 448 482 600 601 602 603 604 606 607 609 610 612 614 617 618 619 620 621 622 623 625 626 627 628 629 630 631 632 633 634 635 636 637 638 639 640 641 642 643 644 648 649 650 651 652 653 654 656 657 659 660 661 662 663 665 666 668 669 670 671 672 673 674 675 676 678 679 680 681 683 684 685 686 687 688 689 694 695 696 697 698 
678: 296 303 312 320 485 488 601 602 605 606 607 608 609 611 612 614 615 616 617 619 621 623 624 625 626 628 630 631 632 633 634 635 636 638 639 640 641 643 644 645 647 648 649 650 651 652 653 654 655 656 657 658 660 661 662 663 664 666 667 668 669 670 671 672 673 674 676 677 680 681 682 684 685 688 689 690 692 693 695 696 698 699 836 
679: 6 74 136 182 183 215 295 331 600 601 604 606 607 608 609 611 612 614 615 617 618 619 620 621 623 624 625 627 628 629 630 631 632 633 634 635 636 637 638 639 640 641 642 643 644 645 647 648 649 650 651 652 653 654 655 656 657 658 661 662 665 667 668 669 670 671 672 673 676 677 680 681 682 683 684 685 686 688 689 690 691 692 693 694 695 697 698 699 815 820 
680: 35 164 600 602 603 606 607 609 610 611 613 614 615 616 617 618 620 622 623 625 626 627 628 629 631 632 633 634 635 637 638 639 640 642 643 645 646 647 648 649 650 651 652 653 654 656 657 658 659 660 661 662 663 664 665 666 669 670 671 672 674 675 676 677 678 679 683 684 685 686 688 689 691 692 695 697 824 
681: 600 604 605 606 608 609 610 613 615 616 617 618 619 620 621 623 624 625 626 627 628 629 630 632 634 635 636 637 638 639 641 642 643 645 646 647 648 649 651 653 654 655 657 659 660 662 663 665 666 667 668 669 671 672 674 675 676 677 678 679 682 683 684 685 686 687 688 689 690 691 692 693 695 696 697 698 699 
682: 2 24 174 210 450 600 601 602 604 605 607 613 614 615 616 617 618 619 620 621 622 623 624 626 627 631 632 633 635 636 638 640 642 643 644 645 646 647 648 649 650 651 652 654 656 657 658 659 660 661 662 663 664 665 666 667 668 669 671 673 674 675 676 678 679 681 683 684 686 688 689 694 695 696 697 699 
683: 16 67 90 136 261 301 346 392 415 419 601 602 603 604 605 606 607 608 609 610 611 612 613 614 617 618 619 621 622 623 624 625 626 627 628 629 630 632 633 634 635 636 637 638 640 641 642 643 644 645 646 647 649 652 653 654 655 658 659 660 661 664 665 666 667 668 669 670 671 672 673 674 677 679 680 681 682 684 685 687 688 690 691 693 694 695 697 699 826 
684: 100 181 197 293 484 600 601 605 608 609 610 611 612 613 614 615 616 617 618 619 620 621 622 623 624 625 626 627 628 629 630 631 632 633 634 636 637 638 639 640 641 642 643 644 645 647 649 651 652 653 655 657 658 659 660 662 663 665 666 668 669 670 672 673 675 676 677 678 679 680 681 682 683 685 687 688 690 691 692 693 695 696 697 698 699 
685: 301 407 478 600 601 602 603 604 605 606 607 608 609 612 613 614 615 616 617 618 619 620 621 623 625 627 628 629 630 631 632 633 634 635 636 638 639 641 642 643 644 650 651 652 653 654 655 656 659 660 661 662 663 664 665 667 668 669 670 671 673 675 676 677 678 679 680 681 683 684 686 688 689 691 692 693 694 695 696 697 699 
686: 2 338 600 602 603 604 605 606 607 608 609 610 611 612 613 615 616 617 618 619 620 621 623 624 626 627 628 630 631 633 634 635 636 637 638 639 640 642 643 644 645 648 649 650 651 653 655 656 657 659 660 661 662 663 664 666 667 668 669 670 671 672 673 674 675 676 677 679 680 681 682 685 688 689 690 691 692 694 695 696 698 
687: 347 600 602 603 605 606 607 609 610 611 613 614 616 619 620 621 622 624 627 628 630 632 633 634 635 636 637 638 639 640 641 642 643 645 646 647 650 651 652 653 654 655 656 657 658 659 660 661 662 664 665 666 667 668 669 671 672 673 674 675 676 677 681 683 684 688 690 691 692 695 696 699 813 824 
688: 10 21 63 119 239 493 600 601 602 604 605 606 607 608 609 610 611 616 617 618 619 620 621 622 623 624 625 626 628 630 631 634 635 636 637 639 641 642 643 644 645 646 647 651 652 655 656 657 658 660 661 662 663 664 665 667 668 670 671 672 673 674 675 676 677 678 679 680 681 682 683 684 685 686 687 689 690 691 692 693 694 695 696 697 698 699 801 808 
689: 63 91 205 218 363 412 421 440 470 600 602 603 604 607 608 609 610 611 612 614 615 616 619 620 621 622 624 625 626 627 628 629 630 631 632 633 634 635 637 639 640 641 643 644 645 646 647 649 650 653 655 656 657 658 659 660 661 662 664 665 666 667 670 671 672 673 674 675 676 677 678 679 680 681 682 685 686 688 691 692 693 694 695 696 697 698 699 
690: 13 149 268 600 601 602 603 605 606 607 608 609 610 611 612 613 614 616 617 619 620 621 622 625 628 629 630 631 632 633 634 636 637 638 639 640 641 642 643 644 649 650 651 652 655 656 658 659 660 661 662 663 664 666 667 668 669 670 671 674 675 678 679 681 683 684 686 687 688 691 692 695 696 697 698 699 820 
691: 212 295 337 426 431 441 601 602 603 604 605 608 609 610 611 612 613 614 615 616 617 618 621 622 623 624 625 626 627 628 629 630 631 633 634 636 637 638 639 640 641 642 643 645 646 648 649 650 651 652 653 654 655 656 658 661 662 663 664 666 667 669 670 671 672 673 674 676 679 680 681 683 684 685 686 687 688 689 690 692 694 696 698 
692: 119 288 325 340 389 600 601 602 603 604 605 606 607 608 609 612 613 615 616 617 618 619 620 621 622 623 624 625 626 628 629 630 631 633 634 635 636 637 638 640 641 642 643 644 645 646 647 648 649 651 652 654 655 656 657 658 659 660 662 663 666 667 668 669 670 671 672 673 674 675 678 679 680 681 684 685 686 687 688 689 690 691 693 695 696 697 698 699 
693: 38 72 75 187 373 456 601 602 603 604 605 607 608 609 610 614 616 618 619 620 622 623 624 625 626 627 628 630 631 632 634 635 636 637 638 639 642 643 646 647 649 651 652 653 654 655 657 662 664 665 666 667 668 669 670 671 673 674 675 678 679 681 683 684 685 688 689 692 694 697 699 828 
694: 131 288 357 363 428 429 600 601 602 604 605 606 607 608 611 612 613 614 615 618 619 620 621 622 623 624 625 626 627 630 631 632 634 637 638 639 645 649 650 653 654 655 656 657 658 659 660 661 663 664 666 667 669 671 673 674 675 676 677 679 682 683 685 686 688 689 691 693 695 696 697 698 699 
695: 62 356 452 601 602 603 604 605 607 608 609 610 612 614 615 616 617 618 619 621 622 623 624 625 627 628 629 631 633 634 635 636 637 638 640 641 642 643 644 645 649 651 652 653 655 656 657 658 659 660 661 664 665 666 667 668 669 671 672 674 675 676 677 678 679 680 681 682 683 684 685 686 687 688 689 690 692 694 696 697 698 699 
696: 88 156 228 292 347 377 600 602 603 605 607 608 609 610 611 612 613 614 616 618 619 620 621 622 623 624 625 626 627 628 630 631 633 636 637 638 639 640 641 642 643 644 645 646 647 648 649 652 653 654 655 656 657 658 659 660 662 663 664 666 667 669 670 671 672 674 676 677 678 681 682 684 685 686 687 688 689 690 691 692 694 695 697 698 699 
697: 16 33 78 84 152 199 396 600 601 602 603 604 607 611 612 614 615 616 617 618 619 620 621 623 624 625 627 629 631 632 633 634 637 638 640 641 644 645 649 650 651 652 653 654 655 656 657 659 661 662 665 666 667 668 669 671 672 673 675 676 677 679 680 681 682 683 684 685 688 689 690 692 693 694 695 696 698 699 
698: 226 424 600 602 603 604 605 606 607 608 609 610 611 612 613 614 616 617 618 619 625 629 630 631 633 634 635 638 640 641 642 643 644 645 646 647 648 649 650 652 653 654 655 656 657 659 660 661 662 663 664 665 666 668 669 670 671 674 676 677 678 679 681 684 686 688 689 690 691 692 694 695 696 697 699 
699: 36 70 129 256 419 442 600 601 602 605 606 607 608 609 611 612 614 615 616 617 618 619 620 621 622 623 624 625 626 627 628 629 631 633 635 637 638 639 640 641 642 643 645 646 647 648 649 650 651 654 655 657 658 659 660 662 663 664 665 666 668 671 672 673 674 675 676 678 679 681 682 683 684 685 687 688 689 690 692 693 694 695 696 697 698 
700: 701 702 703 704 706 708 709 710 711 714 716 717 718 719 720 721 722 723 725 726 728 729 730 731 735 736 739 740 741 742 744 745 746 747 748 749 
701: 700 703 704 705 706 707 709 710 711 713 714 715 716 719 720 721 722 723 724 725 726 727 728 729 730 732 733 735 736 737 738 739 740 741 742 743 744 745 746 747 748 749 
702: 700 704 705 706 707 709 710 711 712 713 714 715 717 719 721 722 723 724 726 727 728 729 730 731 732 733 737 739 740 743 747 749 924 
703: 700 701 704 705 706 707 708 710 712 713 714 716 717 718 719 720 721 722 723 724 726 727 728 730 733 734 736 737 738 739 740 743 744 747 748 749 927 940 
704: 700 701 702 703 705 706 709 710 712 713 714 715 716 717 718 719 720 723 724 725 727 728 729 730 731 732 733 734 735 736 737 738 739 740 741 742 746 748 749 
705: 701 702 703 704 706 708 709 710 711 712 713 714 715 716 717 719 720 721 723 724 725 726 730 731 732 733 734 735 736 738 739 741 742 743 744 746 747 749 935 944 
706: 700 701 702 703 704 705 707 708 709 711 712 713 715 716 717 719 722 723 724 725 726 727 728 729 730 732 733 734 735 736 737 738 740 741 742 744 745 746 748 749 
707: 701 702 703 706 708 709 710 711 712 714 716 719 720 721 722 724 725 728 730 731 734 737 739 740 741 742 745 748 
708: 700 703 705 706 707 710 711 713 714 716 717 718 719 720 721 722 723 724 726 728 730 731 732 733 734 735 736 737 739 741 742 743 744 745 746 749 948 
709: 700 701 702 704 705 706 707 711 712 713 715 716 717 719 720 721 722 723 724 726 727 728 729 731 733 734 735 736 737 739 740 741 742 743 744 745 748 749 
710: 700 701 702 703 704 705 707 708 712 713 714 715 716 717 719 721 722 723 724 728 729 730 731 732 733 735 736 737 738 739 741 742 743 744 745 746 747 748 
711: 700 701 702 705 706 707 708 709 713 714 715 716 718 719 720 721 723 724 726 728 729 730 732 733 734 735 736 737 738 739 740 741 742 743 744 745 746 747 748 749 931 
712: 702 703 704 705 706 707 709 710 713 714 715 716 717 718 719 720 721 722 723 724 725 726 728 730 731 732 733 734 736 737 738 740 743 744 745 746 747 
713: 701 702 703 704 705 706 708 709 710 711 712 714 716 717 718 719 724 726 727 728 729 731 732 733 734 735 736 738 739 740 741 742 743 744 745 746 747 748 749 
714: 700 701 702 703 704 705 707 708 710 711 712 713 715 716 717 718 719 720 721 722 724 725 726 727 729 730 731 733 734 735 736 737 738 740 741 743 744 745 746 747 748 
715: 701 702 704 705 706 709 710 711 712 714 716 717 719 720 721 723 724 725 726 729 730 731 732 733 735 736 737 738 739 740 741 742 744 746 747 748 749 
716: 700 701 703 704 705 706 707 708 709 710 711 712 713 714 715 717 718 719 720 721 722 723 724 726 728 730 731 732 733 735 737 738 739 740 741 742 743 744 745 746 748 
717: 700 702 703 704 705 706 708 709 710 712 713 714 715 716 718 720 723 724 725 726 727 729 730 731 732 733 734 735 736 738 739 740 742 743 745 746 748 749 937 
718: 700 703 704 708 711 712 713 714 716 717 719 720 722 723 725 726 727 728 729 730 731 732 733 734 735 736 737 739 740 741 742 743 744 746 747 
719: 700 701 702 703 704 705 706 707 708 709 710 711 712 713 714 715 716 718 720 722 725 726 728 729 730 731 732 733 734 735 737 738 740 742 743 745 747 748 
720: 700 701 703 704 705 707 708 709 711 712 714 715 716 717 718 719 721 722 724 725 728 729 730 731 732 734 735 736 738 739 740 742 744 745 746 
721: 700 701 702 703 705 707 708 709 710 711 712 714 715 716 720 723 724 725 726 727 728 729 730 731 732 733 734 735 736 737 738 739 740 742 743 744 745 746 748 749 958 
722: 700 701 702 703 706 707 708 709 710 712 714 716 718 719 720 723 724 725 726 727 729 730 731 732 733 734 735 736 737 741 742 744 746 747 748 749 
723: 700 701 702 703 704 705 706 708 709 710 711 712 715 716 717 718 721 722 724 725 726 727 728 729 730 731 732 734 735 736 737 739 740 742 743 744 745 746 747 749 948 
724: 701 702 703 704 705 706 707 708 709 710 711 712 713 714 715 716 717 720 721 722 723 725 726 727 729 730 731 732 733 734 736 737 738 739 740 741 742 743 744 745 746 747 748 749 925 
725: 700 701 704 705 706 707 712 714 715 717 718 719 720 721 722 723 724 726 729 730 731 732 733 734 737 738 739 741 742 743 744 745 746 747 748 
726: 700 701 702 703 705 706 708 709 711 712 713 714 715 716 717 718 719 721 722 723 724 725 727 728 730 731 732 734 735 736 737 739 740 743 744 746 748 749 941 
727: 701 702 703 704 706 709 713 714 717 718 721 722 723 724 726 729 730 731 732 733 734 735 736 738 739 740 741 742 744 746 747 749 
728: 700 701 702 703 704 706 707 708 709 710 711 712 713 716 718 719 720 721 723 726 730 731 732 733 734 736 737 738 739 742 743 744 745 746 747 748 749 
729: 700 701 702 704 706 709 710 711 713 714 715 717 718 719 720 721 722 723 724 725 727 730 731 732 733 734 735 736 737 738 739 740 741 743 744 746 747 749 
730: 700 701 702 703 704 705 706 707 708 710 711 712 714 715 716 717 718 719 720 721 722 723 724 725 726 727 728 729 731 732 734 735 736 737 738 741 742 743 744 745 746 749 924 
731: 700 702 704 705 707 708 709 710 712 713 714 715 716 717 718 719 720 721 722 723 724 725 726 727 728 729 730 733 735 737 738 739 740 741 742 743 744 745 746 747 
732: 701 702 704 705 706 708 710 711 712 713 715 716 717 718 719 720 721 722 723 724 725 726 727 728 729 730 733 734 735 736 737 738 739 740 744 746 747 748 926 957 
733: 701 702 703 704 705 706 708 709 710 711 712 713 714 715 716 717 718 719 721 722 724 725 727 728 729 731 732 734 737 738 739 740 741 742 743 744 745 746 748 749 
734: 703 704 705 706 707 708 709 711 712 713 714 717 718 719 720 721 722 723 724 725 726 727 728 729 730 732 733 735 736 737 738 739 740 741 742 743 745 746 747 749 
735: 700 701 704 705 706 708 709 710 711 713 714 715 716 717 718 719 720 721 722 723 726 727 729 730 731 732 734 736 737 739 741 742 743 744 745 746 747 748 749 
736: 700 701 703 704 705 706 708 709 710 711 712 713 714 715 717 718 720 721 722 723 724 726 727 728 729 730 732 734 735 737 738 740 741 742 743 744 746 747 748 749 929 936 
737: 701 702 703 704 706 707 708 709 710 711 712 714 715 716 718 719 721 722 723 724 725 726 728 729 730 731 732 733 734 735 736 738 740 741 742 743 744 745 747 748 749 950 
738: 701 703 704 705 706 710 711 712 713 714 715 716 717 719 720 721 724 725 727 728 729 730 731 732 733 734 736 737 739 740 741 742 743 744 745 746 748 749 935 
739: 700 701 702 703 704 705 707 708 709 710 711 713 715 716 717 718 720 721 723 724 725 726 727 728 729 731 732 733 734 735 738 741 745 747 748 749 954 959 
740: 700 701 702 703 704 706 707 709 711 712 713 714 715 716 717 718 719 720 721 723 724 726 727 729 731 732 733 734 736 737 738 741 743 746 748 749 
741: 700 701 704 705 706 707 708 709 710 711 713 714 715 716 718 722 724 725 727 729 730 731 733 734 735 736 737 738 739 740 742 743 744 745 746 748 
742: 700 701 704 705 706 707 708 709 710 711 713 715 716 717 718 719 720 721 722 723 724 725 727 728 730 731 733 734 735 736 737 738 741 743 744 745 746 747 748 749 
743: 701 702 703 705 708 709 710 711 712 713 714 716 717 718 719 721 723 724 725 726 728 729 730 731 733 734 735 736 737 738 740 741 742 744 746 747 748 749 928 
744: 700 701 703 705 706 708 709 710 711 712 713 714 715 716 718 720 721 722 723 724 725 726 727 728 729 730 731 732 733 735 736 737 738 741 742 743 745 746 747 748 749 944 
745: 700 701 706 707 708 709 710 711 712 713 714 716 717 719 720 721 723 724 725 728 730 731 733 734 735 737 738 739 741 742 744 746 748 
746: 700 701 704 705 706 708 710 711 712 713 714 715 716 717 718 720 721 722 723 724 725 726 727 728 729 730 731 732 733 734 735 736 738 740 741 742 743 744 745 748 749 952 
747: 700 701 702 703 705 710 711 712 713 714 715 718 719 722 723 724 725 727 728 729 731 732 734 735 736 737 739 742 743 744 748 749 
748: 700 701 703 704 706 707 709 710 711 713 714 715 716 717 719 721 722 724 725 726 728 732 733 735 736 737 738 739 740 741 742 743 744 745 746 747 749 
749: 700 701 702 703 704 705 706 708 709 711 713 715 717 721 722 723 724 726 727 728 729 730 733 734 735 736 737 738 739 740 742 743 744 746 747 748 
768: 82 106 110 214 242 350 366 489 769 771 772 773 774 775 776 777 778 780 781 782 785 786 788 791 792 797 798 750 751 752 753 754 755 756 757 761 762 763 764 765 766 
769: 62 121 252 266 279 292 353 496 768 770 771 773 774 775 777 779 781 782 783 784 785 786 787 788 791 792 793 794 795 796 797 798 750 751 752 753 754 755 756 758 759 760 761 762 764 765 766 767 
770: 72 86 769 771 772 774 775 776 777 778 779 780 781 782 783 785 786 787 788 789 790 791 792 794 795 796 798 799 750 751 752 753 754 755 756 757 758 760 763 765 766 767 
771: 22 127 230 307 380 407 455 489 768 769 770 772 773 774 775 776 777 779 780 781 782 783 785 786 788 789 795 796 798 799 750 751 755 757 758 759 760 761 763 765 766 
772: 2 28 87 432 768 770 771 773 774 775 776 777 778 781 784 786 788 790 792 793 794 795 796 797 799 750 751 752 754 755 756 759 760 761 762 763 764 765 767 
773: 87 279 340 365 369 768 769 771 772 775 777 778 779 781 783 784 785 788 790 791 792 793 795 750 754 755 756 759 760 761 762 765 766 767 
774: 135 170 234 332 375 409 768 769 770 771 772 775 776 777 778 780 783 784 785 786 787 789 790 792 793 794 795 796 798 799 751 752 753 755 756 757 758 760 762 763 764 765 767 
775: 145 292 390 475 482 768 769 770 771 772 773 774 777 778 779 780 781 782 783 784 785 786 788 789 790 791 792 795 796 797 799 750 751 752 753 754 756 757 758 759 760 761 762 764 765 
776: 213 768 770 771 772 774 777 779 780 781 786 791 792 793 794 795 799 751 754 755 758 759 761 762 763 764 766 767 
777: 49 152 368 768 769 770 771 772 773 774 775 776 778 779 780 781 783 784 787 789 790 792 793 794 796 797 798 799 751 753 754 755 756 757 760 761 762 764 766 767 
778: 186 273 490 496 768 770 772 773 774 775 777 779 780 781 783 784 785 790 791 792 793 795 796 798 799 750 751 752 753 756 757 759 763 764 765 767 
779: 149 250 452 769 770 771 773 775 776 777 778 780 781 782 783 784 785 786 788 789 790 791 792 793 794 795 796 797 798 799 750 752 753 754 755 756 759 761 763 767 
780: 104 339 353 432 768 770 771 774 775 776 777 778 779 781 783 785 786 787 789 790 791 792 793 795 796 798 751 752 753 754 755 756 757 760 761 762 763 764 765 766 
781: 263 272 385 410 768 769 770 771 772 773 775 776 777 778 779 780 782 784 785 786 787 788 790 792 793 794 795 796 797 750 752 753 755 756 759 760 761 762 764 765 767 
782: 141 232 291 768 769 770 771 775 779 781 783 784 788 790 796 798 799 750 752 754 755 756 757 758 763 764 765 766 767 
783: 39 103 431 769 770 771 773 774 775 777 778 779 780 782 785 786 787 788 789 790 791 792 794 795 796 797 798 799 750 752 753 755 757 759 760 761 762 763 764 766 767 
784: 136 137 254 256 769 772 773 774 775 777 778 779 781 782 785 786 787 788 789 790 791 792 794 795 796 797 798 799 750 751 752 753 754 755 757 758 759 760 762 763 764 765 766 767 
785: 222 303 423 768 769 770 771 773 774 775 778 779 780 781 783 784 787 789 790 791 792 794 797 798 799 750 751 752 754 755 756 758 759 760 761 763 764 766 767 
786: 4 80 127 312 468 482 498 768 769 770 771 772 774 775 776 779 780 781 783 784 793 794 795 796 797 798 799 750 751 752 754 755 756 757 760 761 762 764 765 766 767 
787: 52 134 141 187 489 769 770 774 777 780 781 783 784 785 789 791 795 796 797 798 799 750 751 752 754 755 756 757 758 759 760 761 762 763 766 767 
788: 14 121 207 420 768 769 770 771 772 773 775 779 781 782 783 784 789 790 791 792 793 794 795 796 797 798 752 753 754 755 757 759 760 761 762 764 766 
789: 103 183 239 281 337 338 340 770 771 774 775 777 779 780 783 784 785 787 788 791 793 794 795 796 797 750 751 753 754 755 756 757 759 760 767 
790: 51 52 88 321 355 476 770 772 773 774 775 777 778 779 780 781 782 783 784 785 788 791 795 797 750 751 752 753 754 755 757 761 763 764 766 
791: 106 207 326 768 769 770 773 775 776 778 779 780 783 784 785 787 788 789 790 792 793 795 796 797 798 799 750 753 754 755 757 760 761 762 763 764 765 767 
792: 202 261 358 768 769 770 772 773 774 775 776 777 778 779 780 781 783 784 785 788 791 793 794 796 797 799 750 751 752 753 756 757 758 759 761 764 765 766 767 
793: 168 401 442 498 769 772 773 774 776 777 778 779 780 781 786 788 789 791 792 794 798 799 750 752 754 755 756 757 758 759 762 763 764 765 766 767 
794: 99 182 286 769 770 772 774 776 777 779 781 783 784 785 786 788 789 792 793 795 796 797 799 750 751 752 753 754 756 758 759 760 761 762 763 764 765 766 767 
795: 65 382 769 770 771 772 773 774 775 776 778 779 780 781 783 784 786 787 788 789 790 791 794 798 751 753 757 758 761 762 763 765 767 
796: 7 16 55 59 193 382 769 770 771 772 774 775 777 778 779 780 781 782 783 784 786 787 788 789 791 792 794 751 753 754 755 756 757 758 761 762 763 764 765 766 767 
797: 182 385 473 768 769 772 775 777 779 781 783 784 785 786 787 788 789 790 791 792 794 799 750 751 752 753 754 755 757 759 760 761 762 763 764 
798: 81 303 482 768 769 770 771 774 777 778 779 780 782 783 784 785 786 787 788 791 793 795 799 751 753 755 756 757 758 759 760 761 762 763 764 765 767 
799: 75 99 135 299 316 389 476 770 771 772 774 775 776 777 778 779 782 783 784 785 786 787 791 792 793 794 797 798 752 754 755 757 758 760 762 763 764 765 766 767 
750: 81 95 239 308 487 768 769 770 771 772 773 775 778 779 781 782 783 784 785 786 787 789 790 791 792 793 794 797 751 753 754 755 757 758 759 761 762 763 764 765 766 767 
751: 244 310 768 769 770 771 772 774 775 776 777 778 780 784 785 786 787 789 790 792 794 795 796 797 798 750 752 754 755 757 758 760 761 762 763 764 765 767 
752: 95 112 158 768 769 770 772 774 775 778 779 780 781 782 783 784 785 786 787 788 790 792 793 794 797 799 751 753 754 755 757 759 761 762 763 764 765 766 767 
753: 7 29 210 243 375 452 768 769 770 774 775 777 778 779 780 781 783 784 788 789 790 791 792 794 795 796 797 798 750 752 754 755 756 757 758 759 760 762 763 764 765 766 767 
754: 288 442 768 769 770 772 773 775 776 777 779 780 782 784 785 786 787 788 789 790 791 793 794 796 797 799 750 751 752 753 755 756 757 759 760 761 763 764 765 766 767 
755: 27 254 283 439 768 769 770 771 772 773 774 776 777 779 780 781 782 783 784 785 786 787 788 789 790 791 793 796 797 798 799 750 751 752 753 754 757 760 761 762 764 765 766 
756: 25 61 111 225 245 252 355 475 768 769 770 772 773 774 775 777 778 779 780 781 782 785 786 787 789 792 793 794 796 798 753 754 757 760 761 765 766 
757: 130 768 770 771 774 775 777 778 780 782 783 784 786 787 788 789 790 791 792 793 795 796 797 798 799 750 751 752 753 754 755 756 758 760 761 764 767 
758: 6 769 770 771 774 775 776 782 784 785 787 792 793 794 795 796 798 799 750 751 753 757 759 760 761 763 764 765 766 
759: 28 88 239 285 292 359 397 467 477 769 771 772 773 775 776 778 779 781 783 784 785 787 788 789 792 793 794 797 798 750 752 753 754 758 760 763 764 766 767 
760: 69 307 426 480 497 769 770 771 772 773 774 775 777 780 781 783 784 785 786 787 788 789 791 794 797 798 799 751 753 754 755 756 757 758 759 761 762 763 764 765 766 767 
761: 5 91 211 307 342 364 417 432 768 769 771 772 773 775 776 777 779 780 781 783 785 786 787 788 790 791 792 794 795 796 797 798 750 751 752 754 755 756 757 758 760 762 763 764 766 767 
762: 47 113 422 768 769 772 773 774 775 776 777 780 781 783 784 786 787 788 791 793 794 795 796 797 798 799 750 751 752 753 755 760 761 763 764 766 
763: 44 90 287 327 351 363 416 423 434 768 770 771 772 774 776 778 779 780 782 783 784 785 787 790 791 793 794 795 796 797 798 799 750 751 752 753 754 758 759 760 761 762 764 765 
764: 768 769 772 774 775 776 777 778 780 781 782 783 784 785 786 788 790 791 792 793 794 796 797 798 799 750 751 752 753 754 755 757 758 759 760 761 762 763 765 766 767 
765: 209 242 244 314 451 768 769 770 771 772 773 774 775 778 780 781 782 784 786 791 792 793 794 795 796 798 799 750 751 752 753 754 755 756 758 760 763 764 767 
766: 132 145 187 370 384 398 768 769 770 771 773 776 777 780 782 783 784 785 786 787 788 790 792 793 794 796 799 750 752 753 754 755 756 758 759 760 761 762 764 
767: 16 53 75 128 348 498 769 770 772 773 774 776 777 778 779 781 782 783 784 785 786 787 789 791 792 793 794 795 796 798 799 750 751 752 753 754 757 759 760 761 764 765 
800: 650 801 802 803 804 806 807 808 809 810 811 812 813 814 816 817 818 819 820 821 822 825 826 827 828 829 830 831 832 833 835 836 839 
801: 603 674 688 800 803 804 805 806 807 810 811 812 813 814 815 816 817 818 819 821 823 825 826 827 829 830 834 835 836 837 838 874 
802: 619 800 805 806 807 808 810 811 812 814 815 816 818 819 820 821 825 827 828 830 831 833 834 837 838 
803: 626 800 801 804 805 806 807 808 809 810 811 813 814 816 817 818 819 820 821 822 823 826 827 828 829 830 832 833 834 835 836 837 838 839 
804: 800 801 803 806 808 809 810 811 812 813 815 816 817 818 819 820 821 822 823 824 825 826 828 829 830 831 833 835 836 837 838 839 
805: 801 802 803 806 807 808 809 810 813 814 815 817 818 819 821 823 824 825 827 828 832 833 834 835 836 837 839 
806: 800 801 802 803 804 805 807 808 810 811 812 814 816 817 818 819 820 821 823 824 825 826 828 829 830 831 832 833 834 835 837 838 839 
807: 619 800 801 802 803 805 806 808 809 810 811 812 813 814 816 817 818 819 821 822 823 824 825 826 827 828 829 831 832 833 834 835 836 837 838 
808: 688 800 802 803 804 805 806 807 809 811 814 815 816 817 819 820 821 822 824 825 826 829 830 832 833 834 835 836 837 838 839 840 
809: 800 803 804 805 807 808 810 812 813 815 816 817 818 819 820 822 823 824 825 826 827 830 831 834 835 836 837 838 839 877 
810: 623 654 660 800 801 802 803 804 805 806 807 809 811 812 813 814 815 816 817 820 822 823 824 825 827 828 829 830 831 832 834 835 836 837 838 839 869 
811: 800 801 802 803 804 806 807 808 810 812 813 814 816 817 818 819 820 821 822 824 826 828 830 831 832 833 836 838 839 856 
812: 650 800 801 802 804 806 807 809 810 811 813 814 815 816 817 818 819 822 823 824 825 827 829 830 831 832 833 834 835 837 838 839 
813: 687 800 801 803 804 805 807 809 810 811 812 814 817 818 820 821 822 823 824 826 829 830 834 835 837 838 839 855 864 
814: 628 800 801 802 803 805 806 807 808 810 811 812 813 816 817 818 819 820 821 822 824 827 828 829 830 831 832 833 835 836 837 838 839 
815: 638 679 801 802 804 805 808 809 810 812 816 817 818 819 820 821 823 824 827 829 830 831 833 834 835 837 839 
816: 672 800 801 802 803 804 806 807 808 809 810 811 812 814 815 817 818 819 820 821 822 824 825 827 828 829 832 833 834 836 839 873 
817: 618 800 801 803 804 805 806 807 808 809 810 811 812 813 814 815 816 818 819 820 823 824 825 827 828 829 830 832 833 834 835 836 838 839 858 
818: 800 801 802 803 804 805 806 807 809 811 812 813 814 815 816 817 820 821 823 824 826 828 830 833 835 836 838 839 
819: 639 800 801 802 803 804 805 806 807 808 809 811 812 814 815 816 817 820 821 822 823 824 825 826 827 828 831 832 833 835 836 837 839 
820: 679 690 800 802 803 804 806 808 809 810 811 813 814 815 816 817 818 819 821 822 824 825 826 828 829 830 831 832 833 835 836 837 838 
821: 800 801 802 803 804 805 806 807 808 811 813 814 815 816 818 819 820 822 823 824 825 826 828 829 830 832 834 835 836 837 838 839 
822: 608 645 800 803 804 807 808 809 810 811 812 813 814 816 819 820 821 823 824 828 829 831 832 833 835 836 837 838 839 
823: 801 803 804 805 806 807 809 810 812 813 815 817 818 819 821 822 824 825 826 830 831 832 836 837 838 839 
824: 651 680 687 804 805 806 807 808 809 810 811 812 813 814 815 816 817 818 819 820 821 822 823 825 827 828 829 830 831 832 833 835 838 839 
825: 650 800 801 802 804 805 806 807 808 809 810 812 816 817 819 820 821 823 824 826 827 829 830 831 832 835 838 
826: 652 683 800 801 803 804 806 807 808 809 811 813 818 819 820 821 823 825 827 828 829 831 834 835 836 837 838 847 
827: 618 639 663 800 801 802 803 805 807 809 810 812 814 815 816 817 819 824 825 826 828 830 831 832 833 834 835 836 837 839 
828: 616 693 800 802 803 804 805 806 807 810 811 814 816 817 818 819 820 821 822 824 826 827 830 831 832 834 835 836 838 875 
829: 800 801 803 804 806 807 808 810 812 813 814 815 816 817 820 821 822 824 825 826 831 832 833 835 837 838 842 872 
830: 623 675 800 801 802 803 804 806 808 809 810 811 812 813 814 815 817 818 820 821 823 824 825 827 828 831 832 833 834 835 837 838 839 
831: 800 802 804 806 807 809 810 811 812 814 815 819 820 822 823 824 825 826 827 828 829 830 833 835 836 837 839 
832: 800 803 805 806 807 808 810 811 812 814 816 817 819 820 821 822 823 824 825 827 828 829 830 833 834 835 836 837 
833: 800 802 803 804 805 806 807 808 811 812 814 815 816 817 818 819 820 822 824 827 829 830 831 832 834 835 836 837 838 839 
834: 801 802 803 805 806 807 808 809 810 812 813 815 816 817 821 826 827 828 830 832 833 835 837 838 856 
835: 800 801 803 804 805 806 807 808 809 810 812 813 814 815 817 818 819 820 821 822 824 825 826 827 828 829 830 831 832 833 834 836 837 839 
836: 655 678 800 801 803 804 805 807 808 809 810 811 814 816 817 818 819 820 821 822 823 826 827 828 831 832 833 835 837 838 839 
837: 801 802 803 804 805 806 807 808 809 810 812 813 814 815 819 820 821 822 823 826 827 829 830 831 832 833 834 835 836 839 868 
838: 601 801 802 803 804 806 807 808 809 810 811 812 813 814 817 818 820 821 822 823 824 825 826 828 829 830 833 834 836 839 846 
839: 670 800 803 804 805 806 808 809 810 811 812 813 814 815 816 817 818 819 821 822 823 824 827 830 831 833 835 836 837 838 
840: 808 841 842 843 844 845 847 848 849 850 851 852 853 854 856 857 858 859 860 862 865 866 867 869 870 871 872 873 874 875 876 879 
841: 840 842 843 844 845 846 847 848 849 850 852 854 856 859 860 861 862 863 864 866 867 868 869 871 872 873 874 875 876 877 878 
842: 829 840 841 843 844 845 846 848 851 854 858 859 860 862 863 865 866 867 868 870 871 872 873 874 875 876 877 878 879 
843: 840 841 842 844 845 847 850 851 852 854 855 857 858 859 860 861 862 863 864 865 867 868 869 870 871 872 873 874 875 876 877 878 879 
844: 840 841 842 843 845 851 852 853 856 857 858 859 860 861 862 863 864 866 867 868 870 871 872 873 874 875 876 877 878 879 
845: 840 841 842 843 844 846 847 848 852 854 855 856 858 859 860 861 862 864 865 866 868 869 870 871 873 876 877 878 
846: 838 841 842 845 847 848 849 851 853 854 855 856 857 858 859 860 861 865 866 867 868 871 872 873 875 876 878 
847: 826 840 841 843 845 846 848 849 850 851 852 853 855 856 858 859 860 861 862 863 865 866 867 868 870 872 873 875 876 877 878 879 
848: 840 841 842 845 846 847 849 850 852 853 854 855 856 857 858 859 862 863 864 865 866 867 868 869 871 872 874 877 878 879 
849: 840 841 846 847 848 850 851 853 854 855 856 857 858 860 861 862 863 864 865 868 869 871 873 874 875 876 878 879 
850: 840 841 843 847 848 849 852 853 854 855 856 857 859 860 861 862 863 864 865 866 868 869 871 873 874 875 876 879 
851: 840 842 843 844 846 847 849 852 853 854 856 858 860 861 862 864 865 866 867 868 870 871 873 874 875 876 877 878 879 
852: 840 841 843 844 845 847 848 850 851 853 854 855 856 857 858 859 860 861 862 864 865 866 868 869 870 871 872 873 874 875 877 878 879 
853: 840 844 846 847 848 849 850 851 852 854 855 856 859 860 863 865 866 867 868 869 871 872 875 877 878 879 
854: 840 841 842 843 845 846 848 849 850 851 852 853 855 856 858 859 860 861 862 864 865 866 867 871 872 873 874 875 877 878 879 
855: 813 843 845 846 847 848 849 850 852 853 854 856 857 858 859 860 861 862 863 865 866 867 868 869 870 871 872 873 874 875 876 878 879 
856: 811 834 840 841 844 845 846 847 848 849 850 851 852 853 854 855 857 858 859 861 862 864 865 866 867 868 869 872 874 875 876 877 878 879 
857: 840 843 844 846 848 849 850 852 855 856 859 860 861 862 864 865 867 868 869 870 871 872 873 875 876 879 
858: 817 840 842 843 844 845 846 847 848 849 851 852 854 855 856 860 861 863 864 865 866 867 868 870 871 872 873 874 875 878 879 
859: 840 841 842 843 844 845 846 847 848 850 852 853 854 855 856 857 860 861 862 863 865 866 867 870 871 872 873 874 875 876 877 879 
860: 840 841 842 843 844 845 846 847 849 850 851 852 853 854 855 857 858 859 861 862 863 864 865 866 867 868 869 870 873 874 875 876 877 879 
861: 841 843 844 845 846 847 849 850 851 852 854 855 856 857 858 859 860 863 864 866 867 869 870 872 873 874 875 876 877 878 
862: 840 841 842 843 844 845 847 848 849 850 851 852 854 855 856 857 859 860 864 866 867 868 869 870 871 872 873 874 875 876 877 878 879 
863: 841 842 843 844 847 848 849 850 853 855 858 859 860 861 864 865 868 869 871 872 873 874 875 876 877 878 879 
864: 813 841 843 844 845 848 849 850 851 852 854 856 857 858 860 861 862 863 865 866 867 868 869 872 873 874 876 877 878 879 
865: 840 842 843 845 846 847 848 849 850 851 852 853 854 855 856 857 858 859 860 863 864 866 867 868 869 870 871 872 873 874 876 877 879 
866: 840 841 842 844 845 846 847 848 850 851 852 853 854 855 856 858 859 860 861 862 864 865 867 868 869 872 873 875 876 877 879 
867: 840 841 842 843 844 846 847 848 851 853 854 855 856 857 858 859 860 861 862 864 865 866 868 870 871 873 874 875 876 877 878 879 
868: 837 841 842 843 844 845 846 847 848 849 850 851 852 853 855 856 857 858 860 862 863 864 865 866 867 869 872 873 875 876 877 
869: 810 840 841 843 845 848 849 850 852 853 855 856 857 860 861 862 863 864 865 866 868 870 871 874 876 877 878 
870: 840 842 843 844 845 847 851 852 855 857 858 859 860 861 862 865 867 869 871 872 873 875 876 877 878 
871: 840 841 842 843 844 845 846 848 849 850 851 852 853 854 855 857 858 859 862 863 865 867 869 870 872 874 876 877 878 879 
872: 829 840 841 842 843 844 846 847 848 852 853 854 855 856 857 858 859 861 862 863 864 865 866 868 870 871 873 875 876 877 
873: 816 840 841 842 843 844 845 846 847 849 850 851 852 854 855 857 858 859 860 861 862 863 864 865 866 867 868 870 872 875 876 877 878 879 
874: 801 840 841 842 843 844 848 849 850 851 852 854 855 856 858 859 860 861 862 863 864 865 867 869 871 875 877 878 
875: 828 840 841 842 843 844 846 847 849 850 851 852 853 854 855 856 857 858 859 860 861 862 863 866 867 868 870 872 873 874 876 877 
876: 840 841 842 843 844 845 846 847 849 850 851 855 856 857 859 860 861 862 863 864 865 866 867 868 869 870 871 872 873 875 877 878 879 
877: 809 841 842 843 844 845 847 848 851 852 853 854 856 859 860 861 862 863 864 865 866 867 868 869 870 871 872 873 874 875 876 878 879 
878: 841 842 843 844 845 846 847 848 849 851 852 853 854 855 856 858 861 862 863 864 867 869 870 871 873 874 876 877 
879: 840 842 843 844 847 848 849 850 851 852 853 854 855 856 857 858 859 860 862 863 864 865 866 867 871 873 876 877 
896: 513 897 898 899 900 901 902 904 905 906 907 908 911 912 915 916 917 919 881 884 885 886 887 888 890 893 895 
897: 591 503 896 899 900 901 903 904 905 906 908 909 910 911 912 913 914 915 916 917 918 919 881 882 883 884 885 886 887 888 889 891 892 893 941 
898: 896 900 901 902 903 904 905 906 907 908 909 911 912 913 914 915 916 917 919 880 881 882 884 885 886 890 891 893 894 895 
899: 896 897 901 902 903 905 907 908 910 911 913 914 915 916 917 918 919 881 882 884 885 886 887 888 889 894 895 949 
900: 513 896 897 898 903 904 905 906 907 908 910 912 914 915 917 918 919 881 882 883 884 885 886 888 889 891 892 893 895 931 
901: 579 896 897 898 899 902 903 904 905 906 908 909 910 912 913 915 916 917 918 881 882 883 884 885 886 887 888 889 890 891 894 895 
902: 544 589 896 898 899 901 909 910 911 912 913 914 915 917 918 880 882 883 884 885 887 888 890 892 893 895 
903: 519 581 509 897 898 899 900 901 904 905 906 909 910 911 912 913 915 916 919 881 882 884 885 887 888 890 892 893 895 
904: 576 588 896 897 898 900 901 903 906 908 909 910 912 913 915 916 918 919 880 881 882 883 884 885 886 887 888 889 890 891 892 893 894 895 936 942 
905: 555 504 896 897 898 899 900 901 903 906 908 911 912 913 916 917 918 880 881 882 883 884 885 886 887 888 889 890 891 892 893 894 895 
906: 896 897 898 900 901 903 904 905 907 908 911 912 913 914 915 918 919 880 881 882 883 885 886 887 888 889 891 894 895 954 
907: 896 898 899 900 906 909 910 911 912 914 916 917 880 881 882 883 884 885 887 888 890 891 892 893 895 928 
908: 896 897 898 899 900 901 904 905 906 911 912 913 915 916 917 918 919 881 882 883 884 885 886 887 888 889 893 895 
909: 541 897 898 901 902 903 904 907 911 912 913 914 915 916 918 880 881 882 883 884 886 887 888 889 890 892 893 895 
910: 897 899 900 901 902 903 904 907 912 913 915 916 918 882 883 885 887 888 890 891 893 
911: 581 505 896 897 898 899 902 903 905 906 907 908 909 915 917 919 880 882 883 888 889 890 891 893 894 931 946 
912: 593 896 897 898 900 901 902 903 904 905 906 907 908 909 910 913 914 915 916 917 918 919 881 882 883 884 885 887 888 889 890 891 892 893 894 
913: 560 505 511 897 898 899 901 902 903 904 905 906 908 909 910 912 914 915 916 917 918 880 881 882 883 884 885 886 887 888 892 893 895 
914: 526 897 898 899 900 902 906 907 909 912 913 915 917 918 919 880 882 884 886 887 888 889 890 891 892 893 895 930 
915: 566 896 897 898 899 900 901 902 903 904 906 908 909 910 911 912 913 914 916 918 919 881 883 884 885 886 887 888 889 890 891 892 894 895 
916: 896 897 898 899 901 903 904 905 907 908 909 910 912 913 915 917 918 919 880 881 882 883 884 887 888 889 890 894 
917: 896 897 898 899 900 901 902 905 907 908 911 912 913 914 916 919 880 881 882 883 885 886 887 889 890 892 893 894 895 931 
918: 586 897 899 900 901 902 904 905 906 908 909 910 912 913 914 915 916 880 881 882 883 884 886 887 889 890 891 892 893 894 895 
919: 529 896 897 898 899 900 903 904 906 908 911 912 914 915 916 917 880 882 883 884 885 889 890 891 892 893 894 895 927 
880: 545 579 898 902 904 905 906 907 909 911 913 914 916 917 918 919 881 882 884 885 886 887 888 889 891 892 894 923 
881: 591 896 897 898 899 900 901 903 904 905 906 907 908 909 912 913 915 916 917 918 880 884 885 887 888 889 890 891 893 894 895 
882: 518 897 898 899 900 901 902 903 904 905 906 907 908 909 910 911 912 913 914 916 917 918 919 880 885 886 888 889 890 891 894 922 
883: 515 583 897 900 901 902 904 905 906 907 908 909 910 911 912 913 915 916 917 918 919 884 885 887 888 889 892 893 894 895 
884: 896 897 898 899 900 901 902 903 904 905 907 908 909 912 913 914 915 916 918 919 880 881 883 886 888 890 891 892 893 
885: 566 501 896 897 898 899 900 901 902 903 904 905 906 907 908 910 912 913 915 917 919 880 881 882 883 888 889 890 891 892 893 894 
886: 574 579 896 897 898 899 900 901 904 905 906 908 909 913 914 915 917 918 880 882 884 888 890 892 893 894 895 
887: 520 570 587 896 897 899 901 902 903 904 905 906 907 908 909 910 912 913 914 915 916 917 918 880 881 883 888 889 893 
888: 547 896 897 899 900 901 902 903 904 905 906 907 908 909 910 911 912 913 914 915 916 880 881 882 883 884 885 886 887 889 890 891 892 893 894 895 950 
889: 531 568 503 897 899 900 901 904 905 906 908 909 911 912 914 915 916 917 918 919 880 881 882 883 885 887 888 890 891 892 893 894 895 945 
890: 588 896 898 901 902 903 904 905 907 909 910 911 912 914 915 916 917 918 919 881 882 884 885 886 888 889 891 892 895 
891: 574 897 898 900 901 904 905 906 907 910 911 912 914 915 918 919 880 881 882 884 885 888 889 890 893 
892: 897 900 902 903 904 905 907 909 912 913 914 915 917 918 919 880 883 884 885 886 888 889 890 893 894 937 
893: 590 591 896 897 898 900 902 903 904 905 907 908 909 910 911 912 913 914 917 918 919 881 883 884 885 886 887 888 889 891 892 894 
894: 598 898 899 901 904 905 906 911 912 915 916 917 918 919 880 881 882 883 885 886 888 889 892 893 895 
895: 896 898 899 900 901 902 903 904 905 906 907 908 909 913 914 915 917 918 919 881 883 886 888 889 890 894 948 
920: 82 127 154 213 222 272 389 499 921 922 924 925 926 927 928 929 930 931 932 934 935 936 937 938 939 940 941 942 943 944 945 946 947 948 949 951 952 953 954 957 
921: 138 198 227 323 413 471 920 922 923 924 926 928 929 932 934 935 936 937 938 939 940 941 943 945 946 947 948 950 952 953 954 956 958 959 
922: 42 90 141 155 303 372 384 882 920 921 923 925 926 927 928 930 932 933 934 935 936 941 942 943 945 947 948 949 953 954 955 956 957 958 
923: 155 162 188 204 468 880 921 922 925 926 927 928 929 930 931 932 934 935 936 937 938 939 940 941 943 945 947 951 952 953 954 955 956 957 958 959 
924: 79 166 702 730 920 921 925 926 927 928 929 931 932 933 934 939 940 941 942 943 944 945 946 947 950 951 952 953 954 958 
925: 83 124 206 724 920 922 923 924 927 928 929 930 933 934 937 938 939 941 943 944 945 946 948 950 952 953 954 955 956 958 959 
926: 93 182 208 393 480 732 920 921 922 923 924 927 928 929 931 933 934 935 936 937 938 940 941 942 943 944 945 946 947 948 949 950 953 954 955 956 957 958 
927: 65 143 147 304 331 703 919 920 922 923 924 925 926 928 929 931 932 933 934 935 936 938 939 940 942 943 945 946 947 948 949 950 951 952 953 954 955 957 958 959 
928: 155 200 351 743 907 920 921 922 923 924 925 926 927 930 931 932 934 935 936 937 940 941 942 943 944 945 948 949 950 951 952 953 954 955 956 957 958 959 
929: 19 56 186 197 318 373 413 736 920 921 923 924 925 926 927 930 933 935 936 937 940 941 943 945 946 947 948 949 950 951 952 953 954 955 956 957 958 959 
930: 58 139 286 340 343 436 461 469 914 920 922 923 925 928 929 931 933 934 935 936 937 938 940 942 943 944 945 946 947 948 950 951 953 955 956 957 959 
931: 129 139 228 253 260 290 338 450 473 711 900 911 917 920 923 924 926 927 928 930 932 933 937 938 940 941 942 943 944 945 946 947 949 950 951 952 953 954 955 956 957 958 959 
932: 158 303 460 474 920 921 922 923 924 927 928 931 933 934 935 937 938 939 940 941 942 943 945 946 947 948 949 951 952 953 954 955 956 957 959 
933: 78 112 162 176 180 205 281 297 922 924 925 926 927 929 930 931 932 934 935 938 939 940 941 943 944 945 946 947 949 950 952 953 954 955 958 959 
934: 39 201 920 921 922 923 924 925 926 927 928 930 932 933 935 936 937 938 939 940 941 942 943 944 945 946 947 949 952 953 954 955 957 958 959 
935: 136 193 314 342 352 390 705 738 920 921 922 923 926 927 928 929 930 932 933 934 936 937 938 943 944 946 947 949 950 954 955 956 957 958 
936: 20 113 412 736 904 920 921 922 923 926 927 928 929 930 934 935 937 938 939 940 941 942 944 945 946 947 948 950 951 952 953 954 955 958 959 
937: 17 43 408 436 485 717 892 920 921 923 925 926 928 929 930 931 932 934 935 936 938 939 940 941 943 946 947 950 951 952 953 954 955 958 
938: 61 119 166 341 363 920 921 923 925 926 927 930 931 932 933 934 935 936 937 939 940 941 942 943 944 945 946 947 948 949 950 951 953 954 955 956 958 959 
939: 52 481 920 921 923 924 925 927 932 933 934 936 937 938 940 943 945 946 947 948 949 950 951 953 954 955 956 957 959 
940: 67 105 129 298 389 473 480 490 703 920 921 923 924 926 927 928 929 930 931 932 933 934 936 937 938 939 941 942 943 944 946 947 948 949 950 951 954 955 956 957 958 959 
941: 5 136 188 283 380 453 489 726 897 920 921 922 923 924 925 926 928 929 931 932 933 934 936 937 938 940 942 943 945 946 947 948 949 950 951 952 953 954 955 956 957 958 959 
942: 216 388 453 904 920 922 924 926 927 928 930 931 932 934 936 938 940 941 944 945 946 947 948 949 951 953 954 957 958 959 
943: 199 247 254 352 355 407 920 921 922 923 924 925 926 927 928 929 930 931 932 933 934 935 937 938 939 940 941 946 948 949 950 952 953 954 955 956 957 958 
944: 100 121 142 328 705 744 920 924 925 926 928 930 931 933 934 935 936 938 940 942 946 947 949 953 954 955 957 958 959 
945: 81 273 362 397 447 491 889 920 921 922 923 924 925 926 927 928 929 930 931 932 933 934 936 938 939 941 942 946 947 948 949 950 951 952 953 954 955 956 958 959 
946: 27 138 155 167 185 332 911 920 921 924 925 926 927 929 930 931 932 933 934 935 936 937 938 939 940 941 942 943 944 945 947 948 950 951 952 953 955 956 957 958 959 
947: 48 112 113 196 419 920 921 922 923 924 926 927 929 930 931 932 933 934 935 936 937 938 939 940 941 942 944 945 946 948 949 950 951 954 955 956 957 958 959 
948: 37 88 146 149 351 431 708 723 895 920 921 922 925 926 927 928 929 930 932 936 938 939 940 941 942 943 945 946 947 949 950 951 952 953 954 956 957 958 959 
949: 220 241 339 899 920 922 926 927 928 929 931 932 933 934 935 938 939 940 941 942 943 944 945 947 948 950 954 955 956 957 958 959 
950: 3 59 90 255 268 284 287 315 386 414 455 737 888 921 924 925 926 927 928 929 930 931 933 935 936 937 938 939 940 941 943 945 946 947 948 949 951 952 954 955 956 957 959 
951: 30 118 157 190 920 923 924 927 928 929 930 931 932 936 937 938 939 940 941 942 945 946 947 948 950 953 954 956 957 958 959 
952: 101 209 380 429 449 476 746 920 921 923 924 925 927 928 929 931 932 933 934 936 937 941 943 945 946 948 950 953 954 955 957 958 959 
953: 196 285 301 335 364 449 920 921 922 923 924 925 926 927 928 929 930 931 932 933 934 936 937 938 939 941 942 943 944 945 946 948 951 952 954 955 956 957 958 
954: 42 414 739 906 920 921 922 923 924 925 926 927 928 929 931 932 933 934 935 936 937 938 939 940 941 942 943 944 945 947 948 949 950 951 952 953 955 956 957 958 959 
955: 27 163 209 218 227 922 923 925 926 927 928 929 930 931 932 933 934 935 936 937 938 939 940 941 943 944 945 946 947 949 950 952 953 954 957 959 
956: 76 233 241 252 256 396 406 418 921 922 923 925 926 928 929 930 931 932 935 938 939 940 941 943 945 946 947 948 949 950 951 953 954 957 
957: 30 72 399 422 732 920 922 923 926 927 928 929 930 931 932 934 935 939 940 941 942 943 944 946 947 948 949 950 951 952 953 954 955 956 959 
958: 43 51 102 234 336 388 721 921 922 923 924 925 926 927 928 929 931 933 934 935 936 937 938 940 941 942 943 944 945 946 947 948 949 951 952 953 954 
959: 103 220 430 739 921 923 925 927 928 929 930 931 932 933 934 936 938 939 940 941 942 944 945 946 947 948 949 950 951 952 954 955 957 
960: 18 302 961 962 963 964 965 966 967 970 971 972 974 977 978 979 980 981 982 984 985 986 988 989 994 995 996 997 998 999 
961: 97 180 185 186 213 244 255 285 389 398 960 962 963 964 965 966 967 968 969 970 971 972 973 974 976 977 978 981 983 984 985 987 990 991 993 994 995 996 997 998 
962: 40 71 119 171 263 960 961 965 966 967 968 969 973 975 976 978 979 982 983 985 987 989 991 992 995 996 998 999 
963: 28 358 483 960 961 967 968 970 971 972 973 974 975 976 977 978 979 981 982 983 985 987 989 990 991 992 993 994 995 999 
964: 60 403 960 961 965 966 967 968 969 970 972 974 975 976 978 979 980 981 982 983 984 985 986 990 992 994 995 997 998 999 
965: 177 283 366 392 488 960 961 962 964 966 967 969 970 972 974 975 976 977 978 979 980 981 983 984 986 987 988 990 993 994 995 996 
966: 117 175 224 265 960 961 962 964 965 967 968 970 971 972 973 974 975 977 978 979 981 982 983 984 985 989 990 991 993 994 996 
967: 152 258 459 960 961 962 963 964 965 966 968 971 972 973 975 976 977 978 980 981 982 983 984 985 987 988 990 991 992 994 995 997 998 
968: 49 82 106 234 395 961 962 963 964 966 967 971 972 973 974 976 978 979 982 983 984 986 988 990 991 994 995 997 998 
969: 74 186 444 498 961 962 964 965 971 972 973 974 975 976 978 980 981 982 984 989 990 991 992 993 995 996 997 
970: 82 152 158 180 246 960 961 963 964 965 966 971 975 976 977 978 981 982 984 987 990 991 992 996 999 
971: 100 369 407 447 487 960 961 963 966 967 968 969 970 973 974 975 976 979 980 981 983 984 985 987 989 990 991 992 993 995 996 999 
972: 49 302 960 961 963 964 965 966 967 968 969 973 974 975 976 977 978 979 981 982 983 985 986 987 988 989 992 993 994 995 996 997 998 999 
973: 242 274 366 483 961 962 963 966 967 968 969 971 972 974 975 976 980 982 983 984 985 986 987 988 990 992 993 994 995 996 997 998 
974: 14 215 236 463 960 961 963 964 965 966 968 969 971 972 973 975 978 979 980 981 982 983 984 985 986 987 988 989 990 991 995 996 997 999 
975: 308 334 350 962 963 964 965 966 967 969 970 971 972 973 974 976 978 981 984 986 988 989 990 991 992 993 994 995 996 997 999 
976: 64 189 227 242 253 961 962 963 964 965 967 968 969 970 971 972 973 975 978 979 982 983 985 986 988 991 992 993 997 998 999 
977: 94 164 296 960 961 963 965 966 967 970 972 978 979 980 982 983 984 986 987 988 989 990 993 994 995 996 997 998 
978: 86 196 221 225 292 467 960 961 962 963 964 965 966 967 968 969 970 972 974 975 976 977 979 980 981 982 983 984 986 987 990 992 993 994 995 996 997 999 
979: 294 314 397 960 962 963 964 965 966 968 971 972 974 976 977 978 980 981 982 983 985 987 989 991 992 993 994 995 996 997 
980: 443 960 964 965 967 969 971 973 974 977 978 979 981 983 984 985 987 988 989 990 991 992 993 994 995 996 997 999 
981: 25 247 278 411 462 960 961 963 964 965 966 967 969 970 971 972 974 975 978 979 980 983 984 985 986 987 988 990 992 993 994 995 997 998 
982: 147 398 960 962 963 964 966 967 968 969 970 972 973 974 976 977 978 979 984 987 988 990 992 993 994 995 997 999 
983: 374 408 484 491 499 961 962 963 964 965 966 967 968 971 972 973 974 976 977 978 979 980 981 986 987 988 991 992 994 995 998 999 
984: 57 259 960 961 964 965 966 967 968 969 970 971 973 974 975 977 978 980 981 982 986 987 988 989 990 991 992 993 994 995 
985: 89 153 279 280 297 960 961 962 963 964 966 967 971 972 973 974 976 979 980 981 986 990 991 992 993 994 995 996 997 998 
986: 98 111 209 960 964 965 968 972 973 974 975 976 977 978 981 983 984 985 987 988 990 991 992 993 995 998 999 
987: 89 216 961 962 963 965 967 970 971 972 973 974 977 978 979 980 981 982 983 984 986 988 989 990 991 993 994 997 999 
988: 54 251 278 358 385 391 428 960 965 967 968 972 973 974 975 976 977 980 981 982 983 984 986 987 991 992 993 994 998 999 
989: 127 175 182 372 419 435 460 960 962 963 966 969 971 972 974 975 977 979 980 984 987 991 992 993 994 995 996 
990: 107 144 262 961 963 964 965 966 967 968 969 970 971 973 974 975 977 978 980 981 982 984 985 986 987 991 993 994 995 996 997 998 
991: 73 206 275 961 962 963 966 967 968 969 970 971 974 975 976 979 980 983 984 985 986 987 988 989 990 992 993 994 996 997 998 999 
992: 8 17 208 343 396 463 962 963 964 967 969 970 971 972 973 975 976 978 979 980 981 982 983 984 985 986 988 989 991 993 994 995 996 997 999 
993: 34 141 206 326 337 366 370 435 961 963 965 966 969 971 972 973 975 976 977 978 979 980 981 982 984 985 986 987 988 989 990 991 992 995 996 997 998 999 
994: 32 206 222 385 388 960 961 963 964 965 966 967 968 972 973 975 977 978 979 980 981 982 983 984 985 987 988 989 990 991 992 996 998 999 
995: 95 125 159 273 960 961 962 963 964 965 967 968 969 971 972 973 974 975 977 978 979 980 981 982 983 984 985 986 989 990 992 993 996 997 999 
996: 88 137 204 208 319 497 960 961 962 965 966 969 970 971 972 973 974 975 977 978 979 980 985 989 990 991 992 993 994 995 998 999 
997: 47 178 231 336 432 960 961 964 967 968 969 972 973 974 975 976 977 978 979 980 981 982 985 987 990 991 992 993 995 998 999 
998: 84 192 309 334 355 372 960 961 962 964 967 968 972 973 976 977 981 983 985 986 988 990 991 993 994 996 997 
999: 26 90 97 261 290 295 320 321 389 446 960 962 963 964 970 971 972 974 975 976 978 980 982 983 986 987 988 991 992 993 994 995 996 997 
